Version,VersionRank,MasterRank,Business,City,Industry,HitScore,ForecastReplyWindow,Email,Website,Phone,SourceURL,CheckDate,EvidenceNote,ServiceFocus,Observation,WhyFit,Subject,InitialEmail,GraphicFilename,EMLFilename,InterestedReply,PriceReply,ProofReply,MoreInfoReply,LaterReply,Followup,BounceFallback,PaidReply,FulfillmentReply,Status,LastContact,NextFollowup,Notes
V5,1,1,BELFOR USA GROUP dba BELFOR Property Restoration,"San Jose, CA",Restoration,93,Prioritize first; timing is not guaranteed,Lisa.Schwichtenberg@us.belfor.com,,,https://www.cusdk8.org/fs/resource-manager/view/ce90e6dd-ad5b-4546-8e73-3f3e726a2b0a,2026-09-13,Accepted in the canonical seed gate from the current 2026 contractor source; public business email retained exactly as published.,restoration,"The current contractor source lists BELFOR USA GROUP dba BELFOR Property Restoration in San Jose, CA for Restoration; a concise capability and project-readiness content set can help prospective buyers understand what the business handles before an inquiry.","The current contractor source lists BELFOR USA GROUP dba BELFOR Property Restoration in San Jose, CA for Restoration; a concise capability and project-readiness content set can help prospective buyers understand what the business handles before an inquiry. The $100 package is useful here because it turns those existing services into clear, reusable customer-facing content without requiring the business to write or design the pieces itself.",Private restoration sample for BELFOR USA GROUP dba BELFOR Property Restoration,"Hi BELFOR USA GROUP dba BELFOR Property Restoration team,

I was looking at your business and noticed the current contractor source lists BELFOR USA GROUP dba BELFOR Property Restoration in San Jose, CA for Restoration; a concise capability and project-readiness content set can help prospective buyers understand what the business handles before an inquiry. I made the attached private preview around that part of the business so you can judge the direction before spending anything.

For $100 one time, I can turn it into a complete done-for-you content pack. In plain English, you get:

• 10 ready-to-post Google / Facebook / social posts
• custom graphics made for BELFOR USA GROUP dba BELFOR Property Restoration
• customer follow-up messages you can copy and paste
• review and customer-message reply templates
• stronger calls-to-action
• content built around your actual services
• everything organized and ready to use

No subscription and no contract. I’d build the first set around service explainers, project/repair education, and estimate or consultation CTAs.

Why it may be worth considering: you already have services worth explaining and showing; this package turns those existing strengths into content customers can actually see and understand.

If you like the sample, reply YES and I’ll finish the complete set.

If you already know you want it, the $100 PayPal invoice is here:
https://www.paypal.com/invoice/p/#7T6DC9A6WFH3XXCT

If you’d rather ask something first, just reply. If it isn’t useful, reply “no thanks” and I won’t keep following up.

Thanks,
Anastaysia",001-v5-belfor-usa-group-dba-belfor-property-restoration.jpg,001-v5-belfor-usa-group-dba-belfor-property-restoration.eml,"Absolutely — I can finish the full restoration content package for BELFOR USA GROUP dba BELFOR Property Restoration. It’s $100 one time, with no subscription or contract. PayPal invoice: https://www.paypal.com/invoice/p/#7T6DC9A6WFH3XXCT

Once payment is confirmed, I’ll build the complete set around service explainers, project/repair education, and estimate or consultation CTAs unless you want me to prioritize something else.

– Anastaysia","It’s $100 total, one time — not per post and not monthly. You keep the 10 posts, custom graphics, customer follow-up messages, review/message replies and CTA copy.","The attached sample was made specifically for BELFOR USA GROUP dba BELFOR Property Restoration around restoration. That is the direction I’d use for the finished set, and I’ll keep every piece tied to the actual services rather than generic filler.","I’d make the finished set around service explainers, project/repair education, and estimate or consultation CTAs. You receive the words + graphics ready to copy, post or reuse, so you do not have to design or write them yourself.","No problem. I’ll leave the sample with you. If timing changes, reply here and I can pick it back up. I won’t keep chasing you.","Hi BELFOR USA GROUP dba BELFOR Property Restoration team — one quick follow-up on the private restoration sample I attached. If you want me to finish the full $100 set, reply YES. If not, no worries and I won’t follow up again.

– Anastaysia","Hi — I made a private restoration sample for BELFOR USA GROUP dba BELFOR Property Restoration, but the public email I tried bounced. What business email should I send the preview to?

– Anastaysia","Thanks — payment is confirmed. I’m building the BELFOR USA GROUP dba BELFOR Property Restoration package around service explainers, project/repair education, and estimate or consultation CTAs. I’ll send the finished files in this email thread when they’re ready.

– Anastaysia","Hi BELFOR USA GROUP dba BELFOR Property Restoration team — your finished $100 content package is ready. I’ve organized the posts, graphics, follow-up copy, review/message replies and CTAs so they’re easy to reuse. If you want a different service emphasized in a future set, reply here.

– Anastaysia",New,,,
V5,2,3,Blusky Restoration Contractors LLC,"San Jose, CA",Restoration,93,Prioritize first; timing is not guaranteed,david.simmons@goblusky.com,,,https://www.cusdk8.org/fs/resource-manager/view/ce90e6dd-ad5b-4546-8e73-3f3e726a2b0a,2026-09-13,Accepted in the canonical seed gate from the current 2026 contractor source; public business email retained exactly as published.,restoration,"The current contractor source lists Blusky Restoration Contractors LLC in San Jose, CA for Restoration; a concise capability and project-readiness content set can help prospective buyers understand what the business handles before an inquiry.","The current contractor source lists Blusky Restoration Contractors LLC in San Jose, CA for Restoration; a concise capability and project-readiness content set can help prospective buyers understand what the business handles before an inquiry. The $100 package is useful here because it turns those existing services into clear, reusable customer-facing content without requiring the business to write or design the pieces itself.",Private restoration sample for Blusky Restoration Contractors LLC,"Hi Blusky Restoration Contractors LLC team,

I was looking at your business and noticed the current contractor source lists Blusky Restoration Contractors LLC in San Jose, CA for Restoration; a concise capability and project-readiness content set can help prospective buyers understand what the business handles before an inquiry. I made the attached private preview around that part of the business so you can judge the direction before spending anything.

For $100 one time, I can turn it into a complete done-for-you content pack. In plain English, you get:

• 10 ready-to-post Google / Facebook / social posts
• custom graphics made for Blusky Restoration Contractors LLC
• customer follow-up messages you can copy and paste
• review and customer-message reply templates
• stronger calls-to-action
• content built around your actual services
• everything organized and ready to use

No subscription and no contract. I’d build the first set around service explainers, project/repair education, and estimate or consultation CTAs.

Why it may be worth considering: you already have services worth explaining and showing; this package turns those existing strengths into content customers can actually see and understand.

If you like the sample, reply YES and I’ll finish the complete set.

If you already know you want it, the $100 PayPal invoice is here:
https://www.paypal.com/invoice/p/#7T6DC9A6WFH3XXCT

If you’d rather ask something first, just reply. If it isn’t useful, reply “no thanks” and I won’t keep following up.

Thanks,
Anastaysia",002-v5-blusky-restoration-contractors-llc.jpg,002-v5-blusky-restoration-contractors-llc.eml,"Absolutely — I can finish the full restoration content package for Blusky Restoration Contractors LLC. It’s $100 one time, with no subscription or contract. PayPal invoice: https://www.paypal.com/invoice/p/#7T6DC9A6WFH3XXCT

Once payment is confirmed, I’ll build the complete set around service explainers, project/repair education, and estimate or consultation CTAs unless you want me to prioritize something else.

– Anastaysia","It’s $100 total, one time — not per post and not monthly. You keep the 10 posts, custom graphics, customer follow-up messages, review/message replies and CTA copy.","The attached sample was made specifically for Blusky Restoration Contractors LLC around restoration. That is the direction I’d use for the finished set, and I’ll keep every piece tied to the actual services rather than generic filler.","I’d make the finished set around service explainers, project/repair education, and estimate or consultation CTAs. You receive the words + graphics ready to copy, post or reuse, so you do not have to design or write them yourself.","No problem. I’ll leave the sample with you. If timing changes, reply here and I can pick it back up. I won’t keep chasing you.","Hi Blusky Restoration Contractors LLC team — one quick follow-up on the private restoration sample I attached. If you want me to finish the full $100 set, reply YES. If not, no worries and I won’t follow up again.

– Anastaysia","Hi — I made a private restoration sample for Blusky Restoration Contractors LLC, but the public email I tried bounced. What business email should I send the preview to?

– Anastaysia","Thanks — payment is confirmed. I’m building the Blusky Restoration Contractors LLC package around service explainers, project/repair education, and estimate or consultation CTAs. I’ll send the finished files in this email thread when they’re ready.

– Anastaysia","Hi Blusky Restoration Contractors LLC team — your finished $100 content package is ready. I’ve organized the posts, graphics, follow-up copy, review/message replies and CTAs so they’re easy to reuse. If you want a different service emphasized in a future set, reply here.

– Anastaysia",New,,,
V5,3,5,"Calafia Pacific, Inc.","Campbell, CA",General Engineering,93,Prioritize first; timing is not guaranteed,phil@calafiapacific.com,,,https://www.cusdk8.org/fs/resource-manager/view/ce90e6dd-ad5b-4546-8e73-3f3e726a2b0a,2026-09-13,Accepted in the canonical seed gate from the current 2026 contractor source; public business email retained exactly as published.,general engineering,"The current contractor source lists Calafia Pacific, Inc. in Campbell, CA for General Engineering; a concise capability and project-readiness content set can help prospective buyers understand what the business handles before an inquiry.","The current contractor source lists Calafia Pacific, Inc. in Campbell, CA for General Engineering; a concise capability and project-readiness content set can help prospective buyers understand what the business handles before an inquiry. The $100 package is useful here because it turns those existing services into clear, reusable customer-facing content without requiring the business to write or design the pieces itself.","Private general engineering sample for Calafia Pacific, Inc.","Hi Calafia Pacific, Inc. team,

I was looking at your business and noticed the current contractor source lists Calafia Pacific, Inc. in Campbell, CA for General Engineering; a concise capability and project-readiness content set can help prospective buyers understand what the business handles before an inquiry. I made the attached private preview around that part of the business so you can judge the direction before spending anything.

For $100 one time, I can turn it into a complete done-for-you content pack. In plain English, you get:

• 10 ready-to-post Google / Facebook / social posts
• custom graphics made for Calafia Pacific, Inc.
• customer follow-up messages you can copy and paste
• review and customer-message reply templates
• stronger calls-to-action
• content built around your actual services
• everything organized and ready to use

No subscription and no contract. I’d build the first set around service explainers, project/repair education, and estimate or consultation CTAs.

Why it may be worth considering: you already have services worth explaining and showing; this package turns those existing strengths into content customers can actually see and understand.

If you like the sample, reply YES and I’ll finish the complete set.

If you already know you want it, the $100 PayPal invoice is here:
https://www.paypal.com/invoice/p/#7T6DC9A6WFH3XXCT

If you’d rather ask something first, just reply. If it isn’t useful, reply “no thanks” and I won’t keep following up.

Thanks,
Anastaysia",003-v5-calafia-pacific-inc.jpg,003-v5-calafia-pacific-inc.eml,"Absolutely — I can finish the full general engineering content package for Calafia Pacific, Inc.. It’s $100 one time, with no subscription or contract. PayPal invoice: https://www.paypal.com/invoice/p/#7T6DC9A6WFH3XXCT

Once payment is confirmed, I’ll build the complete set around service explainers, project/repair education, and estimate or consultation CTAs unless you want me to prioritize something else.

– Anastaysia","It’s $100 total, one time — not per post and not monthly. You keep the 10 posts, custom graphics, customer follow-up messages, review/message replies and CTA copy.","The attached sample was made specifically for Calafia Pacific, Inc. around general engineering. That is the direction I’d use for the finished set, and I’ll keep every piece tied to the actual services rather than generic filler.","I’d make the finished set around service explainers, project/repair education, and estimate or consultation CTAs. You receive the words + graphics ready to copy, post or reuse, so you do not have to design or write them yourself.","No problem. I’ll leave the sample with you. If timing changes, reply here and I can pick it back up. I won’t keep chasing you.","Hi Calafia Pacific, Inc. team — one quick follow-up on the private general engineering sample I attached. If you want me to finish the full $100 set, reply YES. If not, no worries and I won’t follow up again.

– Anastaysia","Hi — I made a private general engineering sample for Calafia Pacific, Inc., but the public email I tried bounced. What business email should I send the preview to?

– Anastaysia","Thanks — payment is confirmed. I’m building the Calafia Pacific, Inc. package around service explainers, project/repair education, and estimate or consultation CTAs. I’ll send the finished files in this email thread when they’re ready.

– Anastaysia","Hi Calafia Pacific, Inc. team — your finished $100 content package is ready. I’ve organized the posts, graphics, follow-up copy, review/message replies and CTAs so they’re easy to reuse. If you want a different service emphasized in a future set, reply here.

– Anastaysia",New,,,
V5,4,7,Coastal Termite and Pest Control,"Santa Clara, CA",Termite and pest control,93,Prioritize first; timing is not guaranteed,coastal@coastaltermite.com,https://coastaltermite.com/,408-727-6240,https://coastaltermite.com/contact/,2026-09-16,"Current owned contact page lists Santa Clara address, email, phone and active residential/commercial service request flow.",termite and pest control,"Coastal separates residential/commercial inspection, treatment and prevention services; inspection-vs-service educational content can clarify the inquiry path without promising outcomes.","Coastal separates residential/commercial inspection, treatment and prevention services; inspection-vs-service educational content can clarify the inquiry path without promising outcomes. The $100 package is useful here because it turns those existing services into clear, reusable customer-facing content without requiring the business to write or design the pieces itself.",Private termite and pest control sample for Coastal Termite and Pest Control,"Hi Coastal Termite and Pest Control team,

I was looking at your business and noticed coastal separates residential/commercial inspection, treatment and prevention services; inspection-vs-service educational content can clarify the inquiry path without promising outcomes. I made the attached private preview around that part of the business so you can judge the direction before spending anything.

For $100 one time, I can turn it into a complete done-for-you content pack. In plain English, you get:

• 10 ready-to-post Google / Facebook / social posts
• custom graphics made for Coastal Termite and Pest Control
• customer follow-up messages you can copy and paste
• review and customer-message reply templates
• stronger calls-to-action
• content built around your actual services
• everything organized and ready to use

No subscription and no contract. I’d build the first set around service explainers, project/repair education, and estimate or consultation CTAs.

Why it may be worth considering: you already have services worth explaining and showing; this package turns those existing strengths into content customers can actually see and understand.

If you like the sample, reply YES and I’ll finish the complete set.

If you already know you want it, the $100 PayPal invoice is here:
https://www.paypal.com/invoice/p/#7T6DC9A6WFH3XXCT

If you’d rather ask something first, just reply. If it isn’t useful, reply “no thanks” and I won’t keep following up.

Thanks,
Anastaysia",004-v5-coastal-termite-and-pest-control.jpg,004-v5-coastal-termite-and-pest-control.eml,"Absolutely — I can finish the full termite and pest control content package for Coastal Termite and Pest Control. It’s $100 one time, with no subscription or contract. PayPal invoice: https://www.paypal.com/invoice/p/#7T6DC9A6WFH3XXCT

Once payment is confirmed, I’ll build the complete set around service explainers, project/repair education, and estimate or consultation CTAs unless you want me to prioritize something else.

– Anastaysia","It’s $100 total, one time — not per post and not monthly. You keep the 10 posts, custom graphics, customer follow-up messages, review/message replies and CTA copy.","The attached sample was made specifically for Coastal Termite and Pest Control around termite and pest control. That is the direction I’d use for the finished set, and I’ll keep every piece tied to the actual services rather than generic filler.","I’d make the finished set around service explainers, project/repair education, and estimate or consultation CTAs. You receive the words + graphics ready to copy, post or reuse, so you do not have to design or write them yourself.","No problem. I’ll leave the sample with you. If timing changes, reply here and I can pick it back up. I won’t keep chasing you.","Hi Coastal Termite and Pest Control team — one quick follow-up on the private termite and pest control sample I attached. If you want me to finish the full $100 set, reply YES. If not, no worries and I won’t follow up again.

– Anastaysia","Hi — I made a private termite and pest control sample for Coastal Termite and Pest Control, but the public email I tried bounced. What business email should I send the preview to?

– Anastaysia","Thanks — payment is confirmed. I’m building the Coastal Termite and Pest Control package around service explainers, project/repair education, and estimate or consultation CTAs. I’ll send the finished files in this email thread when they’re ready.

– Anastaysia","Hi Coastal Termite and Pest Control team — your finished $100 content package is ready. I’ve organized the posts, graphics, follow-up copy, review/message replies and CTAs so they’re easy to reuse. If you want a different service emphasized in a future set, reply here.

– Anastaysia",New,,,
V5,5,9,Consolidated Plumbing Services dba CPI Service,"San Jose, CA",Plumbing / HVAC,93,Prioritize first; timing is not guaranteed,alex@cpiplumb.com,,,https://www.cusdk8.org/fs/resource-manager/view/ce90e6dd-ad5b-4546-8e73-3f3e726a2b0a,2026-09-13,Accepted in the canonical seed gate from the current 2026 contractor source; public business email retained exactly as published.,plumbing / hvac,"The current contractor source lists Consolidated Plumbing Services dba CPI Service in San Jose, CA for Plumbing / HVAC; a concise capability and project-readiness content set can help prospective buyers understand what the business handles before an inquiry.","The current contractor source lists Consolidated Plumbing Services dba CPI Service in San Jose, CA for Plumbing / HVAC; a concise capability and project-readiness content set can help prospective buyers understand what the business handles before an inquiry. The $100 package is useful here because it turns those existing services into clear, reusable customer-facing content without requiring the business to write or design the pieces itself.",Private plumbing / hvac sample for Consolidated Plumbing Services dba CPI Service,"Hi Consolidated Plumbing Services dba CPI Service team,

I was looking at your business and noticed the current contractor source lists Consolidated Plumbing Services dba CPI Service in San Jose, CA for Plumbing / HVAC; a concise capability and project-readiness content set can help prospective buyers understand what the business handles before an inquiry. I made the attached private preview around that part of the business so you can judge the direction before spending anything.

For $100 one time, I can turn it into a complete done-for-you content pack. In plain English, you get:

• 10 ready-to-post Google / Facebook / social posts
• custom graphics made for Consolidated Plumbing Services dba CPI Service
• customer follow-up messages you can copy and paste
• review and customer-message reply templates
• stronger calls-to-action
• content built around your actual services
• everything organized and ready to use

No subscription and no contract. I’d build the first set around service explainers, project/repair education, and estimate or consultation CTAs.

Why it may be worth considering: you already have services worth explaining and showing; this package turns those existing strengths into content customers can actually see and understand.

If you like the sample, reply YES and I’ll finish the complete set.

If you already know you want it, the $100 PayPal invoice is here:
https://www.paypal.com/invoice/p/#7T6DC9A6WFH3XXCT

If you’d rather ask something first, just reply. If it isn’t useful, reply “no thanks” and I won’t keep following up.

Thanks,
Anastaysia",005-v5-consolidated-plumbing-services-dba-cpi-service.jpg,005-v5-consolidated-plumbing-services-dba-cpi-service.eml,"Absolutely — I can finish the full plumbing / hvac content package for Consolidated Plumbing Services dba CPI Service. It’s $100 one time, with no subscription or contract. PayPal invoice: https://www.paypal.com/invoice/p/#7T6DC9A6WFH3XXCT

Once payment is confirmed, I’ll build the complete set around service explainers, project/repair education, and estimate or consultation CTAs unless you want me to prioritize something else.

– Anastaysia","It’s $100 total, one time — not per post and not monthly. You keep the 10 posts, custom graphics, customer follow-up messages, review/message replies and CTA copy.","The attached sample was made specifically for Consolidated Plumbing Services dba CPI Service around plumbing / hvac. That is the direction I’d use for the finished set, and I’ll keep every piece tied to the actual services rather than generic filler.","I’d make the finished set around service explainers, project/repair education, and estimate or consultation CTAs. You receive the words + graphics ready to copy, post or reuse, so you do not have to design or write them yourself.","No problem. I’ll leave the sample with you. If timing changes, reply here and I can pick it back up. I won’t keep chasing you.","Hi Consolidated Plumbing Services dba CPI Service team — one quick follow-up on the private plumbing / hvac sample I attached. If you want me to finish the full $100 set, reply YES. If not, no worries and I won’t follow up again.

– Anastaysia","Hi — I made a private plumbing / hvac sample for Consolidated Plumbing Services dba CPI Service, but the public email I tried bounced. What business email should I send the preview to?

– Anastaysia","Thanks — payment is confirmed. I’m building the Consolidated Plumbing Services dba CPI Service package around service explainers, project/repair education, and estimate or consultation CTAs. I’ll send the finished files in this email thread when they’re ready.

– Anastaysia","Hi Consolidated Plumbing Services dba CPI Service team — your finished $100 content package is ready. I’ve organized the posts, graphics, follow-up copy, review/message replies and CTAs so they’re easy to reuse. If you want a different service emphasized in a future set, reply here.

– Anastaysia",New,,,
V5,6,11,DEHARO MECHANICAL INC dba DEHARO CONSTRUCTION,"Morgan Hill, CA",HVAC,93,Prioritize first; timing is not guaranteed,kyle@deharomechanical.com,,,https://www.cusdk8.org/fs/resource-manager/view/ce90e6dd-ad5b-4546-8e73-3f3e726a2b0a,2026-09-13,Accepted in the canonical seed gate from the current 2026 contractor source; public business email retained exactly as published.,hvac,"The current contractor source lists DEHARO MECHANICAL INC dba DEHARO CONSTRUCTION in Morgan Hill, CA for HVAC; a concise capability and project-readiness content set can help prospective buyers understand what the business handles before an inquiry.","The current contractor source lists DEHARO MECHANICAL INC dba DEHARO CONSTRUCTION in Morgan Hill, CA for HVAC; a concise capability and project-readiness content set can help prospective buyers understand what the business handles before an inquiry. The $100 package is useful here because it turns those existing services into clear, reusable customer-facing content without requiring the business to write or design the pieces itself.",Private hvac sample for DEHARO MECHANICAL INC dba DEHARO CONSTRUCTION,"Hi DEHARO MECHANICAL INC dba DEHARO CONSTRUCTION team,

I was looking at your business and noticed the current contractor source lists DEHARO MECHANICAL INC dba DEHARO CONSTRUCTION in Morgan Hill, CA for HVAC; a concise capability and project-readiness content set can help prospective buyers understand what the business handles before an inquiry. I made the attached private preview around that part of the business so you can judge the direction before spending anything.

For $100 one time, I can turn it into a complete done-for-you content pack. In plain English, you get:

• 10 ready-to-post Google / Facebook / social posts
• custom graphics made for DEHARO MECHANICAL INC dba DEHARO CONSTRUCTION
• customer follow-up messages you can copy and paste
• review and customer-message reply templates
• stronger calls-to-action
• content built around your actual services
• everything organized and ready to use

No subscription and no contract. I’d build the first set around service explainers, project/repair education, and estimate or consultation CTAs.

Why it may be worth considering: you already have services worth explaining and showing; this package turns those existing strengths into content customers can actually see and understand.

If you like the sample, reply YES and I’ll finish the complete set.

If you already know you want it, the $100 PayPal invoice is here:
https://www.paypal.com/invoice/p/#7T6DC9A6WFH3XXCT

If you’d rather ask something first, just reply. If it isn’t useful, reply “no thanks” and I won’t keep following up.

Thanks,
Anastaysia",006-v5-deharo-mechanical-inc-dba-deharo-construction.jpg,006-v5-deharo-mechanical-inc-dba-deharo-construction.eml,"Absolutely — I can finish the full hvac content package for DEHARO MECHANICAL INC dba DEHARO CONSTRUCTION. It’s $100 one time, with no subscription or contract. PayPal invoice: https://www.paypal.com/invoice/p/#7T6DC9A6WFH3XXCT

Once payment is confirmed, I’ll build the complete set around service explainers, project/repair education, and estimate or consultation CTAs unless you want me to prioritize something else.

– Anastaysia","It’s $100 total, one time — not per post and not monthly. You keep the 10 posts, custom graphics, customer follow-up messages, review/message replies and CTA copy.","The attached sample was made specifically for DEHARO MECHANICAL INC dba DEHARO CONSTRUCTION around hvac. That is the direction I’d use for the finished set, and I’ll keep every piece tied to the actual services rather than generic filler.","I’d make the finished set around service explainers, project/repair education, and estimate or consultation CTAs. You receive the words + graphics ready to copy, post or reuse, so you do not have to design or write them yourself.","No problem. I’ll leave the sample with you. If timing changes, reply here and I can pick it back up. I won’t keep chasing you.","Hi DEHARO MECHANICAL INC dba DEHARO CONSTRUCTION team — one quick follow-up on the private hvac sample I attached. If you want me to finish the full $100 set, reply YES. If not, no worries and I won’t follow up again.

– Anastaysia","Hi — I made a private hvac sample for DEHARO MECHANICAL INC dba DEHARO CONSTRUCTION, but the public email I tried bounced. What business email should I send the preview to?

– Anastaysia","Thanks — payment is confirmed. I’m building the DEHARO MECHANICAL INC dba DEHARO CONSTRUCTION package around service explainers, project/repair education, and estimate or consultation CTAs. I’ll send the finished files in this email thread when they’re ready.

– Anastaysia","Hi DEHARO MECHANICAL INC dba DEHARO CONSTRUCTION team — your finished $100 content package is ready. I’ve organized the posts, graphics, follow-up copy, review/message replies and CTAs so they’re easy to reuse. If you want a different service emphasized in a future set, reply here.

– Anastaysia",New,,,
V5,7,13,"Foothill Air Conditioning and Heating, Inc.","Los Gatos, CA",HVAC,93,Prioritize first; timing is not guaranteed,steve@foothillac.com,,,https://www.cusdk8.org/fs/resource-manager/view/ce90e6dd-ad5b-4546-8e73-3f3e726a2b0a,2026-09-13,Accepted in the canonical seed gate from the current 2026 contractor source; public business email retained exactly as published.,hvac,"The current contractor source lists Foothill Air Conditioning and Heating, Inc. in Los Gatos, CA for HVAC; a concise capability and project-readiness content set can help prospective buyers understand what the business handles before an inquiry.","The current contractor source lists Foothill Air Conditioning and Heating, Inc. in Los Gatos, CA for HVAC; a concise capability and project-readiness content set can help prospective buyers understand what the business handles before an inquiry. The $100 package is useful here because it turns those existing services into clear, reusable customer-facing content without requiring the business to write or design the pieces itself.","Private hvac sample for Foothill Air Conditioning and Heating, Inc.","Hi Foothill Air Conditioning and Heating, Inc. team,

I was looking at your business and noticed the current contractor source lists Foothill Air Conditioning and Heating, Inc. in Los Gatos, CA for HVAC; a concise capability and project-readiness content set can help prospective buyers understand what the business handles before an inquiry. I made the attached private preview around that part of the business so you can judge the direction before spending anything.

For $100 one time, I can turn it into a complete done-for-you content pack. In plain English, you get:

• 10 ready-to-post Google / Facebook / social posts
• custom graphics made for Foothill Air Conditioning and Heating, Inc.
• customer follow-up messages you can copy and paste
• review and customer-message reply templates
• stronger calls-to-action
• content built around your actual services
• everything organized and ready to use

No subscription and no contract. I’d build the first set around service explainers, project/repair education, and estimate or consultation CTAs.

Why it may be worth considering: you already have services worth explaining and showing; this package turns those existing strengths into content customers can actually see and understand.

If you like the sample, reply YES and I’ll finish the complete set.

If you already know you want it, the $100 PayPal invoice is here:
https://www.paypal.com/invoice/p/#7T6DC9A6WFH3XXCT

If you’d rather ask something first, just reply. If it isn’t useful, reply “no thanks” and I won’t keep following up.

Thanks,
Anastaysia",007-v5-foothill-air-conditioning-and-heating-inc.jpg,007-v5-foothill-air-conditioning-and-heating-inc.eml,"Absolutely — I can finish the full hvac content package for Foothill Air Conditioning and Heating, Inc.. It’s $100 one time, with no subscription or contract. PayPal invoice: https://www.paypal.com/invoice/p/#7T6DC9A6WFH3XXCT

Once payment is confirmed, I’ll build the complete set around service explainers, project/repair education, and estimate or consultation CTAs unless you want me to prioritize something else.

– Anastaysia","It’s $100 total, one time — not per post and not monthly. You keep the 10 posts, custom graphics, customer follow-up messages, review/message replies and CTA copy.","The attached sample was made specifically for Foothill Air Conditioning and Heating, Inc. around hvac. That is the direction I’d use for the finished set, and I’ll keep every piece tied to the actual services rather than generic filler.","I’d make the finished set around service explainers, project/repair education, and estimate or consultation CTAs. You receive the words + graphics ready to copy, post or reuse, so you do not have to design or write them yourself.","No problem. I’ll leave the sample with you. If timing changes, reply here and I can pick it back up. I won’t keep chasing you.","Hi Foothill Air Conditioning and Heating, Inc. team — one quick follow-up on the private hvac sample I attached. If you want me to finish the full $100 set, reply YES. If not, no worries and I won’t follow up again.

– Anastaysia","Hi — I made a private hvac sample for Foothill Air Conditioning and Heating, Inc., but the public email I tried bounced. What business email should I send the preview to?

– Anastaysia","Thanks — payment is confirmed. I’m building the Foothill Air Conditioning and Heating, Inc. package around service explainers, project/repair education, and estimate or consultation CTAs. I’ll send the finished files in this email thread when they’re ready.

– Anastaysia","Hi Foothill Air Conditioning and Heating, Inc. team — your finished $100 content package is ready. I’ve organized the posts, graphics, follow-up copy, review/message replies and CTAs so they’re easy to reuse. If you want a different service emphasized in a future set, reply here.

– Anastaysia",New,,,
V5,8,15,Greentech Electric Solutions Inc,"Campbell, CA",Electrical,93,Prioritize first; timing is not guaranteed,manuel@greentechelectricinc.com,,,https://www.cusdk8.org/fs/resource-manager/view/ce90e6dd-ad5b-4546-8e73-3f3e726a2b0a,2026-09-13,Accepted in the canonical seed gate from the current 2026 contractor source; public business email retained exactly as published.,electrical,"The current contractor source lists Greentech Electric Solutions Inc in Campbell, CA for Electrical; a concise capability and project-readiness content set can help prospective buyers understand what the business handles before an inquiry.","The current contractor source lists Greentech Electric Solutions Inc in Campbell, CA for Electrical; a concise capability and project-readiness content set can help prospective buyers understand what the business handles before an inquiry. The $100 package is useful here because it turns those existing services into clear, reusable customer-facing content without requiring the business to write or design the pieces itself.",Private electrical sample for Greentech Electric Solutions Inc,"Hi Greentech Electric Solutions Inc team,

I was looking at your business and noticed the current contractor source lists Greentech Electric Solutions Inc in Campbell, CA for Electrical; a concise capability and project-readiness content set can help prospective buyers understand what the business handles before an inquiry. I made the attached private preview around that part of the business so you can judge the direction before spending anything.

For $100 one time, I can turn it into a complete done-for-you content pack. In plain English, you get:

• 10 ready-to-post Google / Facebook / social posts
• custom graphics made for Greentech Electric Solutions Inc
• customer follow-up messages you can copy and paste
• review and customer-message reply templates
• stronger calls-to-action
• content built around your actual services
• everything organized and ready to use

No subscription and no contract. I’d build the first set around service explainers, project/repair education, and estimate or consultation CTAs.

Why it may be worth considering: you already have services worth explaining and showing; this package turns those existing strengths into content customers can actually see and understand.

If you like the sample, reply YES and I’ll finish the complete set.

If you already know you want it, the $100 PayPal invoice is here:
https://www.paypal.com/invoice/p/#7T6DC9A6WFH3XXCT

If you’d rather ask something first, just reply. If it isn’t useful, reply “no thanks” and I won’t keep following up.

Thanks,
Anastaysia",008-v5-greentech-electric-solutions-inc.jpg,008-v5-greentech-electric-solutions-inc.eml,"Absolutely — I can finish the full electrical content package for Greentech Electric Solutions Inc. It’s $100 one time, with no subscription or contract. PayPal invoice: https://www.paypal.com/invoice/p/#7T6DC9A6WFH3XXCT

Once payment is confirmed, I’ll build the complete set around service explainers, project/repair education, and estimate or consultation CTAs unless you want me to prioritize something else.

– Anastaysia","It’s $100 total, one time — not per post and not monthly. You keep the 10 posts, custom graphics, customer follow-up messages, review/message replies and CTA copy.","The attached sample was made specifically for Greentech Electric Solutions Inc around electrical. That is the direction I’d use for the finished set, and I’ll keep every piece tied to the actual services rather than generic filler.","I’d make the finished set around service explainers, project/repair education, and estimate or consultation CTAs. You receive the words + graphics ready to copy, post or reuse, so you do not have to design or write them yourself.","No problem. I’ll leave the sample with you. If timing changes, reply here and I can pick it back up. I won’t keep chasing you.","Hi Greentech Electric Solutions Inc team — one quick follow-up on the private electrical sample I attached. If you want me to finish the full $100 set, reply YES. If not, no worries and I won’t follow up again.

– Anastaysia","Hi — I made a private electrical sample for Greentech Electric Solutions Inc, but the public email I tried bounced. What business email should I send the preview to?

– Anastaysia","Thanks — payment is confirmed. I’m building the Greentech Electric Solutions Inc package around service explainers, project/repair education, and estimate or consultation CTAs. I’ll send the finished files in this email thread when they’re ready.

– Anastaysia","Hi Greentech Electric Solutions Inc team — your finished $100 content package is ready. I’ve organized the posts, graphics, follow-up copy, review/message replies and CTAs so they’re easy to reuse. If you want a different service emphasized in a future set, reply here.

– Anastaysia",New,,,
V5,9,17,JJG Services Inc DBA Corinthian Electric,"Gilroy, CA",Electrical,93,Prioritize first; timing is not guaranteed,jerry@corinthianelectric.com,,,https://www.cusdk8.org/fs/resource-manager/view/ce90e6dd-ad5b-4546-8e73-3f3e726a2b0a,2026-09-13,Accepted in the canonical seed gate from the current 2026 contractor source; public business email retained exactly as published.,electrical,"The current contractor source lists JJG Services Inc DBA Corinthian Electric in Gilroy, CA for Electrical; a concise capability and project-readiness content set can help prospective buyers understand what the business handles before an inquiry.","The current contractor source lists JJG Services Inc DBA Corinthian Electric in Gilroy, CA for Electrical; a concise capability and project-readiness content set can help prospective buyers understand what the business handles before an inquiry. The $100 package is useful here because it turns those existing services into clear, reusable customer-facing content without requiring the business to write or design the pieces itself.",Private electrical sample for JJG Services Inc DBA Corinthian Electric,"Hi JJG Services Inc DBA Corinthian Electric team,

I was looking at your business and noticed the current contractor source lists JJG Services Inc DBA Corinthian Electric in Gilroy, CA for Electrical; a concise capability and project-readiness content set can help prospective buyers understand what the business handles before an inquiry. I made the attached private preview around that part of the business so you can judge the direction before spending anything.

For $100 one time, I can turn it into a complete done-for-you content pack. In plain English, you get:

• 10 ready-to-post Google / Facebook / social posts
• custom graphics made for JJG Services Inc DBA Corinthian Electric
• customer follow-up messages you can copy and paste
• review and customer-message reply templates
• stronger calls-to-action
• content built around your actual services
• everything organized and ready to use

No subscription and no contract. I’d build the first set around service explainers, project/repair education, and estimate or consultation CTAs.

Why it may be worth considering: you already have services worth explaining and showing; this package turns those existing strengths into content customers can actually see and understand.

If you like the sample, reply YES and I’ll finish the complete set.

If you already know you want it, the $100 PayPal invoice is here:
https://www.paypal.com/invoice/p/#7T6DC9A6WFH3XXCT

If you’d rather ask something first, just reply. If it isn’t useful, reply “no thanks” and I won’t keep following up.

Thanks,
Anastaysia",009-v5-jjg-services-inc-dba-corinthian-electric.jpg,009-v5-jjg-services-inc-dba-corinthian-electric.eml,"Absolutely — I can finish the full electrical content package for JJG Services Inc DBA Corinthian Electric. It’s $100 one time, with no subscription or contract. PayPal invoice: https://www.paypal.com/invoice/p/#7T6DC9A6WFH3XXCT

Once payment is confirmed, I’ll build the complete set around service explainers, project/repair education, and estimate or consultation CTAs unless you want me to prioritize something else.

– Anastaysia","It’s $100 total, one time — not per post and not monthly. You keep the 10 posts, custom graphics, customer follow-up messages, review/message replies and CTA copy.","The attached sample was made specifically for JJG Services Inc DBA Corinthian Electric around electrical. That is the direction I’d use for the finished set, and I’ll keep every piece tied to the actual services rather than generic filler.","I’d make the finished set around service explainers, project/repair education, and estimate or consultation CTAs. You receive the words + graphics ready to copy, post or reuse, so you do not have to design or write them yourself.","No problem. I’ll leave the sample with you. If timing changes, reply here and I can pick it back up. I won’t keep chasing you.","Hi JJG Services Inc DBA Corinthian Electric team — one quick follow-up on the private electrical sample I attached. If you want me to finish the full $100 set, reply YES. If not, no worries and I won’t follow up again.

– Anastaysia","Hi — I made a private electrical sample for JJG Services Inc DBA Corinthian Electric, but the public email I tried bounced. What business email should I send the preview to?

– Anastaysia","Thanks — payment is confirmed. I’m building the JJG Services Inc DBA Corinthian Electric package around service explainers, project/repair education, and estimate or consultation CTAs. I’ll send the finished files in this email thread when they’re ready.

– Anastaysia","Hi JJG Services Inc DBA Corinthian Electric team — your finished $100 content package is ready. I’ve organized the posts, graphics, follow-up copy, review/message replies and CTAs so they’re easy to reuse. If you want a different service emphasized in a future set, reply here.

– Anastaysia",New,,,
V5,10,19,MNR Enterprises dba Systems Electric,"Mountain View, CA",Electrical,93,Prioritize first; timing is not guaranteed,ryan@systemselec.com,,,https://www.cusdk8.org/fs/resource-manager/view/ce90e6dd-ad5b-4546-8e73-3f3e726a2b0a,2026-09-13,Accepted in the canonical seed gate from the current 2026 contractor source; public business email retained exactly as published.,electrical,"The current contractor source lists MNR Enterprises dba Systems Electric in Mountain View, CA for Electrical; a concise capability and project-readiness content set can help prospective buyers understand what the business handles before an inquiry.","The current contractor source lists MNR Enterprises dba Systems Electric in Mountain View, CA for Electrical; a concise capability and project-readiness content set can help prospective buyers understand what the business handles before an inquiry. The $100 package is useful here because it turns those existing services into clear, reusable customer-facing content without requiring the business to write or design the pieces itself.",Private electrical sample for MNR Enterprises dba Systems Electric,"Hi MNR Enterprises dba Systems Electric team,

I was looking at your business and noticed the current contractor source lists MNR Enterprises dba Systems Electric in Mountain View, CA for Electrical; a concise capability and project-readiness content set can help prospective buyers understand what the business handles before an inquiry. I made the attached private preview around that part of the business so you can judge the direction before spending anything.

For $100 one time, I can turn it into a complete done-for-you content pack. In plain English, you get:

• 10 ready-to-post Google / Facebook / social posts
• custom graphics made for MNR Enterprises dba Systems Electric
• customer follow-up messages you can copy and paste
• review and customer-message reply templates
• stronger calls-to-action
• content built around your actual services
• everything organized and ready to use

No subscription and no contract. I’d build the first set around service explainers, project/repair education, and estimate or consultation CTAs.

Why it may be worth considering: you already have services worth explaining and showing; this package turns those existing strengths into content customers can actually see and understand.

If you like the sample, reply YES and I’ll finish the complete set.

If you already know you want it, the $100 PayPal invoice is here:
https://www.paypal.com/invoice/p/#7T6DC9A6WFH3XXCT

If you’d rather ask something first, just reply. If it isn’t useful, reply “no thanks” and I won’t keep following up.

Thanks,
Anastaysia",010-v5-mnr-enterprises-dba-systems-electric.jpg,010-v5-mnr-enterprises-dba-systems-electric.eml,"Absolutely — I can finish the full electrical content package for MNR Enterprises dba Systems Electric. It’s $100 one time, with no subscription or contract. PayPal invoice: https://www.paypal.com/invoice/p/#7T6DC9A6WFH3XXCT

Once payment is confirmed, I’ll build the complete set around service explainers, project/repair education, and estimate or consultation CTAs unless you want me to prioritize something else.

– Anastaysia","It’s $100 total, one time — not per post and not monthly. You keep the 10 posts, custom graphics, customer follow-up messages, review/message replies and CTA copy.","The attached sample was made specifically for MNR Enterprises dba Systems Electric around electrical. That is the direction I’d use for the finished set, and I’ll keep every piece tied to the actual services rather than generic filler.","I’d make the finished set around service explainers, project/repair education, and estimate or consultation CTAs. You receive the words + graphics ready to copy, post or reuse, so you do not have to design or write them yourself.","No problem. I’ll leave the sample with you. If timing changes, reply here and I can pick it back up. I won’t keep chasing you.","Hi MNR Enterprises dba Systems Electric team — one quick follow-up on the private electrical sample I attached. If you want me to finish the full $100 set, reply YES. If not, no worries and I won’t follow up again.

– Anastaysia","Hi — I made a private electrical sample for MNR Enterprises dba Systems Electric, but the public email I tried bounced. What business email should I send the preview to?

– Anastaysia","Thanks — payment is confirmed. I’m building the MNR Enterprises dba Systems Electric package around service explainers, project/repair education, and estimate or consultation CTAs. I’ll send the finished files in this email thread when they’re ready.

– Anastaysia","Hi MNR Enterprises dba Systems Electric team — your finished $100 content package is ready. I’ve organized the posts, graphics, follow-up copy, review/message replies and CTAs so they’re easy to reuse. If you want a different service emphasized in a future set, reply here.

– Anastaysia",New,,,
V5,11,21,Priscilla Danielle Designs,"Los Gatos, CA",Interior design and remodeling design services,93,Prioritize first; timing is not guaranteed,pd@priscilladanielle.design,https://priscilladanielle.design/,408-930-3450,https://priscilladanielle.design/,2026-09-13,"Current owned site publishes pd@priscilladanielle.design, 408-930-3450 and the 140 W Main St Suite D Los Gatos studio; current Chamber listing independently corroborates the location and services.",interior design and remodeling design services,"The studio shows projects spanning remodels, kitchens, baths, furnishings and custom design; a process-and-service explainer could help prospective clients understand where a design engagement begins and what kinds of projects fit.","The studio shows projects spanning remodels, kitchens, baths, furnishings and custom design; a process-and-service explainer could help prospective clients understand where a design engagement begins and what kinds of projects fit. The $100 package is useful here because it turns those existing services into clear, reusable customer-facing content without requiring the business to write or design the pieces itself.",Private interior design and remodeling design services sample for Priscilla Danielle Designs,"Hi Priscilla Danielle Designs team,

I was looking at your business and noticed the studio shows projects spanning remodels, kitchens, baths, furnishings and custom design; a process-and-service explainer could help prospective clients understand where a design engagement begins and what kinds of projects fit. I made the attached private preview around that part of the business so you can judge the direction before spending anything.

For $100 one time, I can turn it into a complete done-for-you content pack. In plain English, you get:

• 10 ready-to-post Google / Facebook / social posts
• custom graphics made for Priscilla Danielle Designs
• customer follow-up messages you can copy and paste
• review and customer-message reply templates
• stronger calls-to-action
• content built around your actual services
• everything organized and ready to use

No subscription and no contract. I’d build the first set around before/after process content, service-selection guidance, and quote CTAs.

Why it may be worth considering: you already have services worth explaining and showing; this package turns those existing strengths into content customers can actually see and understand.

If you like the sample, reply YES and I’ll finish the complete set.

If you already know you want it, the $100 PayPal invoice is here:
https://www.paypal.com/invoice/p/#7T6DC9A6WFH3XXCT

If you’d rather ask something first, just reply. If it isn’t useful, reply “no thanks” and I won’t keep following up.

Thanks,
Anastaysia",011-v5-priscilla-danielle-designs.jpg,011-v5-priscilla-danielle-designs.eml,"Absolutely — I can finish the full interior design and remodeling design services content package for Priscilla Danielle Designs. It’s $100 one time, with no subscription or contract. PayPal invoice: https://www.paypal.com/invoice/p/#7T6DC9A6WFH3XXCT

Once payment is confirmed, I’ll build the complete set around before/after process content, service-selection guidance, and quote CTAs unless you want me to prioritize something else.

– Anastaysia","It’s $100 total, one time — not per post and not monthly. You keep the 10 posts, custom graphics, customer follow-up messages, review/message replies and CTA copy.","The attached sample was made specifically for Priscilla Danielle Designs around interior design and remodeling design services. That is the direction I’d use for the finished set, and I’ll keep every piece tied to the actual services rather than generic filler.","I’d make the finished set around before/after process content, service-selection guidance, and quote CTAs. You receive the words + graphics ready to copy, post or reuse, so you do not have to design or write them yourself.","No problem. I’ll leave the sample with you. If timing changes, reply here and I can pick it back up. I won’t keep chasing you.","Hi Priscilla Danielle Designs team — one quick follow-up on the private interior design and remodeling design services sample I attached. If you want me to finish the full $100 set, reply YES. If not, no worries and I won’t follow up again.

– Anastaysia","Hi — I made a private interior design and remodeling design services sample for Priscilla Danielle Designs, but the public email I tried bounced. What business email should I send the preview to?

– Anastaysia","Thanks — payment is confirmed. I’m building the Priscilla Danielle Designs package around before/after process content, service-selection guidance, and quote CTAs. I’ll send the finished files in this email thread when they’re ready.

– Anastaysia","Hi Priscilla Danielle Designs team — your finished $100 content package is ready. I’ve organized the posts, graphics, follow-up copy, review/message replies and CTAs so they’re easy to reuse. If you want a different service emphasized in a future set, reply here.

– Anastaysia",New,,,
V5,12,23,"R&M Paving Contractors, Inc.","Milpitas, CA",General Engineering,93,Prioritize first; timing is not guaranteed,gabrielle@randmpaving.com,,,https://www.cusdk8.org/fs/resource-manager/view/ce90e6dd-ad5b-4546-8e73-3f3e726a2b0a,2026-09-13,Accepted in the canonical seed gate from the current 2026 contractor source; public business email retained exactly as published.,general engineering,"The current contractor source lists R&M Paving Contractors, Inc. in Milpitas, CA for General Engineering; a concise capability and project-readiness content set can help prospective buyers understand what the business handles before an inquiry.","The current contractor source lists R&M Paving Contractors, Inc. in Milpitas, CA for General Engineering; a concise capability and project-readiness content set can help prospective buyers understand what the business handles before an inquiry. The $100 package is useful here because it turns those existing services into clear, reusable customer-facing content without requiring the business to write or design the pieces itself.","Private general engineering sample for R&M Paving Contractors, Inc.","Hi R&M Paving Contractors, Inc. team,

I was looking at your business and noticed the current contractor source lists R&M Paving Contractors, Inc. in Milpitas, CA for General Engineering; a concise capability and project-readiness content set can help prospective buyers understand what the business handles before an inquiry. I made the attached private preview around that part of the business so you can judge the direction before spending anything.

For $100 one time, I can turn it into a complete done-for-you content pack. In plain English, you get:

• 10 ready-to-post Google / Facebook / social posts
• custom graphics made for R&M Paving Contractors, Inc.
• customer follow-up messages you can copy and paste
• review and customer-message reply templates
• stronger calls-to-action
• content built around your actual services
• everything organized and ready to use

No subscription and no contract. I’d build the first set around service explainers, project/repair education, and estimate or consultation CTAs.

Why it may be worth considering: you already have services worth explaining and showing; this package turns those existing strengths into content customers can actually see and understand.

If you like the sample, reply YES and I’ll finish the complete set.

If you already know you want it, the $100 PayPal invoice is here:
https://www.paypal.com/invoice/p/#7T6DC9A6WFH3XXCT

If you’d rather ask something first, just reply. If it isn’t useful, reply “no thanks” and I won’t keep following up.

Thanks,
Anastaysia",012-v5-r-m-paving-contractors-inc.jpg,012-v5-r-m-paving-contractors-inc.eml,"Absolutely — I can finish the full general engineering content package for R&M Paving Contractors, Inc.. It’s $100 one time, with no subscription or contract. PayPal invoice: https://www.paypal.com/invoice/p/#7T6DC9A6WFH3XXCT

Once payment is confirmed, I’ll build the complete set around service explainers, project/repair education, and estimate or consultation CTAs unless you want me to prioritize something else.

– Anastaysia","It’s $100 total, one time — not per post and not monthly. You keep the 10 posts, custom graphics, customer follow-up messages, review/message replies and CTA copy.","The attached sample was made specifically for R&M Paving Contractors, Inc. around general engineering. That is the direction I’d use for the finished set, and I’ll keep every piece tied to the actual services rather than generic filler.","I’d make the finished set around service explainers, project/repair education, and estimate or consultation CTAs. You receive the words + graphics ready to copy, post or reuse, so you do not have to design or write them yourself.","No problem. I’ll leave the sample with you. If timing changes, reply here and I can pick it back up. I won’t keep chasing you.","Hi R&M Paving Contractors, Inc. team — one quick follow-up on the private general engineering sample I attached. If you want me to finish the full $100 set, reply YES. If not, no worries and I won’t follow up again.

– Anastaysia","Hi — I made a private general engineering sample for R&M Paving Contractors, Inc., but the public email I tried bounced. What business email should I send the preview to?

– Anastaysia","Thanks — payment is confirmed. I’m building the R&M Paving Contractors, Inc. package around service explainers, project/repair education, and estimate or consultation CTAs. I’ll send the finished files in this email thread when they’re ready.

– Anastaysia","Hi R&M Paving Contractors, Inc. team — your finished $100 content package is ready. I’ve organized the posts, graphics, follow-up copy, review/message replies and CTAs so they’re easy to reuse. If you want a different service emphasized in a future set, reply here.

– Anastaysia",New,,,
V5,13,25,"Waterproofing Associates, Inc","Santa Clara, CA",Roofing / Sheet Metal,93,Prioritize first; timing is not guaranteed,rob@roofwa.com,,,https://www.cusdk8.org/fs/resource-manager/view/ce90e6dd-ad5b-4546-8e73-3f3e726a2b0a,2026-09-13,Accepted in the canonical seed gate from the current 2026 contractor source; public business email retained exactly as published.,roofing / sheet metal,"The current contractor source lists Waterproofing Associates, Inc in Santa Clara, CA for Roofing / Sheet Metal; a concise capability and project-readiness content set can help prospective buyers understand what the business handles before an inquiry.","The current contractor source lists Waterproofing Associates, Inc in Santa Clara, CA for Roofing / Sheet Metal; a concise capability and project-readiness content set can help prospective buyers understand what the business handles before an inquiry. The $100 package is useful here because it turns those existing services into clear, reusable customer-facing content without requiring the business to write or design the pieces itself.","Private roofing / sheet metal sample for Waterproofing Associates, Inc","Hi Waterproofing Associates, Inc team,

I was looking at your business and noticed the current contractor source lists Waterproofing Associates, Inc in Santa Clara, CA for Roofing / Sheet Metal; a concise capability and project-readiness content set can help prospective buyers understand what the business handles before an inquiry. I made the attached private preview around that part of the business so you can judge the direction before spending anything.

For $100 one time, I can turn it into a complete done-for-you content pack. In plain English, you get:

• 10 ready-to-post Google / Facebook / social posts
• custom graphics made for Waterproofing Associates, Inc
• customer follow-up messages you can copy and paste
• review and customer-message reply templates
• stronger calls-to-action
• content built around your actual services
• everything organized and ready to use

No subscription and no contract. I’d build the first set around service explainers, project/repair education, and estimate or consultation CTAs.

Why it may be worth considering: you already have services worth explaining and showing; this package turns those existing strengths into content customers can actually see and understand.

If you like the sample, reply YES and I’ll finish the complete set.

If you already know you want it, the $100 PayPal invoice is here:
https://www.paypal.com/invoice/p/#7T6DC9A6WFH3XXCT

If you’d rather ask something first, just reply. If it isn’t useful, reply “no thanks” and I won’t keep following up.

Thanks,
Anastaysia",013-v5-waterproofing-associates-inc.jpg,013-v5-waterproofing-associates-inc.eml,"Absolutely — I can finish the full roofing / sheet metal content package for Waterproofing Associates, Inc. It’s $100 one time, with no subscription or contract. PayPal invoice: https://www.paypal.com/invoice/p/#7T6DC9A6WFH3XXCT

Once payment is confirmed, I’ll build the complete set around service explainers, project/repair education, and estimate or consultation CTAs unless you want me to prioritize something else.

– Anastaysia","It’s $100 total, one time — not per post and not monthly. You keep the 10 posts, custom graphics, customer follow-up messages, review/message replies and CTA copy.","The attached sample was made specifically for Waterproofing Associates, Inc around roofing / sheet metal. That is the direction I’d use for the finished set, and I’ll keep every piece tied to the actual services rather than generic filler.","I’d make the finished set around service explainers, project/repair education, and estimate or consultation CTAs. You receive the words + graphics ready to copy, post or reuse, so you do not have to design or write them yourself.","No problem. I’ll leave the sample with you. If timing changes, reply here and I can pick it back up. I won’t keep chasing you.","Hi Waterproofing Associates, Inc team — one quick follow-up on the private roofing / sheet metal sample I attached. If you want me to finish the full $100 set, reply YES. If not, no worries and I won’t follow up again.

– Anastaysia","Hi — I made a private roofing / sheet metal sample for Waterproofing Associates, Inc, but the public email I tried bounced. What business email should I send the preview to?

– Anastaysia","Thanks — payment is confirmed. I’m building the Waterproofing Associates, Inc package around service explainers, project/repair education, and estimate or consultation CTAs. I’ll send the finished files in this email thread when they’re ready.

– Anastaysia","Hi Waterproofing Associates, Inc team — your finished $100 content package is ready. I’ve organized the posts, graphics, follow-up copy, review/message replies and CTAs so they’re easy to reuse. If you want a different service emphasized in a future set, reply here.

– Anastaysia",New,,,
V5,14,27,Carmit Oron Interior Design,"Sunnyvale, CA","Interior design, remodeling and e-design",87,Priority-ranked; timing is not guaranteed,info@carmitoron.com,https://www.carmitoron.com/,,https://www.carmitoron.com/,2026-09-15,,"interior design, remodeling and e-design","Carmit Oron offers interior design, remodeling and e-design paths; project-type and service-comparison content can help clients understand.","Carmit Oron offers interior design, remodeling and e-design paths; project-type and service-comparison content can help clients understand. The $100 package is useful here because it turns those existing services into clear, reusable customer-facing content without requiring the business to write or design the pieces itself.","Private interior design, remodeling and e-design sample for Carmit Oron Interior Design","Hi Carmit Oron Interior Design team,

I was looking at your business and noticed carmit Oron offers interior design, remodeling and e-design paths; project-type and service-comparison content can help clients understand. I made the attached private preview around that part of the business so you can judge the direction before spending anything.

For $100 one time, I can turn it into a complete done-for-you content pack. In plain English, you get:

• 10 ready-to-post Google / Facebook / social posts
• custom graphics made for Carmit Oron Interior Design
• customer follow-up messages you can copy and paste
• review and customer-message reply templates
• stronger calls-to-action
• content built around your actual services
• everything organized and ready to use

No subscription and no contract. I’d build the first set around before/after process content, service-selection guidance, and quote CTAs.

Why it may be worth considering: you already have services worth explaining and showing; this package turns those existing strengths into content customers can actually see and understand.

If you like the sample, reply YES and I’ll finish the complete set.

If you already know you want it, the $100 PayPal invoice is here:
https://www.paypal.com/invoice/p/#7T6DC9A6WFH3XXCT

If you’d rather ask something first, just reply. If it isn’t useful, reply “no thanks” and I won’t keep following up.

Thanks,
Anastaysia",014-v5-carmit-oron-interior-design.jpg,014-v5-carmit-oron-interior-design.eml,"Absolutely — I can finish the full interior design, remodeling and e-design content package for Carmit Oron Interior Design. It’s $100 one time, with no subscription or contract. PayPal invoice: https://www.paypal.com/invoice/p/#7T6DC9A6WFH3XXCT

Once payment is confirmed, I’ll build the complete set around before/after process content, service-selection guidance, and quote CTAs unless you want me to prioritize something else.

– Anastaysia","It’s $100 total, one time — not per post and not monthly. You keep the 10 posts, custom graphics, customer follow-up messages, review/message replies and CTA copy.","The attached sample was made specifically for Carmit Oron Interior Design around interior design, remodeling and e-design. That is the direction I’d use for the finished set, and I’ll keep every piece tied to the actual services rather than generic filler.","I’d make the finished set around before/after process content, service-selection guidance, and quote CTAs. You receive the words + graphics ready to copy, post or reuse, so you do not have to design or write them yourself.","No problem. I’ll leave the sample with you. If timing changes, reply here and I can pick it back up. I won’t keep chasing you.","Hi Carmit Oron Interior Design team — one quick follow-up on the private interior design, remodeling and e-design sample I attached. If you want me to finish the full $100 set, reply YES. If not, no worries and I won’t follow up again.

– Anastaysia","Hi — I made a private interior design, remodeling and e-design sample for Carmit Oron Interior Design, but the public email I tried bounced. What business email should I send the preview to?

– Anastaysia","Thanks — payment is confirmed. I’m building the Carmit Oron Interior Design package around before/after process content, service-selection guidance, and quote CTAs. I’ll send the finished files in this email thread when they’re ready.

– Anastaysia","Hi Carmit Oron Interior Design team — your finished $100 content package is ready. I’ve organized the posts, graphics, follow-up copy, review/message replies and CTAs so they’re easy to reuse. If you want a different service emphasized in a future set, reply here.

– Anastaysia",New,,,
V5,15,29,Coleman Security and Investigations Inc.,"Morgan Hill, CA","Security, investigations and live-scan business services",87,Priority-ranked; timing is not guaranteed,info@usacsi.org,https://usacsi.org/,408-532-8274,https://www.oag.ca.gov/fingerprints/locations/coleman-security-and-investigations-inc,2026-09-16,"Current California DOJ listing publishes Morgan Hill address, exact public email/phone and active live-scan operation.","security, investigations and live-scan business services",Coleman operates local security/investigation and live-scan services; service-selection and appointment-prep content can clarify legitimate business-service paths without making safety guarantees.,"Coleman operates local security/investigation and live-scan services; service-selection and appointment-prep content can clarify legitimate business-service paths without making safety guarantees. The $100 package is useful here because it turns those existing services into clear, reusable customer-facing content without requiring the business to write or design the pieces itself.","Private security, investigations and live-scan business services sample for Coleman Security and Investigations Inc.","Hi Coleman Security and Investigations Inc. team,

I was looking at your business and noticed coleman operates local security/investigation and live-scan services; service-selection and appointment-prep content can clarify legitimate business-service paths without making safety guarantees. I made the attached private preview around that part of the business so you can judge the direction before spending anything.

For $100 one time, I can turn it into a complete done-for-you content pack. In plain English, you get:

• 10 ready-to-post Google / Facebook / social posts
• custom graphics made for Coleman Security and Investigations Inc.
• customer follow-up messages you can copy and paste
• review and customer-message reply templates
• stronger calls-to-action
• content built around your actual services
• everything organized and ready to use

No subscription and no contract. I’d build the first set around service highlights, FAQ-style education, and a clear next-step CTA.

Why it may be worth considering: you already have services worth explaining and showing; this package turns those existing strengths into content customers can actually see and understand.

If you like the sample, reply YES and I’ll finish the complete set.

If you already know you want it, the $100 PayPal invoice is here:
https://www.paypal.com/invoice/p/#7T6DC9A6WFH3XXCT

If you’d rather ask something first, just reply. If it isn’t useful, reply “no thanks” and I won’t keep following up.

Thanks,
Anastaysia",015-v5-coleman-security-and-investigations-inc.jpg,015-v5-coleman-security-and-investigations-inc.eml,"Absolutely — I can finish the full security, investigations and live-scan business services content package for Coleman Security and Investigations Inc.. It’s $100 one time, with no subscription or contract. PayPal invoice: https://www.paypal.com/invoice/p/#7T6DC9A6WFH3XXCT

Once payment is confirmed, I’ll build the complete set around service highlights, FAQ-style education, and a clear next-step CTA unless you want me to prioritize something else.

– Anastaysia","It’s $100 total, one time — not per post and not monthly. You keep the 10 posts, custom graphics, customer follow-up messages, review/message replies and CTA copy.","The attached sample was made specifically for Coleman Security and Investigations Inc. around security, investigations and live-scan business services. That is the direction I’d use for the finished set, and I’ll keep every piece tied to the actual services rather than generic filler.","I’d make the finished set around service highlights, FAQ-style education, and a clear next-step CTA. You receive the words + graphics ready to copy, post or reuse, so you do not have to design or write them yourself.","No problem. I’ll leave the sample with you. If timing changes, reply here and I can pick it back up. I won’t keep chasing you.","Hi Coleman Security and Investigations Inc. team — one quick follow-up on the private security, investigations and live-scan business services sample I attached. If you want me to finish the full $100 set, reply YES. If not, no worries and I won’t follow up again.

– Anastaysia","Hi — I made a private security, investigations and live-scan business services sample for Coleman Security and Investigations Inc., but the public email I tried bounced. What business email should I send the preview to?

– Anastaysia","Thanks — payment is confirmed. I’m building the Coleman Security and Investigations Inc. package around service highlights, FAQ-style education, and a clear next-step CTA. I’ll send the finished files in this email thread when they’re ready.

– Anastaysia","Hi Coleman Security and Investigations Inc. team — your finished $100 content package is ready. I’ve organized the posts, graphics, follow-up copy, review/message replies and CTAs so they’re easy to reuse. If you want a different service emphasized in a future set, reply here.

– Anastaysia",New,,,
V5,16,31,D.R. Domenichini Construction,"Morgan Hill / Santa Clara County, CA","Residential remodeling, kitchens, baths and ADUs",87,Priority-ranked; timing is not guaranteed,info@drdcon.com,https://www.drdcon.com/,408-877-6738,https://www.drdcon.com/,2026-09-16,Current owned site explicitly serves Santa Clara County and publishes current 2026 activity; current Diamond Certified profile publishes Info@drdcon.com.,"residential remodeling, kitchens, baths and adus","D.R. Domenichini publishes kitchens, baths, ADUs/additions and whole-home remodeling with a defined estimate process; project-fit and process content can help homeowners know where to start.","D.R. Domenichini publishes kitchens, baths, ADUs/additions and whole-home remodeling with a defined estimate process; project-fit and process content can help homeowners know where to start. The $100 package is useful here because it turns those existing services into clear, reusable customer-facing content without requiring the business to write or design the pieces itself.","Private residential remodeling, kitchens, baths and adus sample for D.R. Domenichini Construction","Hi D.R. Domenichini Construction team,

I was looking at your business and noticed d.R. Domenichini publishes kitchens, baths, ADUs/additions and whole-home remodeling with a defined estimate process; project-fit and process content can help homeowners know where to start. I made the attached private preview around that part of the business so you can judge the direction before spending anything.

For $100 one time, I can turn it into a complete done-for-you content pack. In plain English, you get:

• 10 ready-to-post Google / Facebook / social posts
• custom graphics made for D.R. Domenichini Construction
• customer follow-up messages you can copy and paste
• review and customer-message reply templates
• stronger calls-to-action
• content built around your actual services
• everything organized and ready to use

No subscription and no contract. I’d build the first set around service highlights, FAQ-style education, and a clear next-step CTA.

Why it may be worth considering: you already have services worth explaining and showing; this package turns those existing strengths into content customers can actually see and understand.

If you like the sample, reply YES and I’ll finish the complete set.

If you already know you want it, the $100 PayPal invoice is here:
https://www.paypal.com/invoice/p/#7T6DC9A6WFH3XXCT

If you’d rather ask something first, just reply. If it isn’t useful, reply “no thanks” and I won’t keep following up.

Thanks,
Anastaysia",016-v5-d-r-domenichini-construction.jpg,016-v5-d-r-domenichini-construction.eml,"Absolutely — I can finish the full residential remodeling, kitchens, baths and adus content package for D.R. Domenichini Construction. It’s $100 one time, with no subscription or contract. PayPal invoice: https://www.paypal.com/invoice/p/#7T6DC9A6WFH3XXCT

Once payment is confirmed, I’ll build the complete set around service highlights, FAQ-style education, and a clear next-step CTA unless you want me to prioritize something else.

– Anastaysia","It’s $100 total, one time — not per post and not monthly. You keep the 10 posts, custom graphics, customer follow-up messages, review/message replies and CTA copy.","The attached sample was made specifically for D.R. Domenichini Construction around residential remodeling, kitchens, baths and adus. That is the direction I’d use for the finished set, and I’ll keep every piece tied to the actual services rather than generic filler.","I’d make the finished set around service highlights, FAQ-style education, and a clear next-step CTA. You receive the words + graphics ready to copy, post or reuse, so you do not have to design or write them yourself.","No problem. I’ll leave the sample with you. If timing changes, reply here and I can pick it back up. I won’t keep chasing you.","Hi D.R. Domenichini Construction team — one quick follow-up on the private residential remodeling, kitchens, baths and adus sample I attached. If you want me to finish the full $100 set, reply YES. If not, no worries and I won’t follow up again.

– Anastaysia","Hi — I made a private residential remodeling, kitchens, baths and adus sample for D.R. Domenichini Construction, but the public email I tried bounced. What business email should I send the preview to?

– Anastaysia","Thanks — payment is confirmed. I’m building the D.R. Domenichini Construction package around service highlights, FAQ-style education, and a clear next-step CTA. I’ll send the finished files in this email thread when they’re ready.

– Anastaysia","Hi D.R. Domenichini Construction team — your finished $100 content package is ready. I’ve organized the posts, graphics, follow-up copy, review/message replies and CTAs so they’re easy to reuse. If you want a different service emphasized in a future set, reply here.

– Anastaysia",New,,,
V5,17,33,Dings Plus,"Santa Clara, CA",Paintless dent and automotive appearance repair,87,Priority-ranked; timing is not guaranteed,info@dingsplus.com,http://www.dingsplus.com,408-243-8778,https://www.svcentralchamber.com/expanded-directory/,2026-09-16,Current BBB/local business evidence confirms Santa Clara operation; current Silicon Valley Chamber directory publishes exact public email/site.,paintless dent and automotive appearance repair,Dings Plus has a current Santa Clara business footprint and direct inbox; repair-type and estimate-prep content can make an unfamiliar service easier to evaluate.,"Dings Plus has a current Santa Clara business footprint and direct inbox; repair-type and estimate-prep content can make an unfamiliar service easier to evaluate. The $100 package is useful here because it turns those existing services into clear, reusable customer-facing content without requiring the business to write or design the pieces itself.",Private paintless dent and automotive appearance repair sample for Dings Plus,"Hi Dings Plus team,

I was looking at your business and noticed dings Plus has a current Santa Clara business footprint and direct inbox; repair-type and estimate-prep content can make an unfamiliar service easier to evaluate. I made the attached private preview around that part of the business so you can judge the direction before spending anything.

For $100 one time, I can turn it into a complete done-for-you content pack. In plain English, you get:

• 10 ready-to-post Google / Facebook / social posts
• custom graphics made for Dings Plus
• customer follow-up messages you can copy and paste
• review and customer-message reply templates
• stronger calls-to-action
• content built around your actual services
• everything organized and ready to use

No subscription and no contract. I’d build the first set around service comparisons, before/after project content, and estimate or booking CTAs.

Why it may be worth considering: you already have services worth explaining and showing; this package turns those existing strengths into content customers can actually see and understand.

If you like the sample, reply YES and I’ll finish the complete set.

If you already know you want it, the $100 PayPal invoice is here:
https://www.paypal.com/invoice/p/#7T6DC9A6WFH3XXCT

If you’d rather ask something first, just reply. If it isn’t useful, reply “no thanks” and I won’t keep following up.

Thanks,
Anastaysia",017-v5-dings-plus.jpg,017-v5-dings-plus.eml,"Absolutely — I can finish the full paintless dent and automotive appearance repair content package for Dings Plus. It’s $100 one time, with no subscription or contract. PayPal invoice: https://www.paypal.com/invoice/p/#7T6DC9A6WFH3XXCT

Once payment is confirmed, I’ll build the complete set around service comparisons, before/after project content, and estimate or booking CTAs unless you want me to prioritize something else.

– Anastaysia","It’s $100 total, one time — not per post and not monthly. You keep the 10 posts, custom graphics, customer follow-up messages, review/message replies and CTA copy.","The attached sample was made specifically for Dings Plus around paintless dent and automotive appearance repair. That is the direction I’d use for the finished set, and I’ll keep every piece tied to the actual services rather than generic filler.","I’d make the finished set around service comparisons, before/after project content, and estimate or booking CTAs. You receive the words + graphics ready to copy, post or reuse, so you do not have to design or write them yourself.","No problem. I’ll leave the sample with you. If timing changes, reply here and I can pick it back up. I won’t keep chasing you.","Hi Dings Plus team — one quick follow-up on the private paintless dent and automotive appearance repair sample I attached. If you want me to finish the full $100 set, reply YES. If not, no worries and I won’t follow up again.

– Anastaysia","Hi — I made a private paintless dent and automotive appearance repair sample for Dings Plus, but the public email I tried bounced. What business email should I send the preview to?

– Anastaysia","Thanks — payment is confirmed. I’m building the Dings Plus package around service comparisons, before/after project content, and estimate or booking CTAs. I’ll send the finished files in this email thread when they’re ready.

– Anastaysia","Hi Dings Plus team — your finished $100 content package is ready. I’ve organized the posts, graphics, follow-up copy, review/message replies and CTAs so they’re easy to reuse. If you want a different service emphasized in a future set, reply here.

– Anastaysia",New,,,
V5,18,35,Fast Handy Electric,"San Jose, CA","Residential, commercial and industrial electrical services",87,Priority-ranked; timing is not guaranteed,info@fasthandyelectric.com,https://fasthandyelectric.com/,888-481-3335,https://fasthandyelectric.com/,2026-09-13,"Current owned site lists San Jose, public email/phone, service areas, 12+ years local experience and 2026 copyright.","residential, commercial and industrial electrical services","Fast Handy Electric serves homeowners and businesses across the South Bay; upgrade, repair, inspection and project-planning explainers can make electrical services easier to understand without manufacturing safety scares.","Fast Handy Electric serves homeowners and businesses across the South Bay; upgrade, repair, inspection and project-planning explainers can make electrical services easier to understand without manufacturing safety scares. The $100 package is useful here because it turns those existing services into clear, reusable customer-facing content without requiring the business to write or design the pieces itself.","Private residential, commercial and industrial electrical services sample for Fast Handy Electric","Hi Fast Handy Electric team,

I was looking at your business and noticed fast Handy Electric serves homeowners and businesses across the South Bay; upgrade, repair, inspection and project-planning explainers can make electrical services easier to understand without manufacturing safety scares. I made the attached private preview around that part of the business so you can judge the direction before spending anything.

For $100 one time, I can turn it into a complete done-for-you content pack. In plain English, you get:

• 10 ready-to-post Google / Facebook / social posts
• custom graphics made for Fast Handy Electric
• customer follow-up messages you can copy and paste
• review and customer-message reply templates
• stronger calls-to-action
• content built around your actual services
• everything organized and ready to use

No subscription and no contract. I’d build the first set around service explainers, project/repair education, and estimate or consultation CTAs.

Why it may be worth considering: you already have services worth explaining and showing; this package turns those existing strengths into content customers can actually see and understand.

If you like the sample, reply YES and I’ll finish the complete set.

If you already know you want it, the $100 PayPal invoice is here:
https://www.paypal.com/invoice/p/#7T6DC9A6WFH3XXCT

If you’d rather ask something first, just reply. If it isn’t useful, reply “no thanks” and I won’t keep following up.

Thanks,
Anastaysia",018-v5-fast-handy-electric.jpg,018-v5-fast-handy-electric.eml,"Absolutely — I can finish the full residential, commercial and industrial electrical services content package for Fast Handy Electric. It’s $100 one time, with no subscription or contract. PayPal invoice: https://www.paypal.com/invoice/p/#7T6DC9A6WFH3XXCT

Once payment is confirmed, I’ll build the complete set around service explainers, project/repair education, and estimate or consultation CTAs unless you want me to prioritize something else.

– Anastaysia","It’s $100 total, one time — not per post and not monthly. You keep the 10 posts, custom graphics, customer follow-up messages, review/message replies and CTA copy.","The attached sample was made specifically for Fast Handy Electric around residential, commercial and industrial electrical services. That is the direction I’d use for the finished set, and I’ll keep every piece tied to the actual services rather than generic filler.","I’d make the finished set around service explainers, project/repair education, and estimate or consultation CTAs. You receive the words + graphics ready to copy, post or reuse, so you do not have to design or write them yourself.","No problem. I’ll leave the sample with you. If timing changes, reply here and I can pick it back up. I won’t keep chasing you.","Hi Fast Handy Electric team — one quick follow-up on the private residential, commercial and industrial electrical services sample I attached. If you want me to finish the full $100 set, reply YES. If not, no worries and I won’t follow up again.

– Anastaysia","Hi — I made a private residential, commercial and industrial electrical services sample for Fast Handy Electric, but the public email I tried bounced. What business email should I send the preview to?

– Anastaysia","Thanks — payment is confirmed. I’m building the Fast Handy Electric package around service explainers, project/repair education, and estimate or consultation CTAs. I’ll send the finished files in this email thread when they’re ready.

– Anastaysia","Hi Fast Handy Electric team — your finished $100 content package is ready. I’ve organized the posts, graphics, follow-up copy, review/message replies and CTAs so they’re easy to reuse. If you want a different service emphasized in a future set, reply here.

– Anastaysia",New,,,
V5,19,37,Granite Rock Company,"San Jose, CA","Construction materials, concrete and paving",87,Priority-ranked; timing is not guaranteed,estimating@graniterock.com,https://www.graniterock.com/location/san_jose_concrete,408-574-1400,https://www.graniterock.com/location/san_jose_concrete,2026-09-13,"Official San Jose branch page is current; the March 9, 2026 CLPCCD qualified-contractor list supplies the public estimating email used here.","construction materials, concrete and paving","The San Jose concrete branch publishes custom mix, color/admixture, delivery and customer-assistance capabilities; buyer-friendly content could explain mix/service choices without making contractors decode an industrial catalog.","The San Jose concrete branch publishes custom mix, color/admixture, delivery and customer-assistance capabilities; buyer-friendly content could explain mix/service choices without making contractors decode an industrial catalog. The $100 package is useful here because it turns those existing services into clear, reusable customer-facing content without requiring the business to write or design the pieces itself.","Private construction materials, concrete and paving sample for Granite Rock Company","Hi Granite Rock Company team,

I was looking at your business and noticed the San Jose concrete branch publishes custom mix, color/admixture, delivery and customer-assistance capabilities; buyer-friendly content could explain mix/service choices without making contractors decode an industrial catalog. I made the attached private preview around that part of the business so you can judge the direction before spending anything.

For $100 one time, I can turn it into a complete done-for-you content pack. In plain English, you get:

• 10 ready-to-post Google / Facebook / social posts
• custom graphics made for Granite Rock Company
• customer follow-up messages you can copy and paste
• review and customer-message reply templates
• stronger calls-to-action
• content built around your actual services
• everything organized and ready to use

No subscription and no contract. I’d build the first set around service explainers, project/repair education, and estimate or consultation CTAs.

Why it may be worth considering: you already have services worth explaining and showing; this package turns those existing strengths into content customers can actually see and understand.

If you like the sample, reply YES and I’ll finish the complete set.

If you already know you want it, the $100 PayPal invoice is here:
https://www.paypal.com/invoice/p/#7T6DC9A6WFH3XXCT

If you’d rather ask something first, just reply. If it isn’t useful, reply “no thanks” and I won’t keep following up.

Thanks,
Anastaysia",019-v5-granite-rock-company.jpg,019-v5-granite-rock-company.eml,"Absolutely — I can finish the full construction materials, concrete and paving content package for Granite Rock Company. It’s $100 one time, with no subscription or contract. PayPal invoice: https://www.paypal.com/invoice/p/#7T6DC9A6WFH3XXCT

Once payment is confirmed, I’ll build the complete set around service explainers, project/repair education, and estimate or consultation CTAs unless you want me to prioritize something else.

– Anastaysia","It’s $100 total, one time — not per post and not monthly. You keep the 10 posts, custom graphics, customer follow-up messages, review/message replies and CTA copy.","The attached sample was made specifically for Granite Rock Company around construction materials, concrete and paving. That is the direction I’d use for the finished set, and I’ll keep every piece tied to the actual services rather than generic filler.","I’d make the finished set around service explainers, project/repair education, and estimate or consultation CTAs. You receive the words + graphics ready to copy, post or reuse, so you do not have to design or write them yourself.","No problem. I’ll leave the sample with you. If timing changes, reply here and I can pick it back up. I won’t keep chasing you.","Hi Granite Rock Company team — one quick follow-up on the private construction materials, concrete and paving sample I attached. If you want me to finish the full $100 set, reply YES. If not, no worries and I won’t follow up again.

– Anastaysia","Hi — I made a private construction materials, concrete and paving sample for Granite Rock Company, but the public email I tried bounced. What business email should I send the preview to?

– Anastaysia","Thanks — payment is confirmed. I’m building the Granite Rock Company package around service explainers, project/repair education, and estimate or consultation CTAs. I’ll send the finished files in this email thread when they’re ready.

– Anastaysia","Hi Granite Rock Company team — your finished $100 content package is ready. I’ve organized the posts, graphics, follow-up copy, review/message replies and CTAs so they’re easy to reuse. If you want a different service emphasized in a future set, reply here.

– Anastaysia",New,,,
V5,20,39,Howell Electric,"Santa Clara, CA",Commercial electrical contracting,87,Priority-ranked; timing is not guaranteed,info@howellelectric.com,https://howellelectric.com/,408-980-8800,https://howellelectric.com/contact/,2026-09-16,"Current owned site lists 3390 Viso Court, Santa Clara, info@howellelectric.com and active commercial electrical services.",commercial electrical contracting,"Howell covers preconstruction, budgeting, design and electrical construction; a project-stage capability explainer can make a complex B2B service easier for buyers to scope.","Howell covers preconstruction, budgeting, design and electrical construction; a project-stage capability explainer can make a complex B2B service easier for buyers to scope. The $100 package is useful here because it turns those existing services into clear, reusable customer-facing content without requiring the business to write or design the pieces itself.",Private commercial electrical contracting sample for Howell Electric,"Hi Howell Electric team,

I was looking at your business and noticed howell covers preconstruction, budgeting, design and electrical construction; a project-stage capability explainer can make a complex B2B service easier for buyers to scope. I made the attached private preview around that part of the business so you can judge the direction before spending anything.

For $100 one time, I can turn it into a complete done-for-you content pack. In plain English, you get:

• 10 ready-to-post Google / Facebook / social posts
• custom graphics made for Howell Electric
• customer follow-up messages you can copy and paste
• review and customer-message reply templates
• stronger calls-to-action
• content built around your actual services
• everything organized and ready to use

No subscription and no contract. I’d build the first set around service explainers, project/repair education, and estimate or consultation CTAs.

Why it may be worth considering: you already have services worth explaining and showing; this package turns those existing strengths into content customers can actually see and understand.

If you like the sample, reply YES and I’ll finish the complete set.

If you already know you want it, the $100 PayPal invoice is here:
https://www.paypal.com/invoice/p/#7T6DC9A6WFH3XXCT

If you’d rather ask something first, just reply. If it isn’t useful, reply “no thanks” and I won’t keep following up.

Thanks,
Anastaysia",020-v5-howell-electric.jpg,020-v5-howell-electric.eml,"Absolutely — I can finish the full commercial electrical contracting content package for Howell Electric. It’s $100 one time, with no subscription or contract. PayPal invoice: https://www.paypal.com/invoice/p/#7T6DC9A6WFH3XXCT

Once payment is confirmed, I’ll build the complete set around service explainers, project/repair education, and estimate or consultation CTAs unless you want me to prioritize something else.

– Anastaysia","It’s $100 total, one time — not per post and not monthly. You keep the 10 posts, custom graphics, customer follow-up messages, review/message replies and CTA copy.","The attached sample was made specifically for Howell Electric around commercial electrical contracting. That is the direction I’d use for the finished set, and I’ll keep every piece tied to the actual services rather than generic filler.","I’d make the finished set around service explainers, project/repair education, and estimate or consultation CTAs. You receive the words + graphics ready to copy, post or reuse, so you do not have to design or write them yourself.","No problem. I’ll leave the sample with you. If timing changes, reply here and I can pick it back up. I won’t keep chasing you.","Hi Howell Electric team — one quick follow-up on the private commercial electrical contracting sample I attached. If you want me to finish the full $100 set, reply YES. If not, no worries and I won’t follow up again.

– Anastaysia","Hi — I made a private commercial electrical contracting sample for Howell Electric, but the public email I tried bounced. What business email should I send the preview to?

– Anastaysia","Thanks — payment is confirmed. I’m building the Howell Electric package around service explainers, project/repair education, and estimate or consultation CTAs. I’ll send the finished files in this email thread when they’re ready.

– Anastaysia","Hi Howell Electric team — your finished $100 content package is ready. I’ve organized the posts, graphics, follow-up copy, review/message replies and CTAs so they’re easy to reuse. If you want a different service emphasized in a future set, reply here.

– Anastaysia",New,,,
V5,21,41,Joseph J. Albanese Inc.,Santa Clara CA,"Concrete, paving, demolition and heavy civil construction",87,Priority-ranked; timing is not guaranteed,info@jjalbanese.com,https://www.jjalbanese.com/,408-727-5700,https://www.jjalbanese.com/contactus,2026-09-13,"Official contact page lists the Santa Clara headquarters, license and info@jjalbanese.com; current company profile documents broad concrete, paving, demolition and earthwork capabilities.","concrete, paving, demolition and heavy civil construction","The company publishes a broad mix of concrete, earthwork, demolition, paving and specialty capabilities; a concise capability explainer could help buyers understand when to bring Albanese into a project.","The company publishes a broad mix of concrete, earthwork, demolition, paving and specialty capabilities; a concise capability explainer could help buyers understand when to bring Albanese into a project. The $100 package is useful here because it turns those existing services into clear, reusable customer-facing content without requiring the business to write or design the pieces itself.","Private concrete, paving, demolition and heavy civil construction sample for Joseph J. Albanese Inc.","Hi Joseph J. Albanese Inc. team,

I was looking at your business and noticed the company publishes a broad mix of concrete, earthwork, demolition, paving and specialty capabilities; a concise capability explainer could help buyers understand when to bring Albanese into a project. I made the attached private preview around that part of the business so you can judge the direction before spending anything.

For $100 one time, I can turn it into a complete done-for-you content pack. In plain English, you get:

• 10 ready-to-post Google / Facebook / social posts
• custom graphics made for Joseph J. Albanese Inc.
• customer follow-up messages you can copy and paste
• review and customer-message reply templates
• stronger calls-to-action
• content built around your actual services
• everything organized and ready to use

No subscription and no contract. I’d build the first set around service explainers, project/repair education, and estimate or consultation CTAs.

Why it may be worth considering: you already have services worth explaining and showing; this package turns those existing strengths into content customers can actually see and understand.

If you like the sample, reply YES and I’ll finish the complete set.

If you already know you want it, the $100 PayPal invoice is here:
https://www.paypal.com/invoice/p/#7T6DC9A6WFH3XXCT

If you’d rather ask something first, just reply. If it isn’t useful, reply “no thanks” and I won’t keep following up.

Thanks,
Anastaysia",021-v5-joseph-j-albanese-inc.jpg,021-v5-joseph-j-albanese-inc.eml,"Absolutely — I can finish the full concrete, paving, demolition and heavy civil construction content package for Joseph J. Albanese Inc.. It’s $100 one time, with no subscription or contract. PayPal invoice: https://www.paypal.com/invoice/p/#7T6DC9A6WFH3XXCT

Once payment is confirmed, I’ll build the complete set around service explainers, project/repair education, and estimate or consultation CTAs unless you want me to prioritize something else.

– Anastaysia","It’s $100 total, one time — not per post and not monthly. You keep the 10 posts, custom graphics, customer follow-up messages, review/message replies and CTA copy.","The attached sample was made specifically for Joseph J. Albanese Inc. around concrete, paving, demolition and heavy civil construction. That is the direction I’d use for the finished set, and I’ll keep every piece tied to the actual services rather than generic filler.","I’d make the finished set around service explainers, project/repair education, and estimate or consultation CTAs. You receive the words + graphics ready to copy, post or reuse, so you do not have to design or write them yourself.","No problem. I’ll leave the sample with you. If timing changes, reply here and I can pick it back up. I won’t keep chasing you.","Hi Joseph J. Albanese Inc. team — one quick follow-up on the private concrete, paving, demolition and heavy civil construction sample I attached. If you want me to finish the full $100 set, reply YES. If not, no worries and I won’t follow up again.

– Anastaysia","Hi — I made a private concrete, paving, demolition and heavy civil construction sample for Joseph J. Albanese Inc., but the public email I tried bounced. What business email should I send the preview to?

– Anastaysia","Thanks — payment is confirmed. I’m building the Joseph J. Albanese Inc. package around service explainers, project/repair education, and estimate or consultation CTAs. I’ll send the finished files in this email thread when they’re ready.

– Anastaysia","Hi Joseph J. Albanese Inc. team — your finished $100 content package is ready. I’ve organized the posts, graphics, follow-up copy, review/message replies and CTAs so they’re easy to reuse. If you want a different service emphasized in a future set, reply here.

– Anastaysia",New,,,
V5,22,43,Keish Inc.,San Jose CA,Program/construction management and environmental consulting,87,Priority-ranked; timing is not guaranteed,info@keish.com,https://keish.com/,,https://keish.com/contact/,2026-09-13,"Official contact page lists info@keish.com and a San Jose office; current services pages describe PM/CM, environmental compliance and sustainability work.",program/construction management and environmental consulting,"Keish combines PM/CM with environmental compliance and sustainability consulting, giving it several complex services that could benefit from plain-English educational content for project owners and partners.","Keish combines PM/CM with environmental compliance and sustainability consulting, giving it several complex services that could benefit from plain-English educational content for project owners and partners. The $100 package is useful here because it turns those existing services into clear, reusable customer-facing content without requiring the business to write or design the pieces itself.",Private program/construction management and environmental consulting sample for Keish Inc.,"Hi Keish Inc. team,

I was looking at your business and noticed keish combines PM/CM with environmental compliance and sustainability consulting, giving it several complex services that could benefit from plain-English educational content for project owners and partners. I made the attached private preview around that part of the business so you can judge the direction before spending anything.

For $100 one time, I can turn it into a complete done-for-you content pack. In plain English, you get:

• 10 ready-to-post Google / Facebook / social posts
• custom graphics made for Keish Inc.
• customer follow-up messages you can copy and paste
• review and customer-message reply templates
• stronger calls-to-action
• content built around your actual services
• everything organized and ready to use

No subscription and no contract. I’d build the first set around service explainers, project/repair education, and estimate or consultation CTAs.

Why it may be worth considering: you already have services worth explaining and showing; this package turns those existing strengths into content customers can actually see and understand.

If you like the sample, reply YES and I’ll finish the complete set.

If you already know you want it, the $100 PayPal invoice is here:
https://www.paypal.com/invoice/p/#7T6DC9A6WFH3XXCT

If you’d rather ask something first, just reply. If it isn’t useful, reply “no thanks” and I won’t keep following up.

Thanks,
Anastaysia",022-v5-keish-inc.jpg,022-v5-keish-inc.eml,"Absolutely — I can finish the full program/construction management and environmental consulting content package for Keish Inc.. It’s $100 one time, with no subscription or contract. PayPal invoice: https://www.paypal.com/invoice/p/#7T6DC9A6WFH3XXCT

Once payment is confirmed, I’ll build the complete set around service explainers, project/repair education, and estimate or consultation CTAs unless you want me to prioritize something else.

– Anastaysia","It’s $100 total, one time — not per post and not monthly. You keep the 10 posts, custom graphics, customer follow-up messages, review/message replies and CTA copy.","The attached sample was made specifically for Keish Inc. around program/construction management and environmental consulting. That is the direction I’d use for the finished set, and I’ll keep every piece tied to the actual services rather than generic filler.","I’d make the finished set around service explainers, project/repair education, and estimate or consultation CTAs. You receive the words + graphics ready to copy, post or reuse, so you do not have to design or write them yourself.","No problem. I’ll leave the sample with you. If timing changes, reply here and I can pick it back up. I won’t keep chasing you.","Hi Keish Inc. team — one quick follow-up on the private program/construction management and environmental consulting sample I attached. If you want me to finish the full $100 set, reply YES. If not, no worries and I won’t follow up again.

– Anastaysia","Hi — I made a private program/construction management and environmental consulting sample for Keish Inc., but the public email I tried bounced. What business email should I send the preview to?

– Anastaysia","Thanks — payment is confirmed. I’m building the Keish Inc. package around service explainers, project/repair education, and estimate or consultation CTAs. I’ll send the finished files in this email thread when they’re ready.

– Anastaysia","Hi Keish Inc. team — your finished $100 content package is ready. I’ve organized the posts, graphics, follow-up copy, review/message replies and CTAs so they’re easy to reuse. If you want a different service emphasized in a future set, reply here.

– Anastaysia",New,,,
V5,23,45,May Construction Inc,"San Jose, CA",Residential design-build remodeling,87,Priority-ranked; timing is not guaranteed,info@mayconstructioninc.com,https://www.mayconstructioninc.com/,408-294-6763,https://www.mayconstructioninc.com/,2026-09-15,,residential design-build remodeling,"May Construction offers design/build remodeling with visually demonstrable project work; process, remodel-type and consultation-prep content.","May Construction offers design/build remodeling with visually demonstrable project work; process, remodel-type and consultation-prep content. The $100 package is useful here because it turns those existing services into clear, reusable customer-facing content without requiring the business to write or design the pieces itself.",Private residential design-build remodeling sample for May Construction Inc,"Hi May Construction Inc team,

I was looking at your business and noticed may Construction offers design/build remodeling with visually demonstrable project work; process, remodel-type and consultation-prep content. I made the attached private preview around that part of the business so you can judge the direction before spending anything.

For $100 one time, I can turn it into a complete done-for-you content pack. In plain English, you get:

• 10 ready-to-post Google / Facebook / social posts
• custom graphics made for May Construction Inc
• customer follow-up messages you can copy and paste
• review and customer-message reply templates
• stronger calls-to-action
• content built around your actual services
• everything organized and ready to use

No subscription and no contract. I’d build the first set around service highlights, FAQ-style education, and a clear next-step CTA.

Why it may be worth considering: you already have services worth explaining and showing; this package turns those existing strengths into content customers can actually see and understand.

If you like the sample, reply YES and I’ll finish the complete set.

If you already know you want it, the $100 PayPal invoice is here:
https://www.paypal.com/invoice/p/#7T6DC9A6WFH3XXCT

If you’d rather ask something first, just reply. If it isn’t useful, reply “no thanks” and I won’t keep following up.

Thanks,
Anastaysia",023-v5-may-construction-inc.jpg,023-v5-may-construction-inc.eml,"Absolutely — I can finish the full residential design-build remodeling content package for May Construction Inc. It’s $100 one time, with no subscription or contract. PayPal invoice: https://www.paypal.com/invoice/p/#7T6DC9A6WFH3XXCT

Once payment is confirmed, I’ll build the complete set around service highlights, FAQ-style education, and a clear next-step CTA unless you want me to prioritize something else.

– Anastaysia","It’s $100 total, one time — not per post and not monthly. You keep the 10 posts, custom graphics, customer follow-up messages, review/message replies and CTA copy.","The attached sample was made specifically for May Construction Inc around residential design-build remodeling. That is the direction I’d use for the finished set, and I’ll keep every piece tied to the actual services rather than generic filler.","I’d make the finished set around service highlights, FAQ-style education, and a clear next-step CTA. You receive the words + graphics ready to copy, post or reuse, so you do not have to design or write them yourself.","No problem. I’ll leave the sample with you. If timing changes, reply here and I can pick it back up. I won’t keep chasing you.","Hi May Construction Inc team — one quick follow-up on the private residential design-build remodeling sample I attached. If you want me to finish the full $100 set, reply YES. If not, no worries and I won’t follow up again.

– Anastaysia","Hi — I made a private residential design-build remodeling sample for May Construction Inc, but the public email I tried bounced. What business email should I send the preview to?

– Anastaysia","Thanks — payment is confirmed. I’m building the May Construction Inc package around service highlights, FAQ-style education, and a clear next-step CTA. I’ll send the finished files in this email thread when they’re ready.

– Anastaysia","Hi May Construction Inc team — your finished $100 content package is ready. I’ve organized the posts, graphics, follow-up copy, review/message replies and CTAs so they’re easy to reuse. If you want a different service emphasized in a future set, reply here.

– Anastaysia",New,,,
V5,24,47,Mr & Mrs Construction,"Santa Clara, CA","Home remodeling, ADUs and general contracting",87,Priority-ranked; timing is not guaranteed,info@mrandmrscnr.com,https://mrandmrscnr.com/,800-587-1823,https://mrandmrscnr.com/get-a-free-quote/,2026-09-13,"Official 2026 site lists info@mrandmrscnr.com, Santa Clara office and license 1068849; services include remodeling, kitchens and ADU work across Silicon Valley.","home remodeling, adus and general contracting","The company sells a broad remodeling journey from design and planning through approvals, material procurement and construction; a layman's guide to that process could reduce confusion before a quote request.","The company sells a broad remodeling journey from design and planning through approvals, material procurement and construction; a layman's guide to that process could reduce confusion before a quote request. The $100 package is useful here because it turns those existing services into clear, reusable customer-facing content without requiring the business to write or design the pieces itself.","Private home remodeling, adus and general contracting sample for Mr & Mrs Construction","Hi Mr & Mrs Construction team,

I was looking at your business and noticed the company sells a broad remodeling journey from design and planning through approvals, material procurement and construction; a layman's guide to that process could reduce confusion before a quote request. I made the attached private preview around that part of the business so you can judge the direction before spending anything.

For $100 one time, I can turn it into a complete done-for-you content pack. In plain English, you get:

• 10 ready-to-post Google / Facebook / social posts
• custom graphics made for Mr & Mrs Construction
• customer follow-up messages you can copy and paste
• review and customer-message reply templates
• stronger calls-to-action
• content built around your actual services
• everything organized and ready to use

No subscription and no contract. I’d build the first set around service highlights, FAQ-style education, and a clear next-step CTA.

Why it may be worth considering: you already have services worth explaining and showing; this package turns those existing strengths into content customers can actually see and understand.

If you like the sample, reply YES and I’ll finish the complete set.

If you already know you want it, the $100 PayPal invoice is here:
https://www.paypal.com/invoice/p/#7T6DC9A6WFH3XXCT

If you’d rather ask something first, just reply. If it isn’t useful, reply “no thanks” and I won’t keep following up.

Thanks,
Anastaysia",024-v5-mr-mrs-construction.jpg,024-v5-mr-mrs-construction.eml,"Absolutely — I can finish the full home remodeling, adus and general contracting content package for Mr & Mrs Construction. It’s $100 one time, with no subscription or contract. PayPal invoice: https://www.paypal.com/invoice/p/#7T6DC9A6WFH3XXCT

Once payment is confirmed, I’ll build the complete set around service highlights, FAQ-style education, and a clear next-step CTA unless you want me to prioritize something else.

– Anastaysia","It’s $100 total, one time — not per post and not monthly. You keep the 10 posts, custom graphics, customer follow-up messages, review/message replies and CTA copy.","The attached sample was made specifically for Mr & Mrs Construction around home remodeling, adus and general contracting. That is the direction I’d use for the finished set, and I’ll keep every piece tied to the actual services rather than generic filler.","I’d make the finished set around service highlights, FAQ-style education, and a clear next-step CTA. You receive the words + graphics ready to copy, post or reuse, so you do not have to design or write them yourself.","No problem. I’ll leave the sample with you. If timing changes, reply here and I can pick it back up. I won’t keep chasing you.","Hi Mr & Mrs Construction team — one quick follow-up on the private home remodeling, adus and general contracting sample I attached. If you want me to finish the full $100 set, reply YES. If not, no worries and I won’t follow up again.

– Anastaysia","Hi — I made a private home remodeling, adus and general contracting sample for Mr & Mrs Construction, but the public email I tried bounced. What business email should I send the preview to?

– Anastaysia","Thanks — payment is confirmed. I’m building the Mr & Mrs Construction package around service highlights, FAQ-style education, and a clear next-step CTA. I’ll send the finished files in this email thread when they’re ready.

– Anastaysia","Hi Mr & Mrs Construction team — your finished $100 content package is ready. I’ve organized the posts, graphics, follow-up copy, review/message replies and CTAs so they’re easy to reuse. If you want a different service emphasized in a future set, reply here.

– Anastaysia",New,,,
V5,25,49,Park Street Builders,"Gilroy, CA","Residential remodeling, additions and ADUs",87,Priority-ranked; timing is not guaranteed,hello@parkstreetbuilders.com,https://parkstreetbuilders.com/,408-475-2992,https://parkstreetbuilders.com/contact,2026-09-16,"Current owned site lists Gilroy office, license, hello@parkstreetbuilders.com and active residential services.","residential remodeling, additions and adus","Park Street publishes a Dream-Design-Gather process for renovations, additions and ADUs; process and project-readiness content can clarify a substantial buying decision.","Park Street publishes a Dream-Design-Gather process for renovations, additions and ADUs; process and project-readiness content can clarify a substantial buying decision. The $100 package is useful here because it turns those existing services into clear, reusable customer-facing content without requiring the business to write or design the pieces itself.","Private residential remodeling, additions and adus sample for Park Street Builders","Hi Park Street Builders team,

I was looking at your business and noticed park Street publishes a Dream-Design-Gather process for renovations, additions and ADUs; process and project-readiness content can clarify a substantial buying decision. I made the attached private preview around that part of the business so you can judge the direction before spending anything.

For $100 one time, I can turn it into a complete done-for-you content pack. In plain English, you get:

• 10 ready-to-post Google / Facebook / social posts
• custom graphics made for Park Street Builders
• customer follow-up messages you can copy and paste
• review and customer-message reply templates
• stronger calls-to-action
• content built around your actual services
• everything organized and ready to use

No subscription and no contract. I’d build the first set around service highlights, FAQ-style education, and a clear next-step CTA.

Why it may be worth considering: you already have services worth explaining and showing; this package turns those existing strengths into content customers can actually see and understand.

If you like the sample, reply YES and I’ll finish the complete set.

If you already know you want it, the $100 PayPal invoice is here:
https://www.paypal.com/invoice/p/#7T6DC9A6WFH3XXCT

If you’d rather ask something first, just reply. If it isn’t useful, reply “no thanks” and I won’t keep following up.

Thanks,
Anastaysia",025-v5-park-street-builders.jpg,025-v5-park-street-builders.eml,"Absolutely — I can finish the full residential remodeling, additions and adus content package for Park Street Builders. It’s $100 one time, with no subscription or contract. PayPal invoice: https://www.paypal.com/invoice/p/#7T6DC9A6WFH3XXCT

Once payment is confirmed, I’ll build the complete set around service highlights, FAQ-style education, and a clear next-step CTA unless you want me to prioritize something else.

– Anastaysia","It’s $100 total, one time — not per post and not monthly. You keep the 10 posts, custom graphics, customer follow-up messages, review/message replies and CTA copy.","The attached sample was made specifically for Park Street Builders around residential remodeling, additions and adus. That is the direction I’d use for the finished set, and I’ll keep every piece tied to the actual services rather than generic filler.","I’d make the finished set around service highlights, FAQ-style education, and a clear next-step CTA. You receive the words + graphics ready to copy, post or reuse, so you do not have to design or write them yourself.","No problem. I’ll leave the sample with you. If timing changes, reply here and I can pick it back up. I won’t keep chasing you.","Hi Park Street Builders team — one quick follow-up on the private residential remodeling, additions and adus sample I attached. If you want me to finish the full $100 set, reply YES. If not, no worries and I won’t follow up again.

– Anastaysia","Hi — I made a private residential remodeling, additions and adus sample for Park Street Builders, but the public email I tried bounced. What business email should I send the preview to?

– Anastaysia","Thanks — payment is confirmed. I’m building the Park Street Builders package around service highlights, FAQ-style education, and a clear next-step CTA. I’ll send the finished files in this email thread when they’re ready.

– Anastaysia","Hi Park Street Builders team — your finished $100 content package is ready. I’ve organized the posts, graphics, follow-up copy, review/message replies and CTAs so they’re easy to reuse. If you want a different service emphasized in a future set, reply here.

– Anastaysia",New,,,
V5,26,51,SASCO,"San Jose, CA",Electrical contracting,87,Priority-ranked; timing is not guaranteed,info@sasco.com,https://www.sasco.com/,408-970-8300,https://www.sasco.com/contact-us,2026-09-13,Official contact page lists the San Jose Northern California office at 2190 Paragon Drive and info@sasco.com; 2026 contractor-list evidence independently places SASCO in the active qualified-contractor pool.,electrical contracting,SASCO maintains a dedicated Northern California San Jose office and public general inbox; a capability/project-type explainer could make the firm's electrical scope easier for prospective commercial clients to scan.,"SASCO maintains a dedicated Northern California San Jose office and public general inbox; a capability/project-type explainer could make the firm's electrical scope easier for prospective commercial clients to scan. The $100 package is useful here because it turns those existing services into clear, reusable customer-facing content without requiring the business to write or design the pieces itself.",Private electrical contracting sample for SASCO,"Hi SASCO team,

I was looking at your business and noticed sASCO maintains a dedicated Northern California San Jose office and public general inbox; a capability/project-type explainer could make the firm's electrical scope easier for prospective commercial clients to scan. I made the attached private preview around that part of the business so you can judge the direction before spending anything.

For $100 one time, I can turn it into a complete done-for-you content pack. In plain English, you get:

• 10 ready-to-post Google / Facebook / social posts
• custom graphics made for SASCO
• customer follow-up messages you can copy and paste
• review and customer-message reply templates
• stronger calls-to-action
• content built around your actual services
• everything organized and ready to use

No subscription and no contract. I’d build the first set around service explainers, project/repair education, and estimate or consultation CTAs.

Why it may be worth considering: you already have services worth explaining and showing; this package turns those existing strengths into content customers can actually see and understand.

If you like the sample, reply YES and I’ll finish the complete set.

If you already know you want it, the $100 PayPal invoice is here:
https://www.paypal.com/invoice/p/#7T6DC9A6WFH3XXCT

If you’d rather ask something first, just reply. If it isn’t useful, reply “no thanks” and I won’t keep following up.

Thanks,
Anastaysia",026-v5-sasco.jpg,026-v5-sasco.eml,"Absolutely — I can finish the full electrical contracting content package for SASCO. It’s $100 one time, with no subscription or contract. PayPal invoice: https://www.paypal.com/invoice/p/#7T6DC9A6WFH3XXCT

Once payment is confirmed, I’ll build the complete set around service explainers, project/repair education, and estimate or consultation CTAs unless you want me to prioritize something else.

– Anastaysia","It’s $100 total, one time — not per post and not monthly. You keep the 10 posts, custom graphics, customer follow-up messages, review/message replies and CTA copy.","The attached sample was made specifically for SASCO around electrical contracting. That is the direction I’d use for the finished set, and I’ll keep every piece tied to the actual services rather than generic filler.","I’d make the finished set around service explainers, project/repair education, and estimate or consultation CTAs. You receive the words + graphics ready to copy, post or reuse, so you do not have to design or write them yourself.","No problem. I’ll leave the sample with you. If timing changes, reply here and I can pick it back up. I won’t keep chasing you.","Hi SASCO team — one quick follow-up on the private electrical contracting sample I attached. If you want me to finish the full $100 set, reply YES. If not, no worries and I won’t follow up again.

– Anastaysia","Hi — I made a private electrical contracting sample for SASCO, but the public email I tried bounced. What business email should I send the preview to?

– Anastaysia","Thanks — payment is confirmed. I’m building the SASCO package around service explainers, project/repair education, and estimate or consultation CTAs. I’ll send the finished files in this email thread when they’re ready.

– Anastaysia","Hi SASCO team — your finished $100 content package is ready. I’ve organized the posts, graphics, follow-up copy, review/message replies and CTAs so they’re easy to reuse. If you want a different service emphasized in a future set, reply here.

– Anastaysia",New,,,
V5,27,53,Big Kahuna Pools,"Morgan Hill / Santa Clara County, CA",Pool service and repair,86,Priority-ranked; timing is not guaranteed,joe@bigkahunapoolz.com,https://www.bigkahunapoolz.com/,408-613-8347,https://www.bigkahunapoolz.com/,2026-09-16,"Current owned site publishes joe@bigkahunapoolz.com, 408-613-8347 and Santa Clara County service areas.",pool service and repair,"Big Kahuna Pools offers weekly pool service and repairs across Morgan Hill, Gilroy, San Martin and additional Santa Clara County cities; maintenance-versus-repair education and seasonal pool-care content fit the buying journey.","Big Kahuna Pools offers weekly pool service and repairs across Morgan Hill, Gilroy, San Martin and additional Santa Clara County cities; maintenance-versus-repair education and seasonal pool-care content fit the buying journey. The $100 package is useful here because it turns those existing services into clear, reusable customer-facing content without requiring the business to write or design the pieces itself.",Private pool service and repair sample for Big Kahuna Pools,"Hi Big Kahuna Pools team,

I was looking at your business and noticed big Kahuna Pools offers weekly pool service and repairs across Morgan Hill, Gilroy, San Martin and additional Santa Clara County cities; maintenance-versus-repair education and seasonal pool-care content fit the buying journey. I made the attached private preview around that part of the business so you can judge the direction before spending anything.

For $100 one time, I can turn it into a complete done-for-you content pack. In plain English, you get:

• 10 ready-to-post Google / Facebook / social posts
• custom graphics made for Big Kahuna Pools
• customer follow-up messages you can copy and paste
• review and customer-message reply templates
• stronger calls-to-action
• content built around your actual services
• everything organized and ready to use

No subscription and no contract. I’d build the first set around service highlights, FAQ-style education, and a clear next-step CTA.

Why it may be worth considering: you already have services worth explaining and showing; this package turns those existing strengths into content customers can actually see and understand.

If you like the sample, reply YES and I’ll finish the complete set.

If you already know you want it, the $100 PayPal invoice is here:
https://www.paypal.com/invoice/p/#7T6DC9A6WFH3XXCT

If you’d rather ask something first, just reply. If it isn’t useful, reply “no thanks” and I won’t keep following up.

Thanks,
Anastaysia",027-v5-big-kahuna-pools.jpg,027-v5-big-kahuna-pools.eml,"Absolutely — I can finish the full pool service and repair content package for Big Kahuna Pools. It’s $100 one time, with no subscription or contract. PayPal invoice: https://www.paypal.com/invoice/p/#7T6DC9A6WFH3XXCT

Once payment is confirmed, I’ll build the complete set around service highlights, FAQ-style education, and a clear next-step CTA unless you want me to prioritize something else.

– Anastaysia","It’s $100 total, one time — not per post and not monthly. You keep the 10 posts, custom graphics, customer follow-up messages, review/message replies and CTA copy.","The attached sample was made specifically for Big Kahuna Pools around pool service and repair. That is the direction I’d use for the finished set, and I’ll keep every piece tied to the actual services rather than generic filler.","I’d make the finished set around service highlights, FAQ-style education, and a clear next-step CTA. You receive the words + graphics ready to copy, post or reuse, so you do not have to design or write them yourself.","No problem. I’ll leave the sample with you. If timing changes, reply here and I can pick it back up. I won’t keep chasing you.","Hi Big Kahuna Pools team — one quick follow-up on the private pool service and repair sample I attached. If you want me to finish the full $100 set, reply YES. If not, no worries and I won’t follow up again.

– Anastaysia","Hi — I made a private pool service and repair sample for Big Kahuna Pools, but the public email I tried bounced. What business email should I send the preview to?

– Anastaysia","Thanks — payment is confirmed. I’m building the Big Kahuna Pools package around service highlights, FAQ-style education, and a clear next-step CTA. I’ll send the finished files in this email thread when they’re ready.

– Anastaysia","Hi Big Kahuna Pools team — your finished $100 content package is ready. I’ve organized the posts, graphics, follow-up copy, review/message replies and CTAs so they’re easy to reuse. If you want a different service emphasized in a future set, reply here.

– Anastaysia",New,,,
V5,28,55,"Silicon Valley Security & Patrol, Inc.","San Jose, CA",Security and patrol services,86,Priority-ranked; timing is not guaranteed,rhigdon@svsp.com,https://www.svsp.com/,408-978-2198,https://www.svcentralchamber.com/expanded-directory/,2026-09-16,Current Chamber directory publishes business email/site/408 phone; current 2026 business data places headquarters in San Jose. No safety-performance claims are made.,security and patrol services,"SVSP serves commercial properties, apartments/HOAs, retail and other local facilities; service-type and onboarding explainers can make security options easier for property managers to compare.","SVSP serves commercial properties, apartments/HOAs, retail and other local facilities; service-type and onboarding explainers can make security options easier for property managers to compare. The $100 package is useful here because it turns those existing services into clear, reusable customer-facing content without requiring the business to write or design the pieces itself.","Private security and patrol services sample for Silicon Valley Security & Patrol, Inc.","Hi Silicon Valley Security & Patrol, Inc. team,

I was looking at your business and noticed sVSP serves commercial properties, apartments/HOAs, retail and other local facilities; service-type and onboarding explainers can make security options easier for property managers to compare. I made the attached private preview around that part of the business so you can judge the direction before spending anything.

For $100 one time, I can turn it into a complete done-for-you content pack. In plain English, you get:

• 10 ready-to-post Google / Facebook / social posts
• custom graphics made for Silicon Valley Security & Patrol, Inc.
• customer follow-up messages you can copy and paste
• review and customer-message reply templates
• stronger calls-to-action
• content built around your actual services
• everything organized and ready to use

No subscription and no contract. I’d build the first set around service highlights, FAQ-style education, and a clear next-step CTA.

Why it may be worth considering: you already have services worth explaining and showing; this package turns those existing strengths into content customers can actually see and understand.

If you like the sample, reply YES and I’ll finish the complete set.

If you already know you want it, the $100 PayPal invoice is here:
https://www.paypal.com/invoice/p/#7T6DC9A6WFH3XXCT

If you’d rather ask something first, just reply. If it isn’t useful, reply “no thanks” and I won’t keep following up.

Thanks,
Anastaysia",028-v5-silicon-valley-security-patrol-inc.jpg,028-v5-silicon-valley-security-patrol-inc.eml,"Absolutely — I can finish the full security and patrol services content package for Silicon Valley Security & Patrol, Inc.. It’s $100 one time, with no subscription or contract. PayPal invoice: https://www.paypal.com/invoice/p/#7T6DC9A6WFH3XXCT

Once payment is confirmed, I’ll build the complete set around service highlights, FAQ-style education, and a clear next-step CTA unless you want me to prioritize something else.

– Anastaysia","It’s $100 total, one time — not per post and not monthly. You keep the 10 posts, custom graphics, customer follow-up messages, review/message replies and CTA copy.","The attached sample was made specifically for Silicon Valley Security & Patrol, Inc. around security and patrol services. That is the direction I’d use for the finished set, and I’ll keep every piece tied to the actual services rather than generic filler.","I’d make the finished set around service highlights, FAQ-style education, and a clear next-step CTA. You receive the words + graphics ready to copy, post or reuse, so you do not have to design or write them yourself.","No problem. I’ll leave the sample with you. If timing changes, reply here and I can pick it back up. I won’t keep chasing you.","Hi Silicon Valley Security & Patrol, Inc. team — one quick follow-up on the private security and patrol services sample I attached. If you want me to finish the full $100 set, reply YES. If not, no worries and I won’t follow up again.

– Anastaysia","Hi — I made a private security and patrol services sample for Silicon Valley Security & Patrol, Inc., but the public email I tried bounced. What business email should I send the preview to?

– Anastaysia","Thanks — payment is confirmed. I’m building the Silicon Valley Security & Patrol, Inc. package around service highlights, FAQ-style education, and a clear next-step CTA. I’ll send the finished files in this email thread when they’re ready.

– Anastaysia","Hi Silicon Valley Security & Patrol, Inc. team — your finished $100 content package is ready. I’ve organized the posts, graphics, follow-up copy, review/message replies and CTAs so they’re easy to reuse. If you want a different service emphasized in a future set, reply here.

– Anastaysia",New,,,
V5,29,57,Ag-Con Construction Inc.,"San Jose, CA",General Building,83,Priority-ranked; timing is not guaranteed,lisa@ag-con.com,,,https://www.cusdk8.org/fs/resource-manager/view/ce90e6dd-ad5b-4546-8e73-3f3e726a2b0a,2026-09-13,Accepted in the canonical seed gate from the current 2026 contractor source; public business email retained exactly as published.,general building,"The current contractor source lists Ag-Con Construction Inc. in San Jose, CA for General Building; a concise capability and project-readiness content set can help prospective buyers understand what the business handles before an inquiry.","The current contractor source lists Ag-Con Construction Inc. in San Jose, CA for General Building; a concise capability and project-readiness content set can help prospective buyers understand what the business handles before an inquiry. The $100 package is useful here because it turns those existing services into clear, reusable customer-facing content without requiring the business to write or design the pieces itself.",Private general building sample for Ag-Con Construction Inc.,"Hi Ag-Con Construction Inc. team,

I was looking at your business and noticed the current contractor source lists Ag-Con Construction Inc. in San Jose, CA for General Building; a concise capability and project-readiness content set can help prospective buyers understand what the business handles before an inquiry. I made the attached private preview around that part of the business so you can judge the direction before spending anything.

For $100 one time, I can turn it into a complete done-for-you content pack. In plain English, you get:

• 10 ready-to-post Google / Facebook / social posts
• custom graphics made for Ag-Con Construction Inc.
• customer follow-up messages you can copy and paste
• review and customer-message reply templates
• stronger calls-to-action
• content built around your actual services
• everything organized and ready to use

No subscription and no contract. I’d build the first set around service highlights, FAQ-style education, and a clear next-step CTA.

Why it may be worth considering: you already have services worth explaining and showing; this package turns those existing strengths into content customers can actually see and understand.

If you like the sample, reply YES and I’ll finish the complete set.

If you already know you want it, the $100 PayPal invoice is here:
https://www.paypal.com/invoice/p/#7T6DC9A6WFH3XXCT

If you’d rather ask something first, just reply. If it isn’t useful, reply “no thanks” and I won’t keep following up.

Thanks,
Anastaysia",029-v5-ag-con-construction-inc.jpg,029-v5-ag-con-construction-inc.eml,"Absolutely — I can finish the full general building content package for Ag-Con Construction Inc.. It’s $100 one time, with no subscription or contract. PayPal invoice: https://www.paypal.com/invoice/p/#7T6DC9A6WFH3XXCT

Once payment is confirmed, I’ll build the complete set around service highlights, FAQ-style education, and a clear next-step CTA unless you want me to prioritize something else.

– Anastaysia","It’s $100 total, one time — not per post and not monthly. You keep the 10 posts, custom graphics, customer follow-up messages, review/message replies and CTA copy.","The attached sample was made specifically for Ag-Con Construction Inc. around general building. That is the direction I’d use for the finished set, and I’ll keep every piece tied to the actual services rather than generic filler.","I’d make the finished set around service highlights, FAQ-style education, and a clear next-step CTA. You receive the words + graphics ready to copy, post or reuse, so you do not have to design or write them yourself.","No problem. I’ll leave the sample with you. If timing changes, reply here and I can pick it back up. I won’t keep chasing you.","Hi Ag-Con Construction Inc. team — one quick follow-up on the private general building sample I attached. If you want me to finish the full $100 set, reply YES. If not, no worries and I won’t follow up again.

– Anastaysia","Hi — I made a private general building sample for Ag-Con Construction Inc., but the public email I tried bounced. What business email should I send the preview to?

– Anastaysia","Thanks — payment is confirmed. I’m building the Ag-Con Construction Inc. package around service highlights, FAQ-style education, and a clear next-step CTA. I’ll send the finished files in this email thread when they’re ready.

– Anastaysia","Hi Ag-Con Construction Inc. team — your finished $100 content package is ready. I’ve organized the posts, graphics, follow-up copy, review/message replies and CTAs so they’re easy to reuse. If you want a different service emphasized in a future set, reply here.

– Anastaysia",New,,,
V5,30,59,aL chocoLat Boutique,Campbell CA,"Artisan chocolate, gifts and custom events",83,Priority-ranked; timing is not guaranteed,lena@alchocolat.com,https://alchocolatboutique.com/,408-482-2736,https://alchocolatboutique.com/pages/contact,2026-09-13,"Current official store lists Campbell pickup, lena@alchocolat.com, corporate gifts, weddings and custom event orders; site copyright is 2026.","artisan chocolate, gifts and custom events","The boutique explicitly offers custom corporate gifts, weddings and event orders, creating clear material for seasonal gift, event and corporate-order content.","The boutique explicitly offers custom corporate gifts, weddings and event orders, creating clear material for seasonal gift, event and corporate-order content. The $100 package is useful here because it turns those existing services into clear, reusable customer-facing content without requiring the business to write or design the pieces itself.","Private artisan chocolate, gifts and custom events sample for aL chocoLat Boutique","Hi aL chocoLat Boutique team,

I was looking at your business and noticed the boutique explicitly offers custom corporate gifts, weddings and event orders, creating clear material for seasonal gift, event and corporate-order content. I made the attached private preview around that part of the business so you can judge the direction before spending anything.

For $100 one time, I can turn it into a complete done-for-you content pack. In plain English, you get:

• 10 ready-to-post Google / Facebook / social posts
• custom graphics made for aL chocoLat Boutique
• customer follow-up messages you can copy and paste
• review and customer-message reply templates
• stronger calls-to-action
• content built around your actual services
• everything organized and ready to use

No subscription and no contract. I’d build the first set around service highlights, FAQ-style education, and a clear next-step CTA.

Why it may be worth considering: you already have services worth explaining and showing; this package turns those existing strengths into content customers can actually see and understand.

If you like the sample, reply YES and I’ll finish the complete set.

If you already know you want it, the $100 PayPal invoice is here:
https://www.paypal.com/invoice/p/#7T6DC9A6WFH3XXCT

If you’d rather ask something first, just reply. If it isn’t useful, reply “no thanks” and I won’t keep following up.

Thanks,
Anastaysia",030-v5-al-chocolat-boutique.jpg,030-v5-al-chocolat-boutique.eml,"Absolutely — I can finish the full artisan chocolate, gifts and custom events content package for aL chocoLat Boutique. It’s $100 one time, with no subscription or contract. PayPal invoice: https://www.paypal.com/invoice/p/#7T6DC9A6WFH3XXCT

Once payment is confirmed, I’ll build the complete set around service highlights, FAQ-style education, and a clear next-step CTA unless you want me to prioritize something else.

– Anastaysia","It’s $100 total, one time — not per post and not monthly. You keep the 10 posts, custom graphics, customer follow-up messages, review/message replies and CTA copy.","The attached sample was made specifically for aL chocoLat Boutique around artisan chocolate, gifts and custom events. That is the direction I’d use for the finished set, and I’ll keep every piece tied to the actual services rather than generic filler.","I’d make the finished set around service highlights, FAQ-style education, and a clear next-step CTA. You receive the words + graphics ready to copy, post or reuse, so you do not have to design or write them yourself.","No problem. I’ll leave the sample with you. If timing changes, reply here and I can pick it back up. I won’t keep chasing you.","Hi aL chocoLat Boutique team — one quick follow-up on the private artisan chocolate, gifts and custom events sample I attached. If you want me to finish the full $100 set, reply YES. If not, no worries and I won’t follow up again.

– Anastaysia","Hi — I made a private artisan chocolate, gifts and custom events sample for aL chocoLat Boutique, but the public email I tried bounced. What business email should I send the preview to?

– Anastaysia","Thanks — payment is confirmed. I’m building the aL chocoLat Boutique package around service highlights, FAQ-style education, and a clear next-step CTA. I’ll send the finished files in this email thread when they’re ready.

– Anastaysia","Hi aL chocoLat Boutique team — your finished $100 content package is ready. I’ve organized the posts, graphics, follow-up copy, review/message replies and CTAs so they’re easy to reuse. If you want a different service emphasized in a future set, reply here.

– Anastaysia",New,,,
V5,31,61,Alpha-Lit Silicon Valley,"Santa Clara County service area, CA",Marquee letter and number event rentals,83,Priority-ranked; timing is not guaranteed,sv@alphalitletters.com,https://www.alphalitsv.com/,408-630-9131,https://www.alphalitsv.com/,2026-09-16,Current owned site publishes sv@alphalitletters.com and Silicon Valley phone; current Visit Morgan Hill venue directory lists the business as an event service.,marquee letter and number event rentals,"Alpha-Lit Silicon Valley rents illuminated letters/numbers for celebrations and events; size, occasion and booking content can turn a visual product into a clearer rental decision.","Alpha-Lit Silicon Valley rents illuminated letters/numbers for celebrations and events; size, occasion and booking content can turn a visual product into a clearer rental decision. The $100 package is useful here because it turns those existing services into clear, reusable customer-facing content without requiring the business to write or design the pieces itself.",Private marquee letter and number event rentals sample for Alpha-Lit Silicon Valley,"Hi Alpha-Lit Silicon Valley team,

I was looking at your business and noticed alpha-Lit Silicon Valley rents illuminated letters/numbers for celebrations and events; size, occasion and booking content can turn a visual product into a clearer rental decision. I made the attached private preview around that part of the business so you can judge the direction before spending anything.

For $100 one time, I can turn it into a complete done-for-you content pack. In plain English, you get:

• 10 ready-to-post Google / Facebook / social posts
• custom graphics made for Alpha-Lit Silicon Valley
• customer follow-up messages you can copy and paste
• review and customer-message reply templates
• stronger calls-to-action
• content built around your actual services
• everything organized and ready to use

No subscription and no contract. I’d build the first set around service highlights, FAQ-style education, and a clear next-step CTA.

Why it may be worth considering: you already have services worth explaining and showing; this package turns those existing strengths into content customers can actually see and understand.

If you like the sample, reply YES and I’ll finish the complete set.

If you already know you want it, the $100 PayPal invoice is here:
https://www.paypal.com/invoice/p/#7T6DC9A6WFH3XXCT

If you’d rather ask something first, just reply. If it isn’t useful, reply “no thanks” and I won’t keep following up.

Thanks,
Anastaysia",031-v5-alpha-lit-silicon-valley.jpg,031-v5-alpha-lit-silicon-valley.eml,"Absolutely — I can finish the full marquee letter and number event rentals content package for Alpha-Lit Silicon Valley. It’s $100 one time, with no subscription or contract. PayPal invoice: https://www.paypal.com/invoice/p/#7T6DC9A6WFH3XXCT

Once payment is confirmed, I’ll build the complete set around service highlights, FAQ-style education, and a clear next-step CTA unless you want me to prioritize something else.

– Anastaysia","It’s $100 total, one time — not per post and not monthly. You keep the 10 posts, custom graphics, customer follow-up messages, review/message replies and CTA copy.","The attached sample was made specifically for Alpha-Lit Silicon Valley around marquee letter and number event rentals. That is the direction I’d use for the finished set, and I’ll keep every piece tied to the actual services rather than generic filler.","I’d make the finished set around service highlights, FAQ-style education, and a clear next-step CTA. You receive the words + graphics ready to copy, post or reuse, so you do not have to design or write them yourself.","No problem. I’ll leave the sample with you. If timing changes, reply here and I can pick it back up. I won’t keep chasing you.","Hi Alpha-Lit Silicon Valley team — one quick follow-up on the private marquee letter and number event rentals sample I attached. If you want me to finish the full $100 set, reply YES. If not, no worries and I won’t follow up again.

– Anastaysia","Hi — I made a private marquee letter and number event rentals sample for Alpha-Lit Silicon Valley, but the public email I tried bounced. What business email should I send the preview to?

– Anastaysia","Thanks — payment is confirmed. I’m building the Alpha-Lit Silicon Valley package around service highlights, FAQ-style education, and a clear next-step CTA. I’ll send the finished files in this email thread when they’re ready.

– Anastaysia","Hi Alpha-Lit Silicon Valley team — your finished $100 content package is ready. I’ve organized the posts, graphics, follow-up copy, review/message replies and CTAs so they’re easy to reuse. If you want a different service emphasized in a future set, reply here.

– Anastaysia",New,,,
V5,32,63,Blaettler Accountancy,"Gilroy, CA",Accounting and business consulting,83,Priority-ranked; timing is not guaranteed,john@blaettlercorp.com,https://blaettleraccountancy.com/,408-848-2730,https://blaettleraccountancy.com/,2026-09-16,"Current accessible owned site lists Gilroy office, public email and accounting/business consulting services; outreach must avoid tax-result claims.",accounting and business consulting,"Blaettler offers bookkeeping, payroll, cash-flow support, QuickBooks assistance and business consulting; non-promissory service-selection content can help businesses understand which support fits.","Blaettler offers bookkeeping, payroll, cash-flow support, QuickBooks assistance and business consulting; non-promissory service-selection content can help businesses understand which support fits. The $100 package is useful here because it turns those existing services into clear, reusable customer-facing content without requiring the business to write or design the pieces itself.",Private accounting and business consulting sample for Blaettler Accountancy,"Hi Blaettler Accountancy team,

I was looking at your business and noticed blaettler offers bookkeeping, payroll, cash-flow support, QuickBooks assistance and business consulting; non-promissory service-selection content can help businesses understand which support fits. I made the attached private preview around that part of the business so you can judge the direction before spending anything.

For $100 one time, I can turn it into a complete done-for-you content pack. In plain English, you get:

• 10 ready-to-post Google / Facebook / social posts
• custom graphics made for Blaettler Accountancy
• customer follow-up messages you can copy and paste
• review and customer-message reply templates
• stronger calls-to-action
• content built around your actual services
• everything organized and ready to use

No subscription and no contract. I’d build the first set around service highlights, FAQ-style education, and a clear next-step CTA.

Why it may be worth considering: you already have services worth explaining and showing; this package turns those existing strengths into content customers can actually see and understand.

If you like the sample, reply YES and I’ll finish the complete set.

If you already know you want it, the $100 PayPal invoice is here:
https://www.paypal.com/invoice/p/#7T6DC9A6WFH3XXCT

If you’d rather ask something first, just reply. If it isn’t useful, reply “no thanks” and I won’t keep following up.

Thanks,
Anastaysia",032-v5-blaettler-accountancy.jpg,032-v5-blaettler-accountancy.eml,"Absolutely — I can finish the full accounting and business consulting content package for Blaettler Accountancy. It’s $100 one time, with no subscription or contract. PayPal invoice: https://www.paypal.com/invoice/p/#7T6DC9A6WFH3XXCT

Once payment is confirmed, I’ll build the complete set around service highlights, FAQ-style education, and a clear next-step CTA unless you want me to prioritize something else.

– Anastaysia","It’s $100 total, one time — not per post and not monthly. You keep the 10 posts, custom graphics, customer follow-up messages, review/message replies and CTA copy.","The attached sample was made specifically for Blaettler Accountancy around accounting and business consulting. That is the direction I’d use for the finished set, and I’ll keep every piece tied to the actual services rather than generic filler.","I’d make the finished set around service highlights, FAQ-style education, and a clear next-step CTA. You receive the words + graphics ready to copy, post or reuse, so you do not have to design or write them yourself.","No problem. I’ll leave the sample with you. If timing changes, reply here and I can pick it back up. I won’t keep chasing you.","Hi Blaettler Accountancy team — one quick follow-up on the private accounting and business consulting sample I attached. If you want me to finish the full $100 set, reply YES. If not, no worries and I won’t follow up again.

– Anastaysia","Hi — I made a private accounting and business consulting sample for Blaettler Accountancy, but the public email I tried bounced. What business email should I send the preview to?

– Anastaysia","Thanks — payment is confirmed. I’m building the Blaettler Accountancy package around service highlights, FAQ-style education, and a clear next-step CTA. I’ll send the finished files in this email thread when they’re ready.

– Anastaysia","Hi Blaettler Accountancy team — your finished $100 content package is ready. I’ve organized the posts, graphics, follow-up copy, review/message replies and CTAs so they’re easy to reuse. If you want a different service emphasized in a future set, reply here.

– Anastaysia",New,,,
V5,33,65,Breit Ideas,"Campbell, CA",Event and documentary photography,83,Priority-ranked; timing is not guaranteed,abreit@comcast.net,,408-220-4687,https://www.losgatoschamber.com/members/member/breit-ideas-6346,2026-09-13,"Current Los Gatos Chamber listing identifies Arnold Breit as an independent photographer, publishes abreit@comcast.net and 408-220-4687, and places the business at 155 E Campbell Ave #214, Campbell. The ISP email is not treated as a business-domain fingerprint.",event and documentary photography,"Breit Ideas specializes in special-event photography across concerts, fairs, business conferences, sports, social and civic events; a project-type and event-prep content pack could make that range easier to scan for organizers.","Breit Ideas specializes in special-event photography across concerts, fairs, business conferences, sports, social and civic events; a project-type and event-prep content pack could make that range easier to scan for organizers. The $100 package is useful here because it turns those existing services into clear, reusable customer-facing content without requiring the business to write or design the pieces itself.",Private event and documentary photography sample for Breit Ideas,"Hi Breit Ideas team,

I was looking at your business and noticed breit Ideas specializes in special-event photography across concerts, fairs, business conferences, sports, social and civic events; a project-type and event-prep content pack could make that range easier to scan for organizers. I made the attached private preview around that part of the business so you can judge the direction before spending anything.

For $100 one time, I can turn it into a complete done-for-you content pack. In plain English, you get:

• 10 ready-to-post Google / Facebook / social posts
• custom graphics made for Breit Ideas
• customer follow-up messages you can copy and paste
• review and customer-message reply templates
• stronger calls-to-action
• content built around your actual services
• everything organized and ready to use

No subscription and no contract. I’d build the first set around service highlights, FAQ-style education, and a clear next-step CTA.

Why it may be worth considering: you already have services worth explaining and showing; this package turns those existing strengths into content customers can actually see and understand.

If you like the sample, reply YES and I’ll finish the complete set.

If you already know you want it, the $100 PayPal invoice is here:
https://www.paypal.com/invoice/p/#7T6DC9A6WFH3XXCT

If you’d rather ask something first, just reply. If it isn’t useful, reply “no thanks” and I won’t keep following up.

Thanks,
Anastaysia",033-v5-breit-ideas.jpg,033-v5-breit-ideas.eml,"Absolutely — I can finish the full event and documentary photography content package for Breit Ideas. It’s $100 one time, with no subscription or contract. PayPal invoice: https://www.paypal.com/invoice/p/#7T6DC9A6WFH3XXCT

Once payment is confirmed, I’ll build the complete set around service highlights, FAQ-style education, and a clear next-step CTA unless you want me to prioritize something else.

– Anastaysia","It’s $100 total, one time — not per post and not monthly. You keep the 10 posts, custom graphics, customer follow-up messages, review/message replies and CTA copy.","The attached sample was made specifically for Breit Ideas around event and documentary photography. That is the direction I’d use for the finished set, and I’ll keep every piece tied to the actual services rather than generic filler.","I’d make the finished set around service highlights, FAQ-style education, and a clear next-step CTA. You receive the words + graphics ready to copy, post or reuse, so you do not have to design or write them yourself.","No problem. I’ll leave the sample with you. If timing changes, reply here and I can pick it back up. I won’t keep chasing you.","Hi Breit Ideas team — one quick follow-up on the private event and documentary photography sample I attached. If you want me to finish the full $100 set, reply YES. If not, no worries and I won’t follow up again.

– Anastaysia","Hi — I made a private event and documentary photography sample for Breit Ideas, but the public email I tried bounced. What business email should I send the preview to?

– Anastaysia","Thanks — payment is confirmed. I’m building the Breit Ideas package around service highlights, FAQ-style education, and a clear next-step CTA. I’ll send the finished files in this email thread when they’re ready.

– Anastaysia","Hi Breit Ideas team — your finished $100 content package is ready. I’ve organized the posts, graphics, follow-up copy, review/message replies and CTAs so they’re easy to reuse. If you want a different service emphasized in a future set, reply here.

– Anastaysia",New,,,
V5,34,67,Castillo Cleaning Services,"Sunnyvale / Silicon Valley, CA",Residential and commercial cleaning,83,Priority-ranked; timing is not guaranteed,marta@castillocleaners.com,https://castillocleaners.com/,(408) 597-5220,https://castillocleaners.com/services/residential-cleaning-services,2026-09-16,Current owned service page publishes marta@castillocleaners.com and phone.,residential and commercial cleaning,"Current owned site serves Sunnyvale and surrounding Santa Clara County cities with residential, commercial, deep and move-related cleaning plus free estimates; service-choice and recurring-care content fit well.","Current owned site serves Sunnyvale and surrounding Santa Clara County cities with residential, commercial, deep and move-related cleaning plus free estimates; service-choice and recurring-care content fit well. The $100 package is useful here because it turns those existing services into clear, reusable customer-facing content without requiring the business to write or design the pieces itself.",Private residential and commercial cleaning sample for Castillo Cleaning Services,"Hi Castillo Cleaning Services team,

I was looking at your business and noticed current owned site serves Sunnyvale and surrounding Santa Clara County cities with residential, commercial, deep and move-related cleaning plus free estimates; service-choice and recurring-care content fit well. I made the attached private preview around that part of the business so you can judge the direction before spending anything.

For $100 one time, I can turn it into a complete done-for-you content pack. In plain English, you get:

• 10 ready-to-post Google / Facebook / social posts
• custom graphics made for Castillo Cleaning Services
• customer follow-up messages you can copy and paste
• review and customer-message reply templates
• stronger calls-to-action
• content built around your actual services
• everything organized and ready to use

No subscription and no contract. I’d build the first set around before/after process content, service-selection guidance, and quote CTAs.

Why it may be worth considering: you already have services worth explaining and showing; this package turns those existing strengths into content customers can actually see and understand.

If you like the sample, reply YES and I’ll finish the complete set.

If you already know you want it, the $100 PayPal invoice is here:
https://www.paypal.com/invoice/p/#7T6DC9A6WFH3XXCT

If you’d rather ask something first, just reply. If it isn’t useful, reply “no thanks” and I won’t keep following up.

Thanks,
Anastaysia",034-v5-castillo-cleaning-services.jpg,034-v5-castillo-cleaning-services.eml,"Absolutely — I can finish the full residential and commercial cleaning content package for Castillo Cleaning Services. It’s $100 one time, with no subscription or contract. PayPal invoice: https://www.paypal.com/invoice/p/#7T6DC9A6WFH3XXCT

Once payment is confirmed, I’ll build the complete set around before/after process content, service-selection guidance, and quote CTAs unless you want me to prioritize something else.

– Anastaysia","It’s $100 total, one time — not per post and not monthly. You keep the 10 posts, custom graphics, customer follow-up messages, review/message replies and CTA copy.","The attached sample was made specifically for Castillo Cleaning Services around residential and commercial cleaning. That is the direction I’d use for the finished set, and I’ll keep every piece tied to the actual services rather than generic filler.","I’d make the finished set around before/after process content, service-selection guidance, and quote CTAs. You receive the words + graphics ready to copy, post or reuse, so you do not have to design or write them yourself.","No problem. I’ll leave the sample with you. If timing changes, reply here and I can pick it back up. I won’t keep chasing you.","Hi Castillo Cleaning Services team — one quick follow-up on the private residential and commercial cleaning sample I attached. If you want me to finish the full $100 set, reply YES. If not, no worries and I won’t follow up again.

– Anastaysia","Hi — I made a private residential and commercial cleaning sample for Castillo Cleaning Services, but the public email I tried bounced. What business email should I send the preview to?

– Anastaysia","Thanks — payment is confirmed. I’m building the Castillo Cleaning Services package around before/after process content, service-selection guidance, and quote CTAs. I’ll send the finished files in this email thread when they’re ready.

– Anastaysia","Hi Castillo Cleaning Services team — your finished $100 content package is ready. I’ve organized the posts, graphics, follow-up copy, review/message replies and CTAs so they’re easy to reuse. If you want a different service emphasized in a future set, reply here.

– Anastaysia",New,,,
V5,35,69,Christy Wright Photography,"Silicon Valley / Santa Clara County service area, CA","Portrait, senior and family photography",83,Priority-ranked; timing is not guaranteed,christy@cwrightphotos.com,https://www.cwrightphotos.com/,408-802-9289,https://www.cwrightphotos.com/,2026-09-13,"Current owned site lists christy@cwrightphotos.com, 408-802-9289 and a Silicon Valley service area including San Jose, Los Gatos, Saratoga and Campbell; site cites 2026 awards and a 2026 Senior VIP offering.","portrait, senior and family photography","Christy publishes senior, family and portrait experiences plus current 2026 recognitions; session-type, preparation and booking-path content could make the photography experience easier to compare without promising social or personal outcomes.","Christy publishes senior, family and portrait experiences plus current 2026 recognitions; session-type, preparation and booking-path content could make the photography experience easier to compare without promising social or personal outcomes. The $100 package is useful here because it turns those existing services into clear, reusable customer-facing content without requiring the business to write or design the pieces itself.","Private portrait, senior and family photography sample for Christy Wright Photography","Hi Christy Wright Photography team,

I was looking at your business and noticed christy publishes senior, family and portrait experiences plus current 2026 recognitions; session-type, preparation and booking-path content could make the photography experience easier to compare without promising social or personal outcomes. I made the attached private preview around that part of the business so you can judge the direction before spending anything.

For $100 one time, I can turn it into a complete done-for-you content pack. In plain English, you get:

• 10 ready-to-post Google / Facebook / social posts
• custom graphics made for Christy Wright Photography
• customer follow-up messages you can copy and paste
• review and customer-message reply templates
• stronger calls-to-action
• content built around your actual services
• everything organized and ready to use

No subscription and no contract. I’d build the first set around service highlights, FAQ-style education, and a clear next-step CTA.

Why it may be worth considering: you already have services worth explaining and showing; this package turns those existing strengths into content customers can actually see and understand.

If you like the sample, reply YES and I’ll finish the complete set.

If you already know you want it, the $100 PayPal invoice is here:
https://www.paypal.com/invoice/p/#7T6DC9A6WFH3XXCT

If you’d rather ask something first, just reply. If it isn’t useful, reply “no thanks” and I won’t keep following up.

Thanks,
Anastaysia",035-v5-christy-wright-photography.jpg,035-v5-christy-wright-photography.eml,"Absolutely — I can finish the full portrait, senior and family photography content package for Christy Wright Photography. It’s $100 one time, with no subscription or contract. PayPal invoice: https://www.paypal.com/invoice/p/#7T6DC9A6WFH3XXCT

Once payment is confirmed, I’ll build the complete set around service highlights, FAQ-style education, and a clear next-step CTA unless you want me to prioritize something else.

– Anastaysia","It’s $100 total, one time — not per post and not monthly. You keep the 10 posts, custom graphics, customer follow-up messages, review/message replies and CTA copy.","The attached sample was made specifically for Christy Wright Photography around portrait, senior and family photography. That is the direction I’d use for the finished set, and I’ll keep every piece tied to the actual services rather than generic filler.","I’d make the finished set around service highlights, FAQ-style education, and a clear next-step CTA. You receive the words + graphics ready to copy, post or reuse, so you do not have to design or write them yourself.","No problem. I’ll leave the sample with you. If timing changes, reply here and I can pick it back up. I won’t keep chasing you.","Hi Christy Wright Photography team — one quick follow-up on the private portrait, senior and family photography sample I attached. If you want me to finish the full $100 set, reply YES. If not, no worries and I won’t follow up again.

– Anastaysia","Hi — I made a private portrait, senior and family photography sample for Christy Wright Photography, but the public email I tried bounced. What business email should I send the preview to?

– Anastaysia","Thanks — payment is confirmed. I’m building the Christy Wright Photography package around service highlights, FAQ-style education, and a clear next-step CTA. I’ll send the finished files in this email thread when they’re ready.

– Anastaysia","Hi Christy Wright Photography team — your finished $100 content package is ready. I’ve organized the posts, graphics, follow-up copy, review/message replies and CTAs so they’re easy to reuse. If you want a different service emphasized in a future set, reply here.

– Anastaysia",New,,,
V5,36,71,Commercial Painting Inc,"San Jose, CA",Painting,83,Priority-ranked; timing is not guaranteed,ayesha@commercialpainting-inc.com,,,https://www.cusdk8.org/fs/resource-manager/view/ce90e6dd-ad5b-4546-8e73-3f3e726a2b0a,2026-09-13,Accepted in the canonical seed gate from the current 2026 contractor source; public business email retained exactly as published.,painting,"The current contractor source lists Commercial Painting Inc in San Jose, CA for Painting; a concise capability and project-readiness content set can help prospective buyers understand what the business handles before an inquiry.","The current contractor source lists Commercial Painting Inc in San Jose, CA for Painting; a concise capability and project-readiness content set can help prospective buyers understand what the business handles before an inquiry. The $100 package is useful here because it turns those existing services into clear, reusable customer-facing content without requiring the business to write or design the pieces itself.",Private painting sample for Commercial Painting Inc,"Hi Commercial Painting Inc team,

I was looking at your business and noticed the current contractor source lists Commercial Painting Inc in San Jose, CA for Painting; a concise capability and project-readiness content set can help prospective buyers understand what the business handles before an inquiry. I made the attached private preview around that part of the business so you can judge the direction before spending anything.

For $100 one time, I can turn it into a complete done-for-you content pack. In plain English, you get:

• 10 ready-to-post Google / Facebook / social posts
• custom graphics made for Commercial Painting Inc
• customer follow-up messages you can copy and paste
• review and customer-message reply templates
• stronger calls-to-action
• content built around your actual services
• everything organized and ready to use

No subscription and no contract. I’d build the first set around service highlights, FAQ-style education, and a clear next-step CTA.

Why it may be worth considering: you already have services worth explaining and showing; this package turns those existing strengths into content customers can actually see and understand.

If you like the sample, reply YES and I’ll finish the complete set.

If you already know you want it, the $100 PayPal invoice is here:
https://www.paypal.com/invoice/p/#7T6DC9A6WFH3XXCT

If you’d rather ask something first, just reply. If it isn’t useful, reply “no thanks” and I won’t keep following up.

Thanks,
Anastaysia",036-v5-commercial-painting-inc.jpg,036-v5-commercial-painting-inc.eml,"Absolutely — I can finish the full painting content package for Commercial Painting Inc. It’s $100 one time, with no subscription or contract. PayPal invoice: https://www.paypal.com/invoice/p/#7T6DC9A6WFH3XXCT

Once payment is confirmed, I’ll build the complete set around service highlights, FAQ-style education, and a clear next-step CTA unless you want me to prioritize something else.

– Anastaysia","It’s $100 total, one time — not per post and not monthly. You keep the 10 posts, custom graphics, customer follow-up messages, review/message replies and CTA copy.","The attached sample was made specifically for Commercial Painting Inc around painting. That is the direction I’d use for the finished set, and I’ll keep every piece tied to the actual services rather than generic filler.","I’d make the finished set around service highlights, FAQ-style education, and a clear next-step CTA. You receive the words + graphics ready to copy, post or reuse, so you do not have to design or write them yourself.","No problem. I’ll leave the sample with you. If timing changes, reply here and I can pick it back up. I won’t keep chasing you.","Hi Commercial Painting Inc team — one quick follow-up on the private painting sample I attached. If you want me to finish the full $100 set, reply YES. If not, no worries and I won’t follow up again.

– Anastaysia","Hi — I made a private painting sample for Commercial Painting Inc, but the public email I tried bounced. What business email should I send the preview to?

– Anastaysia","Thanks — payment is confirmed. I’m building the Commercial Painting Inc package around service highlights, FAQ-style education, and a clear next-step CTA. I’ll send the finished files in this email thread when they’re ready.

– Anastaysia","Hi Commercial Painting Inc team — your finished $100 content package is ready. I’ve organized the posts, graphics, follow-up copy, review/message replies and CTAs so they’re easy to reuse. If you want a different service emphasized in a future set, reply here.

– Anastaysia",New,,,
V5,37,73,Creative Labels Inc.,"Gilroy, CA",Custom label printing and packaging,83,Priority-ranked; timing is not guaranteed,labels@creativelabels.com,https://www.creativelabels.com/,408-842-0376,https://www.creativelabels.com/,2026-09-16,"Current owned site publishes Gilroy address, labels@creativelabels.com and active label/printing services.",custom label printing and packaging,"Creative Labels serves food, agriculture, retail and industrial customers with custom labels, variable data and specialty printing; a use-case/quote-prep explainer can make a technical purchase easier.","Creative Labels serves food, agriculture, retail and industrial customers with custom labels, variable data and specialty printing; a use-case/quote-prep explainer can make a technical purchase easier. The $100 package is useful here because it turns those existing services into clear, reusable customer-facing content without requiring the business to write or design the pieces itself.",Private custom label printing and packaging sample for Creative Labels Inc.,"Hi Creative Labels Inc. team,

I was looking at your business and noticed creative Labels serves food, agriculture, retail and industrial customers with custom labels, variable data and specialty printing; a use-case/quote-prep explainer can make a technical purchase easier. I made the attached private preview around that part of the business so you can judge the direction before spending anything.

For $100 one time, I can turn it into a complete done-for-you content pack. In plain English, you get:

• 10 ready-to-post Google / Facebook / social posts
• custom graphics made for Creative Labels Inc.
• customer follow-up messages you can copy and paste
• review and customer-message reply templates
• stronger calls-to-action
• content built around your actual services
• everything organized and ready to use

No subscription and no contract. I’d build the first set around service highlights, FAQ-style education, and a clear next-step CTA.

Why it may be worth considering: you already have services worth explaining and showing; this package turns those existing strengths into content customers can actually see and understand.

If you like the sample, reply YES and I’ll finish the complete set.

If you already know you want it, the $100 PayPal invoice is here:
https://www.paypal.com/invoice/p/#7T6DC9A6WFH3XXCT

If you’d rather ask something first, just reply. If it isn’t useful, reply “no thanks” and I won’t keep following up.

Thanks,
Anastaysia",037-v5-creative-labels-inc.jpg,037-v5-creative-labels-inc.eml,"Absolutely — I can finish the full custom label printing and packaging content package for Creative Labels Inc.. It’s $100 one time, with no subscription or contract. PayPal invoice: https://www.paypal.com/invoice/p/#7T6DC9A6WFH3XXCT

Once payment is confirmed, I’ll build the complete set around service highlights, FAQ-style education, and a clear next-step CTA unless you want me to prioritize something else.

– Anastaysia","It’s $100 total, one time — not per post and not monthly. You keep the 10 posts, custom graphics, customer follow-up messages, review/message replies and CTA copy.","The attached sample was made specifically for Creative Labels Inc. around custom label printing and packaging. That is the direction I’d use for the finished set, and I’ll keep every piece tied to the actual services rather than generic filler.","I’d make the finished set around service highlights, FAQ-style education, and a clear next-step CTA. You receive the words + graphics ready to copy, post or reuse, so you do not have to design or write them yourself.","No problem. I’ll leave the sample with you. If timing changes, reply here and I can pick it back up. I won’t keep chasing you.","Hi Creative Labels Inc. team — one quick follow-up on the private custom label printing and packaging sample I attached. If you want me to finish the full $100 set, reply YES. If not, no worries and I won’t follow up again.

– Anastaysia","Hi — I made a private custom label printing and packaging sample for Creative Labels Inc., but the public email I tried bounced. What business email should I send the preview to?

– Anastaysia","Thanks — payment is confirmed. I’m building the Creative Labels Inc. package around service highlights, FAQ-style education, and a clear next-step CTA. I’ll send the finished files in this email thread when they’re ready.

– Anastaysia","Hi Creative Labels Inc. team — your finished $100 content package is ready. I’ve organized the posts, graphics, follow-up copy, review/message replies and CTAs so they’re easy to reuse. If you want a different service emphasized in a future set, reply here.

– Anastaysia",New,,,
V5,38,75,Everlasting Moving,"Sunnyvale, CA",Moving services,83,Priority-ranked; timing is not guaranteed,everlastingmoving@gmail.com,https://www.everlastingmoving.com/,(408) 833-2666,https://www.everlastingmoving.com/contact,2026-09-16,Current owned contact page publishes everlastingmoving@gmail.com and Sunnyvale address.,moving services,"Current owned site offers professional moving, free quotes and 24/7 availability across multiple local cities; move-prep, scheduling and quote content can turn an urgent service into clearer customer steps.","Current owned site offers professional moving, free quotes and 24/7 availability across multiple local cities; move-prep, scheduling and quote content can turn an urgent service into clearer customer steps. The $100 package is useful here because it turns those existing services into clear, reusable customer-facing content without requiring the business to write or design the pieces itself.",Private moving services sample for Everlasting Moving,"Hi Everlasting Moving team,

I was looking at your business and noticed current owned site offers professional moving, free quotes and 24/7 availability across multiple local cities; move-prep, scheduling and quote content can turn an urgent service into clearer customer steps. I made the attached private preview around that part of the business so you can judge the direction before spending anything.

For $100 one time, I can turn it into a complete done-for-you content pack. In plain English, you get:

• 10 ready-to-post Google / Facebook / social posts
• custom graphics made for Everlasting Moving
• customer follow-up messages you can copy and paste
• review and customer-message reply templates
• stronger calls-to-action
• content built around your actual services
• everything organized and ready to use

No subscription and no contract. I’d build the first set around before/after process content, service-selection guidance, and quote CTAs.

Why it may be worth considering: you already have services worth explaining and showing; this package turns those existing strengths into content customers can actually see and understand.

If you like the sample, reply YES and I’ll finish the complete set.

If you already know you want it, the $100 PayPal invoice is here:
https://www.paypal.com/invoice/p/#7T6DC9A6WFH3XXCT

If you’d rather ask something first, just reply. If it isn’t useful, reply “no thanks” and I won’t keep following up.

Thanks,
Anastaysia",038-v5-everlasting-moving.jpg,038-v5-everlasting-moving.eml,"Absolutely — I can finish the full moving services content package for Everlasting Moving. It’s $100 one time, with no subscription or contract. PayPal invoice: https://www.paypal.com/invoice/p/#7T6DC9A6WFH3XXCT

Once payment is confirmed, I’ll build the complete set around before/after process content, service-selection guidance, and quote CTAs unless you want me to prioritize something else.

– Anastaysia","It’s $100 total, one time — not per post and not monthly. You keep the 10 posts, custom graphics, customer follow-up messages, review/message replies and CTA copy.","The attached sample was made specifically for Everlasting Moving around moving services. That is the direction I’d use for the finished set, and I’ll keep every piece tied to the actual services rather than generic filler.","I’d make the finished set around before/after process content, service-selection guidance, and quote CTAs. You receive the words + graphics ready to copy, post or reuse, so you do not have to design or write them yourself.","No problem. I’ll leave the sample with you. If timing changes, reply here and I can pick it back up. I won’t keep chasing you.","Hi Everlasting Moving team — one quick follow-up on the private moving services sample I attached. If you want me to finish the full $100 set, reply YES. If not, no worries and I won’t follow up again.

– Anastaysia","Hi — I made a private moving services sample for Everlasting Moving, but the public email I tried bounced. What business email should I send the preview to?

– Anastaysia","Thanks — payment is confirmed. I’m building the Everlasting Moving package around before/after process content, service-selection guidance, and quote CTAs. I’ll send the finished files in this email thread when they’re ready.

– Anastaysia","Hi Everlasting Moving team — your finished $100 content package is ready. I’ve organized the posts, graphics, follow-up copy, review/message replies and CTAs so they’re easy to reuse. If you want a different service emphasized in a future set, reply here.

– Anastaysia",New,,,
V5,39,77,Fire 4 Hire Catering,"Gilroy, CA",Full-service event catering,83,Priority-ranked; timing is not guaranteed,jeff@fire4hirecatering.com,https://www.fire4hirecatering.com/,408-710-3716,https://www.fire4hirecatering.com/,2026-09-16,"Owned site publishes Gilroy mailing address, exact public email/phone; current local preferred-vendor evidence corroborates ongoing South County event work.",full-service event catering,"Fire 4 Hire caters private parties, corporate events, weddings and fundraisers with an on-site mobile kitchen; event-size and service-style content can clarify planning options.","Fire 4 Hire caters private parties, corporate events, weddings and fundraisers with an on-site mobile kitchen; event-size and service-style content can clarify planning options. The $100 package is useful here because it turns those existing services into clear, reusable customer-facing content without requiring the business to write or design the pieces itself.",Private full-service event catering sample for Fire 4 Hire Catering,"Hi Fire 4 Hire Catering team,

I was looking at your business and noticed fire 4 Hire caters private parties, corporate events, weddings and fundraisers with an on-site mobile kitchen; event-size and service-style content can clarify planning options. I made the attached private preview around that part of the business so you can judge the direction before spending anything.

For $100 one time, I can turn it into a complete done-for-you content pack. In plain English, you get:

• 10 ready-to-post Google / Facebook / social posts
• custom graphics made for Fire 4 Hire Catering
• customer follow-up messages you can copy and paste
• review and customer-message reply templates
• stronger calls-to-action
• content built around your actual services
• everything organized and ready to use

No subscription and no contract. I’d build the first set around menu/service highlights, event or ordering guidance, and local customer CTAs.

Why it may be worth considering: you already have services worth explaining and showing; this package turns those existing strengths into content customers can actually see and understand.

If you like the sample, reply YES and I’ll finish the complete set.

If you already know you want it, the $100 PayPal invoice is here:
https://www.paypal.com/invoice/p/#7T6DC9A6WFH3XXCT

If you’d rather ask something first, just reply. If it isn’t useful, reply “no thanks” and I won’t keep following up.

Thanks,
Anastaysia",039-v5-fire-4-hire-catering.jpg,039-v5-fire-4-hire-catering.eml,"Absolutely — I can finish the full full-service event catering content package for Fire 4 Hire Catering. It’s $100 one time, with no subscription or contract. PayPal invoice: https://www.paypal.com/invoice/p/#7T6DC9A6WFH3XXCT

Once payment is confirmed, I’ll build the complete set around menu/service highlights, event or ordering guidance, and local customer CTAs unless you want me to prioritize something else.

– Anastaysia","It’s $100 total, one time — not per post and not monthly. You keep the 10 posts, custom graphics, customer follow-up messages, review/message replies and CTA copy.","The attached sample was made specifically for Fire 4 Hire Catering around full-service event catering. That is the direction I’d use for the finished set, and I’ll keep every piece tied to the actual services rather than generic filler.","I’d make the finished set around menu/service highlights, event or ordering guidance, and local customer CTAs. You receive the words + graphics ready to copy, post or reuse, so you do not have to design or write them yourself.","No problem. I’ll leave the sample with you. If timing changes, reply here and I can pick it back up. I won’t keep chasing you.","Hi Fire 4 Hire Catering team — one quick follow-up on the private full-service event catering sample I attached. If you want me to finish the full $100 set, reply YES. If not, no worries and I won’t follow up again.

– Anastaysia","Hi — I made a private full-service event catering sample for Fire 4 Hire Catering, but the public email I tried bounced. What business email should I send the preview to?

– Anastaysia","Thanks — payment is confirmed. I’m building the Fire 4 Hire Catering package around menu/service highlights, event or ordering guidance, and local customer CTAs. I’ll send the finished files in this email thread when they’re ready.

– Anastaysia","Hi Fire 4 Hire Catering team — your finished $100 content package is ready. I’ve organized the posts, graphics, follow-up copy, review/message replies and CTAs so they’re easy to reuse. If you want a different service emphasized in a future set, reply here.

– Anastaysia",New,,,
V5,40,79,Gilroy Garlic USA RV Park,"Gilroy, CA",RV park and extended lodging,83,Priority-ranked; timing is not guaranteed,business@gilroy650.com,,408-848-8081,https://visitgilroy.com/listing/gilroy-garlic-usa-rv-park/327/,2026-09-16,"Current Visit Gilroy listing publishes exact business email, phone, address and current facility details.",rv park and extended lodging,"The park supports short- and long-term RV stays with hookups, pool, laundry and Wi-Fi; stay-type and amenity content can simplify booking choices.","The park supports short- and long-term RV stays with hookups, pool, laundry and Wi-Fi; stay-type and amenity content can simplify booking choices. The $100 package is useful here because it turns those existing services into clear, reusable customer-facing content without requiring the business to write or design the pieces itself.",Private rv park and extended lodging sample for Gilroy Garlic USA RV Park,"Hi Gilroy Garlic USA RV Park team,

I was looking at your business and noticed the park supports short- and long-term RV stays with hookups, pool, laundry and Wi-Fi; stay-type and amenity content can simplify booking choices. I made the attached private preview around that part of the business so you can judge the direction before spending anything.

For $100 one time, I can turn it into a complete done-for-you content pack. In plain English, you get:

• 10 ready-to-post Google / Facebook / social posts
• custom graphics made for Gilroy Garlic USA RV Park
• customer follow-up messages you can copy and paste
• review and customer-message reply templates
• stronger calls-to-action
• content built around your actual services
• everything organized and ready to use

No subscription and no contract. I’d build the first set around service highlights, FAQ-style education, and a clear next-step CTA.

Why it may be worth considering: you already have services worth explaining and showing; this package turns those existing strengths into content customers can actually see and understand.

If you like the sample, reply YES and I’ll finish the complete set.

If you already know you want it, the $100 PayPal invoice is here:
https://www.paypal.com/invoice/p/#7T6DC9A6WFH3XXCT

If you’d rather ask something first, just reply. If it isn’t useful, reply “no thanks” and I won’t keep following up.

Thanks,
Anastaysia",040-v5-gilroy-garlic-usa-rv-park.jpg,040-v5-gilroy-garlic-usa-rv-park.eml,"Absolutely — I can finish the full rv park and extended lodging content package for Gilroy Garlic USA RV Park. It’s $100 one time, with no subscription or contract. PayPal invoice: https://www.paypal.com/invoice/p/#7T6DC9A6WFH3XXCT

Once payment is confirmed, I’ll build the complete set around service highlights, FAQ-style education, and a clear next-step CTA unless you want me to prioritize something else.

– Anastaysia","It’s $100 total, one time — not per post and not monthly. You keep the 10 posts, custom graphics, customer follow-up messages, review/message replies and CTA copy.","The attached sample was made specifically for Gilroy Garlic USA RV Park around rv park and extended lodging. That is the direction I’d use for the finished set, and I’ll keep every piece tied to the actual services rather than generic filler.","I’d make the finished set around service highlights, FAQ-style education, and a clear next-step CTA. You receive the words + graphics ready to copy, post or reuse, so you do not have to design or write them yourself.","No problem. I’ll leave the sample with you. If timing changes, reply here and I can pick it back up. I won’t keep chasing you.","Hi Gilroy Garlic USA RV Park team — one quick follow-up on the private rv park and extended lodging sample I attached. If you want me to finish the full $100 set, reply YES. If not, no worries and I won’t follow up again.

– Anastaysia","Hi — I made a private rv park and extended lodging sample for Gilroy Garlic USA RV Park, but the public email I tried bounced. What business email should I send the preview to?

– Anastaysia","Thanks — payment is confirmed. I’m building the Gilroy Garlic USA RV Park package around service highlights, FAQ-style education, and a clear next-step CTA. I’ll send the finished files in this email thread when they’re ready.

– Anastaysia","Hi Gilroy Garlic USA RV Park team — your finished $100 content package is ready. I’ve organized the posts, graphics, follow-up copy, review/message replies and CTAs so they’re easy to reuse. If you want a different service emphasized in a future set, reply here.

– Anastaysia",New,,,
V5,41,81,Graphics Cat,"Santa Clara County service area, CA",Graphic design and promotional products,83,Priority-ranked; timing is not guaranteed,michelle@graphicscat.com,https://www.graphicscat.com/,510-708-6584,https://www.graphicscat.com/,2026-09-15,,graphic design and promotional products,"Graphics Cat combines design with promotional products, creating a useful service-selector and project-brief content angle for local business.","Graphics Cat combines design with promotional products, creating a useful service-selector and project-brief content angle for local business. The $100 package is useful here because it turns those existing services into clear, reusable customer-facing content without requiring the business to write or design the pieces itself.",Private graphic design and promotional products sample for Graphics Cat,"Hi Graphics Cat team,

I was looking at your business and noticed graphics Cat combines design with promotional products, creating a useful service-selector and project-brief content angle for local business. I made the attached private preview around that part of the business so you can judge the direction before spending anything.

For $100 one time, I can turn it into a complete done-for-you content pack. In plain English, you get:

• 10 ready-to-post Google / Facebook / social posts
• custom graphics made for Graphics Cat
• customer follow-up messages you can copy and paste
• review and customer-message reply templates
• stronger calls-to-action
• content built around your actual services
• everything organized and ready to use

No subscription and no contract. I’d build the first set around service highlights, FAQ-style education, and a clear next-step CTA.

Why it may be worth considering: you already have services worth explaining and showing; this package turns those existing strengths into content customers can actually see and understand.

If you like the sample, reply YES and I’ll finish the complete set.

If you already know you want it, the $100 PayPal invoice is here:
https://www.paypal.com/invoice/p/#7T6DC9A6WFH3XXCT

If you’d rather ask something first, just reply. If it isn’t useful, reply “no thanks” and I won’t keep following up.

Thanks,
Anastaysia",041-v5-graphics-cat.jpg,041-v5-graphics-cat.eml,"Absolutely — I can finish the full graphic design and promotional products content package for Graphics Cat. It’s $100 one time, with no subscription or contract. PayPal invoice: https://www.paypal.com/invoice/p/#7T6DC9A6WFH3XXCT

Once payment is confirmed, I’ll build the complete set around service highlights, FAQ-style education, and a clear next-step CTA unless you want me to prioritize something else.

– Anastaysia","It’s $100 total, one time — not per post and not monthly. You keep the 10 posts, custom graphics, customer follow-up messages, review/message replies and CTA copy.","The attached sample was made specifically for Graphics Cat around graphic design and promotional products. That is the direction I’d use for the finished set, and I’ll keep every piece tied to the actual services rather than generic filler.","I’d make the finished set around service highlights, FAQ-style education, and a clear next-step CTA. You receive the words + graphics ready to copy, post or reuse, so you do not have to design or write them yourself.","No problem. I’ll leave the sample with you. If timing changes, reply here and I can pick it back up. I won’t keep chasing you.","Hi Graphics Cat team — one quick follow-up on the private graphic design and promotional products sample I attached. If you want me to finish the full $100 set, reply YES. If not, no worries and I won’t follow up again.

– Anastaysia","Hi — I made a private graphic design and promotional products sample for Graphics Cat, but the public email I tried bounced. What business email should I send the preview to?

– Anastaysia","Thanks — payment is confirmed. I’m building the Graphics Cat package around service highlights, FAQ-style education, and a clear next-step CTA. I’ll send the finished files in this email thread when they’re ready.

– Anastaysia","Hi Graphics Cat team — your finished $100 content package is ready. I’ve organized the posts, graphics, follow-up copy, review/message replies and CTAs so they’re easy to reuse. If you want a different service emphasized in a future set, reply here.

– Anastaysia",New,,,
V5,42,83,Hilton Garden Inn Gilroy,"Gilroy, CA","Hotel, group travel and meetings",83,Priority-ranked; timing is not guaranteed,SJCGH-Salesadm@hilton.com,https://www.hilton.com/en/hotels/sjcghgi-hilton-garden-inn-gilroy/,408-840-7000,https://www.hilton.com/en/hotels/sjcghgi-hilton-garden-inn-gilroy/,2026-09-16,"Current official Hilton page publishes Gilroy address, phone and location-specific sales email.","hotel, group travel and meetings","The Gilroy property supports stays, dining and group travel; location-specific stay and meeting content can clarify booking paths for local visitors and planners.","The Gilroy property supports stays, dining and group travel; location-specific stay and meeting content can clarify booking paths for local visitors and planners. The $100 package is useful here because it turns those existing services into clear, reusable customer-facing content without requiring the business to write or design the pieces itself.","Private hotel, group travel and meetings sample for Hilton Garden Inn Gilroy","Hi Hilton Garden Inn Gilroy team,

I was looking at your business and noticed the Gilroy property supports stays, dining and group travel; location-specific stay and meeting content can clarify booking paths for local visitors and planners. I made the attached private preview around that part of the business so you can judge the direction before spending anything.

For $100 one time, I can turn it into a complete done-for-you content pack. In plain English, you get:

• 10 ready-to-post Google / Facebook / social posts
• custom graphics made for Hilton Garden Inn Gilroy
• customer follow-up messages you can copy and paste
• review and customer-message reply templates
• stronger calls-to-action
• content built around your actual services
• everything organized and ready to use

No subscription and no contract. I’d build the first set around service highlights, FAQ-style education, and a clear next-step CTA.

Why it may be worth considering: you already have services worth explaining and showing; this package turns those existing strengths into content customers can actually see and understand.

If you like the sample, reply YES and I’ll finish the complete set.

If you already know you want it, the $100 PayPal invoice is here:
https://www.paypal.com/invoice/p/#7T6DC9A6WFH3XXCT

If you’d rather ask something first, just reply. If it isn’t useful, reply “no thanks” and I won’t keep following up.

Thanks,
Anastaysia",042-v5-hilton-garden-inn-gilroy.jpg,042-v5-hilton-garden-inn-gilroy.eml,"Absolutely — I can finish the full hotel, group travel and meetings content package for Hilton Garden Inn Gilroy. It’s $100 one time, with no subscription or contract. PayPal invoice: https://www.paypal.com/invoice/p/#7T6DC9A6WFH3XXCT

Once payment is confirmed, I’ll build the complete set around service highlights, FAQ-style education, and a clear next-step CTA unless you want me to prioritize something else.

– Anastaysia","It’s $100 total, one time — not per post and not monthly. You keep the 10 posts, custom graphics, customer follow-up messages, review/message replies and CTA copy.","The attached sample was made specifically for Hilton Garden Inn Gilroy around hotel, group travel and meetings. That is the direction I’d use for the finished set, and I’ll keep every piece tied to the actual services rather than generic filler.","I’d make the finished set around service highlights, FAQ-style education, and a clear next-step CTA. You receive the words + graphics ready to copy, post or reuse, so you do not have to design or write them yourself.","No problem. I’ll leave the sample with you. If timing changes, reply here and I can pick it back up. I won’t keep chasing you.","Hi Hilton Garden Inn Gilroy team — one quick follow-up on the private hotel, group travel and meetings sample I attached. If you want me to finish the full $100 set, reply YES. If not, no worries and I won’t follow up again.

– Anastaysia","Hi — I made a private hotel, group travel and meetings sample for Hilton Garden Inn Gilroy, but the public email I tried bounced. What business email should I send the preview to?

– Anastaysia","Thanks — payment is confirmed. I’m building the Hilton Garden Inn Gilroy package around service highlights, FAQ-style education, and a clear next-step CTA. I’ll send the finished files in this email thread when they’re ready.

– Anastaysia","Hi Hilton Garden Inn Gilroy team — your finished $100 content package is ready. I’ve organized the posts, graphics, follow-up copy, review/message replies and CTAs so they’re easy to reuse. If you want a different service emphasized in a future set, reply here.

– Anastaysia",New,,,
V5,43,85,HL Peninsula Milpitas,"Milpitas, CA","Restaurant, ballroom and private events",83,Priority-ranked; timing is not guaranteed,milpitas@hlpeninsula.com,https://www.hlpeninsula.com/,408-262-3988,https://www.hlpeninsula.com/,2026-09-15,,"restaurant, ballroom and private events","HL Peninsula Milpitas combines restaurant dining with large ballroom/event capacity; dining-vs-event, capacity and planning content can.","HL Peninsula Milpitas combines restaurant dining with large ballroom/event capacity; dining-vs-event, capacity and planning content can. The $100 package is useful here because it turns those existing services into clear, reusable customer-facing content without requiring the business to write or design the pieces itself.","Private restaurant, ballroom and private events sample for HL Peninsula Milpitas","Hi HL Peninsula Milpitas team,

I was looking at your business and noticed hL Peninsula Milpitas combines restaurant dining with large ballroom/event capacity; dining-vs-event, capacity and planning content can. I made the attached private preview around that part of the business so you can judge the direction before spending anything.

For $100 one time, I can turn it into a complete done-for-you content pack. In plain English, you get:

• 10 ready-to-post Google / Facebook / social posts
• custom graphics made for HL Peninsula Milpitas
• customer follow-up messages you can copy and paste
• review and customer-message reply templates
• stronger calls-to-action
• content built around your actual services
• everything organized and ready to use

No subscription and no contract. I’d build the first set around menu/service highlights, event or ordering guidance, and local customer CTAs.

Why it may be worth considering: you already have services worth explaining and showing; this package turns those existing strengths into content customers can actually see and understand.

If you like the sample, reply YES and I’ll finish the complete set.

If you already know you want it, the $100 PayPal invoice is here:
https://www.paypal.com/invoice/p/#7T6DC9A6WFH3XXCT

If you’d rather ask something first, just reply. If it isn’t useful, reply “no thanks” and I won’t keep following up.

Thanks,
Anastaysia",043-v5-hl-peninsula-milpitas.jpg,043-v5-hl-peninsula-milpitas.eml,"Absolutely — I can finish the full restaurant, ballroom and private events content package for HL Peninsula Milpitas. It’s $100 one time, with no subscription or contract. PayPal invoice: https://www.paypal.com/invoice/p/#7T6DC9A6WFH3XXCT

Once payment is confirmed, I’ll build the complete set around menu/service highlights, event or ordering guidance, and local customer CTAs unless you want me to prioritize something else.

– Anastaysia","It’s $100 total, one time — not per post and not monthly. You keep the 10 posts, custom graphics, customer follow-up messages, review/message replies and CTA copy.","The attached sample was made specifically for HL Peninsula Milpitas around restaurant, ballroom and private events. That is the direction I’d use for the finished set, and I’ll keep every piece tied to the actual services rather than generic filler.","I’d make the finished set around menu/service highlights, event or ordering guidance, and local customer CTAs. You receive the words + graphics ready to copy, post or reuse, so you do not have to design or write them yourself.","No problem. I’ll leave the sample with you. If timing changes, reply here and I can pick it back up. I won’t keep chasing you.","Hi HL Peninsula Milpitas team — one quick follow-up on the private restaurant, ballroom and private events sample I attached. If you want me to finish the full $100 set, reply YES. If not, no worries and I won’t follow up again.

– Anastaysia","Hi — I made a private restaurant, ballroom and private events sample for HL Peninsula Milpitas, but the public email I tried bounced. What business email should I send the preview to?

– Anastaysia","Thanks — payment is confirmed. I’m building the HL Peninsula Milpitas package around menu/service highlights, event or ordering guidance, and local customer CTAs. I’ll send the finished files in this email thread when they’re ready.

– Anastaysia","Hi HL Peninsula Milpitas team — your finished $100 content package is ready. I’ve organized the posts, graphics, follow-up copy, review/message replies and CTAs so they’re easy to reuse. If you want a different service emphasized in a future set, reply here.

– Anastaysia",New,,,
V5,44,87,Hyatt Centric Mountain View,"Mountain View, CA","Hotel, meetings and events",83,Priority-ranked; timing is not guaranteed,salesmountainview.centric@hyatt.com,https://www.hyatt.com/,650-948-1234,https://www.hyatt.com/,2026-09-15,"Current official Hyatt property information lists 409 San Antonio Rd, Mountain View and a location-specific sales inbox.","hotel, meetings and events","The Mountain View property supports stays, meetings and events; location-specific meeting and guest-planning content can clarify the booking path.","The Mountain View property supports stays, meetings and events; location-specific meeting and guest-planning content can clarify the booking path. The $100 package is useful here because it turns those existing services into clear, reusable customer-facing content without requiring the business to write or design the pieces itself.","Private hotel, meetings and events sample for Hyatt Centric Mountain View","Hi Hyatt Centric Mountain View team,

I was looking at your business and noticed the Mountain View property supports stays, meetings and events; location-specific meeting and guest-planning content can clarify the booking path. I made the attached private preview around that part of the business so you can judge the direction before spending anything.

For $100 one time, I can turn it into a complete done-for-you content pack. In plain English, you get:

• 10 ready-to-post Google / Facebook / social posts
• custom graphics made for Hyatt Centric Mountain View
• customer follow-up messages you can copy and paste
• review and customer-message reply templates
• stronger calls-to-action
• content built around your actual services
• everything organized and ready to use

No subscription and no contract. I’d build the first set around service highlights, FAQ-style education, and a clear next-step CTA.

Why it may be worth considering: you already have services worth explaining and showing; this package turns those existing strengths into content customers can actually see and understand.

If you like the sample, reply YES and I’ll finish the complete set.

If you already know you want it, the $100 PayPal invoice is here:
https://www.paypal.com/invoice/p/#7T6DC9A6WFH3XXCT

If you’d rather ask something first, just reply. If it isn’t useful, reply “no thanks” and I won’t keep following up.

Thanks,
Anastaysia",044-v5-hyatt-centric-mountain-view.jpg,044-v5-hyatt-centric-mountain-view.eml,"Absolutely — I can finish the full hotel, meetings and events content package for Hyatt Centric Mountain View. It’s $100 one time, with no subscription or contract. PayPal invoice: https://www.paypal.com/invoice/p/#7T6DC9A6WFH3XXCT

Once payment is confirmed, I’ll build the complete set around service highlights, FAQ-style education, and a clear next-step CTA unless you want me to prioritize something else.

– Anastaysia","It’s $100 total, one time — not per post and not monthly. You keep the 10 posts, custom graphics, customer follow-up messages, review/message replies and CTA copy.","The attached sample was made specifically for Hyatt Centric Mountain View around hotel, meetings and events. That is the direction I’d use for the finished set, and I’ll keep every piece tied to the actual services rather than generic filler.","I’d make the finished set around service highlights, FAQ-style education, and a clear next-step CTA. You receive the words + graphics ready to copy, post or reuse, so you do not have to design or write them yourself.","No problem. I’ll leave the sample with you. If timing changes, reply here and I can pick it back up. I won’t keep chasing you.","Hi Hyatt Centric Mountain View team — one quick follow-up on the private hotel, meetings and events sample I attached. If you want me to finish the full $100 set, reply YES. If not, no worries and I won’t follow up again.

– Anastaysia","Hi — I made a private hotel, meetings and events sample for Hyatt Centric Mountain View, but the public email I tried bounced. What business email should I send the preview to?

– Anastaysia","Thanks — payment is confirmed. I’m building the Hyatt Centric Mountain View package around service highlights, FAQ-style education, and a clear next-step CTA. I’ll send the finished files in this email thread when they’re ready.

– Anastaysia","Hi Hyatt Centric Mountain View team — your finished $100 content package is ready. I’ve organized the posts, graphics, follow-up copy, review/message replies and CTAs so they’re easy to reuse. If you want a different service emphasized in a future set, reply here.

– Anastaysia",New,,,
V5,45,89,Justo Blanket Wrap Delivery Service,"Santa Clara, CA",Furniture delivery and logistics,83,Priority-ranked; timing is not guaranteed,estimates@justodelivery.com,https://www.justodelivery.com/,408-496-6109,https://www.justodelivery.com/contact-us/,2026-09-16,Current owned contact page lists Santa Clara Northern California office and estimates@justodelivery.com.,furniture delivery and logistics,"Justo offers Northern California furniture delivery, setup and quote workflows; service-scope and delivery-prep content can help commercial/residential customers know what to expect.","Justo offers Northern California furniture delivery, setup and quote workflows; service-scope and delivery-prep content can help commercial/residential customers know what to expect. The $100 package is useful here because it turns those existing services into clear, reusable customer-facing content without requiring the business to write or design the pieces itself.",Private furniture delivery and logistics sample for Justo Blanket Wrap Delivery Service,"Hi Justo Blanket Wrap Delivery Service team,

I was looking at your business and noticed justo offers Northern California furniture delivery, setup and quote workflows; service-scope and delivery-prep content can help commercial/residential customers know what to expect. I made the attached private preview around that part of the business so you can judge the direction before spending anything.

For $100 one time, I can turn it into a complete done-for-you content pack. In plain English, you get:

• 10 ready-to-post Google / Facebook / social posts
• custom graphics made for Justo Blanket Wrap Delivery Service
• customer follow-up messages you can copy and paste
• review and customer-message reply templates
• stronger calls-to-action
• content built around your actual services
• everything organized and ready to use

No subscription and no contract. I’d build the first set around before/after process content, service-selection guidance, and quote CTAs.

Why it may be worth considering: you already have services worth explaining and showing; this package turns those existing strengths into content customers can actually see and understand.

If you like the sample, reply YES and I’ll finish the complete set.

If you already know you want it, the $100 PayPal invoice is here:
https://www.paypal.com/invoice/p/#7T6DC9A6WFH3XXCT

If you’d rather ask something first, just reply. If it isn’t useful, reply “no thanks” and I won’t keep following up.

Thanks,
Anastaysia",045-v5-justo-blanket-wrap-delivery-service.jpg,045-v5-justo-blanket-wrap-delivery-service.eml,"Absolutely — I can finish the full furniture delivery and logistics content package for Justo Blanket Wrap Delivery Service. It’s $100 one time, with no subscription or contract. PayPal invoice: https://www.paypal.com/invoice/p/#7T6DC9A6WFH3XXCT

Once payment is confirmed, I’ll build the complete set around before/after process content, service-selection guidance, and quote CTAs unless you want me to prioritize something else.

– Anastaysia","It’s $100 total, one time — not per post and not monthly. You keep the 10 posts, custom graphics, customer follow-up messages, review/message replies and CTA copy.","The attached sample was made specifically for Justo Blanket Wrap Delivery Service around furniture delivery and logistics. That is the direction I’d use for the finished set, and I’ll keep every piece tied to the actual services rather than generic filler.","I’d make the finished set around before/after process content, service-selection guidance, and quote CTAs. You receive the words + graphics ready to copy, post or reuse, so you do not have to design or write them yourself.","No problem. I’ll leave the sample with you. If timing changes, reply here and I can pick it back up. I won’t keep chasing you.","Hi Justo Blanket Wrap Delivery Service team — one quick follow-up on the private furniture delivery and logistics sample I attached. If you want me to finish the full $100 set, reply YES. If not, no worries and I won’t follow up again.

– Anastaysia","Hi — I made a private furniture delivery and logistics sample for Justo Blanket Wrap Delivery Service, but the public email I tried bounced. What business email should I send the preview to?

– Anastaysia","Thanks — payment is confirmed. I’m building the Justo Blanket Wrap Delivery Service package around before/after process content, service-selection guidance, and quote CTAs. I’ll send the finished files in this email thread when they’re ready.

– Anastaysia","Hi Justo Blanket Wrap Delivery Service team — your finished $100 content package is ready. I’ve organized the posts, graphics, follow-up copy, review/message replies and CTAs so they’re easy to reuse. If you want a different service emphasized in a future set, reply here.

– Anastaysia",New,,,
V5,46,91,La Bodeguita del Medio Palo Alto,"Palo Alto, CA",Restaurant and private events,83,Priority-ranked; timing is not guaranteed,BOH@LaBodeguita.com,https://www.labodeguita.com/,650-326-7762,https://www.labodeguita.com/,2026-09-15,,restaurant and private events,"La Bodeguita publishes dining and private-event options; event-space, menu and planning content can clarify real customer choices without.","La Bodeguita publishes dining and private-event options; event-space, menu and planning content can clarify real customer choices without. The $100 package is useful here because it turns those existing services into clear, reusable customer-facing content without requiring the business to write or design the pieces itself.",Private restaurant and private events sample for La Bodeguita del Medio Palo Alto,"Hi La Bodeguita del Medio Palo Alto team,

I was looking at your business and noticed la Bodeguita publishes dining and private-event options; event-space, menu and planning content can clarify real customer choices without. I made the attached private preview around that part of the business so you can judge the direction before spending anything.

For $100 one time, I can turn it into a complete done-for-you content pack. In plain English, you get:

• 10 ready-to-post Google / Facebook / social posts
• custom graphics made for La Bodeguita del Medio Palo Alto
• customer follow-up messages you can copy and paste
• review and customer-message reply templates
• stronger calls-to-action
• content built around your actual services
• everything organized and ready to use

No subscription and no contract. I’d build the first set around menu/service highlights, event or ordering guidance, and local customer CTAs.

Why it may be worth considering: you already have services worth explaining and showing; this package turns those existing strengths into content customers can actually see and understand.

If you like the sample, reply YES and I’ll finish the complete set.

If you already know you want it, the $100 PayPal invoice is here:
https://www.paypal.com/invoice/p/#7T6DC9A6WFH3XXCT

If you’d rather ask something first, just reply. If it isn’t useful, reply “no thanks” and I won’t keep following up.

Thanks,
Anastaysia",046-v5-la-bodeguita-del-medio-palo-alto.jpg,046-v5-la-bodeguita-del-medio-palo-alto.eml,"Absolutely — I can finish the full restaurant and private events content package for La Bodeguita del Medio Palo Alto. It’s $100 one time, with no subscription or contract. PayPal invoice: https://www.paypal.com/invoice/p/#7T6DC9A6WFH3XXCT

Once payment is confirmed, I’ll build the complete set around menu/service highlights, event or ordering guidance, and local customer CTAs unless you want me to prioritize something else.

– Anastaysia","It’s $100 total, one time — not per post and not monthly. You keep the 10 posts, custom graphics, customer follow-up messages, review/message replies and CTA copy.","The attached sample was made specifically for La Bodeguita del Medio Palo Alto around restaurant and private events. That is the direction I’d use for the finished set, and I’ll keep every piece tied to the actual services rather than generic filler.","I’d make the finished set around menu/service highlights, event or ordering guidance, and local customer CTAs. You receive the words + graphics ready to copy, post or reuse, so you do not have to design or write them yourself.","No problem. I’ll leave the sample with you. If timing changes, reply here and I can pick it back up. I won’t keep chasing you.","Hi La Bodeguita del Medio Palo Alto team — one quick follow-up on the private restaurant and private events sample I attached. If you want me to finish the full $100 set, reply YES. If not, no worries and I won’t follow up again.

– Anastaysia","Hi — I made a private restaurant and private events sample for La Bodeguita del Medio Palo Alto, but the public email I tried bounced. What business email should I send the preview to?

– Anastaysia","Thanks — payment is confirmed. I’m building the La Bodeguita del Medio Palo Alto package around menu/service highlights, event or ordering guidance, and local customer CTAs. I’ll send the finished files in this email thread when they’re ready.

– Anastaysia","Hi La Bodeguita del Medio Palo Alto team — your finished $100 content package is ready. I’ve organized the posts, graphics, follow-up copy, review/message replies and CTAs so they’re easy to reuse. If you want a different service emphasized in a future set, reply here.

– Anastaysia",New,,,
V5,47,93,Laguna Auto Body,"Milpitas, CA",Auto body repair and restoration,83,Priority-ranked; timing is not guaranteed,lagunaautobody@gmail.com,https://www.lagunaab.com/,408-942-0513,https://www.lagunaab.com/contact,2026-09-13,"Owned contact page was updated August 2026 and lists 1351 Minnis Circle, Milpitas, LagunaAutoBody@gmail.com and 408-942-0513.",auto body repair and restoration,"Laguna publishes direct project/contact channels and vehicle-specific inquiry fields; collision-repair process, estimate-prep and project-type explainers could help customers understand the workflow without promising repair cost or timing.","Laguna publishes direct project/contact channels and vehicle-specific inquiry fields; collision-repair process, estimate-prep and project-type explainers could help customers understand the workflow without promising repair cost or timing. The $100 package is useful here because it turns those existing services into clear, reusable customer-facing content without requiring the business to write or design the pieces itself.",Private auto body repair and restoration sample for Laguna Auto Body,"Hi Laguna Auto Body team,

I was looking at your business and noticed laguna publishes direct project/contact channels and vehicle-specific inquiry fields; collision-repair process, estimate-prep and project-type explainers could help customers understand the workflow without promising repair cost or timing. I made the attached private preview around that part of the business so you can judge the direction before spending anything.

For $100 one time, I can turn it into a complete done-for-you content pack. In plain English, you get:

• 10 ready-to-post Google / Facebook / social posts
• custom graphics made for Laguna Auto Body
• customer follow-up messages you can copy and paste
• review and customer-message reply templates
• stronger calls-to-action
• content built around your actual services
• everything organized and ready to use

No subscription and no contract. I’d build the first set around service explainers, project/repair education, and estimate or consultation CTAs.

Why it may be worth considering: you already have services worth explaining and showing; this package turns those existing strengths into content customers can actually see and understand.

If you like the sample, reply YES and I’ll finish the complete set.

If you already know you want it, the $100 PayPal invoice is here:
https://www.paypal.com/invoice/p/#7T6DC9A6WFH3XXCT

If you’d rather ask something first, just reply. If it isn’t useful, reply “no thanks” and I won’t keep following up.

Thanks,
Anastaysia",047-v5-laguna-auto-body.jpg,047-v5-laguna-auto-body.eml,"Absolutely — I can finish the full auto body repair and restoration content package for Laguna Auto Body. It’s $100 one time, with no subscription or contract. PayPal invoice: https://www.paypal.com/invoice/p/#7T6DC9A6WFH3XXCT

Once payment is confirmed, I’ll build the complete set around service explainers, project/repair education, and estimate or consultation CTAs unless you want me to prioritize something else.

– Anastaysia","It’s $100 total, one time — not per post and not monthly. You keep the 10 posts, custom graphics, customer follow-up messages, review/message replies and CTA copy.","The attached sample was made specifically for Laguna Auto Body around auto body repair and restoration. That is the direction I’d use for the finished set, and I’ll keep every piece tied to the actual services rather than generic filler.","I’d make the finished set around service explainers, project/repair education, and estimate or consultation CTAs. You receive the words + graphics ready to copy, post or reuse, so you do not have to design or write them yourself.","No problem. I’ll leave the sample with you. If timing changes, reply here and I can pick it back up. I won’t keep chasing you.","Hi Laguna Auto Body team — one quick follow-up on the private auto body repair and restoration sample I attached. If you want me to finish the full $100 set, reply YES. If not, no worries and I won’t follow up again.

– Anastaysia","Hi — I made a private auto body repair and restoration sample for Laguna Auto Body, but the public email I tried bounced. What business email should I send the preview to?

– Anastaysia","Thanks — payment is confirmed. I’m building the Laguna Auto Body package around service explainers, project/repair education, and estimate or consultation CTAs. I’ll send the finished files in this email thread when they’re ready.

– Anastaysia","Hi Laguna Auto Body team — your finished $100 content package is ready. I’ve organized the posts, graphics, follow-up copy, review/message replies and CTAs so they’re easy to reuse. If you want a different service emphasized in a future set, reply here.

– Anastaysia",New,,,
V5,48,95,Lepori Photography,"Los Gatos, CA","Portrait, event and commercial photography",83,Priority-ranked; timing is not guaranteed,dave@leporiphoto.com,https://leporiphoto.com/,408-569-6708,https://leporiphoto.com/contact/,2026-09-13,"Owned contact page lists 61A Victory Lane, Los Gatos, dave@leporiphoto.com and 408-569-6708; the owned home page was crawled recently and presents the studio as active in Los Gatos.","portrait, event and commercial photography","Lepori works across portraits, events, corporate and creative assignments; a clear 'what we photograph' and project-prep content pack could turn a broad portfolio into easier buying paths.","Lepori works across portraits, events, corporate and creative assignments; a clear 'what we photograph' and project-prep content pack could turn a broad portfolio into easier buying paths. The $100 package is useful here because it turns those existing services into clear, reusable customer-facing content without requiring the business to write or design the pieces itself.","Private portrait, event and commercial photography sample for Lepori Photography","Hi Lepori Photography team,

I was looking at your business and noticed lepori works across portraits, events, corporate and creative assignments; a clear 'what we photograph' and project-prep content pack could turn a broad portfolio into easier buying paths. I made the attached private preview around that part of the business so you can judge the direction before spending anything.

For $100 one time, I can turn it into a complete done-for-you content pack. In plain English, you get:

• 10 ready-to-post Google / Facebook / social posts
• custom graphics made for Lepori Photography
• customer follow-up messages you can copy and paste
• review and customer-message reply templates
• stronger calls-to-action
• content built around your actual services
• everything organized and ready to use

No subscription and no contract. I’d build the first set around service highlights, FAQ-style education, and a clear next-step CTA.

Why it may be worth considering: you already have services worth explaining and showing; this package turns those existing strengths into content customers can actually see and understand.

If you like the sample, reply YES and I’ll finish the complete set.

If you already know you want it, the $100 PayPal invoice is here:
https://www.paypal.com/invoice/p/#7T6DC9A6WFH3XXCT

If you’d rather ask something first, just reply. If it isn’t useful, reply “no thanks” and I won’t keep following up.

Thanks,
Anastaysia",048-v5-lepori-photography.jpg,048-v5-lepori-photography.eml,"Absolutely — I can finish the full portrait, event and commercial photography content package for Lepori Photography. It’s $100 one time, with no subscription or contract. PayPal invoice: https://www.paypal.com/invoice/p/#7T6DC9A6WFH3XXCT

Once payment is confirmed, I’ll build the complete set around service highlights, FAQ-style education, and a clear next-step CTA unless you want me to prioritize something else.

– Anastaysia","It’s $100 total, one time — not per post and not monthly. You keep the 10 posts, custom graphics, customer follow-up messages, review/message replies and CTA copy.","The attached sample was made specifically for Lepori Photography around portrait, event and commercial photography. That is the direction I’d use for the finished set, and I’ll keep every piece tied to the actual services rather than generic filler.","I’d make the finished set around service highlights, FAQ-style education, and a clear next-step CTA. You receive the words + graphics ready to copy, post or reuse, so you do not have to design or write them yourself.","No problem. I’ll leave the sample with you. If timing changes, reply here and I can pick it back up. I won’t keep chasing you.","Hi Lepori Photography team — one quick follow-up on the private portrait, event and commercial photography sample I attached. If you want me to finish the full $100 set, reply YES. If not, no worries and I won’t follow up again.

– Anastaysia","Hi — I made a private portrait, event and commercial photography sample for Lepori Photography, but the public email I tried bounced. What business email should I send the preview to?

– Anastaysia","Thanks — payment is confirmed. I’m building the Lepori Photography package around service highlights, FAQ-style education, and a clear next-step CTA. I’ll send the finished files in this email thread when they’re ready.

– Anastaysia","Hi Lepori Photography team — your finished $100 content package is ready. I’ve organized the posts, graphics, follow-up copy, review/message replies and CTAs so they’re easy to reuse. If you want a different service emphasized in a future set, reply here.

– Anastaysia",New,,,
V5,49,97,Melinda Mandell Interior Design,"Palo Alto, CA",Interior design,83,Priority-ranked; timing is not guaranteed,design@melindamandell.com,https://melindamandell.com/,650-282-5256,https://melindamandell.com/,2026-09-15,,interior design,"Melinda Mandell publishes a project-based interior-design service; process, room/project type and consultation-readiness content can make the.","Melinda Mandell publishes a project-based interior-design service; process, room/project type and consultation-readiness content can make the. The $100 package is useful here because it turns those existing services into clear, reusable customer-facing content without requiring the business to write or design the pieces itself.",Private interior design sample for Melinda Mandell Interior Design,"Hi Melinda Mandell Interior Design team,

I was looking at your business and noticed melinda Mandell publishes a project-based interior-design service; process, room/project type and consultation-readiness content can make the. I made the attached private preview around that part of the business so you can judge the direction before spending anything.

For $100 one time, I can turn it into a complete done-for-you content pack. In plain English, you get:

• 10 ready-to-post Google / Facebook / social posts
• custom graphics made for Melinda Mandell Interior Design
• customer follow-up messages you can copy and paste
• review and customer-message reply templates
• stronger calls-to-action
• content built around your actual services
• everything organized and ready to use

No subscription and no contract. I’d build the first set around before/after process content, service-selection guidance, and quote CTAs.

Why it may be worth considering: you already have services worth explaining and showing; this package turns those existing strengths into content customers can actually see and understand.

If you like the sample, reply YES and I’ll finish the complete set.

If you already know you want it, the $100 PayPal invoice is here:
https://www.paypal.com/invoice/p/#7T6DC9A6WFH3XXCT

If you’d rather ask something first, just reply. If it isn’t useful, reply “no thanks” and I won’t keep following up.

Thanks,
Anastaysia",049-v5-melinda-mandell-interior-design.jpg,049-v5-melinda-mandell-interior-design.eml,"Absolutely — I can finish the full interior design content package for Melinda Mandell Interior Design. It’s $100 one time, with no subscription or contract. PayPal invoice: https://www.paypal.com/invoice/p/#7T6DC9A6WFH3XXCT

Once payment is confirmed, I’ll build the complete set around before/after process content, service-selection guidance, and quote CTAs unless you want me to prioritize something else.

– Anastaysia","It’s $100 total, one time — not per post and not monthly. You keep the 10 posts, custom graphics, customer follow-up messages, review/message replies and CTA copy.","The attached sample was made specifically for Melinda Mandell Interior Design around interior design. That is the direction I’d use for the finished set, and I’ll keep every piece tied to the actual services rather than generic filler.","I’d make the finished set around before/after process content, service-selection guidance, and quote CTAs. You receive the words + graphics ready to copy, post or reuse, so you do not have to design or write them yourself.","No problem. I’ll leave the sample with you. If timing changes, reply here and I can pick it back up. I won’t keep chasing you.","Hi Melinda Mandell Interior Design team — one quick follow-up on the private interior design sample I attached. If you want me to finish the full $100 set, reply YES. If not, no worries and I won’t follow up again.

– Anastaysia","Hi — I made a private interior design sample for Melinda Mandell Interior Design, but the public email I tried bounced. What business email should I send the preview to?

– Anastaysia","Thanks — payment is confirmed. I’m building the Melinda Mandell Interior Design package around before/after process content, service-selection guidance, and quote CTAs. I’ll send the finished files in this email thread when they’re ready.

– Anastaysia","Hi Melinda Mandell Interior Design team — your finished $100 content package is ready. I’ve organized the posts, graphics, follow-up copy, review/message replies and CTAs so they’re easy to reuse. If you want a different service emphasized in a future set, reply here.

– Anastaysia",New,,,
V5,50,99,Nailed It Builders Inc.,"Santa Clara, CA",General contracting and home remodeling,83,Priority-ranked; timing is not guaranteed,naileditbuildersinc@gmail.com,https://naileditbuildersinc.com/,408-550-1478,https://naileditbuilders.wixsite.com/build-a-home,2026-09-13,"Public company page lists the email, Santa Clara address and license 1089504; current official site independently confirms the same phone/license and Silicon Valley remodeling focus.",general contracting and home remodeling,"The company emphasizes kitchens, bathrooms, ADUs, room additions and whole-home renovation; a before/after plus FAQ-style content pack could make the quote decision simpler for homeowners.","The company emphasizes kitchens, bathrooms, ADUs, room additions and whole-home renovation; a before/after plus FAQ-style content pack could make the quote decision simpler for homeowners. The $100 package is useful here because it turns those existing services into clear, reusable customer-facing content without requiring the business to write or design the pieces itself.",Private general contracting and home remodeling sample for Nailed It Builders Inc.,"Hi Nailed It Builders Inc. team,

I was looking at your business and noticed the company emphasizes kitchens, bathrooms, ADUs, room additions and whole-home renovation; a before/after plus FAQ-style content pack could make the quote decision simpler for homeowners. I made the attached private preview around that part of the business so you can judge the direction before spending anything.

For $100 one time, I can turn it into a complete done-for-you content pack. In plain English, you get:

• 10 ready-to-post Google / Facebook / social posts
• custom graphics made for Nailed It Builders Inc.
• customer follow-up messages you can copy and paste
• review and customer-message reply templates
• stronger calls-to-action
• content built around your actual services
• everything organized and ready to use

No subscription and no contract. I’d build the first set around service highlights, FAQ-style education, and a clear next-step CTA.

Why it may be worth considering: you already have services worth explaining and showing; this package turns those existing strengths into content customers can actually see and understand.

If you like the sample, reply YES and I’ll finish the complete set.

If you already know you want it, the $100 PayPal invoice is here:
https://www.paypal.com/invoice/p/#7T6DC9A6WFH3XXCT

If you’d rather ask something first, just reply. If it isn’t useful, reply “no thanks” and I won’t keep following up.

Thanks,
Anastaysia",050-v5-nailed-it-builders-inc.jpg,050-v5-nailed-it-builders-inc.eml,"Absolutely — I can finish the full general contracting and home remodeling content package for Nailed It Builders Inc.. It’s $100 one time, with no subscription or contract. PayPal invoice: https://www.paypal.com/invoice/p/#7T6DC9A6WFH3XXCT

Once payment is confirmed, I’ll build the complete set around service highlights, FAQ-style education, and a clear next-step CTA unless you want me to prioritize something else.

– Anastaysia","It’s $100 total, one time — not per post and not monthly. You keep the 10 posts, custom graphics, customer follow-up messages, review/message replies and CTA copy.","The attached sample was made specifically for Nailed It Builders Inc. around general contracting and home remodeling. That is the direction I’d use for the finished set, and I’ll keep every piece tied to the actual services rather than generic filler.","I’d make the finished set around service highlights, FAQ-style education, and a clear next-step CTA. You receive the words + graphics ready to copy, post or reuse, so you do not have to design or write them yourself.","No problem. I’ll leave the sample with you. If timing changes, reply here and I can pick it back up. I won’t keep chasing you.","Hi Nailed It Builders Inc. team — one quick follow-up on the private general contracting and home remodeling sample I attached. If you want me to finish the full $100 set, reply YES. If not, no worries and I won’t follow up again.

– Anastaysia","Hi — I made a private general contracting and home remodeling sample for Nailed It Builders Inc., but the public email I tried bounced. What business email should I send the preview to?

– Anastaysia","Thanks — payment is confirmed. I’m building the Nailed It Builders Inc. package around service highlights, FAQ-style education, and a clear next-step CTA. I’ll send the finished files in this email thread when they’re ready.

– Anastaysia","Hi Nailed It Builders Inc. team — your finished $100 content package is ready. I’ve organized the posts, graphics, follow-up copy, review/message replies and CTAs so they’re easy to reuse. If you want a different service emphasized in a future set, reply here.

– Anastaysia",New,,,
V5,51,101,PostNet CA267 Gilroy,"Gilroy, CA","Shipping, printing and business services",83,Priority-ranked; timing is not guaranteed,ca267@postnet.com,,408-767-2200,https://oag.ca.gov/fingerprints/locations?county=Santa+Clara,2026-09-16,"Current California DOJ Santa Clara County listing publishes location-specific email, phone and Gilroy operation.","shipping, printing and business services","The Gilroy PostNet location combines shipping, printing and business services; service-selector and project-prep content can make a multi-service storefront easier to use.","The Gilroy PostNet location combines shipping, printing and business services; service-selector and project-prep content can make a multi-service storefront easier to use. The $100 package is useful here because it turns those existing services into clear, reusable customer-facing content without requiring the business to write or design the pieces itself.","Private shipping, printing and business services sample for PostNet CA267 Gilroy","Hi PostNet CA267 Gilroy team,

I was looking at your business and noticed the Gilroy PostNet location combines shipping, printing and business services; service-selector and project-prep content can make a multi-service storefront easier to use. I made the attached private preview around that part of the business so you can judge the direction before spending anything.

For $100 one time, I can turn it into a complete done-for-you content pack. In plain English, you get:

• 10 ready-to-post Google / Facebook / social posts
• custom graphics made for PostNet CA267 Gilroy
• customer follow-up messages you can copy and paste
• review and customer-message reply templates
• stronger calls-to-action
• content built around your actual services
• everything organized and ready to use

No subscription and no contract. I’d build the first set around service highlights, FAQ-style education, and a clear next-step CTA.

Why it may be worth considering: you already have services worth explaining and showing; this package turns those existing strengths into content customers can actually see and understand.

If you like the sample, reply YES and I’ll finish the complete set.

If you already know you want it, the $100 PayPal invoice is here:
https://www.paypal.com/invoice/p/#7T6DC9A6WFH3XXCT

If you’d rather ask something first, just reply. If it isn’t useful, reply “no thanks” and I won’t keep following up.

Thanks,
Anastaysia",051-v5-postnet-ca267-gilroy.jpg,051-v5-postnet-ca267-gilroy.eml,"Absolutely — I can finish the full shipping, printing and business services content package for PostNet CA267 Gilroy. It’s $100 one time, with no subscription or contract. PayPal invoice: https://www.paypal.com/invoice/p/#7T6DC9A6WFH3XXCT

Once payment is confirmed, I’ll build the complete set around service highlights, FAQ-style education, and a clear next-step CTA unless you want me to prioritize something else.

– Anastaysia","It’s $100 total, one time — not per post and not monthly. You keep the 10 posts, custom graphics, customer follow-up messages, review/message replies and CTA copy.","The attached sample was made specifically for PostNet CA267 Gilroy around shipping, printing and business services. That is the direction I’d use for the finished set, and I’ll keep every piece tied to the actual services rather than generic filler.","I’d make the finished set around service highlights, FAQ-style education, and a clear next-step CTA. You receive the words + graphics ready to copy, post or reuse, so you do not have to design or write them yourself.","No problem. I’ll leave the sample with you. If timing changes, reply here and I can pick it back up. I won’t keep chasing you.","Hi PostNet CA267 Gilroy team — one quick follow-up on the private shipping, printing and business services sample I attached. If you want me to finish the full $100 set, reply YES. If not, no worries and I won’t follow up again.

– Anastaysia","Hi — I made a private shipping, printing and business services sample for PostNet CA267 Gilroy, but the public email I tried bounced. What business email should I send the preview to?

– Anastaysia","Thanks — payment is confirmed. I’m building the PostNet CA267 Gilroy package around service highlights, FAQ-style education, and a clear next-step CTA. I’ll send the finished files in this email thread when they’re ready.

– Anastaysia","Hi PostNet CA267 Gilroy team — your finished $100 content package is ready. I’ve organized the posts, graphics, follow-up copy, review/message replies and CTAs so they’re easy to reuse. If you want a different service emphasized in a future set, reply here.

– Anastaysia",New,,,
V5,52,103,PSK InDesign LLC,"Sunnyvale, CA",Interior design,83,Priority-ranked; timing is not guaranteed,diptyparikh@pskindesign.com,https://pskindesign.com/,650-451-2993,https://pskindesign.com/,2026-09-15,"Current owned site/business evidence lists Sunnyvale, public designer inbox and active interior-design services.",interior design,"PSK supports whole-home and room-level design decisions; project-type, selection-process and consultation-prep content can make the service easier to evaluate.","PSK supports whole-home and room-level design decisions; project-type, selection-process and consultation-prep content can make the service easier to evaluate. The $100 package is useful here because it turns those existing services into clear, reusable customer-facing content without requiring the business to write or design the pieces itself.",Private interior design sample for PSK InDesign LLC,"Hi PSK InDesign LLC team,

I was looking at your business and noticed pSK supports whole-home and room-level design decisions; project-type, selection-process and consultation-prep content can make the service easier to evaluate. I made the attached private preview around that part of the business so you can judge the direction before spending anything.

For $100 one time, I can turn it into a complete done-for-you content pack. In plain English, you get:

• 10 ready-to-post Google / Facebook / social posts
• custom graphics made for PSK InDesign LLC
• customer follow-up messages you can copy and paste
• review and customer-message reply templates
• stronger calls-to-action
• content built around your actual services
• everything organized and ready to use

No subscription and no contract. I’d build the first set around before/after process content, service-selection guidance, and quote CTAs.

Why it may be worth considering: you already have services worth explaining and showing; this package turns those existing strengths into content customers can actually see and understand.

If you like the sample, reply YES and I’ll finish the complete set.

If you already know you want it, the $100 PayPal invoice is here:
https://www.paypal.com/invoice/p/#7T6DC9A6WFH3XXCT

If you’d rather ask something first, just reply. If it isn’t useful, reply “no thanks” and I won’t keep following up.

Thanks,
Anastaysia",052-v5-psk-indesign-llc.jpg,052-v5-psk-indesign-llc.eml,"Absolutely — I can finish the full interior design content package for PSK InDesign LLC. It’s $100 one time, with no subscription or contract. PayPal invoice: https://www.paypal.com/invoice/p/#7T6DC9A6WFH3XXCT

Once payment is confirmed, I’ll build the complete set around before/after process content, service-selection guidance, and quote CTAs unless you want me to prioritize something else.

– Anastaysia","It’s $100 total, one time — not per post and not monthly. You keep the 10 posts, custom graphics, customer follow-up messages, review/message replies and CTA copy.","The attached sample was made specifically for PSK InDesign LLC around interior design. That is the direction I’d use for the finished set, and I’ll keep every piece tied to the actual services rather than generic filler.","I’d make the finished set around before/after process content, service-selection guidance, and quote CTAs. You receive the words + graphics ready to copy, post or reuse, so you do not have to design or write them yourself.","No problem. I’ll leave the sample with you. If timing changes, reply here and I can pick it back up. I won’t keep chasing you.","Hi PSK InDesign LLC team — one quick follow-up on the private interior design sample I attached. If you want me to finish the full $100 set, reply YES. If not, no worries and I won’t follow up again.

– Anastaysia","Hi — I made a private interior design sample for PSK InDesign LLC, but the public email I tried bounced. What business email should I send the preview to?

– Anastaysia","Thanks — payment is confirmed. I’m building the PSK InDesign LLC package around before/after process content, service-selection guidance, and quote CTAs. I’ll send the finished files in this email thread when they’re ready.

– Anastaysia","Hi PSK InDesign LLC team — your finished $100 content package is ready. I’ve organized the posts, graphics, follow-up copy, review/message replies and CTAs so they’re easy to reuse. If you want a different service emphasized in a future set, reply here.

– Anastaysia",New,,,
V5,53,105,Pure Clean Naranjo,"Morgan Hill, CA",Residential and commercial cleaning,83,Priority-ranked; timing is not guaranteed,mine@purecleannaranjo.com,https://www.purecleannaranjo.com/,408-843-7086,https://www.purecleannaranjo.com/,2026-09-13,"Current owned site lists Morgan Hill location, public email/phone, cleaning services and 2026 copyright.",residential and commercial cleaning,"Pure Clean Naranjo offers one-time, recurring and commercial/residential cleaning with eco-friendly product positioning; service-frequency and cleaning-type explainers could simplify the quote decision.","Pure Clean Naranjo offers one-time, recurring and commercial/residential cleaning with eco-friendly product positioning; service-frequency and cleaning-type explainers could simplify the quote decision. The $100 package is useful here because it turns those existing services into clear, reusable customer-facing content without requiring the business to write or design the pieces itself.",Private residential and commercial cleaning sample for Pure Clean Naranjo,"Hi Pure Clean Naranjo team,

I was looking at your business and noticed pure Clean Naranjo offers one-time, recurring and commercial/residential cleaning with eco-friendly product positioning; service-frequency and cleaning-type explainers could simplify the quote decision. I made the attached private preview around that part of the business so you can judge the direction before spending anything.

For $100 one time, I can turn it into a complete done-for-you content pack. In plain English, you get:

• 10 ready-to-post Google / Facebook / social posts
• custom graphics made for Pure Clean Naranjo
• customer follow-up messages you can copy and paste
• review and customer-message reply templates
• stronger calls-to-action
• content built around your actual services
• everything organized and ready to use

No subscription and no contract. I’d build the first set around before/after process content, service-selection guidance, and quote CTAs.

Why it may be worth considering: you already have services worth explaining and showing; this package turns those existing strengths into content customers can actually see and understand.

If you like the sample, reply YES and I’ll finish the complete set.

If you already know you want it, the $100 PayPal invoice is here:
https://www.paypal.com/invoice/p/#7T6DC9A6WFH3XXCT

If you’d rather ask something first, just reply. If it isn’t useful, reply “no thanks” and I won’t keep following up.

Thanks,
Anastaysia",053-v5-pure-clean-naranjo.jpg,053-v5-pure-clean-naranjo.eml,"Absolutely — I can finish the full residential and commercial cleaning content package for Pure Clean Naranjo. It’s $100 one time, with no subscription or contract. PayPal invoice: https://www.paypal.com/invoice/p/#7T6DC9A6WFH3XXCT

Once payment is confirmed, I’ll build the complete set around before/after process content, service-selection guidance, and quote CTAs unless you want me to prioritize something else.

– Anastaysia","It’s $100 total, one time — not per post and not monthly. You keep the 10 posts, custom graphics, customer follow-up messages, review/message replies and CTA copy.","The attached sample was made specifically for Pure Clean Naranjo around residential and commercial cleaning. That is the direction I’d use for the finished set, and I’ll keep every piece tied to the actual services rather than generic filler.","I’d make the finished set around before/after process content, service-selection guidance, and quote CTAs. You receive the words + graphics ready to copy, post or reuse, so you do not have to design or write them yourself.","No problem. I’ll leave the sample with you. If timing changes, reply here and I can pick it back up. I won’t keep chasing you.","Hi Pure Clean Naranjo team — one quick follow-up on the private residential and commercial cleaning sample I attached. If you want me to finish the full $100 set, reply YES. If not, no worries and I won’t follow up again.

– Anastaysia","Hi — I made a private residential and commercial cleaning sample for Pure Clean Naranjo, but the public email I tried bounced. What business email should I send the preview to?

– Anastaysia","Thanks — payment is confirmed. I’m building the Pure Clean Naranjo package around before/after process content, service-selection guidance, and quote CTAs. I’ll send the finished files in this email thread when they’re ready.

– Anastaysia","Hi Pure Clean Naranjo team — your finished $100 content package is ready. I’ve organized the posts, graphics, follow-up copy, review/message replies and CTAs so they’re easy to reuse. If you want a different service emphasized in a future set, reply here.

– Anastaysia",New,,,
V5,54,107,Rocko's Ice Cream Tacos,Santa Clara CA,Ice cream shop and mobile dessert catering,83,Priority-ranked; timing is not guaranteed,lori@rockosicecreamtacos.com,https://www.rockosicecreamtacos.com/,650-762-5608,https://www.santaclaraca.gov/our-city/departments-g-z/parks-recreation/reservations-and-permits,2026-09-13,Current City of Santa Clara vendor list publishes lori@rockosicecreamtacos.com; current local listings and 2026 catering activity place the business at 2905 Park Ave in Santa Clara and confirm event catering.,ice cream shop and mobile dessert catering,"Rocko's is currently approved by Santa Clara for catering, has a Santa Clara storefront, and specializes in customizable liquid-nitrogen ice cream tacos for private and corporate events.","Rocko's is currently approved by Santa Clara for catering, has a Santa Clara storefront, and specializes in customizable liquid-nitrogen ice cream tacos for private and corporate events. The $100 package is useful here because it turns those existing services into clear, reusable customer-facing content without requiring the business to write or design the pieces itself.",Private ice cream shop and mobile dessert catering sample for Rocko's Ice Cream Tacos,"Hi Rocko's Ice Cream Tacos team,

I was looking at your business and noticed rocko's is currently approved by Santa Clara for catering, has a Santa Clara storefront, and specializes in customizable liquid-nitrogen ice cream tacos for private and corporate events. I made the attached private preview around that part of the business so you can judge the direction before spending anything.

For $100 one time, I can turn it into a complete done-for-you content pack. In plain English, you get:

• 10 ready-to-post Google / Facebook / social posts
• custom graphics made for Rocko's Ice Cream Tacos
• customer follow-up messages you can copy and paste
• review and customer-message reply templates
• stronger calls-to-action
• content built around your actual services
• everything organized and ready to use

No subscription and no contract. I’d build the first set around menu/service highlights, event or ordering guidance, and local customer CTAs.

Why it may be worth considering: you already have services worth explaining and showing; this package turns those existing strengths into content customers can actually see and understand.

If you like the sample, reply YES and I’ll finish the complete set.

If you already know you want it, the $100 PayPal invoice is here:
https://www.paypal.com/invoice/p/#7T6DC9A6WFH3XXCT

If you’d rather ask something first, just reply. If it isn’t useful, reply “no thanks” and I won’t keep following up.

Thanks,
Anastaysia",054-v5-rocko-s-ice-cream-tacos.jpg,054-v5-rocko-s-ice-cream-tacos.eml,"Absolutely — I can finish the full ice cream shop and mobile dessert catering content package for Rocko's Ice Cream Tacos. It’s $100 one time, with no subscription or contract. PayPal invoice: https://www.paypal.com/invoice/p/#7T6DC9A6WFH3XXCT

Once payment is confirmed, I’ll build the complete set around menu/service highlights, event or ordering guidance, and local customer CTAs unless you want me to prioritize something else.

– Anastaysia","It’s $100 total, one time — not per post and not monthly. You keep the 10 posts, custom graphics, customer follow-up messages, review/message replies and CTA copy.","The attached sample was made specifically for Rocko's Ice Cream Tacos around ice cream shop and mobile dessert catering. That is the direction I’d use for the finished set, and I’ll keep every piece tied to the actual services rather than generic filler.","I’d make the finished set around menu/service highlights, event or ordering guidance, and local customer CTAs. You receive the words + graphics ready to copy, post or reuse, so you do not have to design or write them yourself.","No problem. I’ll leave the sample with you. If timing changes, reply here and I can pick it back up. I won’t keep chasing you.","Hi Rocko's Ice Cream Tacos team — one quick follow-up on the private ice cream shop and mobile dessert catering sample I attached. If you want me to finish the full $100 set, reply YES. If not, no worries and I won’t follow up again.

– Anastaysia","Hi — I made a private ice cream shop and mobile dessert catering sample for Rocko's Ice Cream Tacos, but the public email I tried bounced. What business email should I send the preview to?

– Anastaysia","Thanks — payment is confirmed. I’m building the Rocko's Ice Cream Tacos package around menu/service highlights, event or ordering guidance, and local customer CTAs. I’ll send the finished files in this email thread when they’re ready.

– Anastaysia","Hi Rocko's Ice Cream Tacos team — your finished $100 content package is ready. I’ve organized the posts, graphics, follow-up copy, review/message replies and CTAs so they’re easy to reuse. If you want a different service emphasized in a future set, reply here.

– Anastaysia",New,,,
V5,55,109,Sky Zone Trampoline Park Gilroy,"Gilroy, CA","Indoor recreation, parties and group events",83,Priority-ranked; timing is not guaranteed,socialteam@skyzone.com,,408-713-5925,https://visitgilroy.com/listing/sky-zone-trampoline-park/85/,2026-09-16,"Current Visit Gilroy listing publishes Gilroy address, exact public email, phone and active attraction details.","indoor recreation, parties and group events","The Gilroy trampoline park supports open play, birthday parties and corporate/group events; visit-vs-party content can clarify distinct customer paths.","The Gilroy trampoline park supports open play, birthday parties and corporate/group events; visit-vs-party content can clarify distinct customer paths. The $100 package is useful here because it turns those existing services into clear, reusable customer-facing content without requiring the business to write or design the pieces itself.","Private indoor recreation, parties and group events sample for Sky Zone Trampoline Park Gilroy","Hi Sky Zone Trampoline Park Gilroy team,

I was looking at your business and noticed the Gilroy trampoline park supports open play, birthday parties and corporate/group events; visit-vs-party content can clarify distinct customer paths. I made the attached private preview around that part of the business so you can judge the direction before spending anything.

For $100 one time, I can turn it into a complete done-for-you content pack. In plain English, you get:

• 10 ready-to-post Google / Facebook / social posts
• custom graphics made for Sky Zone Trampoline Park Gilroy
• customer follow-up messages you can copy and paste
• review and customer-message reply templates
• stronger calls-to-action
• content built around your actual services
• everything organized and ready to use

No subscription and no contract. I’d build the first set around service highlights, FAQ-style education, and a clear next-step CTA.

Why it may be worth considering: you already have services worth explaining and showing; this package turns those existing strengths into content customers can actually see and understand.

If you like the sample, reply YES and I’ll finish the complete set.

If you already know you want it, the $100 PayPal invoice is here:
https://www.paypal.com/invoice/p/#7T6DC9A6WFH3XXCT

If you’d rather ask something first, just reply. If it isn’t useful, reply “no thanks” and I won’t keep following up.

Thanks,
Anastaysia",055-v5-sky-zone-trampoline-park-gilroy.jpg,055-v5-sky-zone-trampoline-park-gilroy.eml,"Absolutely — I can finish the full indoor recreation, parties and group events content package for Sky Zone Trampoline Park Gilroy. It’s $100 one time, with no subscription or contract. PayPal invoice: https://www.paypal.com/invoice/p/#7T6DC9A6WFH3XXCT

Once payment is confirmed, I’ll build the complete set around service highlights, FAQ-style education, and a clear next-step CTA unless you want me to prioritize something else.

– Anastaysia","It’s $100 total, one time — not per post and not monthly. You keep the 10 posts, custom graphics, customer follow-up messages, review/message replies and CTA copy.","The attached sample was made specifically for Sky Zone Trampoline Park Gilroy around indoor recreation, parties and group events. That is the direction I’d use for the finished set, and I’ll keep every piece tied to the actual services rather than generic filler.","I’d make the finished set around service highlights, FAQ-style education, and a clear next-step CTA. You receive the words + graphics ready to copy, post or reuse, so you do not have to design or write them yourself.","No problem. I’ll leave the sample with you. If timing changes, reply here and I can pick it back up. I won’t keep chasing you.","Hi Sky Zone Trampoline Park Gilroy team — one quick follow-up on the private indoor recreation, parties and group events sample I attached. If you want me to finish the full $100 set, reply YES. If not, no worries and I won’t follow up again.

– Anastaysia","Hi — I made a private indoor recreation, parties and group events sample for Sky Zone Trampoline Park Gilroy, but the public email I tried bounced. What business email should I send the preview to?

– Anastaysia","Thanks — payment is confirmed. I’m building the Sky Zone Trampoline Park Gilroy package around service highlights, FAQ-style education, and a clear next-step CTA. I’ll send the finished files in this email thread when they’re ready.

– Anastaysia","Hi Sky Zone Trampoline Park Gilroy team — your finished $100 content package is ready. I’ve organized the posts, graphics, follow-up copy, review/message replies and CTAs so they’re easy to reuse. If you want a different service emphasized in a future set, reply here.

– Anastaysia",New,,,
V5,56,111,Sousa's Garage Doors,"Santa Clara, CA",Residential and commercial garage doors,83,Priority-ranked; timing is not guaranteed,sousasgd@gmail.com,https://sousasgaragedoors.com/,408-248-0782,https://sousasgaragedoors.com/,2026-09-15,"Current owned site ©2026 lists 298 Brokaw Rd, Santa Clara, current Gmail inbox and phone; stale Chamber contact was replaced.",residential and commercial garage doors,"Sousa's offers custom residential and commercial garage-door work; style, material and project-prep content can help buyers understand options before requesting service.","Sousa's offers custom residential and commercial garage-door work; style, material and project-prep content can help buyers understand options before requesting service. The $100 package is useful here because it turns those existing services into clear, reusable customer-facing content without requiring the business to write or design the pieces itself.",Private residential and commercial garage doors sample for Sousa's Garage Doors,"Hi Sousa's Garage Doors team,

I was looking at your business and noticed sousa's offers custom residential and commercial garage-door work; style, material and project-prep content can help buyers understand options before requesting service. I made the attached private preview around that part of the business so you can judge the direction before spending anything.

For $100 one time, I can turn it into a complete done-for-you content pack. In plain English, you get:

• 10 ready-to-post Google / Facebook / social posts
• custom graphics made for Sousa's Garage Doors
• customer follow-up messages you can copy and paste
• review and customer-message reply templates
• stronger calls-to-action
• content built around your actual services
• everything organized and ready to use

No subscription and no contract. I’d build the first set around service explainers, project/repair education, and estimate or consultation CTAs.

Why it may be worth considering: you already have services worth explaining and showing; this package turns those existing strengths into content customers can actually see and understand.

If you like the sample, reply YES and I’ll finish the complete set.

If you already know you want it, the $100 PayPal invoice is here:
https://www.paypal.com/invoice/p/#7T6DC9A6WFH3XXCT

If you’d rather ask something first, just reply. If it isn’t useful, reply “no thanks” and I won’t keep following up.

Thanks,
Anastaysia",056-v5-sousa-s-garage-doors.jpg,056-v5-sousa-s-garage-doors.eml,"Absolutely — I can finish the full residential and commercial garage doors content package for Sousa's Garage Doors. It’s $100 one time, with no subscription or contract. PayPal invoice: https://www.paypal.com/invoice/p/#7T6DC9A6WFH3XXCT

Once payment is confirmed, I’ll build the complete set around service explainers, project/repair education, and estimate or consultation CTAs unless you want me to prioritize something else.

– Anastaysia","It’s $100 total, one time — not per post and not monthly. You keep the 10 posts, custom graphics, customer follow-up messages, review/message replies and CTA copy.","The attached sample was made specifically for Sousa's Garage Doors around residential and commercial garage doors. That is the direction I’d use for the finished set, and I’ll keep every piece tied to the actual services rather than generic filler.","I’d make the finished set around service explainers, project/repair education, and estimate or consultation CTAs. You receive the words + graphics ready to copy, post or reuse, so you do not have to design or write them yourself.","No problem. I’ll leave the sample with you. If timing changes, reply here and I can pick it back up. I won’t keep chasing you.","Hi Sousa's Garage Doors team — one quick follow-up on the private residential and commercial garage doors sample I attached. If you want me to finish the full $100 set, reply YES. If not, no worries and I won’t follow up again.

– Anastaysia","Hi — I made a private residential and commercial garage doors sample for Sousa's Garage Doors, but the public email I tried bounced. What business email should I send the preview to?

– Anastaysia","Thanks — payment is confirmed. I’m building the Sousa's Garage Doors package around service explainers, project/repair education, and estimate or consultation CTAs. I’ll send the finished files in this email thread when they’re ready.

– Anastaysia","Hi Sousa's Garage Doors team — your finished $100 content package is ready. I’ve organized the posts, graphics, follow-up copy, review/message replies and CTAs so they’re easy to reuse. If you want a different service emphasized in a future set, reply here.

– Anastaysia",New,,,
V5,57,113,Tanner Designs,"Santa Clara, CA",Interior design and furnishings,83,Priority-ranked; timing is not guaranteed,cathy@tannerdesignsllc.com,https://tannerdesignsllc.com/,408-888-2276,https://tannerdesignsllc.com/,2026-09-15,Current owned site remains active and identifies Santa Clara location/phone; current Chamber directory publishes the business email.,interior design and furnishings,"Tanner Designs has a visual, project-based service suited to process, room-type and before/after content that can help prospective clients understand scope.","Tanner Designs has a visual, project-based service suited to process, room-type and before/after content that can help prospective clients understand scope. The $100 package is useful here because it turns those existing services into clear, reusable customer-facing content without requiring the business to write or design the pieces itself.",Private interior design and furnishings sample for Tanner Designs,"Hi Tanner Designs team,

I was looking at your business and noticed tanner Designs has a visual, project-based service suited to process, room-type and before/after content that can help prospective clients understand scope. I made the attached private preview around that part of the business so you can judge the direction before spending anything.

For $100 one time, I can turn it into a complete done-for-you content pack. In plain English, you get:

• 10 ready-to-post Google / Facebook / social posts
• custom graphics made for Tanner Designs
• customer follow-up messages you can copy and paste
• review and customer-message reply templates
• stronger calls-to-action
• content built around your actual services
• everything organized and ready to use

No subscription and no contract. I’d build the first set around before/after process content, service-selection guidance, and quote CTAs.

Why it may be worth considering: you already have services worth explaining and showing; this package turns those existing strengths into content customers can actually see and understand.

If you like the sample, reply YES and I’ll finish the complete set.

If you already know you want it, the $100 PayPal invoice is here:
https://www.paypal.com/invoice/p/#7T6DC9A6WFH3XXCT

If you’d rather ask something first, just reply. If it isn’t useful, reply “no thanks” and I won’t keep following up.

Thanks,
Anastaysia",057-v5-tanner-designs.jpg,057-v5-tanner-designs.eml,"Absolutely — I can finish the full interior design and furnishings content package for Tanner Designs. It’s $100 one time, with no subscription or contract. PayPal invoice: https://www.paypal.com/invoice/p/#7T6DC9A6WFH3XXCT

Once payment is confirmed, I’ll build the complete set around before/after process content, service-selection guidance, and quote CTAs unless you want me to prioritize something else.

– Anastaysia","It’s $100 total, one time — not per post and not monthly. You keep the 10 posts, custom graphics, customer follow-up messages, review/message replies and CTA copy.","The attached sample was made specifically for Tanner Designs around interior design and furnishings. That is the direction I’d use for the finished set, and I’ll keep every piece tied to the actual services rather than generic filler.","I’d make the finished set around before/after process content, service-selection guidance, and quote CTAs. You receive the words + graphics ready to copy, post or reuse, so you do not have to design or write them yourself.","No problem. I’ll leave the sample with you. If timing changes, reply here and I can pick it back up. I won’t keep chasing you.","Hi Tanner Designs team — one quick follow-up on the private interior design and furnishings sample I attached. If you want me to finish the full $100 set, reply YES. If not, no worries and I won’t follow up again.

– Anastaysia","Hi — I made a private interior design and furnishings sample for Tanner Designs, but the public email I tried bounced. What business email should I send the preview to?

– Anastaysia","Thanks — payment is confirmed. I’m building the Tanner Designs package around before/after process content, service-selection guidance, and quote CTAs. I’ll send the finished files in this email thread when they’re ready.

– Anastaysia","Hi Tanner Designs team — your finished $100 content package is ready. I’ve organized the posts, graphics, follow-up copy, review/message replies and CTAs so they’re easy to reuse. If you want a different service emphasized in a future set, reply here.

– Anastaysia",New,,,
V5,58,115,The Pro Palo Alto,"Palo Alto, CA",Podcast and media studio rental,83,Priority-ranked; timing is not guaranteed,podcast@thepropaloalto.com,https://thepropaloalto.com/,650-899-7686,https://thepropaloalto.com/,2026-09-15,,podcast and media studio rental,"The Pro offers a studio/venue path for podcast and media production; use-case, booking-prep and package content can make a specialized.","The Pro offers a studio/venue path for podcast and media production; use-case, booking-prep and package content can make a specialized. The $100 package is useful here because it turns those existing services into clear, reusable customer-facing content without requiring the business to write or design the pieces itself.",Private podcast and media studio rental sample for The Pro Palo Alto,"Hi The Pro Palo Alto team,

I was looking at your business and noticed the Pro offers a studio/venue path for podcast and media production; use-case, booking-prep and package content can make a specialized. I made the attached private preview around that part of the business so you can judge the direction before spending anything.

For $100 one time, I can turn it into a complete done-for-you content pack. In plain English, you get:

• 10 ready-to-post Google / Facebook / social posts
• custom graphics made for The Pro Palo Alto
• customer follow-up messages you can copy and paste
• review and customer-message reply templates
• stronger calls-to-action
• content built around your actual services
• everything organized and ready to use

No subscription and no contract. I’d build the first set around service highlights, FAQ-style education, and a clear next-step CTA.

Why it may be worth considering: you already have services worth explaining and showing; this package turns those existing strengths into content customers can actually see and understand.

If you like the sample, reply YES and I’ll finish the complete set.

If you already know you want it, the $100 PayPal invoice is here:
https://www.paypal.com/invoice/p/#7T6DC9A6WFH3XXCT

If you’d rather ask something first, just reply. If it isn’t useful, reply “no thanks” and I won’t keep following up.

Thanks,
Anastaysia",058-v5-the-pro-palo-alto.jpg,058-v5-the-pro-palo-alto.eml,"Absolutely — I can finish the full podcast and media studio rental content package for The Pro Palo Alto. It’s $100 one time, with no subscription or contract. PayPal invoice: https://www.paypal.com/invoice/p/#7T6DC9A6WFH3XXCT

Once payment is confirmed, I’ll build the complete set around service highlights, FAQ-style education, and a clear next-step CTA unless you want me to prioritize something else.

– Anastaysia","It’s $100 total, one time — not per post and not monthly. You keep the 10 posts, custom graphics, customer follow-up messages, review/message replies and CTA copy.","The attached sample was made specifically for The Pro Palo Alto around podcast and media studio rental. That is the direction I’d use for the finished set, and I’ll keep every piece tied to the actual services rather than generic filler.","I’d make the finished set around service highlights, FAQ-style education, and a clear next-step CTA. You receive the words + graphics ready to copy, post or reuse, so you do not have to design or write them yourself.","No problem. I’ll leave the sample with you. If timing changes, reply here and I can pick it back up. I won’t keep chasing you.","Hi The Pro Palo Alto team — one quick follow-up on the private podcast and media studio rental sample I attached. If you want me to finish the full $100 set, reply YES. If not, no worries and I won’t follow up again.

– Anastaysia","Hi — I made a private podcast and media studio rental sample for The Pro Palo Alto, but the public email I tried bounced. What business email should I send the preview to?

– Anastaysia","Thanks — payment is confirmed. I’m building the The Pro Palo Alto package around service highlights, FAQ-style education, and a clear next-step CTA. I’ll send the finished files in this email thread when they’re ready.

– Anastaysia","Hi The Pro Palo Alto team — your finished $100 content package is ready. I’ve organized the posts, graphics, follow-up copy, review/message replies and CTAs so they’re easy to reuse. If you want a different service emphasized in a future set, reply here.

– Anastaysia",New,,,
V5,59,117,Two Perfect Events,"Palo Alto, CA","Wedding, private-party and corporate event planning",83,Priority-ranked; timing is not guaranteed,leah@twoperfectevents.com,https://twoperfectevents.com/,650-260-8788,https://twoperfectevents.com/,2026-09-13,"Current owned site lists active planning/design services; its terms/privacy page publishes Two Perfect Events LLC, Palo Alto address, leah@twoperfectevents.com and 650-260-8788.","wedding, private-party and corporate event planning","Two Perfect Events offers full-service planning and design for weddings, private parties and corporate events; service-level and planning-process content can show what clients receive without manufacturing urgency.","Two Perfect Events offers full-service planning and design for weddings, private parties and corporate events; service-level and planning-process content can show what clients receive without manufacturing urgency. The $100 package is useful here because it turns those existing services into clear, reusable customer-facing content without requiring the business to write or design the pieces itself.","Private wedding, private-party and corporate event planning sample for Two Perfect Events","Hi Two Perfect Events team,

I was looking at your business and noticed two Perfect Events offers full-service planning and design for weddings, private parties and corporate events; service-level and planning-process content can show what clients receive without manufacturing urgency. I made the attached private preview around that part of the business so you can judge the direction before spending anything.

For $100 one time, I can turn it into a complete done-for-you content pack. In plain English, you get:

• 10 ready-to-post Google / Facebook / social posts
• custom graphics made for Two Perfect Events
• customer follow-up messages you can copy and paste
• review and customer-message reply templates
• stronger calls-to-action
• content built around your actual services
• everything organized and ready to use

No subscription and no contract. I’d build the first set around service highlights, FAQ-style education, and a clear next-step CTA.

Why it may be worth considering: you already have services worth explaining and showing; this package turns those existing strengths into content customers can actually see and understand.

If you like the sample, reply YES and I’ll finish the complete set.

If you already know you want it, the $100 PayPal invoice is here:
https://www.paypal.com/invoice/p/#7T6DC9A6WFH3XXCT

If you’d rather ask something first, just reply. If it isn’t useful, reply “no thanks” and I won’t keep following up.

Thanks,
Anastaysia",059-v5-two-perfect-events.jpg,059-v5-two-perfect-events.eml,"Absolutely — I can finish the full wedding, private-party and corporate event planning content package for Two Perfect Events. It’s $100 one time, with no subscription or contract. PayPal invoice: https://www.paypal.com/invoice/p/#7T6DC9A6WFH3XXCT

Once payment is confirmed, I’ll build the complete set around service highlights, FAQ-style education, and a clear next-step CTA unless you want me to prioritize something else.

– Anastaysia","It’s $100 total, one time — not per post and not monthly. You keep the 10 posts, custom graphics, customer follow-up messages, review/message replies and CTA copy.","The attached sample was made specifically for Two Perfect Events around wedding, private-party and corporate event planning. That is the direction I’d use for the finished set, and I’ll keep every piece tied to the actual services rather than generic filler.","I’d make the finished set around service highlights, FAQ-style education, and a clear next-step CTA. You receive the words + graphics ready to copy, post or reuse, so you do not have to design or write them yourself.","No problem. I’ll leave the sample with you. If timing changes, reply here and I can pick it back up. I won’t keep chasing you.","Hi Two Perfect Events team — one quick follow-up on the private wedding, private-party and corporate event planning sample I attached. If you want me to finish the full $100 set, reply YES. If not, no worries and I won’t follow up again.

– Anastaysia","Hi — I made a private wedding, private-party and corporate event planning sample for Two Perfect Events, but the public email I tried bounced. What business email should I send the preview to?

– Anastaysia","Thanks — payment is confirmed. I’m building the Two Perfect Events package around service highlights, FAQ-style education, and a clear next-step CTA. I’ll send the finished files in this email thread when they’re ready.

– Anastaysia","Hi Two Perfect Events team — your finished $100 content package is ready. I’ve organized the posts, graphics, follow-up copy, review/message replies and CTAs so they’re easy to reuse. If you want a different service emphasized in a future set, reply here.

– Anastaysia",New,,,
V5,60,119,Veritas Managed Solutions,"Santa Clara, CA",Low Voltage,83,Priority-ranked; timing is not guaranteed,jwright@veritas-inc.com,,,https://www.cusdk8.org/fs/resource-manager/view/ce90e6dd-ad5b-4546-8e73-3f3e726a2b0a,2026-09-13,Accepted in the canonical seed gate from the current 2026 contractor source; public business email retained exactly as published.,low voltage,"The current contractor source lists Veritas Managed Solutions in Santa Clara, CA for Low Voltage; a concise capability and project-readiness content set can help prospective buyers understand what the business handles before an inquiry.","The current contractor source lists Veritas Managed Solutions in Santa Clara, CA for Low Voltage; a concise capability and project-readiness content set can help prospective buyers understand what the business handles before an inquiry. The $100 package is useful here because it turns those existing services into clear, reusable customer-facing content without requiring the business to write or design the pieces itself.",Private low voltage sample for Veritas Managed Solutions,"Hi Veritas Managed Solutions team,

I was looking at your business and noticed the current contractor source lists Veritas Managed Solutions in Santa Clara, CA for Low Voltage; a concise capability and project-readiness content set can help prospective buyers understand what the business handles before an inquiry. I made the attached private preview around that part of the business so you can judge the direction before spending anything.

For $100 one time, I can turn it into a complete done-for-you content pack. In plain English, you get:

• 10 ready-to-post Google / Facebook / social posts
• custom graphics made for Veritas Managed Solutions
• customer follow-up messages you can copy and paste
• review and customer-message reply templates
• stronger calls-to-action
• content built around your actual services
• everything organized and ready to use

No subscription and no contract. I’d build the first set around service highlights, FAQ-style education, and a clear next-step CTA.

Why it may be worth considering: you already have services worth explaining and showing; this package turns those existing strengths into content customers can actually see and understand.

If you like the sample, reply YES and I’ll finish the complete set.

If you already know you want it, the $100 PayPal invoice is here:
https://www.paypal.com/invoice/p/#7T6DC9A6WFH3XXCT

If you’d rather ask something first, just reply. If it isn’t useful, reply “no thanks” and I won’t keep following up.

Thanks,
Anastaysia",060-v5-veritas-managed-solutions.jpg,060-v5-veritas-managed-solutions.eml,"Absolutely — I can finish the full low voltage content package for Veritas Managed Solutions. It’s $100 one time, with no subscription or contract. PayPal invoice: https://www.paypal.com/invoice/p/#7T6DC9A6WFH3XXCT

Once payment is confirmed, I’ll build the complete set around service highlights, FAQ-style education, and a clear next-step CTA unless you want me to prioritize something else.

– Anastaysia","It’s $100 total, one time — not per post and not monthly. You keep the 10 posts, custom graphics, customer follow-up messages, review/message replies and CTA copy.","The attached sample was made specifically for Veritas Managed Solutions around low voltage. That is the direction I’d use for the finished set, and I’ll keep every piece tied to the actual services rather than generic filler.","I’d make the finished set around service highlights, FAQ-style education, and a clear next-step CTA. You receive the words + graphics ready to copy, post or reuse, so you do not have to design or write them yourself.","No problem. I’ll leave the sample with you. If timing changes, reply here and I can pick it back up. I won’t keep chasing you.","Hi Veritas Managed Solutions team — one quick follow-up on the private low voltage sample I attached. If you want me to finish the full $100 set, reply YES. If not, no worries and I won’t follow up again.

– Anastaysia","Hi — I made a private low voltage sample for Veritas Managed Solutions, but the public email I tried bounced. What business email should I send the preview to?

– Anastaysia","Thanks — payment is confirmed. I’m building the Veritas Managed Solutions package around service highlights, FAQ-style education, and a clear next-step CTA. I’ll send the finished files in this email thread when they’re ready.

– Anastaysia","Hi Veritas Managed Solutions team — your finished $100 content package is ready. I’ve organized the posts, graphics, follow-up copy, review/message replies and CTAs so they’re easy to reuse. If you want a different service emphasized in a future set, reply here.

– Anastaysia",New,,,
V5,61,121,Works/San José,"San Jose, CA","Art gallery, exhibitions and community events",83,Priority-ranked; timing is not guaranteed,gallery@workssanjose.org,https://workssanjose.org/,,https://workssanjose.org/,2026-09-15,Current owned site identifies San Jose gallery activity and a public gallery inbox.,"art gallery, exhibitions and community events","Works/San José presents rotating exhibitions and events; visitor guides, exhibition previews and participation information are concrete content opportunities.","Works/San José presents rotating exhibitions and events; visitor guides, exhibition previews and participation information are concrete content opportunities. The $100 package is useful here because it turns those existing services into clear, reusable customer-facing content without requiring the business to write or design the pieces itself.","Private art gallery, exhibitions and community events sample for Works/San José","Hi Works/San José team,

I was looking at your business and noticed works/San José presents rotating exhibitions and events; visitor guides, exhibition previews and participation information are concrete content opportunities. I made the attached private preview around that part of the business so you can judge the direction before spending anything.

For $100 one time, I can turn it into a complete done-for-you content pack. In plain English, you get:

• 10 ready-to-post Google / Facebook / social posts
• custom graphics made for Works/San José
• customer follow-up messages you can copy and paste
• review and customer-message reply templates
• stronger calls-to-action
• content built around your actual services
• everything organized and ready to use

No subscription and no contract. I’d build the first set around service highlights, FAQ-style education, and a clear next-step CTA.

Why it may be worth considering: you already have services worth explaining and showing; this package turns those existing strengths into content customers can actually see and understand.

If you like the sample, reply YES and I’ll finish the complete set.

If you already know you want it, the $100 PayPal invoice is here:
https://www.paypal.com/invoice/p/#7T6DC9A6WFH3XXCT

If you’d rather ask something first, just reply. If it isn’t useful, reply “no thanks” and I won’t keep following up.

Thanks,
Anastaysia",061-v5-works-san-jos.jpg,061-v5-works-san-jos.eml,"Absolutely — I can finish the full art gallery, exhibitions and community events content package for Works/San José. It’s $100 one time, with no subscription or contract. PayPal invoice: https://www.paypal.com/invoice/p/#7T6DC9A6WFH3XXCT

Once payment is confirmed, I’ll build the complete set around service highlights, FAQ-style education, and a clear next-step CTA unless you want me to prioritize something else.

– Anastaysia","It’s $100 total, one time — not per post and not monthly. You keep the 10 posts, custom graphics, customer follow-up messages, review/message replies and CTA copy.","The attached sample was made specifically for Works/San José around art gallery, exhibitions and community events. That is the direction I’d use for the finished set, and I’ll keep every piece tied to the actual services rather than generic filler.","I’d make the finished set around service highlights, FAQ-style education, and a clear next-step CTA. You receive the words + graphics ready to copy, post or reuse, so you do not have to design or write them yourself.","No problem. I’ll leave the sample with you. If timing changes, reply here and I can pick it back up. I won’t keep chasing you.","Hi Works/San José team — one quick follow-up on the private art gallery, exhibitions and community events sample I attached. If you want me to finish the full $100 set, reply YES. If not, no worries and I won’t follow up again.

– Anastaysia","Hi — I made a private art gallery, exhibitions and community events sample for Works/San José, but the public email I tried bounced. What business email should I send the preview to?

– Anastaysia","Thanks — payment is confirmed. I’m building the Works/San José package around service highlights, FAQ-style education, and a clear next-step CTA. I’ll send the finished files in this email thread when they’re ready.

– Anastaysia","Hi Works/San José team — your finished $100 content package is ready. I’ve organized the posts, graphics, follow-up copy, review/message replies and CTAs so they’re easy to reuse. If you want a different service emphasized in a future set, reply here.

– Anastaysia",New,,,
V5,62,123,Red Roots Landscape,"San Martin, CA",Landscape design and construction,82,Priority-ranked; timing is not guaranteed,office@red-roots.com,https://redroots.houzzsite.com/about,408-669-4689,https://redroots.houzzsite.com/about,2026-09-16,"Current business-owned Houzz site publishes San Martin location, office@red-roots.com and phone.",landscape design and construction,Red Roots presents design/build landscaping with professional affiliations and local San Martin contact; design-vs-build and project-readiness content can clarify its higher-consideration services.,"Red Roots presents design/build landscaping with professional affiliations and local San Martin contact; design-vs-build and project-readiness content can clarify its higher-consideration services. The $100 package is useful here because it turns those existing services into clear, reusable customer-facing content without requiring the business to write or design the pieces itself.",Private landscape design and construction sample for Red Roots Landscape,"Hi Red Roots Landscape team,

I was looking at your business and noticed red Roots presents design/build landscaping with professional affiliations and local San Martin contact; design-vs-build and project-readiness content can clarify its higher-consideration services. I made the attached private preview around that part of the business so you can judge the direction before spending anything.

For $100 one time, I can turn it into a complete done-for-you content pack. In plain English, you get:

• 10 ready-to-post Google / Facebook / social posts
• custom graphics made for Red Roots Landscape
• customer follow-up messages you can copy and paste
• review and customer-message reply templates
• stronger calls-to-action
• content built around your actual services
• everything organized and ready to use

No subscription and no contract. I’d build the first set around service explainers, project/repair education, and estimate or consultation CTAs.

Why it may be worth considering: you already have services worth explaining and showing; this package turns those existing strengths into content customers can actually see and understand.

If you like the sample, reply YES and I’ll finish the complete set.

If you already know you want it, the $100 PayPal invoice is here:
https://www.paypal.com/invoice/p/#7T6DC9A6WFH3XXCT

If you’d rather ask something first, just reply. If it isn’t useful, reply “no thanks” and I won’t keep following up.

Thanks,
Anastaysia",062-v5-red-roots-landscape.jpg,062-v5-red-roots-landscape.eml,"Absolutely — I can finish the full landscape design and construction content package for Red Roots Landscape. It’s $100 one time, with no subscription or contract. PayPal invoice: https://www.paypal.com/invoice/p/#7T6DC9A6WFH3XXCT

Once payment is confirmed, I’ll build the complete set around service explainers, project/repair education, and estimate or consultation CTAs unless you want me to prioritize something else.

– Anastaysia","It’s $100 total, one time — not per post and not monthly. You keep the 10 posts, custom graphics, customer follow-up messages, review/message replies and CTA copy.","The attached sample was made specifically for Red Roots Landscape around landscape design and construction. That is the direction I’d use for the finished set, and I’ll keep every piece tied to the actual services rather than generic filler.","I’d make the finished set around service explainers, project/repair education, and estimate or consultation CTAs. You receive the words + graphics ready to copy, post or reuse, so you do not have to design or write them yourself.","No problem. I’ll leave the sample with you. If timing changes, reply here and I can pick it back up. I won’t keep chasing you.","Hi Red Roots Landscape team — one quick follow-up on the private landscape design and construction sample I attached. If you want me to finish the full $100 set, reply YES. If not, no worries and I won’t follow up again.

– Anastaysia","Hi — I made a private landscape design and construction sample for Red Roots Landscape, but the public email I tried bounced. What business email should I send the preview to?

– Anastaysia","Thanks — payment is confirmed. I’m building the Red Roots Landscape package around service explainers, project/repair education, and estimate or consultation CTAs. I’ll send the finished files in this email thread when they’re ready.

– Anastaysia","Hi Red Roots Landscape team — your finished $100 content package is ready. I’ve organized the posts, graphics, follow-up copy, review/message replies and CTAs so they’re easy to reuse. If you want a different service emphasized in a future set, reply here.

– Anastaysia",New,,,
V5,63,125,CyberHAWKS,"Santa Clara, CA",Managed IT and cybersecurity,80,Priority-ranked; timing is not guaranteed,info@cyberhawks.com,https://www.cyberhawks.com/,669-900-4700,https://www.cyberhawks.com/,2026-09-13,"Current owned site lists 2445 Augustine Drive in Santa Clara, info@cyberhawks.com, phone, active 2026 articles and managed IT/security services.",managed it and cybersecurity,"CyberHAWKS publishes managed IT, help desk, cloud and network-security services for Bay Area businesses; a plain-English series comparing support options and onboarding can reduce uncertainty for small-business buyers.","CyberHAWKS publishes managed IT, help desk, cloud and network-security services for Bay Area businesses; a plain-English series comparing support options and onboarding can reduce uncertainty for small-business buyers. The $100 package is useful here because it turns those existing services into clear, reusable customer-facing content without requiring the business to write or design the pieces itself.",Private managed it and cybersecurity sample for CyberHAWKS,"Hi CyberHAWKS team,

I was looking at your business and noticed cyberHAWKS publishes managed IT, help desk, cloud and network-security services for Bay Area businesses; a plain-English series comparing support options and onboarding can reduce uncertainty for small-business buyers. I made the attached private preview around that part of the business so you can judge the direction before spending anything.

For $100 one time, I can turn it into a complete done-for-you content pack. In plain English, you get:

• 10 ready-to-post Google / Facebook / social posts
• custom graphics made for CyberHAWKS
• customer follow-up messages you can copy and paste
• review and customer-message reply templates
• stronger calls-to-action
• content built around your actual services
• everything organized and ready to use

No subscription and no contract. I’d build the first set around service highlights, FAQ-style education, and a clear next-step CTA.

Why it may be worth considering: you already have services worth explaining and showing; this package turns those existing strengths into content customers can actually see and understand.

If you like the sample, reply YES and I’ll finish the complete set.

If you already know you want it, the $100 PayPal invoice is here:
https://www.paypal.com/invoice/p/#7T6DC9A6WFH3XXCT

If you’d rather ask something first, just reply. If it isn’t useful, reply “no thanks” and I won’t keep following up.

Thanks,
Anastaysia",063-v5-cyberhawks.jpg,063-v5-cyberhawks.eml,"Absolutely — I can finish the full managed it and cybersecurity content package for CyberHAWKS. It’s $100 one time, with no subscription or contract. PayPal invoice: https://www.paypal.com/invoice/p/#7T6DC9A6WFH3XXCT

Once payment is confirmed, I’ll build the complete set around service highlights, FAQ-style education, and a clear next-step CTA unless you want me to prioritize something else.

– Anastaysia","It’s $100 total, one time — not per post and not monthly. You keep the 10 posts, custom graphics, customer follow-up messages, review/message replies and CTA copy.","The attached sample was made specifically for CyberHAWKS around managed it and cybersecurity. That is the direction I’d use for the finished set, and I’ll keep every piece tied to the actual services rather than generic filler.","I’d make the finished set around service highlights, FAQ-style education, and a clear next-step CTA. You receive the words + graphics ready to copy, post or reuse, so you do not have to design or write them yourself.","No problem. I’ll leave the sample with you. If timing changes, reply here and I can pick it back up. I won’t keep chasing you.","Hi CyberHAWKS team — one quick follow-up on the private managed it and cybersecurity sample I attached. If you want me to finish the full $100 set, reply YES. If not, no worries and I won’t follow up again.

– Anastaysia","Hi — I made a private managed it and cybersecurity sample for CyberHAWKS, but the public email I tried bounced. What business email should I send the preview to?

– Anastaysia","Thanks — payment is confirmed. I’m building the CyberHAWKS package around service highlights, FAQ-style education, and a clear next-step CTA. I’ll send the finished files in this email thread when they’re ready.

– Anastaysia","Hi CyberHAWKS team — your finished $100 content package is ready. I’ve organized the posts, graphics, follow-up copy, review/message replies and CTAs so they’re easy to reuse. If you want a different service emphasized in a future set, reply here.

– Anastaysia",New,,,
V5,64,127,Fluid Dynamics Plumbing,"San Jose, CA",Residential and commercial plumbing,80,Priority-ranked; timing is not guaranteed,info@fluiddynamicsplumbing.com,https://www.fluiddynamicsplumbing.com/,833-358-4378,https://www.fluiddynamicsplumbing.com/contact/,2026-09-13,"Current owned site lists 128 E St John St, San Jose, public email/phone, license 1139776, service categories and 2026 copyright.",residential and commercial plumbing,"Fluid Dynamics covers general plumbing, water heaters, drains, pipe/leak work and emergencies; service-triage and maintenance-vs-repair explainers can make a stressful purchase more understandable without inventing urgency.","Fluid Dynamics covers general plumbing, water heaters, drains, pipe/leak work and emergencies; service-triage and maintenance-vs-repair explainers can make a stressful purchase more understandable without inventing urgency. The $100 package is useful here because it turns those existing services into clear, reusable customer-facing content without requiring the business to write or design the pieces itself.",Private residential and commercial plumbing sample for Fluid Dynamics Plumbing,"Hi Fluid Dynamics Plumbing team,

I was looking at your business and noticed fluid Dynamics covers general plumbing, water heaters, drains, pipe/leak work and emergencies; service-triage and maintenance-vs-repair explainers can make a stressful purchase more understandable without inventing urgency. I made the attached private preview around that part of the business so you can judge the direction before spending anything.

For $100 one time, I can turn it into a complete done-for-you content pack. In plain English, you get:

• 10 ready-to-post Google / Facebook / social posts
• custom graphics made for Fluid Dynamics Plumbing
• customer follow-up messages you can copy and paste
• review and customer-message reply templates
• stronger calls-to-action
• content built around your actual services
• everything organized and ready to use

No subscription and no contract. I’d build the first set around service explainers, project/repair education, and estimate or consultation CTAs.

Why it may be worth considering: you already have services worth explaining and showing; this package turns those existing strengths into content customers can actually see and understand.

If you like the sample, reply YES and I’ll finish the complete set.

If you already know you want it, the $100 PayPal invoice is here:
https://www.paypal.com/invoice/p/#7T6DC9A6WFH3XXCT

If you’d rather ask something first, just reply. If it isn’t useful, reply “no thanks” and I won’t keep following up.

Thanks,
Anastaysia",064-v5-fluid-dynamics-plumbing.jpg,064-v5-fluid-dynamics-plumbing.eml,"Absolutely — I can finish the full residential and commercial plumbing content package for Fluid Dynamics Plumbing. It’s $100 one time, with no subscription or contract. PayPal invoice: https://www.paypal.com/invoice/p/#7T6DC9A6WFH3XXCT

Once payment is confirmed, I’ll build the complete set around service explainers, project/repair education, and estimate or consultation CTAs unless you want me to prioritize something else.

– Anastaysia","It’s $100 total, one time — not per post and not monthly. You keep the 10 posts, custom graphics, customer follow-up messages, review/message replies and CTA copy.","The attached sample was made specifically for Fluid Dynamics Plumbing around residential and commercial plumbing. That is the direction I’d use for the finished set, and I’ll keep every piece tied to the actual services rather than generic filler.","I’d make the finished set around service explainers, project/repair education, and estimate or consultation CTAs. You receive the words + graphics ready to copy, post or reuse, so you do not have to design or write them yourself.","No problem. I’ll leave the sample with you. If timing changes, reply here and I can pick it back up. I won’t keep chasing you.","Hi Fluid Dynamics Plumbing team — one quick follow-up on the private residential and commercial plumbing sample I attached. If you want me to finish the full $100 set, reply YES. If not, no worries and I won’t follow up again.

– Anastaysia","Hi — I made a private residential and commercial plumbing sample for Fluid Dynamics Plumbing, but the public email I tried bounced. What business email should I send the preview to?

– Anastaysia","Thanks — payment is confirmed. I’m building the Fluid Dynamics Plumbing package around service explainers, project/repair education, and estimate or consultation CTAs. I’ll send the finished files in this email thread when they’re ready.

– Anastaysia","Hi Fluid Dynamics Plumbing team — your finished $100 content package is ready. I’ve organized the posts, graphics, follow-up copy, review/message replies and CTAs so they’re easy to reuse. If you want a different service emphasized in a future set, reply here.

– Anastaysia",New,,,
V5,65,129,Imperia Roofing & Exteriors,"Santa Clara, CA",Roofing,80,Priority-ranked; timing is not guaranteed,info@imperiare.com,https://imperiare.com/,408-888-4885,https://imperiare.com/roofing/,stucco,decks,roofing,siding,"siding. The $100 package is useful here because it turns those existing services into clear, reusable customer-facing content without requiring the business to write or design the pieces itself.",Private roofing sample for Imperia Roofing & Exteriors,"Hi Imperia Roofing & Exteriors team,

I was looking at your business and noticed siding. I made the attached private preview around that part of the business so you can judge the direction before spending anything.

For $100 one time, I can turn it into a complete done-for-you content pack. In plain English, you get:

• 10 ready-to-post Google / Facebook / social posts
• custom graphics made for Imperia Roofing & Exteriors
• customer follow-up messages you can copy and paste
• review and customer-message reply templates
• stronger calls-to-action
• content built around your actual services
• everything organized and ready to use

No subscription and no contract. I’d build the first set around service explainers, project/repair education, and estimate or consultation CTAs.

Why it may be worth considering: you already have services worth explaining and showing; this package turns those existing strengths into content customers can actually see and understand.

If you like the sample, reply YES and I’ll finish the complete set.

If you already know you want it, the $100 PayPal invoice is here:
https://www.paypal.com/invoice/p/#7T6DC9A6WFH3XXCT

If you’d rather ask something first, just reply. If it isn’t useful, reply “no thanks” and I won’t keep following up.

Thanks,
Anastaysia",065-v5-imperia-roofing-exteriors.jpg,065-v5-imperia-roofing-exteriors.eml,"Absolutely — I can finish the full roofing content package for Imperia Roofing & Exteriors. It’s $100 one time, with no subscription or contract. PayPal invoice: https://www.paypal.com/invoice/p/#7T6DC9A6WFH3XXCT

Once payment is confirmed, I’ll build the complete set around service explainers, project/repair education, and estimate or consultation CTAs unless you want me to prioritize something else.

– Anastaysia","It’s $100 total, one time — not per post and not monthly. You keep the 10 posts, custom graphics, customer follow-up messages, review/message replies and CTA copy.","The attached sample was made specifically for Imperia Roofing & Exteriors around roofing. That is the direction I’d use for the finished set, and I’ll keep every piece tied to the actual services rather than generic filler.","I’d make the finished set around service explainers, project/repair education, and estimate or consultation CTAs. You receive the words + graphics ready to copy, post or reuse, so you do not have to design or write them yourself.","No problem. I’ll leave the sample with you. If timing changes, reply here and I can pick it back up. I won’t keep chasing you.","Hi Imperia Roofing & Exteriors team — one quick follow-up on the private roofing sample I attached. If you want me to finish the full $100 set, reply YES. If not, no worries and I won’t follow up again.

– Anastaysia","Hi — I made a private roofing sample for Imperia Roofing & Exteriors, but the public email I tried bounced. What business email should I send the preview to?

– Anastaysia","Thanks — payment is confirmed. I’m building the Imperia Roofing & Exteriors package around service explainers, project/repair education, and estimate or consultation CTAs. I’ll send the finished files in this email thread when they’re ready.

– Anastaysia","Hi Imperia Roofing & Exteriors team — your finished $100 content package is ready. I’ve organized the posts, graphics, follow-up copy, review/message replies and CTAs so they’re easy to reuse. If you want a different service emphasized in a future set, reply here.

– Anastaysia",New,,,
V5,66,131,Termite Biz,"Morgan Hill, CA","Termite inspection, home inspection and pest services",80,Priority-ranked; timing is not guaranteed,info@termitebiz.com,https://termitebiz.com/,800-840-5621,https://termitebiz.com/,2026-09-13,"Current public owned site lists Morgan Hill mailing address, public email/phone, license information and inspection/extermination services.","termite inspection, home inspection and pest services","Termite Biz combines home inspection and termite/extermination services; educational content around inspection timing, what an inspection covers and repair/remedy categories can reduce confusion without making fear-based pest claims.","Termite Biz combines home inspection and termite/extermination services; educational content around inspection timing, what an inspection covers and repair/remedy categories can reduce confusion without making fear-based pest claims. The $100 package is useful here because it turns those existing services into clear, reusable customer-facing content without requiring the business to write or design the pieces itself.","Private termite inspection, home inspection and pest services sample for Termite Biz","Hi Termite Biz team,

I was looking at your business and noticed termite Biz combines home inspection and termite/extermination services; educational content around inspection timing, what an inspection covers and repair/remedy categories can reduce confusion without making fear-based pest claims. I made the attached private preview around that part of the business so you can judge the direction before spending anything.

For $100 one time, I can turn it into a complete done-for-you content pack. In plain English, you get:

• 10 ready-to-post Google / Facebook / social posts
• custom graphics made for Termite Biz
• customer follow-up messages you can copy and paste
• review and customer-message reply templates
• stronger calls-to-action
• content built around your actual services
• everything organized and ready to use

No subscription and no contract. I’d build the first set around service explainers, project/repair education, and estimate or consultation CTAs.

Why it may be worth considering: you already have services worth explaining and showing; this package turns those existing strengths into content customers can actually see and understand.

If you like the sample, reply YES and I’ll finish the complete set.

If you already know you want it, the $100 PayPal invoice is here:
https://www.paypal.com/invoice/p/#7T6DC9A6WFH3XXCT

If you’d rather ask something first, just reply. If it isn’t useful, reply “no thanks” and I won’t keep following up.

Thanks,
Anastaysia",066-v5-termite-biz.jpg,066-v5-termite-biz.eml,"Absolutely — I can finish the full termite inspection, home inspection and pest services content package for Termite Biz. It’s $100 one time, with no subscription or contract. PayPal invoice: https://www.paypal.com/invoice/p/#7T6DC9A6WFH3XXCT

Once payment is confirmed, I’ll build the complete set around service explainers, project/repair education, and estimate or consultation CTAs unless you want me to prioritize something else.

– Anastaysia","It’s $100 total, one time — not per post and not monthly. You keep the 10 posts, custom graphics, customer follow-up messages, review/message replies and CTA copy.","The attached sample was made specifically for Termite Biz around termite inspection, home inspection and pest services. That is the direction I’d use for the finished set, and I’ll keep every piece tied to the actual services rather than generic filler.","I’d make the finished set around service explainers, project/repair education, and estimate or consultation CTAs. You receive the words + graphics ready to copy, post or reuse, so you do not have to design or write them yourself.","No problem. I’ll leave the sample with you. If timing changes, reply here and I can pick it back up. I won’t keep chasing you.","Hi Termite Biz team — one quick follow-up on the private termite inspection, home inspection and pest services sample I attached. If you want me to finish the full $100 set, reply YES. If not, no worries and I won’t follow up again.

– Anastaysia","Hi — I made a private termite inspection, home inspection and pest services sample for Termite Biz, but the public email I tried bounced. What business email should I send the preview to?

– Anastaysia","Thanks — payment is confirmed. I’m building the Termite Biz package around service explainers, project/repair education, and estimate or consultation CTAs. I’ll send the finished files in this email thread when they’re ready.

– Anastaysia","Hi Termite Biz team — your finished $100 content package is ready. I’ve organized the posts, graphics, follow-up copy, review/message replies and CTAs so they’re easy to reuse. If you want a different service emphasized in a future set, reply here.

– Anastaysia",New,,,
V5,67,133,Cal West Fence,"San Martin, CA",Fencing,78,Priority-ranked; timing is not guaranteed,accounting@calwestfence.com,,,https://www.cusdk8.org/fs/resource-manager/view/ce90e6dd-ad5b-4546-8e73-3f3e726a2b0a,2026-09-13,Accepted in the canonical seed gate from the current 2026 contractor source; public business email retained exactly as published.,fencing,"The current contractor source lists Cal West Fence in San Martin, CA for Fencing; a concise capability and project-readiness content set can help prospective buyers understand what the business handles before an inquiry.","The current contractor source lists Cal West Fence in San Martin, CA for Fencing; a concise capability and project-readiness content set can help prospective buyers understand what the business handles before an inquiry. The $100 package is useful here because it turns those existing services into clear, reusable customer-facing content without requiring the business to write or design the pieces itself.",Private fencing sample for Cal West Fence,"Hi Cal West Fence team,

I was looking at your business and noticed the current contractor source lists Cal West Fence in San Martin, CA for Fencing; a concise capability and project-readiness content set can help prospective buyers understand what the business handles before an inquiry. I made the attached private preview around that part of the business so you can judge the direction before spending anything.

For $100 one time, I can turn it into a complete done-for-you content pack. In plain English, you get:

• 10 ready-to-post Google / Facebook / social posts
• custom graphics made for Cal West Fence
• customer follow-up messages you can copy and paste
• review and customer-message reply templates
• stronger calls-to-action
• content built around your actual services
• everything organized and ready to use

No subscription and no contract. I’d build the first set around service highlights, FAQ-style education, and a clear next-step CTA.

Why it may be worth considering: you already have services worth explaining and showing; this package turns those existing strengths into content customers can actually see and understand.

If you like the sample, reply YES and I’ll finish the complete set.

If you already know you want it, the $100 PayPal invoice is here:
https://www.paypal.com/invoice/p/#7T6DC9A6WFH3XXCT

If you’d rather ask something first, just reply. If it isn’t useful, reply “no thanks” and I won’t keep following up.

Thanks,
Anastaysia",067-v5-cal-west-fence.jpg,067-v5-cal-west-fence.eml,"Absolutely — I can finish the full fencing content package for Cal West Fence. It’s $100 one time, with no subscription or contract. PayPal invoice: https://www.paypal.com/invoice/p/#7T6DC9A6WFH3XXCT

Once payment is confirmed, I’ll build the complete set around service highlights, FAQ-style education, and a clear next-step CTA unless you want me to prioritize something else.

– Anastaysia","It’s $100 total, one time — not per post and not monthly. You keep the 10 posts, custom graphics, customer follow-up messages, review/message replies and CTA copy.","The attached sample was made specifically for Cal West Fence around fencing. That is the direction I’d use for the finished set, and I’ll keep every piece tied to the actual services rather than generic filler.","I’d make the finished set around service highlights, FAQ-style education, and a clear next-step CTA. You receive the words + graphics ready to copy, post or reuse, so you do not have to design or write them yourself.","No problem. I’ll leave the sample with you. If timing changes, reply here and I can pick it back up. I won’t keep chasing you.","Hi Cal West Fence team — one quick follow-up on the private fencing sample I attached. If you want me to finish the full $100 set, reply YES. If not, no worries and I won’t follow up again.

– Anastaysia","Hi — I made a private fencing sample for Cal West Fence, but the public email I tried bounced. What business email should I send the preview to?

– Anastaysia","Thanks — payment is confirmed. I’m building the Cal West Fence package around service highlights, FAQ-style education, and a clear next-step CTA. I’ll send the finished files in this email thread when they’re ready.

– Anastaysia","Hi Cal West Fence team — your finished $100 content package is ready. I’ve organized the posts, graphics, follow-up copy, review/message replies and CTAs so they’re easy to reuse. If you want a different service emphasized in a future set, reply here.

– Anastaysia",New,,,
V5,68,135,PLM Productions,"Los Altos, CA","DJ, lighting, photo and video production",78,Priority-ranked; timing is not guaranteed,plmproductions@mac.com,https://www.plmproductions.com/,831-345-0130,https://www.plmproductions.com/,2026-09-15,,"dj, lighting, photo and video production","PLM combines DJ, lighting, photo and video services; event-type and package-comparison content can explain which production mix fits a client.","PLM combines DJ, lighting, photo and video services; event-type and package-comparison content can explain which production mix fits a client. The $100 package is useful here because it turns those existing services into clear, reusable customer-facing content without requiring the business to write or design the pieces itself.","Private dj, lighting, photo and video production sample for PLM Productions","Hi PLM Productions team,

I was looking at your business and noticed pLM combines DJ, lighting, photo and video services; event-type and package-comparison content can explain which production mix fits a client. I made the attached private preview around that part of the business so you can judge the direction before spending anything.

For $100 one time, I can turn it into a complete done-for-you content pack. In plain English, you get:

• 10 ready-to-post Google / Facebook / social posts
• custom graphics made for PLM Productions
• customer follow-up messages you can copy and paste
• review and customer-message reply templates
• stronger calls-to-action
• content built around your actual services
• everything organized and ready to use

No subscription and no contract. I’d build the first set around service highlights, FAQ-style education, and a clear next-step CTA.

Why it may be worth considering: you already have services worth explaining and showing; this package turns those existing strengths into content customers can actually see and understand.

If you like the sample, reply YES and I’ll finish the complete set.

If you already know you want it, the $100 PayPal invoice is here:
https://www.paypal.com/invoice/p/#7T6DC9A6WFH3XXCT

If you’d rather ask something first, just reply. If it isn’t useful, reply “no thanks” and I won’t keep following up.

Thanks,
Anastaysia",068-v5-plm-productions.jpg,068-v5-plm-productions.eml,"Absolutely — I can finish the full dj, lighting, photo and video production content package for PLM Productions. It’s $100 one time, with no subscription or contract. PayPal invoice: https://www.paypal.com/invoice/p/#7T6DC9A6WFH3XXCT

Once payment is confirmed, I’ll build the complete set around service highlights, FAQ-style education, and a clear next-step CTA unless you want me to prioritize something else.

– Anastaysia","It’s $100 total, one time — not per post and not monthly. You keep the 10 posts, custom graphics, customer follow-up messages, review/message replies and CTA copy.","The attached sample was made specifically for PLM Productions around dj, lighting, photo and video production. That is the direction I’d use for the finished set, and I’ll keep every piece tied to the actual services rather than generic filler.","I’d make the finished set around service highlights, FAQ-style education, and a clear next-step CTA. You receive the words + graphics ready to copy, post or reuse, so you do not have to design or write them yourself.","No problem. I’ll leave the sample with you. If timing changes, reply here and I can pick it back up. I won’t keep chasing you.","Hi PLM Productions team — one quick follow-up on the private dj, lighting, photo and video production sample I attached. If you want me to finish the full $100 set, reply YES. If not, no worries and I won’t follow up again.

– Anastaysia","Hi — I made a private dj, lighting, photo and video production sample for PLM Productions, but the public email I tried bounced. What business email should I send the preview to?

– Anastaysia","Thanks — payment is confirmed. I’m building the PLM Productions package around service highlights, FAQ-style education, and a clear next-step CTA. I’ll send the finished files in this email thread when they’re ready.

– Anastaysia","Hi PLM Productions team — your finished $100 content package is ready. I’ve organized the posts, graphics, follow-up copy, review/message replies and CTAs so they’re easy to reuse. If you want a different service emphasized in a future set, reply here.

– Anastaysia",New,,,
V5,69,137,AJ Tutoring,"Santa Clara County / South Bay, CA",Tutoring and admissions counseling,77,Priority-ranked; timing is not guaranteed,info@ajtutoring.com,https://www.ajtutoring.com/,(408) 345-5200,https://www.ajtutoring.com/meet-our-team/,2026-09-16,Current owned team/contact page publishes info@ajtutoring.com and South Bay contact line.,tutoring and admissions counseling,"Current owned site operates multiple Santa Clara County tutoring centers with academic tutoring, test prep, admissions counseling and free consultations; service-selection and consultation guidance can simplify a complex offer.","Current owned site operates multiple Santa Clara County tutoring centers with academic tutoring, test prep, admissions counseling and free consultations; service-selection and consultation guidance can simplify a complex offer. The $100 package is useful here because it turns those existing services into clear, reusable customer-facing content without requiring the business to write or design the pieces itself.",Private tutoring and admissions counseling sample for AJ Tutoring,"Hi AJ Tutoring team,

I was looking at your business and noticed current owned site operates multiple Santa Clara County tutoring centers with academic tutoring, test prep, admissions counseling and free consultations; service-selection and consultation guidance can simplify a complex offer. I made the attached private preview around that part of the business so you can judge the direction before spending anything.

For $100 one time, I can turn it into a complete done-for-you content pack. In plain English, you get:

• 10 ready-to-post Google / Facebook / social posts
• custom graphics made for AJ Tutoring
• customer follow-up messages you can copy and paste
• review and customer-message reply templates
• stronger calls-to-action
• content built around your actual services
• everything organized and ready to use

No subscription and no contract. I’d build the first set around program/service selection, first-visit guidance, and booking CTAs.

Why it may be worth considering: you already have services worth explaining and showing; this package turns those existing strengths into content customers can actually see and understand.

If you like the sample, reply YES and I’ll finish the complete set.

If you already know you want it, the $100 PayPal invoice is here:
https://www.paypal.com/invoice/p/#7T6DC9A6WFH3XXCT

If you’d rather ask something first, just reply. If it isn’t useful, reply “no thanks” and I won’t keep following up.

Thanks,
Anastaysia",069-v5-aj-tutoring.jpg,069-v5-aj-tutoring.eml,"Absolutely — I can finish the full tutoring and admissions counseling content package for AJ Tutoring. It’s $100 one time, with no subscription or contract. PayPal invoice: https://www.paypal.com/invoice/p/#7T6DC9A6WFH3XXCT

Once payment is confirmed, I’ll build the complete set around program/service selection, first-visit guidance, and booking CTAs unless you want me to prioritize something else.

– Anastaysia","It’s $100 total, one time — not per post and not monthly. You keep the 10 posts, custom graphics, customer follow-up messages, review/message replies and CTA copy.","The attached sample was made specifically for AJ Tutoring around tutoring and admissions counseling. That is the direction I’d use for the finished set, and I’ll keep every piece tied to the actual services rather than generic filler.","I’d make the finished set around program/service selection, first-visit guidance, and booking CTAs. You receive the words + graphics ready to copy, post or reuse, so you do not have to design or write them yourself.","No problem. I’ll leave the sample with you. If timing changes, reply here and I can pick it back up. I won’t keep chasing you.","Hi AJ Tutoring team — one quick follow-up on the private tutoring and admissions counseling sample I attached. If you want me to finish the full $100 set, reply YES. If not, no worries and I won’t follow up again.

– Anastaysia","Hi — I made a private tutoring and admissions counseling sample for AJ Tutoring, but the public email I tried bounced. What business email should I send the preview to?

– Anastaysia","Thanks — payment is confirmed. I’m building the AJ Tutoring package around program/service selection, first-visit guidance, and booking CTAs. I’ll send the finished files in this email thread when they’re ready.

– Anastaysia","Hi AJ Tutoring team — your finished $100 content package is ready. I’ve organized the posts, graphics, follow-up copy, review/message replies and CTAs so they’re easy to reuse. If you want a different service emphasized in a future set, reply here.

– Anastaysia",New,,,
V5,70,139,"Argonaut Window & Door, Inc.","Campbell, CA","Window and door sales, design and installation support",77,Priority-ranked; timing is not guaranteed,info@argowin.com,https://www.argowin.com/,800-430-7535,https://www.argowin.com/,2026-09-13,"Current owned site lists a Campbell corporate office at 1901 S Bascom Ave, info@argowin.com, 1-800-430-7535, 40+ years in the category and multiple Bay Area showrooms.","window and door sales, design and installation support","Argonaut serves architects, builders and homeowners through multiple showrooms and quote paths; project-type, material-choice and showroom/quote content could turn a broad catalog into easier customer decisions.","Argonaut serves architects, builders and homeowners through multiple showrooms and quote paths; project-type, material-choice and showroom/quote content could turn a broad catalog into easier customer decisions. The $100 package is useful here because it turns those existing services into clear, reusable customer-facing content without requiring the business to write or design the pieces itself.","Private window and door sales, design and installation support sample for Argonaut Window & Door, Inc.","Hi Argonaut Window & Door, Inc. team,

I was looking at your business and noticed argonaut serves architects, builders and homeowners through multiple showrooms and quote paths; project-type, material-choice and showroom/quote content could turn a broad catalog into easier customer decisions. I made the attached private preview around that part of the business so you can judge the direction before spending anything.

For $100 one time, I can turn it into a complete done-for-you content pack. In plain English, you get:

• 10 ready-to-post Google / Facebook / social posts
• custom graphics made for Argonaut Window & Door, Inc.
• customer follow-up messages you can copy and paste
• review and customer-message reply templates
• stronger calls-to-action
• content built around your actual services
• everything organized and ready to use

No subscription and no contract. I’d build the first set around service highlights, FAQ-style education, and a clear next-step CTA.

Why it may be worth considering: you already have services worth explaining and showing; this package turns those existing strengths into content customers can actually see and understand.

If you like the sample, reply YES and I’ll finish the complete set.

If you already know you want it, the $100 PayPal invoice is here:
https://www.paypal.com/invoice/p/#7T6DC9A6WFH3XXCT

If you’d rather ask something first, just reply. If it isn’t useful, reply “no thanks” and I won’t keep following up.

Thanks,
Anastaysia",070-v5-argonaut-window-door-inc.jpg,070-v5-argonaut-window-door-inc.eml,"Absolutely — I can finish the full window and door sales, design and installation support content package for Argonaut Window & Door, Inc.. It’s $100 one time, with no subscription or contract. PayPal invoice: https://www.paypal.com/invoice/p/#7T6DC9A6WFH3XXCT

Once payment is confirmed, I’ll build the complete set around service highlights, FAQ-style education, and a clear next-step CTA unless you want me to prioritize something else.

– Anastaysia","It’s $100 total, one time — not per post and not monthly. You keep the 10 posts, custom graphics, customer follow-up messages, review/message replies and CTA copy.","The attached sample was made specifically for Argonaut Window & Door, Inc. around window and door sales, design and installation support. That is the direction I’d use for the finished set, and I’ll keep every piece tied to the actual services rather than generic filler.","I’d make the finished set around service highlights, FAQ-style education, and a clear next-step CTA. You receive the words + graphics ready to copy, post or reuse, so you do not have to design or write them yourself.","No problem. I’ll leave the sample with you. If timing changes, reply here and I can pick it back up. I won’t keep chasing you.","Hi Argonaut Window & Door, Inc. team — one quick follow-up on the private window and door sales, design and installation support sample I attached. If you want me to finish the full $100 set, reply YES. If not, no worries and I won’t follow up again.

– Anastaysia","Hi — I made a private window and door sales, design and installation support sample for Argonaut Window & Door, Inc., but the public email I tried bounced. What business email should I send the preview to?

– Anastaysia","Thanks — payment is confirmed. I’m building the Argonaut Window & Door, Inc. package around service highlights, FAQ-style education, and a clear next-step CTA. I’ll send the finished files in this email thread when they’re ready.

– Anastaysia","Hi Argonaut Window & Door, Inc. team — your finished $100 content package is ready. I’ve organized the posts, graphics, follow-up copy, review/message replies and CTAs so they’re easy to reuse. If you want a different service emphasized in a future set, reply here.

– Anastaysia",New,,,
V5,71,141,Attune-iN,"Palo Alto, CA","Coaching, consulting and workshops",77,Priority-ranked; timing is not guaranteed,info@attune-in.com,https://attune-in.com/,650-799-6066,https://attune-in.com/,2026-09-15,Current owned site lists Palo Alto contact information and active service offerings; marketing angle remains non-guaranteed and educational.,"coaching, consulting and workshops","Attune-iN offers coaching/consulting-style services where process, audience-fit and first-session expectations can be explained without promising personal or business outcomes.","Attune-iN offers coaching/consulting-style services where process, audience-fit and first-session expectations can be explained without promising personal or business outcomes. The $100 package is useful here because it turns those existing services into clear, reusable customer-facing content without requiring the business to write or design the pieces itself.","Private coaching, consulting and workshops sample for Attune-iN","Hi Attune-iN team,

I was looking at your business and noticed attune-iN offers coaching/consulting-style services where process, audience-fit and first-session expectations can be explained without promising personal or business outcomes. I made the attached private preview around that part of the business so you can judge the direction before spending anything.

For $100 one time, I can turn it into a complete done-for-you content pack. In plain English, you get:

• 10 ready-to-post Google / Facebook / social posts
• custom graphics made for Attune-iN
• customer follow-up messages you can copy and paste
• review and customer-message reply templates
• stronger calls-to-action
• content built around your actual services
• everything organized and ready to use

No subscription and no contract. I’d build the first set around service highlights, FAQ-style education, and a clear next-step CTA.

Why it may be worth considering: you already have services worth explaining and showing; this package turns those existing strengths into content customers can actually see and understand.

If you like the sample, reply YES and I’ll finish the complete set.

If you already know you want it, the $100 PayPal invoice is here:
https://www.paypal.com/invoice/p/#7T6DC9A6WFH3XXCT

If you’d rather ask something first, just reply. If it isn’t useful, reply “no thanks” and I won’t keep following up.

Thanks,
Anastaysia",071-v5-attune-in.jpg,071-v5-attune-in.eml,"Absolutely — I can finish the full coaching, consulting and workshops content package for Attune-iN. It’s $100 one time, with no subscription or contract. PayPal invoice: https://www.paypal.com/invoice/p/#7T6DC9A6WFH3XXCT

Once payment is confirmed, I’ll build the complete set around service highlights, FAQ-style education, and a clear next-step CTA unless you want me to prioritize something else.

– Anastaysia","It’s $100 total, one time — not per post and not monthly. You keep the 10 posts, custom graphics, customer follow-up messages, review/message replies and CTA copy.","The attached sample was made specifically for Attune-iN around coaching, consulting and workshops. That is the direction I’d use for the finished set, and I’ll keep every piece tied to the actual services rather than generic filler.","I’d make the finished set around service highlights, FAQ-style education, and a clear next-step CTA. You receive the words + graphics ready to copy, post or reuse, so you do not have to design or write them yourself.","No problem. I’ll leave the sample with you. If timing changes, reply here and I can pick it back up. I won’t keep chasing you.","Hi Attune-iN team — one quick follow-up on the private coaching, consulting and workshops sample I attached. If you want me to finish the full $100 set, reply YES. If not, no worries and I won’t follow up again.

– Anastaysia","Hi — I made a private coaching, consulting and workshops sample for Attune-iN, but the public email I tried bounced. What business email should I send the preview to?

– Anastaysia","Thanks — payment is confirmed. I’m building the Attune-iN package around service highlights, FAQ-style education, and a clear next-step CTA. I’ll send the finished files in this email thread when they’re ready.

– Anastaysia","Hi Attune-iN team — your finished $100 content package is ready. I’ve organized the posts, graphics, follow-up copy, review/message replies and CTAs so they’re easy to reuse. If you want a different service emphasized in a future set, reply here.

– Anastaysia",New,,,
V5,72,143,BNO Builders,"San Jose, CA",General Building,77,Priority-ranked; timing is not guaranteed,bids@bnobuilders.com,,,https://www.cusdk8.org/fs/resource-manager/view/ce90e6dd-ad5b-4546-8e73-3f3e726a2b0a,2026-09-13,Accepted in the canonical seed gate from the current 2026 contractor source; public business email retained exactly as published.,general building,"The current contractor source lists BNO Builders in San Jose, CA for General Building; a concise capability and project-readiness content set can help prospective buyers understand what the business handles before an inquiry.","The current contractor source lists BNO Builders in San Jose, CA for General Building; a concise capability and project-readiness content set can help prospective buyers understand what the business handles before an inquiry. The $100 package is useful here because it turns those existing services into clear, reusable customer-facing content without requiring the business to write or design the pieces itself.",Private general building sample for BNO Builders,"Hi BNO Builders team,

I was looking at your business and noticed the current contractor source lists BNO Builders in San Jose, CA for General Building; a concise capability and project-readiness content set can help prospective buyers understand what the business handles before an inquiry. I made the attached private preview around that part of the business so you can judge the direction before spending anything.

For $100 one time, I can turn it into a complete done-for-you content pack. In plain English, you get:

• 10 ready-to-post Google / Facebook / social posts
• custom graphics made for BNO Builders
• customer follow-up messages you can copy and paste
• review and customer-message reply templates
• stronger calls-to-action
• content built around your actual services
• everything organized and ready to use

No subscription and no contract. I’d build the first set around service highlights, FAQ-style education, and a clear next-step CTA.

Why it may be worth considering: you already have services worth explaining and showing; this package turns those existing strengths into content customers can actually see and understand.

If you like the sample, reply YES and I’ll finish the complete set.

If you already know you want it, the $100 PayPal invoice is here:
https://www.paypal.com/invoice/p/#7T6DC9A6WFH3XXCT

If you’d rather ask something first, just reply. If it isn’t useful, reply “no thanks” and I won’t keep following up.

Thanks,
Anastaysia",072-v5-bno-builders.jpg,072-v5-bno-builders.eml,"Absolutely — I can finish the full general building content package for BNO Builders. It’s $100 one time, with no subscription or contract. PayPal invoice: https://www.paypal.com/invoice/p/#7T6DC9A6WFH3XXCT

Once payment is confirmed, I’ll build the complete set around service highlights, FAQ-style education, and a clear next-step CTA unless you want me to prioritize something else.

– Anastaysia","It’s $100 total, one time — not per post and not monthly. You keep the 10 posts, custom graphics, customer follow-up messages, review/message replies and CTA copy.","The attached sample was made specifically for BNO Builders around general building. That is the direction I’d use for the finished set, and I’ll keep every piece tied to the actual services rather than generic filler.","I’d make the finished set around service highlights, FAQ-style education, and a clear next-step CTA. You receive the words + graphics ready to copy, post or reuse, so you do not have to design or write them yourself.","No problem. I’ll leave the sample with you. If timing changes, reply here and I can pick it back up. I won’t keep chasing you.","Hi BNO Builders team — one quick follow-up on the private general building sample I attached. If you want me to finish the full $100 set, reply YES. If not, no worries and I won’t follow up again.

– Anastaysia","Hi — I made a private general building sample for BNO Builders, but the public email I tried bounced. What business email should I send the preview to?

– Anastaysia","Thanks — payment is confirmed. I’m building the BNO Builders package around service highlights, FAQ-style education, and a clear next-step CTA. I’ll send the finished files in this email thread when they’re ready.

– Anastaysia","Hi BNO Builders team — your finished $100 content package is ready. I’ve organized the posts, graphics, follow-up copy, review/message replies and CTAs so they’re easy to reuse. If you want a different service emphasized in a future set, reply here.

– Anastaysia",New,,,
V5,73,145,Busy Bloomin,"Santa Clara, CA",Floral arrangements and events,77,Priority-ranked; timing is not guaranteed,events@busybloomin.com,https://www.busybloomin.com/,,https://www.busybloomin.com/,2026-09-15,,floral arrangements and events,"Busy Bloomin combines local floral ordering with event work; occasion, delivery/pickup and event-floral content can make the available paths.","Busy Bloomin combines local floral ordering with event work; occasion, delivery/pickup and event-floral content can make the available paths. The $100 package is useful here because it turns those existing services into clear, reusable customer-facing content without requiring the business to write or design the pieces itself.",Private floral arrangements and events sample for Busy Bloomin,"Hi Busy Bloomin team,

I was looking at your business and noticed busy Bloomin combines local floral ordering with event work; occasion, delivery/pickup and event-floral content can make the available paths. I made the attached private preview around that part of the business so you can judge the direction before spending anything.

For $100 one time, I can turn it into a complete done-for-you content pack. In plain English, you get:

• 10 ready-to-post Google / Facebook / social posts
• custom graphics made for Busy Bloomin
• customer follow-up messages you can copy and paste
• review and customer-message reply templates
• stronger calls-to-action
• content built around your actual services
• everything organized and ready to use

No subscription and no contract. I’d build the first set around service highlights, FAQ-style education, and a clear next-step CTA.

Why it may be worth considering: you already have services worth explaining and showing; this package turns those existing strengths into content customers can actually see and understand.

If you like the sample, reply YES and I’ll finish the complete set.

If you already know you want it, the $100 PayPal invoice is here:
https://www.paypal.com/invoice/p/#7T6DC9A6WFH3XXCT

If you’d rather ask something first, just reply. If it isn’t useful, reply “no thanks” and I won’t keep following up.

Thanks,
Anastaysia",073-v5-busy-bloomin.jpg,073-v5-busy-bloomin.eml,"Absolutely — I can finish the full floral arrangements and events content package for Busy Bloomin. It’s $100 one time, with no subscription or contract. PayPal invoice: https://www.paypal.com/invoice/p/#7T6DC9A6WFH3XXCT

Once payment is confirmed, I’ll build the complete set around service highlights, FAQ-style education, and a clear next-step CTA unless you want me to prioritize something else.

– Anastaysia","It’s $100 total, one time — not per post and not monthly. You keep the 10 posts, custom graphics, customer follow-up messages, review/message replies and CTA copy.","The attached sample was made specifically for Busy Bloomin around floral arrangements and events. That is the direction I’d use for the finished set, and I’ll keep every piece tied to the actual services rather than generic filler.","I’d make the finished set around service highlights, FAQ-style education, and a clear next-step CTA. You receive the words + graphics ready to copy, post or reuse, so you do not have to design or write them yourself.","No problem. I’ll leave the sample with you. If timing changes, reply here and I can pick it back up. I won’t keep chasing you.","Hi Busy Bloomin team — one quick follow-up on the private floral arrangements and events sample I attached. If you want me to finish the full $100 set, reply YES. If not, no worries and I won’t follow up again.

– Anastaysia","Hi — I made a private floral arrangements and events sample for Busy Bloomin, but the public email I tried bounced. What business email should I send the preview to?

– Anastaysia","Thanks — payment is confirmed. I’m building the Busy Bloomin package around service highlights, FAQ-style education, and a clear next-step CTA. I’ll send the finished files in this email thread when they’re ready.

– Anastaysia","Hi Busy Bloomin team — your finished $100 content package is ready. I’ve organized the posts, graphics, follow-up copy, review/message replies and CTAs so they’re easy to reuse. If you want a different service emphasized in a future set, reply here.

– Anastaysia",New,,,
V5,74,147,Centonove,"Los Gatos, CA","Restaurant, catering and events",77,Priority-ranked; timing is not guaranteed,info@centonovelosgatos.com,https://centonovelosgatos.com/,408-384-4007,https://centonovelosgatos.com/,2026-09-15,Current owned site lists Los Gatos contact information and active dining/event paths.,"restaurant, catering and events",Centonove combines dining with catering/event options; menu/occasion and event-inquiry content provides specific visual and conversion-oriented material.,"Centonove combines dining with catering/event options; menu/occasion and event-inquiry content provides specific visual and conversion-oriented material. The $100 package is useful here because it turns those existing services into clear, reusable customer-facing content without requiring the business to write or design the pieces itself.","Private restaurant, catering and events sample for Centonove","Hi Centonove team,

I was looking at your business and noticed centonove combines dining with catering/event options; menu/occasion and event-inquiry content provides specific visual and conversion-oriented material. I made the attached private preview around that part of the business so you can judge the direction before spending anything.

For $100 one time, I can turn it into a complete done-for-you content pack. In plain English, you get:

• 10 ready-to-post Google / Facebook / social posts
• custom graphics made for Centonove
• customer follow-up messages you can copy and paste
• review and customer-message reply templates
• stronger calls-to-action
• content built around your actual services
• everything organized and ready to use

No subscription and no contract. I’d build the first set around menu/service highlights, event or ordering guidance, and local customer CTAs.

Why it may be worth considering: you already have services worth explaining and showing; this package turns those existing strengths into content customers can actually see and understand.

If you like the sample, reply YES and I’ll finish the complete set.

If you already know you want it, the $100 PayPal invoice is here:
https://www.paypal.com/invoice/p/#7T6DC9A6WFH3XXCT

If you’d rather ask something first, just reply. If it isn’t useful, reply “no thanks” and I won’t keep following up.

Thanks,
Anastaysia",074-v5-centonove.jpg,074-v5-centonove.eml,"Absolutely — I can finish the full restaurant, catering and events content package for Centonove. It’s $100 one time, with no subscription or contract. PayPal invoice: https://www.paypal.com/invoice/p/#7T6DC9A6WFH3XXCT

Once payment is confirmed, I’ll build the complete set around menu/service highlights, event or ordering guidance, and local customer CTAs unless you want me to prioritize something else.

– Anastaysia","It’s $100 total, one time — not per post and not monthly. You keep the 10 posts, custom graphics, customer follow-up messages, review/message replies and CTA copy.","The attached sample was made specifically for Centonove around restaurant, catering and events. That is the direction I’d use for the finished set, and I’ll keep every piece tied to the actual services rather than generic filler.","I’d make the finished set around menu/service highlights, event or ordering guidance, and local customer CTAs. You receive the words + graphics ready to copy, post or reuse, so you do not have to design or write them yourself.","No problem. I’ll leave the sample with you. If timing changes, reply here and I can pick it back up. I won’t keep chasing you.","Hi Centonove team — one quick follow-up on the private restaurant, catering and events sample I attached. If you want me to finish the full $100 set, reply YES. If not, no worries and I won’t follow up again.

– Anastaysia","Hi — I made a private restaurant, catering and events sample for Centonove, but the public email I tried bounced. What business email should I send the preview to?

– Anastaysia","Thanks — payment is confirmed. I’m building the Centonove package around menu/service highlights, event or ordering guidance, and local customer CTAs. I’ll send the finished files in this email thread when they’re ready.

– Anastaysia","Hi Centonove team — your finished $100 content package is ready. I’ve organized the posts, graphics, follow-up copy, review/message replies and CTAs so they’re easy to reuse. If you want a different service emphasized in a future set, reply here.

– Anastaysia",New,,,
V5,75,149,Choc Cookies,"Santa Clara, CA",Bakery catering and wholesale,77,Priority-ranked; timing is not guaranteed,support@choccookies.com,https://choccookies.com/,,https://choccookies.com/connect,2026-09-16,Current owned connect page publishes support@choccookies.com and current catering/large-order and partnership paths.,bakery catering and wholesale,"Choc Cookies promotes catering for offices, schools, parties and community events plus wholesale partnerships; occasion-based, catering and partnership content offers several concrete paths beyond walk-in purchases.","Choc Cookies promotes catering for offices, schools, parties and community events plus wholesale partnerships; occasion-based, catering and partnership content offers several concrete paths beyond walk-in purchases. The $100 package is useful here because it turns those existing services into clear, reusable customer-facing content without requiring the business to write or design the pieces itself.",Private bakery catering and wholesale sample for Choc Cookies,"Hi Choc Cookies team,

I was looking at your business and noticed choc Cookies promotes catering for offices, schools, parties and community events plus wholesale partnerships; occasion-based, catering and partnership content offers several concrete paths beyond walk-in purchases. I made the attached private preview around that part of the business so you can judge the direction before spending anything.

For $100 one time, I can turn it into a complete done-for-you content pack. In plain English, you get:

• 10 ready-to-post Google / Facebook / social posts
• custom graphics made for Choc Cookies
• customer follow-up messages you can copy and paste
• review and customer-message reply templates
• stronger calls-to-action
• content built around your actual services
• everything organized and ready to use

No subscription and no contract. I’d build the first set around menu/service highlights, event or ordering guidance, and local customer CTAs.

Why it may be worth considering: you already have services worth explaining and showing; this package turns those existing strengths into content customers can actually see and understand.

If you like the sample, reply YES and I’ll finish the complete set.

If you already know you want it, the $100 PayPal invoice is here:
https://www.paypal.com/invoice/p/#7T6DC9A6WFH3XXCT

If you’d rather ask something first, just reply. If it isn’t useful, reply “no thanks” and I won’t keep following up.

Thanks,
Anastaysia",075-v5-choc-cookies.jpg,075-v5-choc-cookies.eml,"Absolutely — I can finish the full bakery catering and wholesale content package for Choc Cookies. It’s $100 one time, with no subscription or contract. PayPal invoice: https://www.paypal.com/invoice/p/#7T6DC9A6WFH3XXCT

Once payment is confirmed, I’ll build the complete set around menu/service highlights, event or ordering guidance, and local customer CTAs unless you want me to prioritize something else.

– Anastaysia","It’s $100 total, one time — not per post and not monthly. You keep the 10 posts, custom graphics, customer follow-up messages, review/message replies and CTA copy.","The attached sample was made specifically for Choc Cookies around bakery catering and wholesale. That is the direction I’d use for the finished set, and I’ll keep every piece tied to the actual services rather than generic filler.","I’d make the finished set around menu/service highlights, event or ordering guidance, and local customer CTAs. You receive the words + graphics ready to copy, post or reuse, so you do not have to design or write them yourself.","No problem. I’ll leave the sample with you. If timing changes, reply here and I can pick it back up. I won’t keep chasing you.","Hi Choc Cookies team — one quick follow-up on the private bakery catering and wholesale sample I attached. If you want me to finish the full $100 set, reply YES. If not, no worries and I won’t follow up again.

– Anastaysia","Hi — I made a private bakery catering and wholesale sample for Choc Cookies, but the public email I tried bounced. What business email should I send the preview to?

– Anastaysia","Thanks — payment is confirmed. I’m building the Choc Cookies package around menu/service highlights, event or ordering guidance, and local customer CTAs. I’ll send the finished files in this email thread when they’re ready.

– Anastaysia","Hi Choc Cookies team — your finished $100 content package is ready. I’ve organized the posts, graphics, follow-up copy, review/message replies and CTAs so they’re easy to reuse. If you want a different service emphasized in a future set, reply here.

– Anastaysia",New,,,
V5,76,151,Collateral Resources Inc.,"Morgan Hill, CA","Printing, promotional products and branded merchandise",77,Priority-ranked; timing is not guaranteed,sales@collateralresources.com,https://www.collateralresources.com/,408-249-5237,https://www.collateralresources.com/contact,2026-09-16,"Current owned contact page publishes Morgan Hill location, sales@collateralresources.com and current service menu.","printing, promotional products and branded merchandise","Collateral Resources coordinates print, promotional items, apparel and large-format branded projects; project-type and quote-prep content can simplify a broad B2B catalog.","Collateral Resources coordinates print, promotional items, apparel and large-format branded projects; project-type and quote-prep content can simplify a broad B2B catalog. The $100 package is useful here because it turns those existing services into clear, reusable customer-facing content without requiring the business to write or design the pieces itself.","Private printing, promotional products and branded merchandise sample for Collateral Resources Inc.","Hi Collateral Resources Inc. team,

I was looking at your business and noticed collateral Resources coordinates print, promotional items, apparel and large-format branded projects; project-type and quote-prep content can simplify a broad B2B catalog. I made the attached private preview around that part of the business so you can judge the direction before spending anything.

For $100 one time, I can turn it into a complete done-for-you content pack. In plain English, you get:

• 10 ready-to-post Google / Facebook / social posts
• custom graphics made for Collateral Resources Inc.
• customer follow-up messages you can copy and paste
• review and customer-message reply templates
• stronger calls-to-action
• content built around your actual services
• everything organized and ready to use

No subscription and no contract. I’d build the first set around service highlights, FAQ-style education, and a clear next-step CTA.

Why it may be worth considering: you already have services worth explaining and showing; this package turns those existing strengths into content customers can actually see and understand.

If you like the sample, reply YES and I’ll finish the complete set.

If you already know you want it, the $100 PayPal invoice is here:
https://www.paypal.com/invoice/p/#7T6DC9A6WFH3XXCT

If you’d rather ask something first, just reply. If it isn’t useful, reply “no thanks” and I won’t keep following up.

Thanks,
Anastaysia",076-v5-collateral-resources-inc.jpg,076-v5-collateral-resources-inc.eml,"Absolutely — I can finish the full printing, promotional products and branded merchandise content package for Collateral Resources Inc.. It’s $100 one time, with no subscription or contract. PayPal invoice: https://www.paypal.com/invoice/p/#7T6DC9A6WFH3XXCT

Once payment is confirmed, I’ll build the complete set around service highlights, FAQ-style education, and a clear next-step CTA unless you want me to prioritize something else.

– Anastaysia","It’s $100 total, one time — not per post and not monthly. You keep the 10 posts, custom graphics, customer follow-up messages, review/message replies and CTA copy.","The attached sample was made specifically for Collateral Resources Inc. around printing, promotional products and branded merchandise. That is the direction I’d use for the finished set, and I’ll keep every piece tied to the actual services rather than generic filler.","I’d make the finished set around service highlights, FAQ-style education, and a clear next-step CTA. You receive the words + graphics ready to copy, post or reuse, so you do not have to design or write them yourself.","No problem. I’ll leave the sample with you. If timing changes, reply here and I can pick it back up. I won’t keep chasing you.","Hi Collateral Resources Inc. team — one quick follow-up on the private printing, promotional products and branded merchandise sample I attached. If you want me to finish the full $100 set, reply YES. If not, no worries and I won’t follow up again.

– Anastaysia","Hi — I made a private printing, promotional products and branded merchandise sample for Collateral Resources Inc., but the public email I tried bounced. What business email should I send the preview to?

– Anastaysia","Thanks — payment is confirmed. I’m building the Collateral Resources Inc. package around service highlights, FAQ-style education, and a clear next-step CTA. I’ll send the finished files in this email thread when they’re ready.

– Anastaysia","Hi Collateral Resources Inc. team — your finished $100 content package is ready. I’ve organized the posts, graphics, follow-up copy, review/message replies and CTAs so they’re easy to reuse. If you want a different service emphasized in a future set, reply here.

– Anastaysia",New,,,
V5,77,153,CURATE Designs LLC,"San Jose / Santa Clara County service area, CA",Interior design and decorating,77,Priority-ranked; timing is not guaranteed,info@curateyoursphere.com,https://www.curatedesignsllc.com/contact,408-202-3265,https://www.curatedesignsllc.com/contact,2026-09-16,"Current owned contact page publishes 408-202-3265, info@curateyoursphere.com and a service area including San Jose, Santa Clara, Sunnyvale, Cupertino, Campbell, Los Gatos, Morgan Hill and Gilroy; repo search found no prior collision.",interior design and decorating,CURATE serves multiple Santa Clara County cities and asks prospects about project goals; project-type explainers and consultation-prep content can make an aesthetic service easier to understand before inquiry.,"CURATE serves multiple Santa Clara County cities and asks prospects about project goals; project-type explainers and consultation-prep content can make an aesthetic service easier to understand before inquiry. The $100 package is useful here because it turns those existing services into clear, reusable customer-facing content without requiring the business to write or design the pieces itself.",Private interior design and decorating sample for CURATE Designs LLC,"Hi CURATE Designs LLC team,

I was looking at your business and noticed cURATE serves multiple Santa Clara County cities and asks prospects about project goals; project-type explainers and consultation-prep content can make an aesthetic service easier to understand before inquiry. I made the attached private preview around that part of the business so you can judge the direction before spending anything.

For $100 one time, I can turn it into a complete done-for-you content pack. In plain English, you get:

• 10 ready-to-post Google / Facebook / social posts
• custom graphics made for CURATE Designs LLC
• customer follow-up messages you can copy and paste
• review and customer-message reply templates
• stronger calls-to-action
• content built around your actual services
• everything organized and ready to use

No subscription and no contract. I’d build the first set around before/after process content, service-selection guidance, and quote CTAs.

Why it may be worth considering: you already have services worth explaining and showing; this package turns those existing strengths into content customers can actually see and understand.

If you like the sample, reply YES and I’ll finish the complete set.

If you already know you want it, the $100 PayPal invoice is here:
https://www.paypal.com/invoice/p/#7T6DC9A6WFH3XXCT

If you’d rather ask something first, just reply. If it isn’t useful, reply “no thanks” and I won’t keep following up.

Thanks,
Anastaysia",077-v5-curate-designs-llc.jpg,077-v5-curate-designs-llc.eml,"Absolutely — I can finish the full interior design and decorating content package for CURATE Designs LLC. It’s $100 one time, with no subscription or contract. PayPal invoice: https://www.paypal.com/invoice/p/#7T6DC9A6WFH3XXCT

Once payment is confirmed, I’ll build the complete set around before/after process content, service-selection guidance, and quote CTAs unless you want me to prioritize something else.

– Anastaysia","It’s $100 total, one time — not per post and not monthly. You keep the 10 posts, custom graphics, customer follow-up messages, review/message replies and CTA copy.","The attached sample was made specifically for CURATE Designs LLC around interior design and decorating. That is the direction I’d use for the finished set, and I’ll keep every piece tied to the actual services rather than generic filler.","I’d make the finished set around before/after process content, service-selection guidance, and quote CTAs. You receive the words + graphics ready to copy, post or reuse, so you do not have to design or write them yourself.","No problem. I’ll leave the sample with you. If timing changes, reply here and I can pick it back up. I won’t keep chasing you.","Hi CURATE Designs LLC team — one quick follow-up on the private interior design and decorating sample I attached. If you want me to finish the full $100 set, reply YES. If not, no worries and I won’t follow up again.

– Anastaysia","Hi — I made a private interior design and decorating sample for CURATE Designs LLC, but the public email I tried bounced. What business email should I send the preview to?

– Anastaysia","Thanks — payment is confirmed. I’m building the CURATE Designs LLC package around before/after process content, service-selection guidance, and quote CTAs. I’ll send the finished files in this email thread when they’re ready.

– Anastaysia","Hi CURATE Designs LLC team — your finished $100 content package is ready. I’ve organized the posts, graphics, follow-up copy, review/message replies and CTAs so they’re easy to reuse. If you want a different service emphasized in a future set, reply here.

– Anastaysia",New,,,
V5,78,155,Door Into Summer Photo Studio,"Mountain View, CA","Family, newborn, headshot, branding and event photography",77,Priority-ranked; timing is not guaranteed,hello@intosummer.photos,https://www.intosummer.photos/,650-719-1357,https://www.intosummer.photos/family-photographer-los-altos-hills,2026-09-13,"Current owned site publishes hello@intosummer.photos, 650-719-1357 and 565 Clyde Ave #650, Mountain View; current portfolio contains 2026 event work and lists service across Santa Clara County cities.","family, newborn, headshot, branding and event photography","Door Into Summer covers family, newborn, headshot, branding and event photography; a session-selector and preparation guide could help customers identify the right format before an inquiry.","Door Into Summer covers family, newborn, headshot, branding and event photography; a session-selector and preparation guide could help customers identify the right format before an inquiry. The $100 package is useful here because it turns those existing services into clear, reusable customer-facing content without requiring the business to write or design the pieces itself.","Private family, newborn, headshot, branding and event photography sample for Door Into Summer Photo Studio","Hi Door Into Summer Photo Studio team,

I was looking at your business and noticed door Into Summer covers family, newborn, headshot, branding and event photography; a session-selector and preparation guide could help customers identify the right format before an inquiry. I made the attached private preview around that part of the business so you can judge the direction before spending anything.

For $100 one time, I can turn it into a complete done-for-you content pack. In plain English, you get:

• 10 ready-to-post Google / Facebook / social posts
• custom graphics made for Door Into Summer Photo Studio
• customer follow-up messages you can copy and paste
• review and customer-message reply templates
• stronger calls-to-action
• content built around your actual services
• everything organized and ready to use

No subscription and no contract. I’d build the first set around service highlights, FAQ-style education, and a clear next-step CTA.

Why it may be worth considering: you already have services worth explaining and showing; this package turns those existing strengths into content customers can actually see and understand.

If you like the sample, reply YES and I’ll finish the complete set.

If you already know you want it, the $100 PayPal invoice is here:
https://www.paypal.com/invoice/p/#7T6DC9A6WFH3XXCT

If you’d rather ask something first, just reply. If it isn’t useful, reply “no thanks” and I won’t keep following up.

Thanks,
Anastaysia",078-v5-door-into-summer-photo-studio.jpg,078-v5-door-into-summer-photo-studio.eml,"Absolutely — I can finish the full family, newborn, headshot, branding and event photography content package for Door Into Summer Photo Studio. It’s $100 one time, with no subscription or contract. PayPal invoice: https://www.paypal.com/invoice/p/#7T6DC9A6WFH3XXCT

Once payment is confirmed, I’ll build the complete set around service highlights, FAQ-style education, and a clear next-step CTA unless you want me to prioritize something else.

– Anastaysia","It’s $100 total, one time — not per post and not monthly. You keep the 10 posts, custom graphics, customer follow-up messages, review/message replies and CTA copy.","The attached sample was made specifically for Door Into Summer Photo Studio around family, newborn, headshot, branding and event photography. That is the direction I’d use for the finished set, and I’ll keep every piece tied to the actual services rather than generic filler.","I’d make the finished set around service highlights, FAQ-style education, and a clear next-step CTA. You receive the words + graphics ready to copy, post or reuse, so you do not have to design or write them yourself.","No problem. I’ll leave the sample with you. If timing changes, reply here and I can pick it back up. I won’t keep chasing you.","Hi Door Into Summer Photo Studio team — one quick follow-up on the private family, newborn, headshot, branding and event photography sample I attached. If you want me to finish the full $100 set, reply YES. If not, no worries and I won’t follow up again.

– Anastaysia","Hi — I made a private family, newborn, headshot, branding and event photography sample for Door Into Summer Photo Studio, but the public email I tried bounced. What business email should I send the preview to?

– Anastaysia","Thanks — payment is confirmed. I’m building the Door Into Summer Photo Studio package around service highlights, FAQ-style education, and a clear next-step CTA. I’ll send the finished files in this email thread when they’re ready.

– Anastaysia","Hi Door Into Summer Photo Studio team — your finished $100 content package is ready. I’ve organized the posts, graphics, follow-up copy, review/message replies and CTAs so they’re easy to reuse. If you want a different service emphasized in a future set, reply here.

– Anastaysia",New,,,
V5,79,157,Ensamble Folclórico Colibrí,"San Jose, CA",Dance academy and cultural performance,77,Priority-ranked; timing is not guaranteed,info@folcloricocolibri.com,https://folcloricocolibri.com/,669-262-7164,https://folcloricocolibri.com/,2026-09-15,Current owned site lists San Jose contact information and active dance/performance programming.,dance academy and cultural performance,"The organization offers classes and performances, giving a concrete program-selection and event-preview angle for prospective students and audiences.","The organization offers classes and performances, giving a concrete program-selection and event-preview angle for prospective students and audiences. The $100 package is useful here because it turns those existing services into clear, reusable customer-facing content without requiring the business to write or design the pieces itself.",Private dance academy and cultural performance sample for Ensamble Folclórico Colibrí,"Hi Ensamble Folclórico Colibrí team,

I was looking at your business and noticed the organization offers classes and performances, giving a concrete program-selection and event-preview angle for prospective students and audiences. I made the attached private preview around that part of the business so you can judge the direction before spending anything.

For $100 one time, I can turn it into a complete done-for-you content pack. In plain English, you get:

• 10 ready-to-post Google / Facebook / social posts
• custom graphics made for Ensamble Folclórico Colibrí
• customer follow-up messages you can copy and paste
• review and customer-message reply templates
• stronger calls-to-action
• content built around your actual services
• everything organized and ready to use

No subscription and no contract. I’d build the first set around program/service selection, first-visit guidance, and booking CTAs.

Why it may be worth considering: you already have services worth explaining and showing; this package turns those existing strengths into content customers can actually see and understand.

If you like the sample, reply YES and I’ll finish the complete set.

If you already know you want it, the $100 PayPal invoice is here:
https://www.paypal.com/invoice/p/#7T6DC9A6WFH3XXCT

If you’d rather ask something first, just reply. If it isn’t useful, reply “no thanks” and I won’t keep following up.

Thanks,
Anastaysia",079-v5-ensamble-folcl-rico-colibr.jpg,079-v5-ensamble-folcl-rico-colibr.eml,"Absolutely — I can finish the full dance academy and cultural performance content package for Ensamble Folclórico Colibrí. It’s $100 one time, with no subscription or contract. PayPal invoice: https://www.paypal.com/invoice/p/#7T6DC9A6WFH3XXCT

Once payment is confirmed, I’ll build the complete set around program/service selection, first-visit guidance, and booking CTAs unless you want me to prioritize something else.

– Anastaysia","It’s $100 total, one time — not per post and not monthly. You keep the 10 posts, custom graphics, customer follow-up messages, review/message replies and CTA copy.","The attached sample was made specifically for Ensamble Folclórico Colibrí around dance academy and cultural performance. That is the direction I’d use for the finished set, and I’ll keep every piece tied to the actual services rather than generic filler.","I’d make the finished set around program/service selection, first-visit guidance, and booking CTAs. You receive the words + graphics ready to copy, post or reuse, so you do not have to design or write them yourself.","No problem. I’ll leave the sample with you. If timing changes, reply here and I can pick it back up. I won’t keep chasing you.","Hi Ensamble Folclórico Colibrí team — one quick follow-up on the private dance academy and cultural performance sample I attached. If you want me to finish the full $100 set, reply YES. If not, no worries and I won’t follow up again.

– Anastaysia","Hi — I made a private dance academy and cultural performance sample for Ensamble Folclórico Colibrí, but the public email I tried bounced. What business email should I send the preview to?

– Anastaysia","Thanks — payment is confirmed. I’m building the Ensamble Folclórico Colibrí package around program/service selection, first-visit guidance, and booking CTAs. I’ll send the finished files in this email thread when they’re ready.

– Anastaysia","Hi Ensamble Folclórico Colibrí team — your finished $100 content package is ready. I’ve organized the posts, graphics, follow-up copy, review/message replies and CTAs so they’re easy to reuse. If you want a different service emphasized in a future set, reply here.

– Anastaysia",New,,,
V5,80,159,EUN MI ENTERPRISE INC dba ELITE MASTER CAL BUILDERS,"Santa Clara, CA",General Building,77,Priority-ranked; timing is not guaranteed,admin@emcalbuilders.com,,,https://www.cusdk8.org/fs/resource-manager/view/ce90e6dd-ad5b-4546-8e73-3f3e726a2b0a,2026-09-13,Accepted in the canonical seed gate from the current 2026 contractor source; public business email retained exactly as published.,general building,"The current contractor source lists EUN MI ENTERPRISE INC dba ELITE MASTER CAL BUILDERS in Santa Clara, CA for General Building; a concise capability and project-readiness content set can help prospective buyers understand what the business handles before an inquiry.","The current contractor source lists EUN MI ENTERPRISE INC dba ELITE MASTER CAL BUILDERS in Santa Clara, CA for General Building; a concise capability and project-readiness content set can help prospective buyers understand what the business handles before an inquiry. The $100 package is useful here because it turns those existing services into clear, reusable customer-facing content without requiring the business to write or design the pieces itself.",Private general building sample for EUN MI ENTERPRISE INC dba ELITE MASTER CAL BUILDERS,"Hi EUN MI ENTERPRISE INC dba ELITE MASTER CAL BUILDERS team,

I was looking at your business and noticed the current contractor source lists EUN MI ENTERPRISE INC dba ELITE MASTER CAL BUILDERS in Santa Clara, CA for General Building; a concise capability and project-readiness content set can help prospective buyers understand what the business handles before an inquiry. I made the attached private preview around that part of the business so you can judge the direction before spending anything.

For $100 one time, I can turn it into a complete done-for-you content pack. In plain English, you get:

• 10 ready-to-post Google / Facebook / social posts
• custom graphics made for EUN MI ENTERPRISE INC dba ELITE MASTER CAL BUILDERS
• customer follow-up messages you can copy and paste
• review and customer-message reply templates
• stronger calls-to-action
• content built around your actual services
• everything organized and ready to use

No subscription and no contract. I’d build the first set around service highlights, FAQ-style education, and a clear next-step CTA.

Why it may be worth considering: you already have services worth explaining and showing; this package turns those existing strengths into content customers can actually see and understand.

If you like the sample, reply YES and I’ll finish the complete set.

If you already know you want it, the $100 PayPal invoice is here:
https://www.paypal.com/invoice/p/#7T6DC9A6WFH3XXCT

If you’d rather ask something first, just reply. If it isn’t useful, reply “no thanks” and I won’t keep following up.

Thanks,
Anastaysia",080-v5-eun-mi-enterprise-inc-dba-elite-master-cal-builders.jpg,080-v5-eun-mi-enterprise-inc-dba-elite-master-cal-builders.eml,"Absolutely — I can finish the full general building content package for EUN MI ENTERPRISE INC dba ELITE MASTER CAL BUILDERS. It’s $100 one time, with no subscription or contract. PayPal invoice: https://www.paypal.com/invoice/p/#7T6DC9A6WFH3XXCT

Once payment is confirmed, I’ll build the complete set around service highlights, FAQ-style education, and a clear next-step CTA unless you want me to prioritize something else.

– Anastaysia","It’s $100 total, one time — not per post and not monthly. You keep the 10 posts, custom graphics, customer follow-up messages, review/message replies and CTA copy.","The attached sample was made specifically for EUN MI ENTERPRISE INC dba ELITE MASTER CAL BUILDERS around general building. That is the direction I’d use for the finished set, and I’ll keep every piece tied to the actual services rather than generic filler.","I’d make the finished set around service highlights, FAQ-style education, and a clear next-step CTA. You receive the words + graphics ready to copy, post or reuse, so you do not have to design or write them yourself.","No problem. I’ll leave the sample with you. If timing changes, reply here and I can pick it back up. I won’t keep chasing you.","Hi EUN MI ENTERPRISE INC dba ELITE MASTER CAL BUILDERS team — one quick follow-up on the private general building sample I attached. If you want me to finish the full $100 set, reply YES. If not, no worries and I won’t follow up again.

– Anastaysia","Hi — I made a private general building sample for EUN MI ENTERPRISE INC dba ELITE MASTER CAL BUILDERS, but the public email I tried bounced. What business email should I send the preview to?

– Anastaysia","Thanks — payment is confirmed. I’m building the EUN MI ENTERPRISE INC dba ELITE MASTER CAL BUILDERS package around service highlights, FAQ-style education, and a clear next-step CTA. I’ll send the finished files in this email thread when they’re ready.

– Anastaysia","Hi EUN MI ENTERPRISE INC dba ELITE MASTER CAL BUILDERS team — your finished $100 content package is ready. I’ve organized the posts, graphics, follow-up copy, review/message replies and CTAs so they’re easy to reuse. If you want a different service emphasized in a future set, reply here.

– Anastaysia",New,,,
V5,81,161,Furrtropolis,"San Jose, CA",Dog daycare and pet boarding,77,Priority-ranked; timing is not guaranteed,info@furrtropolis.com,https://www.furrtropolis.com/,669-800-5009,https://www.furrtropolis.com/,2026-09-13,"Current owned site lists 902 S Bascom Ave, San Jose, public email/phone, booking CTA and pet daycare/boarding services.",dog daycare and pet boarding,"Furrtropolis positions itself as more than standard daycare, with a large pet-care facility and boarding/daycare services; first-visit, daycare-vs-boarding and facility-tour content can help pet owners understand the experience before booking.","Furrtropolis positions itself as more than standard daycare, with a large pet-care facility and boarding/daycare services; first-visit, daycare-vs-boarding and facility-tour content can help pet owners understand the experience before booking. The $100 package is useful here because it turns those existing services into clear, reusable customer-facing content without requiring the business to write or design the pieces itself.",Private dog daycare and pet boarding sample for Furrtropolis,"Hi Furrtropolis team,

I was looking at your business and noticed furrtropolis positions itself as more than standard daycare, with a large pet-care facility and boarding/daycare services; first-visit, daycare-vs-boarding and facility-tour content can help pet owners understand the experience before booking. I made the attached private preview around that part of the business so you can judge the direction before spending anything.

For $100 one time, I can turn it into a complete done-for-you content pack. In plain English, you get:

• 10 ready-to-post Google / Facebook / social posts
• custom graphics made for Furrtropolis
• customer follow-up messages you can copy and paste
• review and customer-message reply templates
• stronger calls-to-action
• content built around your actual services
• everything organized and ready to use

No subscription and no contract. I’d build the first set around service highlights, FAQ-style education, and a clear next-step CTA.

Why it may be worth considering: you already have services worth explaining and showing; this package turns those existing strengths into content customers can actually see and understand.

If you like the sample, reply YES and I’ll finish the complete set.

If you already know you want it, the $100 PayPal invoice is here:
https://www.paypal.com/invoice/p/#7T6DC9A6WFH3XXCT

If you’d rather ask something first, just reply. If it isn’t useful, reply “no thanks” and I won’t keep following up.

Thanks,
Anastaysia",081-v5-furrtropolis.jpg,081-v5-furrtropolis.eml,"Absolutely — I can finish the full dog daycare and pet boarding content package for Furrtropolis. It’s $100 one time, with no subscription or contract. PayPal invoice: https://www.paypal.com/invoice/p/#7T6DC9A6WFH3XXCT

Once payment is confirmed, I’ll build the complete set around service highlights, FAQ-style education, and a clear next-step CTA unless you want me to prioritize something else.

– Anastaysia","It’s $100 total, one time — not per post and not monthly. You keep the 10 posts, custom graphics, customer follow-up messages, review/message replies and CTA copy.","The attached sample was made specifically for Furrtropolis around dog daycare and pet boarding. That is the direction I’d use for the finished set, and I’ll keep every piece tied to the actual services rather than generic filler.","I’d make the finished set around service highlights, FAQ-style education, and a clear next-step CTA. You receive the words + graphics ready to copy, post or reuse, so you do not have to design or write them yourself.","No problem. I’ll leave the sample with you. If timing changes, reply here and I can pick it back up. I won’t keep chasing you.","Hi Furrtropolis team — one quick follow-up on the private dog daycare and pet boarding sample I attached. If you want me to finish the full $100 set, reply YES. If not, no worries and I won’t follow up again.

– Anastaysia","Hi — I made a private dog daycare and pet boarding sample for Furrtropolis, but the public email I tried bounced. What business email should I send the preview to?

– Anastaysia","Thanks — payment is confirmed. I’m building the Furrtropolis package around service highlights, FAQ-style education, and a clear next-step CTA. I’ll send the finished files in this email thread when they’re ready.

– Anastaysia","Hi Furrtropolis team — your finished $100 content package is ready. I’ve organized the posts, graphics, follow-up copy, review/message replies and CTAs so they’re easy to reuse. If you want a different service emphasized in a future set, reply here.

– Anastaysia",New,,,
V5,82,163,Ganado Feed & Pet Supplies,"San Jose / Morgan Hill, CA","Feed, pet supplies and specialty retail",77,Priority-ranked; timing is not guaranteed,info@ganadofeed.com,https://ganadofeed.com/,408-289-8626,https://ganadofeed.com/,2026-09-13,"Current owned site lists San Jose and Morgan Hill locations, public emails/phones, current hours and 2026 copyright.","feed, pet supplies and specialty retail","Ganado operates San Jose and Morgan Hill locations with feed and pet-supply retail; location-specific product, animal-care category and in-store/event content can help shoppers navigate a specialized inventory.","Ganado operates San Jose and Morgan Hill locations with feed and pet-supply retail; location-specific product, animal-care category and in-store/event content can help shoppers navigate a specialized inventory. The $100 package is useful here because it turns those existing services into clear, reusable customer-facing content without requiring the business to write or design the pieces itself.","Private feed, pet supplies and specialty retail sample for Ganado Feed & Pet Supplies","Hi Ganado Feed & Pet Supplies team,

I was looking at your business and noticed ganado operates San Jose and Morgan Hill locations with feed and pet-supply retail; location-specific product, animal-care category and in-store/event content can help shoppers navigate a specialized inventory. I made the attached private preview around that part of the business so you can judge the direction before spending anything.

For $100 one time, I can turn it into a complete done-for-you content pack. In plain English, you get:

• 10 ready-to-post Google / Facebook / social posts
• custom graphics made for Ganado Feed & Pet Supplies
• customer follow-up messages you can copy and paste
• review and customer-message reply templates
• stronger calls-to-action
• content built around your actual services
• everything organized and ready to use

No subscription and no contract. I’d build the first set around service highlights, FAQ-style education, and a clear next-step CTA.

Why it may be worth considering: you already have services worth explaining and showing; this package turns those existing strengths into content customers can actually see and understand.

If you like the sample, reply YES and I’ll finish the complete set.

If you already know you want it, the $100 PayPal invoice is here:
https://www.paypal.com/invoice/p/#7T6DC9A6WFH3XXCT

If you’d rather ask something first, just reply. If it isn’t useful, reply “no thanks” and I won’t keep following up.

Thanks,
Anastaysia",082-v5-ganado-feed-pet-supplies.jpg,082-v5-ganado-feed-pet-supplies.eml,"Absolutely — I can finish the full feed, pet supplies and specialty retail content package for Ganado Feed & Pet Supplies. It’s $100 one time, with no subscription or contract. PayPal invoice: https://www.paypal.com/invoice/p/#7T6DC9A6WFH3XXCT

Once payment is confirmed, I’ll build the complete set around service highlights, FAQ-style education, and a clear next-step CTA unless you want me to prioritize something else.

– Anastaysia","It’s $100 total, one time — not per post and not monthly. You keep the 10 posts, custom graphics, customer follow-up messages, review/message replies and CTA copy.","The attached sample was made specifically for Ganado Feed & Pet Supplies around feed, pet supplies and specialty retail. That is the direction I’d use for the finished set, and I’ll keep every piece tied to the actual services rather than generic filler.","I’d make the finished set around service highlights, FAQ-style education, and a clear next-step CTA. You receive the words + graphics ready to copy, post or reuse, so you do not have to design or write them yourself.","No problem. I’ll leave the sample with you. If timing changes, reply here and I can pick it back up. I won’t keep chasing you.","Hi Ganado Feed & Pet Supplies team — one quick follow-up on the private feed, pet supplies and specialty retail sample I attached. If you want me to finish the full $100 set, reply YES. If not, no worries and I won’t follow up again.

– Anastaysia","Hi — I made a private feed, pet supplies and specialty retail sample for Ganado Feed & Pet Supplies, but the public email I tried bounced. What business email should I send the preview to?

– Anastaysia","Thanks — payment is confirmed. I’m building the Ganado Feed & Pet Supplies package around service highlights, FAQ-style education, and a clear next-step CTA. I’ll send the finished files in this email thread when they’re ready.

– Anastaysia","Hi Ganado Feed & Pet Supplies team — your finished $100 content package is ready. I’ve organized the posts, graphics, follow-up copy, review/message replies and CTAs so they’re easy to reuse. If you want a different service emphasized in a future set, reply here.

– Anastaysia",New,,,
V5,83,165,Granada Hotel Santa Clara,"Santa Clara, CA",Hotel and group stays,77,Priority-ranked; timing is not guaranteed,info@granadasantaclara.com,https://www.granadasantaclara.com/,669-302-3571,https://www.granadasantaclara.com/contact-us/,2026-09-16,"Current owned contact page publishes Santa Clara address, current inbox/phone and renovation notice through Sept. 30, 2026.",hotel and group stays,"Granada publishes direct booking, guestrooms, groups and current renovation information; stay-purpose and group-planning content can help set expectations accurately during the renovation period.","Granada publishes direct booking, guestrooms, groups and current renovation information; stay-purpose and group-planning content can help set expectations accurately during the renovation period. The $100 package is useful here because it turns those existing services into clear, reusable customer-facing content without requiring the business to write or design the pieces itself.",Private hotel and group stays sample for Granada Hotel Santa Clara,"Hi Granada Hotel Santa Clara team,

I was looking at your business and noticed granada publishes direct booking, guestrooms, groups and current renovation information; stay-purpose and group-planning content can help set expectations accurately during the renovation period. I made the attached private preview around that part of the business so you can judge the direction before spending anything.

For $100 one time, I can turn it into a complete done-for-you content pack. In plain English, you get:

• 10 ready-to-post Google / Facebook / social posts
• custom graphics made for Granada Hotel Santa Clara
• customer follow-up messages you can copy and paste
• review and customer-message reply templates
• stronger calls-to-action
• content built around your actual services
• everything organized and ready to use

No subscription and no contract. I’d build the first set around service highlights, FAQ-style education, and a clear next-step CTA.

Why it may be worth considering: you already have services worth explaining and showing; this package turns those existing strengths into content customers can actually see and understand.

If you like the sample, reply YES and I’ll finish the complete set.

If you already know you want it, the $100 PayPal invoice is here:
https://www.paypal.com/invoice/p/#7T6DC9A6WFH3XXCT

If you’d rather ask something first, just reply. If it isn’t useful, reply “no thanks” and I won’t keep following up.

Thanks,
Anastaysia",083-v5-granada-hotel-santa-clara.jpg,083-v5-granada-hotel-santa-clara.eml,"Absolutely — I can finish the full hotel and group stays content package for Granada Hotel Santa Clara. It’s $100 one time, with no subscription or contract. PayPal invoice: https://www.paypal.com/invoice/p/#7T6DC9A6WFH3XXCT

Once payment is confirmed, I’ll build the complete set around service highlights, FAQ-style education, and a clear next-step CTA unless you want me to prioritize something else.

– Anastaysia","It’s $100 total, one time — not per post and not monthly. You keep the 10 posts, custom graphics, customer follow-up messages, review/message replies and CTA copy.","The attached sample was made specifically for Granada Hotel Santa Clara around hotel and group stays. That is the direction I’d use for the finished set, and I’ll keep every piece tied to the actual services rather than generic filler.","I’d make the finished set around service highlights, FAQ-style education, and a clear next-step CTA. You receive the words + graphics ready to copy, post or reuse, so you do not have to design or write them yourself.","No problem. I’ll leave the sample with you. If timing changes, reply here and I can pick it back up. I won’t keep chasing you.","Hi Granada Hotel Santa Clara team — one quick follow-up on the private hotel and group stays sample I attached. If you want me to finish the full $100 set, reply YES. If not, no worries and I won’t follow up again.

– Anastaysia","Hi — I made a private hotel and group stays sample for Granada Hotel Santa Clara, but the public email I tried bounced. What business email should I send the preview to?

– Anastaysia","Thanks — payment is confirmed. I’m building the Granada Hotel Santa Clara package around service highlights, FAQ-style education, and a clear next-step CTA. I’ll send the finished files in this email thread when they’re ready.

– Anastaysia","Hi Granada Hotel Santa Clara team — your finished $100 content package is ready. I’ve organized the posts, graphics, follow-up copy, review/message replies and CTAs so they’re easy to reuse. If you want a different service emphasized in a future set, reply here.

– Anastaysia",New,,,
V5,84,167,Hanna Noodle Bar,"Los Gatos, CA","Restaurant, catering and private events",77,Priority-ranked; timing is not guaranteed,info@hannanoodlebar.com,https://hannanoodlebar.com/,,https://hannanoodlebar.com/,2026-09-15,Current owned restaurant site publishes local locations and business contact information.,"restaurant, catering and private events","Hanna Noodle Bar operates multiple local dining/event paths; location, catering and private-event content can make those choices easier to discover.","Hanna Noodle Bar operates multiple local dining/event paths; location, catering and private-event content can make those choices easier to discover. The $100 package is useful here because it turns those existing services into clear, reusable customer-facing content without requiring the business to write or design the pieces itself.","Private restaurant, catering and private events sample for Hanna Noodle Bar","Hi Hanna Noodle Bar team,

I was looking at your business and noticed hanna Noodle Bar operates multiple local dining/event paths; location, catering and private-event content can make those choices easier to discover. I made the attached private preview around that part of the business so you can judge the direction before spending anything.

For $100 one time, I can turn it into a complete done-for-you content pack. In plain English, you get:

• 10 ready-to-post Google / Facebook / social posts
• custom graphics made for Hanna Noodle Bar
• customer follow-up messages you can copy and paste
• review and customer-message reply templates
• stronger calls-to-action
• content built around your actual services
• everything organized and ready to use

No subscription and no contract. I’d build the first set around menu/service highlights, event or ordering guidance, and local customer CTAs.

Why it may be worth considering: you already have services worth explaining and showing; this package turns those existing strengths into content customers can actually see and understand.

If you like the sample, reply YES and I’ll finish the complete set.

If you already know you want it, the $100 PayPal invoice is here:
https://www.paypal.com/invoice/p/#7T6DC9A6WFH3XXCT

If you’d rather ask something first, just reply. If it isn’t useful, reply “no thanks” and I won’t keep following up.

Thanks,
Anastaysia",084-v5-hanna-noodle-bar.jpg,084-v5-hanna-noodle-bar.eml,"Absolutely — I can finish the full restaurant, catering and private events content package for Hanna Noodle Bar. It’s $100 one time, with no subscription or contract. PayPal invoice: https://www.paypal.com/invoice/p/#7T6DC9A6WFH3XXCT

Once payment is confirmed, I’ll build the complete set around menu/service highlights, event or ordering guidance, and local customer CTAs unless you want me to prioritize something else.

– Anastaysia","It’s $100 total, one time — not per post and not monthly. You keep the 10 posts, custom graphics, customer follow-up messages, review/message replies and CTA copy.","The attached sample was made specifically for Hanna Noodle Bar around restaurant, catering and private events. That is the direction I’d use for the finished set, and I’ll keep every piece tied to the actual services rather than generic filler.","I’d make the finished set around menu/service highlights, event or ordering guidance, and local customer CTAs. You receive the words + graphics ready to copy, post or reuse, so you do not have to design or write them yourself.","No problem. I’ll leave the sample with you. If timing changes, reply here and I can pick it back up. I won’t keep chasing you.","Hi Hanna Noodle Bar team — one quick follow-up on the private restaurant, catering and private events sample I attached. If you want me to finish the full $100 set, reply YES. If not, no worries and I won’t follow up again.

– Anastaysia","Hi — I made a private restaurant, catering and private events sample for Hanna Noodle Bar, but the public email I tried bounced. What business email should I send the preview to?

– Anastaysia","Thanks — payment is confirmed. I’m building the Hanna Noodle Bar package around menu/service highlights, event or ordering guidance, and local customer CTAs. I’ll send the finished files in this email thread when they’re ready.

– Anastaysia","Hi Hanna Noodle Bar team — your finished $100 content package is ready. I’ve organized the posts, graphics, follow-up copy, review/message replies and CTAs so they’re easy to reuse. If you want a different service emphasized in a future set, reply here.

– Anastaysia",New,,,
V5,85,169,Italix Company,"Morgan Hill, CA",Chemical machining and metal finishing,77,Priority-ranked; timing is not guaranteed,sales@italix.com,https://www.italix.com/,408-988-2487,https://www.italix.com/,2026-09-15,,chemical machining and metal finishing,"Italix publishes quote-driven precision metal services; process, capability and quote-prep content can help buyers understand which finishing.","Italix publishes quote-driven precision metal services; process, capability and quote-prep content can help buyers understand which finishing. The $100 package is useful here because it turns those existing services into clear, reusable customer-facing content without requiring the business to write or design the pieces itself.",Private chemical machining and metal finishing sample for Italix Company,"Hi Italix Company team,

I was looking at your business and noticed italix publishes quote-driven precision metal services; process, capability and quote-prep content can help buyers understand which finishing. I made the attached private preview around that part of the business so you can judge the direction before spending anything.

For $100 one time, I can turn it into a complete done-for-you content pack. In plain English, you get:

• 10 ready-to-post Google / Facebook / social posts
• custom graphics made for Italix Company
• customer follow-up messages you can copy and paste
• review and customer-message reply templates
• stronger calls-to-action
• content built around your actual services
• everything organized and ready to use

No subscription and no contract. I’d build the first set around service highlights, FAQ-style education, and a clear next-step CTA.

Why it may be worth considering: you already have services worth explaining and showing; this package turns those existing strengths into content customers can actually see and understand.

If you like the sample, reply YES and I’ll finish the complete set.

If you already know you want it, the $100 PayPal invoice is here:
https://www.paypal.com/invoice/p/#7T6DC9A6WFH3XXCT

If you’d rather ask something first, just reply. If it isn’t useful, reply “no thanks” and I won’t keep following up.

Thanks,
Anastaysia",085-v5-italix-company.jpg,085-v5-italix-company.eml,"Absolutely — I can finish the full chemical machining and metal finishing content package for Italix Company. It’s $100 one time, with no subscription or contract. PayPal invoice: https://www.paypal.com/invoice/p/#7T6DC9A6WFH3XXCT

Once payment is confirmed, I’ll build the complete set around service highlights, FAQ-style education, and a clear next-step CTA unless you want me to prioritize something else.

– Anastaysia","It’s $100 total, one time — not per post and not monthly. You keep the 10 posts, custom graphics, customer follow-up messages, review/message replies and CTA copy.","The attached sample was made specifically for Italix Company around chemical machining and metal finishing. That is the direction I’d use for the finished set, and I’ll keep every piece tied to the actual services rather than generic filler.","I’d make the finished set around service highlights, FAQ-style education, and a clear next-step CTA. You receive the words + graphics ready to copy, post or reuse, so you do not have to design or write them yourself.","No problem. I’ll leave the sample with you. If timing changes, reply here and I can pick it back up. I won’t keep chasing you.","Hi Italix Company team — one quick follow-up on the private chemical machining and metal finishing sample I attached. If you want me to finish the full $100 set, reply YES. If not, no worries and I won’t follow up again.

– Anastaysia","Hi — I made a private chemical machining and metal finishing sample for Italix Company, but the public email I tried bounced. What business email should I send the preview to?

– Anastaysia","Thanks — payment is confirmed. I’m building the Italix Company package around service highlights, FAQ-style education, and a clear next-step CTA. I’ll send the finished files in this email thread when they’re ready.

– Anastaysia","Hi Italix Company team — your finished $100 content package is ready. I’ve organized the posts, graphics, follow-up copy, review/message replies and CTAs so they’re easy to reuse. If you want a different service emphasized in a future set, reply here.

– Anastaysia",New,,,
V5,86,171,Lexington Hills,"Los Gatos, CA","Event venue, retreats and offsites",77,Priority-ranked; timing is not guaranteed,info@lexhills.com,https://lexingtonhillsestate.com/,,https://lexingtonhillsestate.com/,2026-09-15,Current owned venue site and public business email evidence establish the Los Gatos event/offsite operation.,"event venue, retreats and offsites","Lexington Hills supports events, retreats and offsites; use-case comparisons and planning checklists can help organizers understand fit before inquiry.","Lexington Hills supports events, retreats and offsites; use-case comparisons and planning checklists can help organizers understand fit before inquiry. The $100 package is useful here because it turns those existing services into clear, reusable customer-facing content without requiring the business to write or design the pieces itself.","Private event venue, retreats and offsites sample for Lexington Hills","Hi Lexington Hills team,

I was looking at your business and noticed lexington Hills supports events, retreats and offsites; use-case comparisons and planning checklists can help organizers understand fit before inquiry. I made the attached private preview around that part of the business so you can judge the direction before spending anything.

For $100 one time, I can turn it into a complete done-for-you content pack. In plain English, you get:

• 10 ready-to-post Google / Facebook / social posts
• custom graphics made for Lexington Hills
• customer follow-up messages you can copy and paste
• review and customer-message reply templates
• stronger calls-to-action
• content built around your actual services
• everything organized and ready to use

No subscription and no contract. I’d build the first set around service highlights, FAQ-style education, and a clear next-step CTA.

Why it may be worth considering: you already have services worth explaining and showing; this package turns those existing strengths into content customers can actually see and understand.

If you like the sample, reply YES and I’ll finish the complete set.

If you already know you want it, the $100 PayPal invoice is here:
https://www.paypal.com/invoice/p/#7T6DC9A6WFH3XXCT

If you’d rather ask something first, just reply. If it isn’t useful, reply “no thanks” and I won’t keep following up.

Thanks,
Anastaysia",086-v5-lexington-hills.jpg,086-v5-lexington-hills.eml,"Absolutely — I can finish the full event venue, retreats and offsites content package for Lexington Hills. It’s $100 one time, with no subscription or contract. PayPal invoice: https://www.paypal.com/invoice/p/#7T6DC9A6WFH3XXCT

Once payment is confirmed, I’ll build the complete set around service highlights, FAQ-style education, and a clear next-step CTA unless you want me to prioritize something else.

– Anastaysia","It’s $100 total, one time — not per post and not monthly. You keep the 10 posts, custom graphics, customer follow-up messages, review/message replies and CTA copy.","The attached sample was made specifically for Lexington Hills around event venue, retreats and offsites. That is the direction I’d use for the finished set, and I’ll keep every piece tied to the actual services rather than generic filler.","I’d make the finished set around service highlights, FAQ-style education, and a clear next-step CTA. You receive the words + graphics ready to copy, post or reuse, so you do not have to design or write them yourself.","No problem. I’ll leave the sample with you. If timing changes, reply here and I can pick it back up. I won’t keep chasing you.","Hi Lexington Hills team — one quick follow-up on the private event venue, retreats and offsites sample I attached. If you want me to finish the full $100 set, reply YES. If not, no worries and I won’t follow up again.

– Anastaysia","Hi — I made a private event venue, retreats and offsites sample for Lexington Hills, but the public email I tried bounced. What business email should I send the preview to?

– Anastaysia","Thanks — payment is confirmed. I’m building the Lexington Hills package around service highlights, FAQ-style education, and a clear next-step CTA. I’ll send the finished files in this email thread when they’re ready.

– Anastaysia","Hi Lexington Hills team — your finished $100 content package is ready. I’ve organized the posts, graphics, follow-up copy, review/message replies and CTAs so they’re easy to reuse. If you want a different service emphasized in a future set, reply here.

– Anastaysia",New,,,
V5,87,173,Los Gatos Parkside,"Los Gatos, CA","Restaurant, catering and private events",77,Priority-ranked; timing is not guaranteed,info@losgatosparkside.com,https://www.losgatosparkside.com/,408-560-0099,https://www.losgatosparkside.com/contact,2026-09-13,"Current owned contact page lists 145 W Main St, Los Gatos, info@losgatosparkside.com and 408-560-0099; current site actively promotes private events and group dining.","restaurant, catering and private events","Parkside serves everyday dining while separately marketing catering, private events and group dining; occasion-based content could make those distinct paths easier to discover without inventing demand or fake urgency.","Parkside serves everyday dining while separately marketing catering, private events and group dining; occasion-based content could make those distinct paths easier to discover without inventing demand or fake urgency. The $100 package is useful here because it turns those existing services into clear, reusable customer-facing content without requiring the business to write or design the pieces itself.","Private restaurant, catering and private events sample for Los Gatos Parkside","Hi Los Gatos Parkside team,

I was looking at your business and noticed parkside serves everyday dining while separately marketing catering, private events and group dining; occasion-based content could make those distinct paths easier to discover without inventing demand or fake urgency. I made the attached private preview around that part of the business so you can judge the direction before spending anything.

For $100 one time, I can turn it into a complete done-for-you content pack. In plain English, you get:

• 10 ready-to-post Google / Facebook / social posts
• custom graphics made for Los Gatos Parkside
• customer follow-up messages you can copy and paste
• review and customer-message reply templates
• stronger calls-to-action
• content built around your actual services
• everything organized and ready to use

No subscription and no contract. I’d build the first set around menu/service highlights, event or ordering guidance, and local customer CTAs.

Why it may be worth considering: you already have services worth explaining and showing; this package turns those existing strengths into content customers can actually see and understand.

If you like the sample, reply YES and I’ll finish the complete set.

If you already know you want it, the $100 PayPal invoice is here:
https://www.paypal.com/invoice/p/#7T6DC9A6WFH3XXCT

If you’d rather ask something first, just reply. If it isn’t useful, reply “no thanks” and I won’t keep following up.

Thanks,
Anastaysia",087-v5-los-gatos-parkside.jpg,087-v5-los-gatos-parkside.eml,"Absolutely — I can finish the full restaurant, catering and private events content package for Los Gatos Parkside. It’s $100 one time, with no subscription or contract. PayPal invoice: https://www.paypal.com/invoice/p/#7T6DC9A6WFH3XXCT

Once payment is confirmed, I’ll build the complete set around menu/service highlights, event or ordering guidance, and local customer CTAs unless you want me to prioritize something else.

– Anastaysia","It’s $100 total, one time — not per post and not monthly. You keep the 10 posts, custom graphics, customer follow-up messages, review/message replies and CTA copy.","The attached sample was made specifically for Los Gatos Parkside around restaurant, catering and private events. That is the direction I’d use for the finished set, and I’ll keep every piece tied to the actual services rather than generic filler.","I’d make the finished set around menu/service highlights, event or ordering guidance, and local customer CTAs. You receive the words + graphics ready to copy, post or reuse, so you do not have to design or write them yourself.","No problem. I’ll leave the sample with you. If timing changes, reply here and I can pick it back up. I won’t keep chasing you.","Hi Los Gatos Parkside team — one quick follow-up on the private restaurant, catering and private events sample I attached. If you want me to finish the full $100 set, reply YES. If not, no worries and I won’t follow up again.

– Anastaysia","Hi — I made a private restaurant, catering and private events sample for Los Gatos Parkside, but the public email I tried bounced. What business email should I send the preview to?

– Anastaysia","Thanks — payment is confirmed. I’m building the Los Gatos Parkside package around menu/service highlights, event or ordering guidance, and local customer CTAs. I’ll send the finished files in this email thread when they’re ready.

– Anastaysia","Hi Los Gatos Parkside team — your finished $100 content package is ready. I’ve organized the posts, graphics, follow-up copy, review/message replies and CTAs so they’re easy to reuse. If you want a different service emphasized in a future set, reply here.

– Anastaysia",New,,,
V5,88,175,MC Insurance Services,"Morgan Hill, CA",Health and Medicare insurance services,77,Priority-ranked; timing is not guaranteed,info@mcinsurance.com,https://www.mcinsurance.com/,408-848-2271,https://www.mcinsurance.com/contact,2026-09-13,"Current official contact page lists info@mcinsurance.com, business hours and a Morgan Hill office marked new as of May 1, 2026. Any campaign content must remain educational and avoid misleading insurance or health claims.",health and medicare insurance services,"MC Insurance has a small local team and a newly listed Morgan Hill office; compliant educational content can explain appointment options, Medicare timelines and what information a consultation covers without making coverage or outcome promises.","MC Insurance has a small local team and a newly listed Morgan Hill office; compliant educational content can explain appointment options, Medicare timelines and what information a consultation covers without making coverage or outcome promises. The $100 package is useful here because it turns those existing services into clear, reusable customer-facing content without requiring the business to write or design the pieces itself.",Private health and medicare insurance services sample for MC Insurance Services,"Hi MC Insurance Services team,

I was looking at your business and noticed mC Insurance has a small local team and a newly listed Morgan Hill office; compliant educational content can explain appointment options, Medicare timelines and what information a consultation covers without making coverage or outcome promises. I made the attached private preview around that part of the business so you can judge the direction before spending anything.

For $100 one time, I can turn it into a complete done-for-you content pack. In plain English, you get:

• 10 ready-to-post Google / Facebook / social posts
• custom graphics made for MC Insurance Services
• customer follow-up messages you can copy and paste
• review and customer-message reply templates
• stronger calls-to-action
• content built around your actual services
• everything organized and ready to use

No subscription and no contract. I’d build the first set around service highlights, FAQ-style education, and a clear next-step CTA.

Why it may be worth considering: you already have services worth explaining and showing; this package turns those existing strengths into content customers can actually see and understand.

If you like the sample, reply YES and I’ll finish the complete set.

If you already know you want it, the $100 PayPal invoice is here:
https://www.paypal.com/invoice/p/#7T6DC9A6WFH3XXCT

If you’d rather ask something first, just reply. If it isn’t useful, reply “no thanks” and I won’t keep following up.

Thanks,
Anastaysia",088-v5-mc-insurance-services.jpg,088-v5-mc-insurance-services.eml,"Absolutely — I can finish the full health and medicare insurance services content package for MC Insurance Services. It’s $100 one time, with no subscription or contract. PayPal invoice: https://www.paypal.com/invoice/p/#7T6DC9A6WFH3XXCT

Once payment is confirmed, I’ll build the complete set around service highlights, FAQ-style education, and a clear next-step CTA unless you want me to prioritize something else.

– Anastaysia","It’s $100 total, one time — not per post and not monthly. You keep the 10 posts, custom graphics, customer follow-up messages, review/message replies and CTA copy.","The attached sample was made specifically for MC Insurance Services around health and medicare insurance services. That is the direction I’d use for the finished set, and I’ll keep every piece tied to the actual services rather than generic filler.","I’d make the finished set around service highlights, FAQ-style education, and a clear next-step CTA. You receive the words + graphics ready to copy, post or reuse, so you do not have to design or write them yourself.","No problem. I’ll leave the sample with you. If timing changes, reply here and I can pick it back up. I won’t keep chasing you.","Hi MC Insurance Services team — one quick follow-up on the private health and medicare insurance services sample I attached. If you want me to finish the full $100 set, reply YES. If not, no worries and I won’t follow up again.

– Anastaysia","Hi — I made a private health and medicare insurance services sample for MC Insurance Services, but the public email I tried bounced. What business email should I send the preview to?

– Anastaysia","Thanks — payment is confirmed. I’m building the MC Insurance Services package around service highlights, FAQ-style education, and a clear next-step CTA. I’ll send the finished files in this email thread when they’re ready.

– Anastaysia","Hi MC Insurance Services team — your finished $100 content package is ready. I’ve organized the posts, graphics, follow-up copy, review/message replies and CTAs so they’re easy to reuse. If you want a different service emphasized in a future set, reply here.

– Anastaysia",New,,,
V5,89,177,Montage Dance Productions,"Santa Clara, CA",Dance studio and productions,77,Priority-ranked; timing is not guaranteed,info@montagedanceproductions.com,https://www.montagedanceproductions.com/,408-499-8180,https://www.montagedanceproductions.com/,2026-09-16,Current owned site publishes info@MontageDanceProductions.com and Santa Clara address.,dance studio and productions,"Current owned site offers youth and adult dance classes, camps and performance programs; class-selection, event and enrollment content are naturally visual.","Current owned site offers youth and adult dance classes, camps and performance programs; class-selection, event and enrollment content are naturally visual. The $100 package is useful here because it turns those existing services into clear, reusable customer-facing content without requiring the business to write or design the pieces itself.",Private dance studio and productions sample for Montage Dance Productions,"Hi Montage Dance Productions team,

I was looking at your business and noticed current owned site offers youth and adult dance classes, camps and performance programs; class-selection, event and enrollment content are naturally visual. I made the attached private preview around that part of the business so you can judge the direction before spending anything.

For $100 one time, I can turn it into a complete done-for-you content pack. In plain English, you get:

• 10 ready-to-post Google / Facebook / social posts
• custom graphics made for Montage Dance Productions
• customer follow-up messages you can copy and paste
• review and customer-message reply templates
• stronger calls-to-action
• content built around your actual services
• everything organized and ready to use

No subscription and no contract. I’d build the first set around program/service selection, first-visit guidance, and booking CTAs.

Why it may be worth considering: you already have services worth explaining and showing; this package turns those existing strengths into content customers can actually see and understand.

If you like the sample, reply YES and I’ll finish the complete set.

If you already know you want it, the $100 PayPal invoice is here:
https://www.paypal.com/invoice/p/#7T6DC9A6WFH3XXCT

If you’d rather ask something first, just reply. If it isn’t useful, reply “no thanks” and I won’t keep following up.

Thanks,
Anastaysia",089-v5-montage-dance-productions.jpg,089-v5-montage-dance-productions.eml,"Absolutely — I can finish the full dance studio and productions content package for Montage Dance Productions. It’s $100 one time, with no subscription or contract. PayPal invoice: https://www.paypal.com/invoice/p/#7T6DC9A6WFH3XXCT

Once payment is confirmed, I’ll build the complete set around program/service selection, first-visit guidance, and booking CTAs unless you want me to prioritize something else.

– Anastaysia","It’s $100 total, one time — not per post and not monthly. You keep the 10 posts, custom graphics, customer follow-up messages, review/message replies and CTA copy.","The attached sample was made specifically for Montage Dance Productions around dance studio and productions. That is the direction I’d use for the finished set, and I’ll keep every piece tied to the actual services rather than generic filler.","I’d make the finished set around program/service selection, first-visit guidance, and booking CTAs. You receive the words + graphics ready to copy, post or reuse, so you do not have to design or write them yourself.","No problem. I’ll leave the sample with you. If timing changes, reply here and I can pick it back up. I won’t keep chasing you.","Hi Montage Dance Productions team — one quick follow-up on the private dance studio and productions sample I attached. If you want me to finish the full $100 set, reply YES. If not, no worries and I won’t follow up again.

– Anastaysia","Hi — I made a private dance studio and productions sample for Montage Dance Productions, but the public email I tried bounced. What business email should I send the preview to?

– Anastaysia","Thanks — payment is confirmed. I’m building the Montage Dance Productions package around program/service selection, first-visit guidance, and booking CTAs. I’ll send the finished files in this email thread when they’re ready.

– Anastaysia","Hi Montage Dance Productions team — your finished $100 content package is ready. I’ve organized the posts, graphics, follow-up copy, review/message replies and CTAs so they’re easy to reuse. If you want a different service emphasized in a future set, reply here.

– Anastaysia",New,,,
V5,90,179,Morgan Hill Granary,"Morgan Hill, CA",Event venue and community space,77,Priority-ranked; timing is not guaranteed,info@morganhillgranary.com,https://www.morganhillgranary.com/,408-779-6686,https://www.morganhillgranary.com/,2026-09-13,"Current owned site lists 17500 Depot Street, Morgan Hill, public email/phone and venue contact information.",event venue and community space,"The Granary is a distinctive Morgan Hill venue at a recognizable historic property; event-format, venue-feature and planning-checklist content can help prospective hosts understand what the space is suited for.","The Granary is a distinctive Morgan Hill venue at a recognizable historic property; event-format, venue-feature and planning-checklist content can help prospective hosts understand what the space is suited for. The $100 package is useful here because it turns those existing services into clear, reusable customer-facing content without requiring the business to write or design the pieces itself.",Private event venue and community space sample for Morgan Hill Granary,"Hi Morgan Hill Granary team,

I was looking at your business and noticed the Granary is a distinctive Morgan Hill venue at a recognizable historic property; event-format, venue-feature and planning-checklist content can help prospective hosts understand what the space is suited for. I made the attached private preview around that part of the business so you can judge the direction before spending anything.

For $100 one time, I can turn it into a complete done-for-you content pack. In plain English, you get:

• 10 ready-to-post Google / Facebook / social posts
• custom graphics made for Morgan Hill Granary
• customer follow-up messages you can copy and paste
• review and customer-message reply templates
• stronger calls-to-action
• content built around your actual services
• everything organized and ready to use

No subscription and no contract. I’d build the first set around service highlights, FAQ-style education, and a clear next-step CTA.

Why it may be worth considering: you already have services worth explaining and showing; this package turns those existing strengths into content customers can actually see and understand.

If you like the sample, reply YES and I’ll finish the complete set.

If you already know you want it, the $100 PayPal invoice is here:
https://www.paypal.com/invoice/p/#7T6DC9A6WFH3XXCT

If you’d rather ask something first, just reply. If it isn’t useful, reply “no thanks” and I won’t keep following up.

Thanks,
Anastaysia",090-v5-morgan-hill-granary.jpg,090-v5-morgan-hill-granary.eml,"Absolutely — I can finish the full event venue and community space content package for Morgan Hill Granary. It’s $100 one time, with no subscription or contract. PayPal invoice: https://www.paypal.com/invoice/p/#7T6DC9A6WFH3XXCT

Once payment is confirmed, I’ll build the complete set around service highlights, FAQ-style education, and a clear next-step CTA unless you want me to prioritize something else.

– Anastaysia","It’s $100 total, one time — not per post and not monthly. You keep the 10 posts, custom graphics, customer follow-up messages, review/message replies and CTA copy.","The attached sample was made specifically for Morgan Hill Granary around event venue and community space. That is the direction I’d use for the finished set, and I’ll keep every piece tied to the actual services rather than generic filler.","I’d make the finished set around service highlights, FAQ-style education, and a clear next-step CTA. You receive the words + graphics ready to copy, post or reuse, so you do not have to design or write them yourself.","No problem. I’ll leave the sample with you. If timing changes, reply here and I can pick it back up. I won’t keep chasing you.","Hi Morgan Hill Granary team — one quick follow-up on the private event venue and community space sample I attached. If you want me to finish the full $100 set, reply YES. If not, no worries and I won’t follow up again.

– Anastaysia","Hi — I made a private event venue and community space sample for Morgan Hill Granary, but the public email I tried bounced. What business email should I send the preview to?

– Anastaysia","Thanks — payment is confirmed. I’m building the Morgan Hill Granary package around service highlights, FAQ-style education, and a clear next-step CTA. I’ll send the finished files in this email thread when they’re ready.

– Anastaysia","Hi Morgan Hill Granary team — your finished $100 content package is ready. I’ve organized the posts, graphics, follow-up copy, review/message replies and CTAs so they’re easy to reuse. If you want a different service emphasized in a future set, reply here.

– Anastaysia",New,,,
V5,91,181,Mr. Falafel,"Morgan Hill, CA",Mediterranean restaurant and catering,77,Priority-ranked; timing is not guaranteed,info@mrfalafel.net,https://mrfalafel.net/,408-778-7777,https://mrfalafel.net/catering-services-in-morgan-hill/,2026-09-13,"Current owned site lists 17455 Monterey Rd, Morgan Hill, info@mrfalafel.net, 408-778-7777, active 2026 content and a dedicated catering workflow.",mediterranean restaurant and catering,"Mr. Falafel combines everyday restaurant service with halal positioning, vegetarian/vegan options and event catering; menu-path, dietary-choice and catering content could make the breadth easier for local customers to discover.","Mr. Falafel combines everyday restaurant service with halal positioning, vegetarian/vegan options and event catering; menu-path, dietary-choice and catering content could make the breadth easier for local customers to discover. The $100 package is useful here because it turns those existing services into clear, reusable customer-facing content without requiring the business to write or design the pieces itself.",Private mediterranean restaurant and catering sample for Mr. Falafel,"Hi Mr. Falafel team,

I was looking at your business and noticed mr. Falafel combines everyday restaurant service with halal positioning, vegetarian/vegan options and event catering; menu-path, dietary-choice and catering content could make the breadth easier for local customers to discover. I made the attached private preview around that part of the business so you can judge the direction before spending anything.

For $100 one time, I can turn it into a complete done-for-you content pack. In plain English, you get:

• 10 ready-to-post Google / Facebook / social posts
• custom graphics made for Mr. Falafel
• customer follow-up messages you can copy and paste
• review and customer-message reply templates
• stronger calls-to-action
• content built around your actual services
• everything organized and ready to use

No subscription and no contract. I’d build the first set around menu/service highlights, event or ordering guidance, and local customer CTAs.

Why it may be worth considering: you already have services worth explaining and showing; this package turns those existing strengths into content customers can actually see and understand.

If you like the sample, reply YES and I’ll finish the complete set.

If you already know you want it, the $100 PayPal invoice is here:
https://www.paypal.com/invoice/p/#7T6DC9A6WFH3XXCT

If you’d rather ask something first, just reply. If it isn’t useful, reply “no thanks” and I won’t keep following up.

Thanks,
Anastaysia",091-v5-mr-falafel.jpg,091-v5-mr-falafel.eml,"Absolutely — I can finish the full mediterranean restaurant and catering content package for Mr. Falafel. It’s $100 one time, with no subscription or contract. PayPal invoice: https://www.paypal.com/invoice/p/#7T6DC9A6WFH3XXCT

Once payment is confirmed, I’ll build the complete set around menu/service highlights, event or ordering guidance, and local customer CTAs unless you want me to prioritize something else.

– Anastaysia","It’s $100 total, one time — not per post and not monthly. You keep the 10 posts, custom graphics, customer follow-up messages, review/message replies and CTA copy.","The attached sample was made specifically for Mr. Falafel around mediterranean restaurant and catering. That is the direction I’d use for the finished set, and I’ll keep every piece tied to the actual services rather than generic filler.","I’d make the finished set around menu/service highlights, event or ordering guidance, and local customer CTAs. You receive the words + graphics ready to copy, post or reuse, so you do not have to design or write them yourself.","No problem. I’ll leave the sample with you. If timing changes, reply here and I can pick it back up. I won’t keep chasing you.","Hi Mr. Falafel team — one quick follow-up on the private mediterranean restaurant and catering sample I attached. If you want me to finish the full $100 set, reply YES. If not, no worries and I won’t follow up again.

– Anastaysia","Hi — I made a private mediterranean restaurant and catering sample for Mr. Falafel, but the public email I tried bounced. What business email should I send the preview to?

– Anastaysia","Thanks — payment is confirmed. I’m building the Mr. Falafel package around menu/service highlights, event or ordering guidance, and local customer CTAs. I’ll send the finished files in this email thread when they’re ready.

– Anastaysia","Hi Mr. Falafel team — your finished $100 content package is ready. I’ve organized the posts, graphics, follow-up copy, review/message replies and CTAs so they’re easy to reuse. If you want a different service emphasized in a future set, reply here.

– Anastaysia",New,,,
V5,92,183,"Nevtec, Inc.","San Jose, CA",Managed IT and network consulting,77,Priority-ranked; timing is not guaranteed,sales@nevtec.com,https://www.nevtec.com/,408-292-8600,https://www.nevtec.com/privacy-policy/,2026-09-16,Current owned site is active and publishes info@nevtec.com; current partner listings identify San Jose office and sales@nevtec.com.,managed it and network consulting,"Nevtec provides managed IT, backup/recovery, infrastructure and consulting for SMBs; a managed-vs-project service guide can make technical choices easier for buyers.","Nevtec provides managed IT, backup/recovery, infrastructure and consulting for SMBs; a managed-vs-project service guide can make technical choices easier for buyers. The $100 package is useful here because it turns those existing services into clear, reusable customer-facing content without requiring the business to write or design the pieces itself.","Private managed it and network consulting sample for Nevtec, Inc.","Hi Nevtec, Inc. team,

I was looking at your business and noticed nevtec provides managed IT, backup/recovery, infrastructure and consulting for SMBs; a managed-vs-project service guide can make technical choices easier for buyers. I made the attached private preview around that part of the business so you can judge the direction before spending anything.

For $100 one time, I can turn it into a complete done-for-you content pack. In plain English, you get:

• 10 ready-to-post Google / Facebook / social posts
• custom graphics made for Nevtec, Inc.
• customer follow-up messages you can copy and paste
• review and customer-message reply templates
• stronger calls-to-action
• content built around your actual services
• everything organized and ready to use

No subscription and no contract. I’d build the first set around service highlights, FAQ-style education, and a clear next-step CTA.

Why it may be worth considering: you already have services worth explaining and showing; this package turns those existing strengths into content customers can actually see and understand.

If you like the sample, reply YES and I’ll finish the complete set.

If you already know you want it, the $100 PayPal invoice is here:
https://www.paypal.com/invoice/p/#7T6DC9A6WFH3XXCT

If you’d rather ask something first, just reply. If it isn’t useful, reply “no thanks” and I won’t keep following up.

Thanks,
Anastaysia",092-v5-nevtec-inc.jpg,092-v5-nevtec-inc.eml,"Absolutely — I can finish the full managed it and network consulting content package for Nevtec, Inc.. It’s $100 one time, with no subscription or contract. PayPal invoice: https://www.paypal.com/invoice/p/#7T6DC9A6WFH3XXCT

Once payment is confirmed, I’ll build the complete set around service highlights, FAQ-style education, and a clear next-step CTA unless you want me to prioritize something else.

– Anastaysia","It’s $100 total, one time — not per post and not monthly. You keep the 10 posts, custom graphics, customer follow-up messages, review/message replies and CTA copy.","The attached sample was made specifically for Nevtec, Inc. around managed it and network consulting. That is the direction I’d use for the finished set, and I’ll keep every piece tied to the actual services rather than generic filler.","I’d make the finished set around service highlights, FAQ-style education, and a clear next-step CTA. You receive the words + graphics ready to copy, post or reuse, so you do not have to design or write them yourself.","No problem. I’ll leave the sample with you. If timing changes, reply here and I can pick it back up. I won’t keep chasing you.","Hi Nevtec, Inc. team — one quick follow-up on the private managed it and network consulting sample I attached. If you want me to finish the full $100 set, reply YES. If not, no worries and I won’t follow up again.

– Anastaysia","Hi — I made a private managed it and network consulting sample for Nevtec, Inc., but the public email I tried bounced. What business email should I send the preview to?

– Anastaysia","Thanks — payment is confirmed. I’m building the Nevtec, Inc. package around service highlights, FAQ-style education, and a clear next-step CTA. I’ll send the finished files in this email thread when they’re ready.

– Anastaysia","Hi Nevtec, Inc. team — your finished $100 content package is ready. I’ve organized the posts, graphics, follow-up copy, review/message replies and CTAs so they’re easy to reuse. If you want a different service emphasized in a future set, reply here.

– Anastaysia",New,,,
V5,93,185,Nicole Audrey Events,"Morgan Hill, CA","Event planning, rentals and party design",77,Priority-ranked; timing is not guaranteed,info@nicoleaudreyevents.com,https://www.nicoleaudreyevents.com/,408-634-9623,https://www.nicoleaudreyevents.com/contact,2026-09-16,"Current owned site publishes Morgan Hill service base, public email/phone and active event services.","event planning, rentals and party design","Nicole Audrey Events offers rentals, picnics, birthday/baby-shower design, balloons, micro-weddings and corporate events; package and event-type content can clarify the planning path.","Nicole Audrey Events offers rentals, picnics, birthday/baby-shower design, balloons, micro-weddings and corporate events; package and event-type content can clarify the planning path. The $100 package is useful here because it turns those existing services into clear, reusable customer-facing content without requiring the business to write or design the pieces itself.","Private event planning, rentals and party design sample for Nicole Audrey Events","Hi Nicole Audrey Events team,

I was looking at your business and noticed nicole Audrey Events offers rentals, picnics, birthday/baby-shower design, balloons, micro-weddings and corporate events; package and event-type content can clarify the planning path. I made the attached private preview around that part of the business so you can judge the direction before spending anything.

For $100 one time, I can turn it into a complete done-for-you content pack. In plain English, you get:

• 10 ready-to-post Google / Facebook / social posts
• custom graphics made for Nicole Audrey Events
• customer follow-up messages you can copy and paste
• review and customer-message reply templates
• stronger calls-to-action
• content built around your actual services
• everything organized and ready to use

No subscription and no contract. I’d build the first set around service highlights, FAQ-style education, and a clear next-step CTA.

Why it may be worth considering: you already have services worth explaining and showing; this package turns those existing strengths into content customers can actually see and understand.

If you like the sample, reply YES and I’ll finish the complete set.

If you already know you want it, the $100 PayPal invoice is here:
https://www.paypal.com/invoice/p/#7T6DC9A6WFH3XXCT

If you’d rather ask something first, just reply. If it isn’t useful, reply “no thanks” and I won’t keep following up.

Thanks,
Anastaysia",093-v5-nicole-audrey-events.jpg,093-v5-nicole-audrey-events.eml,"Absolutely — I can finish the full event planning, rentals and party design content package for Nicole Audrey Events. It’s $100 one time, with no subscription or contract. PayPal invoice: https://www.paypal.com/invoice/p/#7T6DC9A6WFH3XXCT

Once payment is confirmed, I’ll build the complete set around service highlights, FAQ-style education, and a clear next-step CTA unless you want me to prioritize something else.

– Anastaysia","It’s $100 total, one time — not per post and not monthly. You keep the 10 posts, custom graphics, customer follow-up messages, review/message replies and CTA copy.","The attached sample was made specifically for Nicole Audrey Events around event planning, rentals and party design. That is the direction I’d use for the finished set, and I’ll keep every piece tied to the actual services rather than generic filler.","I’d make the finished set around service highlights, FAQ-style education, and a clear next-step CTA. You receive the words + graphics ready to copy, post or reuse, so you do not have to design or write them yourself.","No problem. I’ll leave the sample with you. If timing changes, reply here and I can pick it back up. I won’t keep chasing you.","Hi Nicole Audrey Events team — one quick follow-up on the private event planning, rentals and party design sample I attached. If you want me to finish the full $100 set, reply YES. If not, no worries and I won’t follow up again.

– Anastaysia","Hi — I made a private event planning, rentals and party design sample for Nicole Audrey Events, but the public email I tried bounced. What business email should I send the preview to?

– Anastaysia","Thanks — payment is confirmed. I’m building the Nicole Audrey Events package around service highlights, FAQ-style education, and a clear next-step CTA. I’ll send the finished files in this email thread when they’re ready.

– Anastaysia","Hi Nicole Audrey Events team — your finished $100 content package is ready. I’ve organized the posts, graphics, follow-up copy, review/message replies and CTAs so they’re easy to reuse. If you want a different service emphasized in a future set, reply here.

– Anastaysia",New,,,
V5,94,187,Organized Spaces,"Los Gatos, CA",Professional home organizing,77,Priority-ranked; timing is not guaranteed,info@organized-spaces.com,https://organized-spaces.com/,408-375-1794,https://organized-spaces.com/,2026-09-16,"Current owned site publishes info@organized-spaces.com, 408-375-1794, Los Gatos roots and a service area spanning multiple Santa Clara County cities; repo search found no prior collision.",professional home organizing,"Organized Spaces offers home organization, moving, downsizing and a complimentary consultation across Silicon Valley; service-path, consultation-prep and project-story content can show prospective clients what the engagement actually looks like.","Organized Spaces offers home organization, moving, downsizing and a complimentary consultation across Silicon Valley; service-path, consultation-prep and project-story content can show prospective clients what the engagement actually looks like. The $100 package is useful here because it turns those existing services into clear, reusable customer-facing content without requiring the business to write or design the pieces itself.",Private professional home organizing sample for Organized Spaces,"Hi Organized Spaces team,

I was looking at your business and noticed organized Spaces offers home organization, moving, downsizing and a complimentary consultation across Silicon Valley; service-path, consultation-prep and project-story content can show prospective clients what the engagement actually looks like. I made the attached private preview around that part of the business so you can judge the direction before spending anything.

For $100 one time, I can turn it into a complete done-for-you content pack. In plain English, you get:

• 10 ready-to-post Google / Facebook / social posts
• custom graphics made for Organized Spaces
• customer follow-up messages you can copy and paste
• review and customer-message reply templates
• stronger calls-to-action
• content built around your actual services
• everything organized and ready to use

No subscription and no contract. I’d build the first set around before/after process content, service-selection guidance, and quote CTAs.

Why it may be worth considering: you already have services worth explaining and showing; this package turns those existing strengths into content customers can actually see and understand.

If you like the sample, reply YES and I’ll finish the complete set.

If you already know you want it, the $100 PayPal invoice is here:
https://www.paypal.com/invoice/p/#7T6DC9A6WFH3XXCT

If you’d rather ask something first, just reply. If it isn’t useful, reply “no thanks” and I won’t keep following up.

Thanks,
Anastaysia",094-v5-organized-spaces.jpg,094-v5-organized-spaces.eml,"Absolutely — I can finish the full professional home organizing content package for Organized Spaces. It’s $100 one time, with no subscription or contract. PayPal invoice: https://www.paypal.com/invoice/p/#7T6DC9A6WFH3XXCT

Once payment is confirmed, I’ll build the complete set around before/after process content, service-selection guidance, and quote CTAs unless you want me to prioritize something else.

– Anastaysia","It’s $100 total, one time — not per post and not monthly. You keep the 10 posts, custom graphics, customer follow-up messages, review/message replies and CTA copy.","The attached sample was made specifically for Organized Spaces around professional home organizing. That is the direction I’d use for the finished set, and I’ll keep every piece tied to the actual services rather than generic filler.","I’d make the finished set around before/after process content, service-selection guidance, and quote CTAs. You receive the words + graphics ready to copy, post or reuse, so you do not have to design or write them yourself.","No problem. I’ll leave the sample with you. If timing changes, reply here and I can pick it back up. I won’t keep chasing you.","Hi Organized Spaces team — one quick follow-up on the private professional home organizing sample I attached. If you want me to finish the full $100 set, reply YES. If not, no worries and I won’t follow up again.

– Anastaysia","Hi — I made a private professional home organizing sample for Organized Spaces, but the public email I tried bounced. What business email should I send the preview to?

– Anastaysia","Thanks — payment is confirmed. I’m building the Organized Spaces package around before/after process content, service-selection guidance, and quote CTAs. I’ll send the finished files in this email thread when they’re ready.

– Anastaysia","Hi Organized Spaces team — your finished $100 content package is ready. I’ve organized the posts, graphics, follow-up copy, review/message replies and CTAs so they’re easy to reuse. If you want a different service emphasized in a future set, reply here.

– Anastaysia",New,,,
V5,95,189,Pine Press Printing Binding and Copying,"Sunnyvale, CA","Printing, design and direct mail",77,Priority-ranked; timing is not guaranteed,info@pinepress.com,https://www.pinepress.com/,408-730-2552,https://www.pinepress.com/contact/contact.html,2026-09-13,"Official contact/about pages list info@pinepress.com and 1330 S. Mary Ave, Sunnyvale; current site describes full-service online printing, design and mailing.","printing, design and direct mail","Pine Press combines design, print, mailing services and mailing lists, so an easy-to-scan campaign explainer could show customers how one project can move from design through print and delivery.","Pine Press combines design, print, mailing services and mailing lists, so an easy-to-scan campaign explainer could show customers how one project can move from design through print and delivery. The $100 package is useful here because it turns those existing services into clear, reusable customer-facing content without requiring the business to write or design the pieces itself.","Private printing, design and direct mail sample for Pine Press Printing Binding and Copying","Hi Pine Press Printing Binding and Copying team,

I was looking at your business and noticed pine Press combines design, print, mailing services and mailing lists, so an easy-to-scan campaign explainer could show customers how one project can move from design through print and delivery. I made the attached private preview around that part of the business so you can judge the direction before spending anything.

For $100 one time, I can turn it into a complete done-for-you content pack. In plain English, you get:

• 10 ready-to-post Google / Facebook / social posts
• custom graphics made for Pine Press Printing Binding and Copying
• customer follow-up messages you can copy and paste
• review and customer-message reply templates
• stronger calls-to-action
• content built around your actual services
• everything organized and ready to use

No subscription and no contract. I’d build the first set around service highlights, FAQ-style education, and a clear next-step CTA.

Why it may be worth considering: you already have services worth explaining and showing; this package turns those existing strengths into content customers can actually see and understand.

If you like the sample, reply YES and I’ll finish the complete set.

If you already know you want it, the $100 PayPal invoice is here:
https://www.paypal.com/invoice/p/#7T6DC9A6WFH3XXCT

If you’d rather ask something first, just reply. If it isn’t useful, reply “no thanks” and I won’t keep following up.

Thanks,
Anastaysia",095-v5-pine-press-printing-binding-and-copying.jpg,095-v5-pine-press-printing-binding-and-copying.eml,"Absolutely — I can finish the full printing, design and direct mail content package for Pine Press Printing Binding and Copying. It’s $100 one time, with no subscription or contract. PayPal invoice: https://www.paypal.com/invoice/p/#7T6DC9A6WFH3XXCT

Once payment is confirmed, I’ll build the complete set around service highlights, FAQ-style education, and a clear next-step CTA unless you want me to prioritize something else.

– Anastaysia","It’s $100 total, one time — not per post and not monthly. You keep the 10 posts, custom graphics, customer follow-up messages, review/message replies and CTA copy.","The attached sample was made specifically for Pine Press Printing Binding and Copying around printing, design and direct mail. That is the direction I’d use for the finished set, and I’ll keep every piece tied to the actual services rather than generic filler.","I’d make the finished set around service highlights, FAQ-style education, and a clear next-step CTA. You receive the words + graphics ready to copy, post or reuse, so you do not have to design or write them yourself.","No problem. I’ll leave the sample with you. If timing changes, reply here and I can pick it back up. I won’t keep chasing you.","Hi Pine Press Printing Binding and Copying team — one quick follow-up on the private printing, design and direct mail sample I attached. If you want me to finish the full $100 set, reply YES. If not, no worries and I won’t follow up again.

– Anastaysia","Hi — I made a private printing, design and direct mail sample for Pine Press Printing Binding and Copying, but the public email I tried bounced. What business email should I send the preview to?

– Anastaysia","Thanks — payment is confirmed. I’m building the Pine Press Printing Binding and Copying package around service highlights, FAQ-style education, and a clear next-step CTA. I’ll send the finished files in this email thread when they’re ready.

– Anastaysia","Hi Pine Press Printing Binding and Copying team — your finished $100 content package is ready. I’ve organized the posts, graphics, follow-up copy, review/message replies and CTAs so they’re easy to reuse. If you want a different service emphasized in a future set, reply here.

– Anastaysia",New,,,
V5,96,191,Rubio's Flooring Services,"San Jose, CA",Flooring installation and refinishing,77,Priority-ranked; timing is not guaranteed,info@rubiosflooring.com,https://www.rubiosflooringservices.com/,408-829-1184,https://www.rubiosflooringservices.com/,2026-09-13,"Current owned site lists San Jose service area, public email/phone, flooring categories, free-estimate workflow and 2026 copyright. The site itself publishes the rubiosflooring.com email, so the cross-domain contact is retained as explicit evidence rather than inferred.",flooring installation and refinishing,"Rubio's offers hardwood, laminate, vinyl/LVP, tile and refinishing; material-comparison and room/use-case content can make a flooring quote easier to approach for homeowners.","Rubio's offers hardwood, laminate, vinyl/LVP, tile and refinishing; material-comparison and room/use-case content can make a flooring quote easier to approach for homeowners. The $100 package is useful here because it turns those existing services into clear, reusable customer-facing content without requiring the business to write or design the pieces itself.",Private flooring installation and refinishing sample for Rubio's Flooring Services,"Hi Rubio's Flooring Services team,

I was looking at your business and noticed rubio's offers hardwood, laminate, vinyl/LVP, tile and refinishing; material-comparison and room/use-case content can make a flooring quote easier to approach for homeowners. I made the attached private preview around that part of the business so you can judge the direction before spending anything.

For $100 one time, I can turn it into a complete done-for-you content pack. In plain English, you get:

• 10 ready-to-post Google / Facebook / social posts
• custom graphics made for Rubio's Flooring Services
• customer follow-up messages you can copy and paste
• review and customer-message reply templates
• stronger calls-to-action
• content built around your actual services
• everything organized and ready to use

No subscription and no contract. I’d build the first set around service highlights, FAQ-style education, and a clear next-step CTA.

Why it may be worth considering: you already have services worth explaining and showing; this package turns those existing strengths into content customers can actually see and understand.

If you like the sample, reply YES and I’ll finish the complete set.

If you already know you want it, the $100 PayPal invoice is here:
https://www.paypal.com/invoice/p/#7T6DC9A6WFH3XXCT

If you’d rather ask something first, just reply. If it isn’t useful, reply “no thanks” and I won’t keep following up.

Thanks,
Anastaysia",096-v5-rubio-s-flooring-services.jpg,096-v5-rubio-s-flooring-services.eml,"Absolutely — I can finish the full flooring installation and refinishing content package for Rubio's Flooring Services. It’s $100 one time, with no subscription or contract. PayPal invoice: https://www.paypal.com/invoice/p/#7T6DC9A6WFH3XXCT

Once payment is confirmed, I’ll build the complete set around service highlights, FAQ-style education, and a clear next-step CTA unless you want me to prioritize something else.

– Anastaysia","It’s $100 total, one time — not per post and not monthly. You keep the 10 posts, custom graphics, customer follow-up messages, review/message replies and CTA copy.","The attached sample was made specifically for Rubio's Flooring Services around flooring installation and refinishing. That is the direction I’d use for the finished set, and I’ll keep every piece tied to the actual services rather than generic filler.","I’d make the finished set around service highlights, FAQ-style education, and a clear next-step CTA. You receive the words + graphics ready to copy, post or reuse, so you do not have to design or write them yourself.","No problem. I’ll leave the sample with you. If timing changes, reply here and I can pick it back up. I won’t keep chasing you.","Hi Rubio's Flooring Services team — one quick follow-up on the private flooring installation and refinishing sample I attached. If you want me to finish the full $100 set, reply YES. If not, no worries and I won’t follow up again.

– Anastaysia","Hi — I made a private flooring installation and refinishing sample for Rubio's Flooring Services, but the public email I tried bounced. What business email should I send the preview to?

– Anastaysia","Thanks — payment is confirmed. I’m building the Rubio's Flooring Services package around service highlights, FAQ-style education, and a clear next-step CTA. I’ll send the finished files in this email thread when they’re ready.

– Anastaysia","Hi Rubio's Flooring Services team — your finished $100 content package is ready. I’ve organized the posts, graphics, follow-up copy, review/message replies and CTAs so they’re easy to reuse. If you want a different service emphasized in a future set, reply here.

– Anastaysia",New,,,
V5,97,193,Safar by Karimi,"Cupertino, CA","Restaurant, reservations and private events",77,Priority-ranked; timing is not guaranteed,info@safarbykarimi.com,https://www.safarbykarimi.com/,408-816-8080,https://www.safarbykarimi.com/contact,2026-09-13,"Current owned contact page lists 19930 Stevens Creek Blvd, Cupertino, info@safarbykarimi.com, 408-816-8080, current hours and a private-event inquiry path.","restaurant, reservations and private events","Safar separates everyday dining, reservations and private-event inquiries; occasion-based content and a simple private-event path could help customers understand when and how to book without fake scarcity.","Safar separates everyday dining, reservations and private-event inquiries; occasion-based content and a simple private-event path could help customers understand when and how to book without fake scarcity. The $100 package is useful here because it turns those existing services into clear, reusable customer-facing content without requiring the business to write or design the pieces itself.","Private restaurant, reservations and private events sample for Safar by Karimi","Hi Safar by Karimi team,

I was looking at your business and noticed safar separates everyday dining, reservations and private-event inquiries; occasion-based content and a simple private-event path could help customers understand when and how to book without fake scarcity. I made the attached private preview around that part of the business so you can judge the direction before spending anything.

For $100 one time, I can turn it into a complete done-for-you content pack. In plain English, you get:

• 10 ready-to-post Google / Facebook / social posts
• custom graphics made for Safar by Karimi
• customer follow-up messages you can copy and paste
• review and customer-message reply templates
• stronger calls-to-action
• content built around your actual services
• everything organized and ready to use

No subscription and no contract. I’d build the first set around menu/service highlights, event or ordering guidance, and local customer CTAs.

Why it may be worth considering: you already have services worth explaining and showing; this package turns those existing strengths into content customers can actually see and understand.

If you like the sample, reply YES and I’ll finish the complete set.

If you already know you want it, the $100 PayPal invoice is here:
https://www.paypal.com/invoice/p/#7T6DC9A6WFH3XXCT

If you’d rather ask something first, just reply. If it isn’t useful, reply “no thanks” and I won’t keep following up.

Thanks,
Anastaysia",097-v5-safar-by-karimi.jpg,097-v5-safar-by-karimi.eml,"Absolutely — I can finish the full restaurant, reservations and private events content package for Safar by Karimi. It’s $100 one time, with no subscription or contract. PayPal invoice: https://www.paypal.com/invoice/p/#7T6DC9A6WFH3XXCT

Once payment is confirmed, I’ll build the complete set around menu/service highlights, event or ordering guidance, and local customer CTAs unless you want me to prioritize something else.

– Anastaysia","It’s $100 total, one time — not per post and not monthly. You keep the 10 posts, custom graphics, customer follow-up messages, review/message replies and CTA copy.","The attached sample was made specifically for Safar by Karimi around restaurant, reservations and private events. That is the direction I’d use for the finished set, and I’ll keep every piece tied to the actual services rather than generic filler.","I’d make the finished set around menu/service highlights, event or ordering guidance, and local customer CTAs. You receive the words + graphics ready to copy, post or reuse, so you do not have to design or write them yourself.","No problem. I’ll leave the sample with you. If timing changes, reply here and I can pick it back up. I won’t keep chasing you.","Hi Safar by Karimi team — one quick follow-up on the private restaurant, reservations and private events sample I attached. If you want me to finish the full $100 set, reply YES. If not, no worries and I won’t follow up again.

– Anastaysia","Hi — I made a private restaurant, reservations and private events sample for Safar by Karimi, but the public email I tried bounced. What business email should I send the preview to?

– Anastaysia","Thanks — payment is confirmed. I’m building the Safar by Karimi package around menu/service highlights, event or ordering guidance, and local customer CTAs. I’ll send the finished files in this email thread when they’re ready.

– Anastaysia","Hi Safar by Karimi team — your finished $100 content package is ready. I’ve organized the posts, graphics, follow-up copy, review/message replies and CTAs so they’re easy to reuse. If you want a different service emphasized in a future set, reply here.

– Anastaysia",New,,,
V5,98,195,sculpt50,"Campbell / Santa Clara / San Jose, CA",Fitness studio and Lagree classes,77,Priority-ranked; timing is not guaranteed,Info@Sculpt50.com,https://www.sculpt50.com/,,https://www.sculpt50.com/,2026-09-13,"Current owned site publishes Info@Sculpt50.com and active Campbell, Santa Clara and San Jose locations; current policies/contact pages document booking and new-client procedures.",fitness studio and lagree classes,"sculpt50 operates three Santa Clara County locations with class booking, pricing and new-client policies; location-selection, first-class preparation and package-explainer content could reduce booking friction without promising fitness results.","sculpt50 operates three Santa Clara County locations with class booking, pricing and new-client policies; location-selection, first-class preparation and package-explainer content could reduce booking friction without promising fitness results. The $100 package is useful here because it turns those existing services into clear, reusable customer-facing content without requiring the business to write or design the pieces itself.",Private fitness studio and lagree classes sample for sculpt50,"Hi sculpt50 team,

I was looking at your business and noticed sculpt50 operates three Santa Clara County locations with class booking, pricing and new-client policies; location-selection, first-class preparation and package-explainer content could reduce booking friction without promising fitness results. I made the attached private preview around that part of the business so you can judge the direction before spending anything.

For $100 one time, I can turn it into a complete done-for-you content pack. In plain English, you get:

• 10 ready-to-post Google / Facebook / social posts
• custom graphics made for sculpt50
• customer follow-up messages you can copy and paste
• review and customer-message reply templates
• stronger calls-to-action
• content built around your actual services
• everything organized and ready to use

No subscription and no contract. I’d build the first set around program/service selection, first-visit guidance, and booking CTAs.

Why it may be worth considering: you already have services worth explaining and showing; this package turns those existing strengths into content customers can actually see and understand.

If you like the sample, reply YES and I’ll finish the complete set.

If you already know you want it, the $100 PayPal invoice is here:
https://www.paypal.com/invoice/p/#7T6DC9A6WFH3XXCT

If you’d rather ask something first, just reply. If it isn’t useful, reply “no thanks” and I won’t keep following up.

Thanks,
Anastaysia",098-v5-sculpt50.jpg,098-v5-sculpt50.eml,"Absolutely — I can finish the full fitness studio and lagree classes content package for sculpt50. It’s $100 one time, with no subscription or contract. PayPal invoice: https://www.paypal.com/invoice/p/#7T6DC9A6WFH3XXCT

Once payment is confirmed, I’ll build the complete set around program/service selection, first-visit guidance, and booking CTAs unless you want me to prioritize something else.

– Anastaysia","It’s $100 total, one time — not per post and not monthly. You keep the 10 posts, custom graphics, customer follow-up messages, review/message replies and CTA copy.","The attached sample was made specifically for sculpt50 around fitness studio and lagree classes. That is the direction I’d use for the finished set, and I’ll keep every piece tied to the actual services rather than generic filler.","I’d make the finished set around program/service selection, first-visit guidance, and booking CTAs. You receive the words + graphics ready to copy, post or reuse, so you do not have to design or write them yourself.","No problem. I’ll leave the sample with you. If timing changes, reply here and I can pick it back up. I won’t keep chasing you.","Hi sculpt50 team — one quick follow-up on the private fitness studio and lagree classes sample I attached. If you want me to finish the full $100 set, reply YES. If not, no worries and I won’t follow up again.

– Anastaysia","Hi — I made a private fitness studio and lagree classes sample for sculpt50, but the public email I tried bounced. What business email should I send the preview to?

– Anastaysia","Thanks — payment is confirmed. I’m building the sculpt50 package around program/service selection, first-visit guidance, and booking CTAs. I’ll send the finished files in this email thread when they’re ready.

– Anastaysia","Hi sculpt50 team — your finished $100 content package is ready. I’ve organized the posts, graphics, follow-up copy, review/message replies and CTAs so they’re easy to reuse. If you want a different service emphasized in a future set, reply here.

– Anastaysia",New,,,
V5,99,197,Sholl Media Group,"San Jose, CA",Commercial video production and live streaming,77,Priority-ranked; timing is not guaranteed,hello@shollmediagroup.com,https://www.shollmediagroup.com/,408-960-5847,https://www.shollmediagroup.com/contact/,2026-09-16,"Current owned site lists San Jose-based remote workforce, hello@shollmediagroup.com and active production services.",commercial video production and live streaming,"Sholl Media offers commercial video, multi-camera live streams, studio production and retainers; project-type content can help enterprise buyers choose the right production path.","Sholl Media offers commercial video, multi-camera live streams, studio production and retainers; project-type content can help enterprise buyers choose the right production path. The $100 package is useful here because it turns those existing services into clear, reusable customer-facing content without requiring the business to write or design the pieces itself.",Private commercial video production and live streaming sample for Sholl Media Group,"Hi Sholl Media Group team,

I was looking at your business and noticed sholl Media offers commercial video, multi-camera live streams, studio production and retainers; project-type content can help enterprise buyers choose the right production path. I made the attached private preview around that part of the business so you can judge the direction before spending anything.

For $100 one time, I can turn it into a complete done-for-you content pack. In plain English, you get:

• 10 ready-to-post Google / Facebook / social posts
• custom graphics made for Sholl Media Group
• customer follow-up messages you can copy and paste
• review and customer-message reply templates
• stronger calls-to-action
• content built around your actual services
• everything organized and ready to use

No subscription and no contract. I’d build the first set around service highlights, FAQ-style education, and a clear next-step CTA.

Why it may be worth considering: you already have services worth explaining and showing; this package turns those existing strengths into content customers can actually see and understand.

If you like the sample, reply YES and I’ll finish the complete set.

If you already know you want it, the $100 PayPal invoice is here:
https://www.paypal.com/invoice/p/#7T6DC9A6WFH3XXCT

If you’d rather ask something first, just reply. If it isn’t useful, reply “no thanks” and I won’t keep following up.

Thanks,
Anastaysia",099-v5-sholl-media-group.jpg,099-v5-sholl-media-group.eml,"Absolutely — I can finish the full commercial video production and live streaming content package for Sholl Media Group. It’s $100 one time, with no subscription or contract. PayPal invoice: https://www.paypal.com/invoice/p/#7T6DC9A6WFH3XXCT

Once payment is confirmed, I’ll build the complete set around service highlights, FAQ-style education, and a clear next-step CTA unless you want me to prioritize something else.

– Anastaysia","It’s $100 total, one time — not per post and not monthly. You keep the 10 posts, custom graphics, customer follow-up messages, review/message replies and CTA copy.","The attached sample was made specifically for Sholl Media Group around commercial video production and live streaming. That is the direction I’d use for the finished set, and I’ll keep every piece tied to the actual services rather than generic filler.","I’d make the finished set around service highlights, FAQ-style education, and a clear next-step CTA. You receive the words + graphics ready to copy, post or reuse, so you do not have to design or write them yourself.","No problem. I’ll leave the sample with you. If timing changes, reply here and I can pick it back up. I won’t keep chasing you.","Hi Sholl Media Group team — one quick follow-up on the private commercial video production and live streaming sample I attached. If you want me to finish the full $100 set, reply YES. If not, no worries and I won’t follow up again.

– Anastaysia","Hi — I made a private commercial video production and live streaming sample for Sholl Media Group, but the public email I tried bounced. What business email should I send the preview to?

– Anastaysia","Thanks — payment is confirmed. I’m building the Sholl Media Group package around service highlights, FAQ-style education, and a clear next-step CTA. I’ll send the finished files in this email thread when they’re ready.

– Anastaysia","Hi Sholl Media Group team — your finished $100 content package is ready. I’ve organized the posts, graphics, follow-up copy, review/message replies and CTAs so they’re easy to reuse. If you want a different service emphasized in a future set, reply here.

– Anastaysia",New,,,
V5,100,199,Shubham Halls,"Sunnyvale, CA",Event venue and catering,77,Priority-ranked; timing is not guaranteed,events@shubhamhalls.com,https://shubhamhalls.com/,669-315-4545,https://shubhamhalls.com/,2026-09-15,"Current owned site lists 1214 Apollo Way, Sunnyvale, public events inbox and detailed venue/catering information.",event venue and catering,"Shubham Halls offers multiple spaces, capacities and event types; venue-comparison, planning and tour-prep content can make a complex booking decision easier.","Shubham Halls offers multiple spaces, capacities and event types; venue-comparison, planning and tour-prep content can make a complex booking decision easier. The $100 package is useful here because it turns those existing services into clear, reusable customer-facing content without requiring the business to write or design the pieces itself.",Private event venue and catering sample for Shubham Halls,"Hi Shubham Halls team,

I was looking at your business and noticed shubham Halls offers multiple spaces, capacities and event types; venue-comparison, planning and tour-prep content can make a complex booking decision easier. I made the attached private preview around that part of the business so you can judge the direction before spending anything.

For $100 one time, I can turn it into a complete done-for-you content pack. In plain English, you get:

• 10 ready-to-post Google / Facebook / social posts
• custom graphics made for Shubham Halls
• customer follow-up messages you can copy and paste
• review and customer-message reply templates
• stronger calls-to-action
• content built around your actual services
• everything organized and ready to use

No subscription and no contract. I’d build the first set around menu/service highlights, event or ordering guidance, and local customer CTAs.

Why it may be worth considering: you already have services worth explaining and showing; this package turns those existing strengths into content customers can actually see and understand.

If you like the sample, reply YES and I’ll finish the complete set.

If you already know you want it, the $100 PayPal invoice is here:
https://www.paypal.com/invoice/p/#7T6DC9A6WFH3XXCT

If you’d rather ask something first, just reply. If it isn’t useful, reply “no thanks” and I won’t keep following up.

Thanks,
Anastaysia",100-v5-shubham-halls.jpg,100-v5-shubham-halls.eml,"Absolutely — I can finish the full event venue and catering content package for Shubham Halls. It’s $100 one time, with no subscription or contract. PayPal invoice: https://www.paypal.com/invoice/p/#7T6DC9A6WFH3XXCT

Once payment is confirmed, I’ll build the complete set around menu/service highlights, event or ordering guidance, and local customer CTAs unless you want me to prioritize something else.

– Anastaysia","It’s $100 total, one time — not per post and not monthly. You keep the 10 posts, custom graphics, customer follow-up messages, review/message replies and CTA copy.","The attached sample was made specifically for Shubham Halls around event venue and catering. That is the direction I’d use for the finished set, and I’ll keep every piece tied to the actual services rather than generic filler.","I’d make the finished set around menu/service highlights, event or ordering guidance, and local customer CTAs. You receive the words + graphics ready to copy, post or reuse, so you do not have to design or write them yourself.","No problem. I’ll leave the sample with you. If timing changes, reply here and I can pick it back up. I won’t keep chasing you.","Hi Shubham Halls team — one quick follow-up on the private event venue and catering sample I attached. If you want me to finish the full $100 set, reply YES. If not, no worries and I won’t follow up again.

– Anastaysia","Hi — I made a private event venue and catering sample for Shubham Halls, but the public email I tried bounced. What business email should I send the preview to?

– Anastaysia","Thanks — payment is confirmed. I’m building the Shubham Halls package around menu/service highlights, event or ordering guidance, and local customer CTAs. I’ll send the finished files in this email thread when they’re ready.

– Anastaysia","Hi Shubham Halls team — your finished $100 content package is ready. I’ve organized the posts, graphics, follow-up copy, review/message replies and CTAs so they’re easy to reuse. If you want a different service emphasized in a future set, reply here.

– Anastaysia",New,,,
V5,101,201,SPARK Social San Jose,"San Jose, CA","Food park, social venue and events",77,Priority-ranked; timing is not guaranteed,info@sparksocialsanjose.com,https://visitsparksocial.com/san-jose/,,https://visitsparksocial.com/san-jose/,2026-09-15,Current public venue page and business-intended contact evidence identify the San Jose location and events/food-park operation.,"food park, social venue and events",SPARK Social San Jose combines food vendors with events and group experiences; visit-planning and event-use-case content can explain multiple reasons to visit.,"SPARK Social San Jose combines food vendors with events and group experiences; visit-planning and event-use-case content can explain multiple reasons to visit. The $100 package is useful here because it turns those existing services into clear, reusable customer-facing content without requiring the business to write or design the pieces itself.","Private food park, social venue and events sample for SPARK Social San Jose","Hi SPARK Social San Jose team,

I was looking at your business and noticed sPARK Social San Jose combines food vendors with events and group experiences; visit-planning and event-use-case content can explain multiple reasons to visit. I made the attached private preview around that part of the business so you can judge the direction before spending anything.

For $100 one time, I can turn it into a complete done-for-you content pack. In plain English, you get:

• 10 ready-to-post Google / Facebook / social posts
• custom graphics made for SPARK Social San Jose
• customer follow-up messages you can copy and paste
• review and customer-message reply templates
• stronger calls-to-action
• content built around your actual services
• everything organized and ready to use

No subscription and no contract. I’d build the first set around menu/service highlights, event or ordering guidance, and local customer CTAs.

Why it may be worth considering: you already have services worth explaining and showing; this package turns those existing strengths into content customers can actually see and understand.

If you like the sample, reply YES and I’ll finish the complete set.

If you already know you want it, the $100 PayPal invoice is here:
https://www.paypal.com/invoice/p/#7T6DC9A6WFH3XXCT

If you’d rather ask something first, just reply. If it isn’t useful, reply “no thanks” and I won’t keep following up.

Thanks,
Anastaysia",101-v5-spark-social-san-jose.jpg,101-v5-spark-social-san-jose.eml,"Absolutely — I can finish the full food park, social venue and events content package for SPARK Social San Jose. It’s $100 one time, with no subscription or contract. PayPal invoice: https://www.paypal.com/invoice/p/#7T6DC9A6WFH3XXCT

Once payment is confirmed, I’ll build the complete set around menu/service highlights, event or ordering guidance, and local customer CTAs unless you want me to prioritize something else.

– Anastaysia","It’s $100 total, one time — not per post and not monthly. You keep the 10 posts, custom graphics, customer follow-up messages, review/message replies and CTA copy.","The attached sample was made specifically for SPARK Social San Jose around food park, social venue and events. That is the direction I’d use for the finished set, and I’ll keep every piece tied to the actual services rather than generic filler.","I’d make the finished set around menu/service highlights, event or ordering guidance, and local customer CTAs. You receive the words + graphics ready to copy, post or reuse, so you do not have to design or write them yourself.","No problem. I’ll leave the sample with you. If timing changes, reply here and I can pick it back up. I won’t keep chasing you.","Hi SPARK Social San Jose team — one quick follow-up on the private food park, social venue and events sample I attached. If you want me to finish the full $100 set, reply YES. If not, no worries and I won’t follow up again.

– Anastaysia","Hi — I made a private food park, social venue and events sample for SPARK Social San Jose, but the public email I tried bounced. What business email should I send the preview to?

– Anastaysia","Thanks — payment is confirmed. I’m building the SPARK Social San Jose package around menu/service highlights, event or ordering guidance, and local customer CTAs. I’ll send the finished files in this email thread when they’re ready.

– Anastaysia","Hi SPARK Social San Jose team — your finished $100 content package is ready. I’ve organized the posts, graphics, follow-up copy, review/message replies and CTAs so they’re easy to reuse. If you want a different service emphasized in a future set, reply here.

– Anastaysia",New,,,
V5,102,203,Spotless House Clean,"Gilroy, CA",Residential and recurring house cleaning,77,Priority-ranked; timing is not guaranteed,info@spotlesshouseclean.com,https://spotlesshouseclean.com/,408-427-7214,https://spotlesshouseclean.com/,2026-09-13,"Current owned site publishes Gilroy service location, info@spotlesshouseclean.com, 408-427-7214, weekday hours, eco-friendly cleaning positioning and a Get a Quote CTA.",residential and recurring house cleaning,"Spotless House Clean markets recurring home cleaning, eco-friendly products and a direct quote path; a before/after, recurring-service and quote-prep content pack is easy to demonstrate without inventing savings or results.","Spotless House Clean markets recurring home cleaning, eco-friendly products and a direct quote path; a before/after, recurring-service and quote-prep content pack is easy to demonstrate without inventing savings or results. The $100 package is useful here because it turns those existing services into clear, reusable customer-facing content without requiring the business to write or design the pieces itself.",Private residential and recurring house cleaning sample for Spotless House Clean,"Hi Spotless House Clean team,

I was looking at your business and noticed spotless House Clean markets recurring home cleaning, eco-friendly products and a direct quote path; a before/after, recurring-service and quote-prep content pack is easy to demonstrate without inventing savings or results. I made the attached private preview around that part of the business so you can judge the direction before spending anything.

For $100 one time, I can turn it into a complete done-for-you content pack. In plain English, you get:

• 10 ready-to-post Google / Facebook / social posts
• custom graphics made for Spotless House Clean
• customer follow-up messages you can copy and paste
• review and customer-message reply templates
• stronger calls-to-action
• content built around your actual services
• everything organized and ready to use

No subscription and no contract. I’d build the first set around before/after process content, service-selection guidance, and quote CTAs.

Why it may be worth considering: you already have services worth explaining and showing; this package turns those existing strengths into content customers can actually see and understand.

If you like the sample, reply YES and I’ll finish the complete set.

If you already know you want it, the $100 PayPal invoice is here:
https://www.paypal.com/invoice/p/#7T6DC9A6WFH3XXCT

If you’d rather ask something first, just reply. If it isn’t useful, reply “no thanks” and I won’t keep following up.

Thanks,
Anastaysia",102-v5-spotless-house-clean.jpg,102-v5-spotless-house-clean.eml,"Absolutely — I can finish the full residential and recurring house cleaning content package for Spotless House Clean. It’s $100 one time, with no subscription or contract. PayPal invoice: https://www.paypal.com/invoice/p/#7T6DC9A6WFH3XXCT

Once payment is confirmed, I’ll build the complete set around before/after process content, service-selection guidance, and quote CTAs unless you want me to prioritize something else.

– Anastaysia","It’s $100 total, one time — not per post and not monthly. You keep the 10 posts, custom graphics, customer follow-up messages, review/message replies and CTA copy.","The attached sample was made specifically for Spotless House Clean around residential and recurring house cleaning. That is the direction I’d use for the finished set, and I’ll keep every piece tied to the actual services rather than generic filler.","I’d make the finished set around before/after process content, service-selection guidance, and quote CTAs. You receive the words + graphics ready to copy, post or reuse, so you do not have to design or write them yourself.","No problem. I’ll leave the sample with you. If timing changes, reply here and I can pick it back up. I won’t keep chasing you.","Hi Spotless House Clean team — one quick follow-up on the private residential and recurring house cleaning sample I attached. If you want me to finish the full $100 set, reply YES. If not, no worries and I won’t follow up again.

– Anastaysia","Hi — I made a private residential and recurring house cleaning sample for Spotless House Clean, but the public email I tried bounced. What business email should I send the preview to?

– Anastaysia","Thanks — payment is confirmed. I’m building the Spotless House Clean package around before/after process content, service-selection guidance, and quote CTAs. I’ll send the finished files in this email thread when they’re ready.

– Anastaysia","Hi Spotless House Clean team — your finished $100 content package is ready. I’ve organized the posts, graphics, follow-up copy, review/message replies and CTAs so they’re easy to reuse. If you want a different service emphasized in a future set, reply here.

– Anastaysia",New,,,
V5,103,205,SV Corporate Events,"Sunnyvale, CA","Corporate meetings, offsites and events",77,Priority-ranked; timing is not guaranteed,events@svcorporateevents.com,https://svcorporateevents.com/,669-400-4060,https://svcorporateevents.com/,2026-09-15,,"corporate meetings, offsites and events","SV Corporate Events specializes in meetings, offsites and company events; event-type, planning and package content can help organizers.","SV Corporate Events specializes in meetings, offsites and company events; event-type, planning and package content can help organizers. The $100 package is useful here because it turns those existing services into clear, reusable customer-facing content without requiring the business to write or design the pieces itself.","Private corporate meetings, offsites and events sample for SV Corporate Events","Hi SV Corporate Events team,

I was looking at your business and noticed sV Corporate Events specializes in meetings, offsites and company events; event-type, planning and package content can help organizers. I made the attached private preview around that part of the business so you can judge the direction before spending anything.

For $100 one time, I can turn it into a complete done-for-you content pack. In plain English, you get:

• 10 ready-to-post Google / Facebook / social posts
• custom graphics made for SV Corporate Events
• customer follow-up messages you can copy and paste
• review and customer-message reply templates
• stronger calls-to-action
• content built around your actual services
• everything organized and ready to use

No subscription and no contract. I’d build the first set around service highlights, FAQ-style education, and a clear next-step CTA.

Why it may be worth considering: you already have services worth explaining and showing; this package turns those existing strengths into content customers can actually see and understand.

If you like the sample, reply YES and I’ll finish the complete set.

If you already know you want it, the $100 PayPal invoice is here:
https://www.paypal.com/invoice/p/#7T6DC9A6WFH3XXCT

If you’d rather ask something first, just reply. If it isn’t useful, reply “no thanks” and I won’t keep following up.

Thanks,
Anastaysia",103-v5-sv-corporate-events.jpg,103-v5-sv-corporate-events.eml,"Absolutely — I can finish the full corporate meetings, offsites and events content package for SV Corporate Events. It’s $100 one time, with no subscription or contract. PayPal invoice: https://www.paypal.com/invoice/p/#7T6DC9A6WFH3XXCT

Once payment is confirmed, I’ll build the complete set around service highlights, FAQ-style education, and a clear next-step CTA unless you want me to prioritize something else.

– Anastaysia","It’s $100 total, one time — not per post and not monthly. You keep the 10 posts, custom graphics, customer follow-up messages, review/message replies and CTA copy.","The attached sample was made specifically for SV Corporate Events around corporate meetings, offsites and events. That is the direction I’d use for the finished set, and I’ll keep every piece tied to the actual services rather than generic filler.","I’d make the finished set around service highlights, FAQ-style education, and a clear next-step CTA. You receive the words + graphics ready to copy, post or reuse, so you do not have to design or write them yourself.","No problem. I’ll leave the sample with you. If timing changes, reply here and I can pick it back up. I won’t keep chasing you.","Hi SV Corporate Events team — one quick follow-up on the private corporate meetings, offsites and events sample I attached. If you want me to finish the full $100 set, reply YES. If not, no worries and I won’t follow up again.

– Anastaysia","Hi — I made a private corporate meetings, offsites and events sample for SV Corporate Events, but the public email I tried bounced. What business email should I send the preview to?

– Anastaysia","Thanks — payment is confirmed. I’m building the SV Corporate Events package around service highlights, FAQ-style education, and a clear next-step CTA. I’ll send the finished files in this email thread when they’re ready.

– Anastaysia","Hi SV Corporate Events team — your finished $100 content package is ready. I’ve organized the posts, graphics, follow-up copy, review/message replies and CTAs so they’re easy to reuse. If you want a different service emphasized in a future set, reply here.

– Anastaysia",New,,,
V5,104,207,The Cactus Lounge Boutique,"Morgan Hill, CA","Boutique, ecommerce and local events",77,Priority-ranked; timing is not guaranteed,hello@thecactuslounge.com,https://thecactuslounge.com/,408-776-3434,https://thecactuslounge.com/,2026-09-15,"Current owned site lists 439 Vineyard Town Center, Morgan Hill, public hello inbox and active retail/event activity.","boutique, ecommerce and local events","The Cactus Lounge blends boutique retail, ecommerce, pickup and local events/popups; styling, new-arrival and event content can connect those customer paths.","The Cactus Lounge blends boutique retail, ecommerce, pickup and local events/popups; styling, new-arrival and event content can connect those customer paths. The $100 package is useful here because it turns those existing services into clear, reusable customer-facing content without requiring the business to write or design the pieces itself.","Private boutique, ecommerce and local events sample for The Cactus Lounge Boutique","Hi The Cactus Lounge Boutique team,

I was looking at your business and noticed the Cactus Lounge blends boutique retail, ecommerce, pickup and local events/popups; styling, new-arrival and event content can connect those customer paths. I made the attached private preview around that part of the business so you can judge the direction before spending anything.

For $100 one time, I can turn it into a complete done-for-you content pack. In plain English, you get:

• 10 ready-to-post Google / Facebook / social posts
• custom graphics made for The Cactus Lounge Boutique
• customer follow-up messages you can copy and paste
• review and customer-message reply templates
• stronger calls-to-action
• content built around your actual services
• everything organized and ready to use

No subscription and no contract. I’d build the first set around service highlights, FAQ-style education, and a clear next-step CTA.

Why it may be worth considering: you already have services worth explaining and showing; this package turns those existing strengths into content customers can actually see and understand.

If you like the sample, reply YES and I’ll finish the complete set.

If you already know you want it, the $100 PayPal invoice is here:
https://www.paypal.com/invoice/p/#7T6DC9A6WFH3XXCT

If you’d rather ask something first, just reply. If it isn’t useful, reply “no thanks” and I won’t keep following up.

Thanks,
Anastaysia",104-v5-the-cactus-lounge-boutique.jpg,104-v5-the-cactus-lounge-boutique.eml,"Absolutely — I can finish the full boutique, ecommerce and local events content package for The Cactus Lounge Boutique. It’s $100 one time, with no subscription or contract. PayPal invoice: https://www.paypal.com/invoice/p/#7T6DC9A6WFH3XXCT

Once payment is confirmed, I’ll build the complete set around service highlights, FAQ-style education, and a clear next-step CTA unless you want me to prioritize something else.

– Anastaysia","It’s $100 total, one time — not per post and not monthly. You keep the 10 posts, custom graphics, customer follow-up messages, review/message replies and CTA copy.","The attached sample was made specifically for The Cactus Lounge Boutique around boutique, ecommerce and local events. That is the direction I’d use for the finished set, and I’ll keep every piece tied to the actual services rather than generic filler.","I’d make the finished set around service highlights, FAQ-style education, and a clear next-step CTA. You receive the words + graphics ready to copy, post or reuse, so you do not have to design or write them yourself.","No problem. I’ll leave the sample with you. If timing changes, reply here and I can pick it back up. I won’t keep chasing you.","Hi The Cactus Lounge Boutique team — one quick follow-up on the private boutique, ecommerce and local events sample I attached. If you want me to finish the full $100 set, reply YES. If not, no worries and I won’t follow up again.

– Anastaysia","Hi — I made a private boutique, ecommerce and local events sample for The Cactus Lounge Boutique, but the public email I tried bounced. What business email should I send the preview to?

– Anastaysia","Thanks — payment is confirmed. I’m building the The Cactus Lounge Boutique package around service highlights, FAQ-style education, and a clear next-step CTA. I’ll send the finished files in this email thread when they’re ready.

– Anastaysia","Hi The Cactus Lounge Boutique team — your finished $100 content package is ready. I’ve organized the posts, graphics, follow-up copy, review/message replies and CTAs so they’re easy to reuse. If you want a different service emphasized in a future set, reply here.

– Anastaysia",New,,,
V5,105,209,The Party Helpers,San Jose CA,Full-service catering and events,77,Priority-ranked; timing is not guaranteed,info@thepartyhelpers.com,https://www.thepartyhelpers.com/,408-435-7337,https://www.thepartyhelpers.com/,2026-09-13,Official site lists San Jose address and info@thepartyhelpers.com; Summer 2026 menu confirms active current catering operations and flexible event offerings.,full-service catering and events,"The Party Helpers serves personal, wedding and large business events and is actively publishing 2026 seasonal menus, so campaign content can showcase event types, menu flexibility and planning help.","The Party Helpers serves personal, wedding and large business events and is actively publishing 2026 seasonal menus, so campaign content can showcase event types, menu flexibility and planning help. The $100 package is useful here because it turns those existing services into clear, reusable customer-facing content without requiring the business to write or design the pieces itself.",Private full-service catering and events sample for The Party Helpers,"Hi The Party Helpers team,

I was looking at your business and noticed the Party Helpers serves personal, wedding and large business events and is actively publishing 2026 seasonal menus, so campaign content can showcase event types, menu flexibility and planning help. I made the attached private preview around that part of the business so you can judge the direction before spending anything.

For $100 one time, I can turn it into a complete done-for-you content pack. In plain English, you get:

• 10 ready-to-post Google / Facebook / social posts
• custom graphics made for The Party Helpers
• customer follow-up messages you can copy and paste
• review and customer-message reply templates
• stronger calls-to-action
• content built around your actual services
• everything organized and ready to use

No subscription and no contract. I’d build the first set around menu/service highlights, event or ordering guidance, and local customer CTAs.

Why it may be worth considering: you already have services worth explaining and showing; this package turns those existing strengths into content customers can actually see and understand.

If you like the sample, reply YES and I’ll finish the complete set.

If you already know you want it, the $100 PayPal invoice is here:
https://www.paypal.com/invoice/p/#7T6DC9A6WFH3XXCT

If you’d rather ask something first, just reply. If it isn’t useful, reply “no thanks” and I won’t keep following up.

Thanks,
Anastaysia",105-v5-the-party-helpers.jpg,105-v5-the-party-helpers.eml,"Absolutely — I can finish the full full-service catering and events content package for The Party Helpers. It’s $100 one time, with no subscription or contract. PayPal invoice: https://www.paypal.com/invoice/p/#7T6DC9A6WFH3XXCT

Once payment is confirmed, I’ll build the complete set around menu/service highlights, event or ordering guidance, and local customer CTAs unless you want me to prioritize something else.

– Anastaysia","It’s $100 total, one time — not per post and not monthly. You keep the 10 posts, custom graphics, customer follow-up messages, review/message replies and CTA copy.","The attached sample was made specifically for The Party Helpers around full-service catering and events. That is the direction I’d use for the finished set, and I’ll keep every piece tied to the actual services rather than generic filler.","I’d make the finished set around menu/service highlights, event or ordering guidance, and local customer CTAs. You receive the words + graphics ready to copy, post or reuse, so you do not have to design or write them yourself.","No problem. I’ll leave the sample with you. If timing changes, reply here and I can pick it back up. I won’t keep chasing you.","Hi The Party Helpers team — one quick follow-up on the private full-service catering and events sample I attached. If you want me to finish the full $100 set, reply YES. If not, no worries and I won’t follow up again.

– Anastaysia","Hi — I made a private full-service catering and events sample for The Party Helpers, but the public email I tried bounced. What business email should I send the preview to?

– Anastaysia","Thanks — payment is confirmed. I’m building the The Party Helpers package around menu/service highlights, event or ordering guidance, and local customer CTAs. I’ll send the finished files in this email thread when they’re ready.

– Anastaysia","Hi The Party Helpers team — your finished $100 content package is ready. I’ve organized the posts, graphics, follow-up copy, review/message replies and CTAs so they’re easy to reuse. If you want a different service emphasized in a future set, reply here.

– Anastaysia",New,,,
V5,106,211,Titans Sports Academy,"Morgan Hill, CA",Gymnastics and youth sports academy,77,Priority-ranked; timing is not guaranteed,info@titansmh.com,https://www.titansmh.com/,408-782-2872,https://www.titansmh.com/,2026-09-13,"Current owned site lists September 2026 upcoming events, 195 Mast Street #110, Morgan Hill, info@titansmh.com and 408-782-2872.",gymnastics and youth sports academy,"Titans publishes classes, open-gym activities and dated September 2026 events; parent-facing class, event and first-visit explainers can make enrollment choices easier without promising athletic outcomes.","Titans publishes classes, open-gym activities and dated September 2026 events; parent-facing class, event and first-visit explainers can make enrollment choices easier without promising athletic outcomes. The $100 package is useful here because it turns those existing services into clear, reusable customer-facing content without requiring the business to write or design the pieces itself.",Private gymnastics and youth sports academy sample for Titans Sports Academy,"Hi Titans Sports Academy team,

I was looking at your business and noticed titans publishes classes, open-gym activities and dated September 2026 events; parent-facing class, event and first-visit explainers can make enrollment choices easier without promising athletic outcomes. I made the attached private preview around that part of the business so you can judge the direction before spending anything.

For $100 one time, I can turn it into a complete done-for-you content pack. In plain English, you get:

• 10 ready-to-post Google / Facebook / social posts
• custom graphics made for Titans Sports Academy
• customer follow-up messages you can copy and paste
• review and customer-message reply templates
• stronger calls-to-action
• content built around your actual services
• everything organized and ready to use

No subscription and no contract. I’d build the first set around service highlights, FAQ-style education, and a clear next-step CTA.

Why it may be worth considering: you already have services worth explaining and showing; this package turns those existing strengths into content customers can actually see and understand.

If you like the sample, reply YES and I’ll finish the complete set.

If you already know you want it, the $100 PayPal invoice is here:
https://www.paypal.com/invoice/p/#7T6DC9A6WFH3XXCT

If you’d rather ask something first, just reply. If it isn’t useful, reply “no thanks” and I won’t keep following up.

Thanks,
Anastaysia",106-v5-titans-sports-academy.jpg,106-v5-titans-sports-academy.eml,"Absolutely — I can finish the full gymnastics and youth sports academy content package for Titans Sports Academy. It’s $100 one time, with no subscription or contract. PayPal invoice: https://www.paypal.com/invoice/p/#7T6DC9A6WFH3XXCT

Once payment is confirmed, I’ll build the complete set around service highlights, FAQ-style education, and a clear next-step CTA unless you want me to prioritize something else.

– Anastaysia","It’s $100 total, one time — not per post and not monthly. You keep the 10 posts, custom graphics, customer follow-up messages, review/message replies and CTA copy.","The attached sample was made specifically for Titans Sports Academy around gymnastics and youth sports academy. That is the direction I’d use for the finished set, and I’ll keep every piece tied to the actual services rather than generic filler.","I’d make the finished set around service highlights, FAQ-style education, and a clear next-step CTA. You receive the words + graphics ready to copy, post or reuse, so you do not have to design or write them yourself.","No problem. I’ll leave the sample with you. If timing changes, reply here and I can pick it back up. I won’t keep chasing you.","Hi Titans Sports Academy team — one quick follow-up on the private gymnastics and youth sports academy sample I attached. If you want me to finish the full $100 set, reply YES. If not, no worries and I won’t follow up again.

– Anastaysia","Hi — I made a private gymnastics and youth sports academy sample for Titans Sports Academy, but the public email I tried bounced. What business email should I send the preview to?

– Anastaysia","Thanks — payment is confirmed. I’m building the Titans Sports Academy package around service highlights, FAQ-style education, and a clear next-step CTA. I’ll send the finished files in this email thread when they’re ready.

– Anastaysia","Hi Titans Sports Academy team — your finished $100 content package is ready. I’ve organized the posts, graphics, follow-up copy, review/message replies and CTAs so they’re easy to reuse. If you want a different service emphasized in a future set, reply here.

– Anastaysia",New,,,
V5,107,213,VB Fine Chocolates,"Campbell, CA","Artisan chocolate, corporate gifting and event favors",77,Priority-ranked; timing is not guaranteed,sales@vbfinechocolates.com,https://www.vbfinechocolates.com/,650-382-1118,https://www.vbfinechocolates.com/customer-service,2026-09-16,"Current owned site publishes Campbell address, sales@vbfinechocolates.com, phone and current corporate/event gifting services.","artisan chocolate, corporate gifting and event favors","VB specializes in custom-branded chocolates, volume orders, corporate gifting and event favors; gift-use-case and ordering-timeline content can clarify a highly visual B2B/B2C purchase.","VB specializes in custom-branded chocolates, volume orders, corporate gifting and event favors; gift-use-case and ordering-timeline content can clarify a highly visual B2B/B2C purchase. The $100 package is useful here because it turns those existing services into clear, reusable customer-facing content without requiring the business to write or design the pieces itself.","Private artisan chocolate, corporate gifting and event favors sample for VB Fine Chocolates","Hi VB Fine Chocolates team,

I was looking at your business and noticed vB specializes in custom-branded chocolates, volume orders, corporate gifting and event favors; gift-use-case and ordering-timeline content can clarify a highly visual B2B/B2C purchase. I made the attached private preview around that part of the business so you can judge the direction before spending anything.

For $100 one time, I can turn it into a complete done-for-you content pack. In plain English, you get:

• 10 ready-to-post Google / Facebook / social posts
• custom graphics made for VB Fine Chocolates
• customer follow-up messages you can copy and paste
• review and customer-message reply templates
• stronger calls-to-action
• content built around your actual services
• everything organized and ready to use

No subscription and no contract. I’d build the first set around service highlights, FAQ-style education, and a clear next-step CTA.

Why it may be worth considering: you already have services worth explaining and showing; this package turns those existing strengths into content customers can actually see and understand.

If you like the sample, reply YES and I’ll finish the complete set.

If you already know you want it, the $100 PayPal invoice is here:
https://www.paypal.com/invoice/p/#7T6DC9A6WFH3XXCT

If you’d rather ask something first, just reply. If it isn’t useful, reply “no thanks” and I won’t keep following up.

Thanks,
Anastaysia",107-v5-vb-fine-chocolates.jpg,107-v5-vb-fine-chocolates.eml,"Absolutely — I can finish the full artisan chocolate, corporate gifting and event favors content package for VB Fine Chocolates. It’s $100 one time, with no subscription or contract. PayPal invoice: https://www.paypal.com/invoice/p/#7T6DC9A6WFH3XXCT

Once payment is confirmed, I’ll build the complete set around service highlights, FAQ-style education, and a clear next-step CTA unless you want me to prioritize something else.

– Anastaysia","It’s $100 total, one time — not per post and not monthly. You keep the 10 posts, custom graphics, customer follow-up messages, review/message replies and CTA copy.","The attached sample was made specifically for VB Fine Chocolates around artisan chocolate, corporate gifting and event favors. That is the direction I’d use for the finished set, and I’ll keep every piece tied to the actual services rather than generic filler.","I’d make the finished set around service highlights, FAQ-style education, and a clear next-step CTA. You receive the words + graphics ready to copy, post or reuse, so you do not have to design or write them yourself.","No problem. I’ll leave the sample with you. If timing changes, reply here and I can pick it back up. I won’t keep chasing you.","Hi VB Fine Chocolates team — one quick follow-up on the private artisan chocolate, corporate gifting and event favors sample I attached. If you want me to finish the full $100 set, reply YES. If not, no worries and I won’t follow up again.

– Anastaysia","Hi — I made a private artisan chocolate, corporate gifting and event favors sample for VB Fine Chocolates, but the public email I tried bounced. What business email should I send the preview to?

– Anastaysia","Thanks — payment is confirmed. I’m building the VB Fine Chocolates package around service highlights, FAQ-style education, and a clear next-step CTA. I’ll send the finished files in this email thread when they’re ready.

– Anastaysia","Hi VB Fine Chocolates team — your finished $100 content package is ready. I’ve organized the posts, graphics, follow-up copy, review/message replies and CTAs so they’re easy to reuse. If you want a different service emphasized in a future set, reply here.

– Anastaysia",New,,,
V5,108,215,Villa Ragusa,"Campbell, CA","Banquet hall, catering and events",77,Priority-ranked; timing is not guaranteed,events@villaragusa.com,https://villaragusa.com/,408-364-1900,https://villaragusa.com/contact/,2026-09-15,"Current owned contact page lists 35 S Second St, Campbell, events inbox and phone.","banquet hall, catering and events","Villa Ragusa supports weddings, corporate events, reunions and parties with resizable rooms and catering; event-type and planning content can make venue fit easier to assess.","Villa Ragusa supports weddings, corporate events, reunions and parties with resizable rooms and catering; event-type and planning content can make venue fit easier to assess. The $100 package is useful here because it turns those existing services into clear, reusable customer-facing content without requiring the business to write or design the pieces itself.","Private banquet hall, catering and events sample for Villa Ragusa","Hi Villa Ragusa team,

I was looking at your business and noticed villa Ragusa supports weddings, corporate events, reunions and parties with resizable rooms and catering; event-type and planning content can make venue fit easier to assess. I made the attached private preview around that part of the business so you can judge the direction before spending anything.

For $100 one time, I can turn it into a complete done-for-you content pack. In plain English, you get:

• 10 ready-to-post Google / Facebook / social posts
• custom graphics made for Villa Ragusa
• customer follow-up messages you can copy and paste
• review and customer-message reply templates
• stronger calls-to-action
• content built around your actual services
• everything organized and ready to use

No subscription and no contract. I’d build the first set around menu/service highlights, event or ordering guidance, and local customer CTAs.

Why it may be worth considering: you already have services worth explaining and showing; this package turns those existing strengths into content customers can actually see and understand.

If you like the sample, reply YES and I’ll finish the complete set.

If you already know you want it, the $100 PayPal invoice is here:
https://www.paypal.com/invoice/p/#7T6DC9A6WFH3XXCT

If you’d rather ask something first, just reply. If it isn’t useful, reply “no thanks” and I won’t keep following up.

Thanks,
Anastaysia",108-v5-villa-ragusa.jpg,108-v5-villa-ragusa.eml,"Absolutely — I can finish the full banquet hall, catering and events content package for Villa Ragusa. It’s $100 one time, with no subscription or contract. PayPal invoice: https://www.paypal.com/invoice/p/#7T6DC9A6WFH3XXCT

Once payment is confirmed, I’ll build the complete set around menu/service highlights, event or ordering guidance, and local customer CTAs unless you want me to prioritize something else.

– Anastaysia","It’s $100 total, one time — not per post and not monthly. You keep the 10 posts, custom graphics, customer follow-up messages, review/message replies and CTA copy.","The attached sample was made specifically for Villa Ragusa around banquet hall, catering and events. That is the direction I’d use for the finished set, and I’ll keep every piece tied to the actual services rather than generic filler.","I’d make the finished set around menu/service highlights, event or ordering guidance, and local customer CTAs. You receive the words + graphics ready to copy, post or reuse, so you do not have to design or write them yourself.","No problem. I’ll leave the sample with you. If timing changes, reply here and I can pick it back up. I won’t keep chasing you.","Hi Villa Ragusa team — one quick follow-up on the private banquet hall, catering and events sample I attached. If you want me to finish the full $100 set, reply YES. If not, no worries and I won’t follow up again.

– Anastaysia","Hi — I made a private banquet hall, catering and events sample for Villa Ragusa, but the public email I tried bounced. What business email should I send the preview to?

– Anastaysia","Thanks — payment is confirmed. I’m building the Villa Ragusa package around menu/service highlights, event or ordering guidance, and local customer CTAs. I’ll send the finished files in this email thread when they’re ready.

– Anastaysia","Hi Villa Ragusa team — your finished $100 content package is ready. I’ve organized the posts, graphics, follow-up copy, review/message replies and CTAs so they’re easy to reuse. If you want a different service emphasized in a future set, reply here.

– Anastaysia",New,,,
V5,109,217,Wah Jee Wah Indian BBQ,"Milpitas, CA","Restaurant, catering and private events",77,Priority-ranked; timing is not guaranteed,info@mywahjeewah.com,https://mywahjeewah.com/,949-628-1501,https://mywahjeewah.com/contact,2026-09-13,"Current owned contact page publishes info@mywahjeewah.com, 949-628-1501 and 418 S Main St, Milpitas; current private-event page documents catering/event inquiry paths and response timing.","restaurant, catering and private events","Wah Jee Wah combines a Milpitas restaurant with catering, private events, live stations and event sizes from intimate gatherings to 500+ guests; restaurant-vs-catering-vs-event-path content could turn several revenue paths into clear customer choices.","Wah Jee Wah combines a Milpitas restaurant with catering, private events, live stations and event sizes from intimate gatherings to 500+ guests; restaurant-vs-catering-vs-event-path content could turn several revenue paths into clear customer choices. The $100 package is useful here because it turns those existing services into clear, reusable customer-facing content without requiring the business to write or design the pieces itself.","Private restaurant, catering and private events sample for Wah Jee Wah Indian BBQ","Hi Wah Jee Wah Indian BBQ team,

I was looking at your business and noticed wah Jee Wah combines a Milpitas restaurant with catering, private events, live stations and event sizes from intimate gatherings to 500+ guests; restaurant-vs-catering-vs-event-path content could turn several revenue paths into clear customer choices. I made the attached private preview around that part of the business so you can judge the direction before spending anything.

For $100 one time, I can turn it into a complete done-for-you content pack. In plain English, you get:

• 10 ready-to-post Google / Facebook / social posts
• custom graphics made for Wah Jee Wah Indian BBQ
• customer follow-up messages you can copy and paste
• review and customer-message reply templates
• stronger calls-to-action
• content built around your actual services
• everything organized and ready to use

No subscription and no contract. I’d build the first set around menu/service highlights, event or ordering guidance, and local customer CTAs.

Why it may be worth considering: you already have services worth explaining and showing; this package turns those existing strengths into content customers can actually see and understand.

If you like the sample, reply YES and I’ll finish the complete set.

If you already know you want it, the $100 PayPal invoice is here:
https://www.paypal.com/invoice/p/#7T6DC9A6WFH3XXCT

If you’d rather ask something first, just reply. If it isn’t useful, reply “no thanks” and I won’t keep following up.

Thanks,
Anastaysia",109-v5-wah-jee-wah-indian-bbq.jpg,109-v5-wah-jee-wah-indian-bbq.eml,"Absolutely — I can finish the full restaurant, catering and private events content package for Wah Jee Wah Indian BBQ. It’s $100 one time, with no subscription or contract. PayPal invoice: https://www.paypal.com/invoice/p/#7T6DC9A6WFH3XXCT

Once payment is confirmed, I’ll build the complete set around menu/service highlights, event or ordering guidance, and local customer CTAs unless you want me to prioritize something else.

– Anastaysia","It’s $100 total, one time — not per post and not monthly. You keep the 10 posts, custom graphics, customer follow-up messages, review/message replies and CTA copy.","The attached sample was made specifically for Wah Jee Wah Indian BBQ around restaurant, catering and private events. That is the direction I’d use for the finished set, and I’ll keep every piece tied to the actual services rather than generic filler.","I’d make the finished set around menu/service highlights, event or ordering guidance, and local customer CTAs. You receive the words + graphics ready to copy, post or reuse, so you do not have to design or write them yourself.","No problem. I’ll leave the sample with you. If timing changes, reply here and I can pick it back up. I won’t keep chasing you.","Hi Wah Jee Wah Indian BBQ team — one quick follow-up on the private restaurant, catering and private events sample I attached. If you want me to finish the full $100 set, reply YES. If not, no worries and I won’t follow up again.

– Anastaysia","Hi — I made a private restaurant, catering and private events sample for Wah Jee Wah Indian BBQ, but the public email I tried bounced. What business email should I send the preview to?

– Anastaysia","Thanks — payment is confirmed. I’m building the Wah Jee Wah Indian BBQ package around menu/service highlights, event or ordering guidance, and local customer CTAs. I’ll send the finished files in this email thread when they’re ready.

– Anastaysia","Hi Wah Jee Wah Indian BBQ team — your finished $100 content package is ready. I’ve organized the posts, graphics, follow-up copy, review/message replies and CTAs so they’re easy to reuse. If you want a different service emphasized in a future set, reply here.

– Anastaysia",New,,,
V5,110,219,White Fox Cleaning,"Santa Clara County, CA",Residential and commercial cleaning,77,Priority-ranked; timing is not guaranteed,info@whitefoxcleaning.com,https://whitefoxcleaning.com/,408-758-0641,https://whitefoxcleaning.com/,2026-09-13,"Current owned site lists info@whitefoxcleaning.com, 408-758-0641, weekday hours and 21 Santa Clara County service areas including San Jose, Santa Clara, Sunnyvale, Cupertino, Campbell and Los Gatos.",residential and commercial cleaning,"White Fox publishes broad Santa Clara County coverage and a clear re-clean policy; city-specific service content, quote-prep and recurring-vs-deep-clean explanations could make the booking decision easier without inventing performance claims.","White Fox publishes broad Santa Clara County coverage and a clear re-clean policy; city-specific service content, quote-prep and recurring-vs-deep-clean explanations could make the booking decision easier without inventing performance claims. The $100 package is useful here because it turns those existing services into clear, reusable customer-facing content without requiring the business to write or design the pieces itself.",Private residential and commercial cleaning sample for White Fox Cleaning,"Hi White Fox Cleaning team,

I was looking at your business and noticed white Fox publishes broad Santa Clara County coverage and a clear re-clean policy; city-specific service content, quote-prep and recurring-vs-deep-clean explanations could make the booking decision easier without inventing performance claims. I made the attached private preview around that part of the business so you can judge the direction before spending anything.

For $100 one time, I can turn it into a complete done-for-you content pack. In plain English, you get:

• 10 ready-to-post Google / Facebook / social posts
• custom graphics made for White Fox Cleaning
• customer follow-up messages you can copy and paste
• review and customer-message reply templates
• stronger calls-to-action
• content built around your actual services
• everything organized and ready to use

No subscription and no contract. I’d build the first set around before/after process content, service-selection guidance, and quote CTAs.

Why it may be worth considering: you already have services worth explaining and showing; this package turns those existing strengths into content customers can actually see and understand.

If you like the sample, reply YES and I’ll finish the complete set.

If you already know you want it, the $100 PayPal invoice is here:
https://www.paypal.com/invoice/p/#7T6DC9A6WFH3XXCT

If you’d rather ask something first, just reply. If it isn’t useful, reply “no thanks” and I won’t keep following up.

Thanks,
Anastaysia",110-v5-white-fox-cleaning.jpg,110-v5-white-fox-cleaning.eml,"Absolutely — I can finish the full residential and commercial cleaning content package for White Fox Cleaning. It’s $100 one time, with no subscription or contract. PayPal invoice: https://www.paypal.com/invoice/p/#7T6DC9A6WFH3XXCT

Once payment is confirmed, I’ll build the complete set around before/after process content, service-selection guidance, and quote CTAs unless you want me to prioritize something else.

– Anastaysia","It’s $100 total, one time — not per post and not monthly. You keep the 10 posts, custom graphics, customer follow-up messages, review/message replies and CTA copy.","The attached sample was made specifically for White Fox Cleaning around residential and commercial cleaning. That is the direction I’d use for the finished set, and I’ll keep every piece tied to the actual services rather than generic filler.","I’d make the finished set around before/after process content, service-selection guidance, and quote CTAs. You receive the words + graphics ready to copy, post or reuse, so you do not have to design or write them yourself.","No problem. I’ll leave the sample with you. If timing changes, reply here and I can pick it back up. I won’t keep chasing you.","Hi White Fox Cleaning team — one quick follow-up on the private residential and commercial cleaning sample I attached. If you want me to finish the full $100 set, reply YES. If not, no worries and I won’t follow up again.

– Anastaysia","Hi — I made a private residential and commercial cleaning sample for White Fox Cleaning, but the public email I tried bounced. What business email should I send the preview to?

– Anastaysia","Thanks — payment is confirmed. I’m building the White Fox Cleaning package around before/after process content, service-selection guidance, and quote CTAs. I’ll send the finished files in this email thread when they’re ready.

– Anastaysia","Hi White Fox Cleaning team — your finished $100 content package is ready. I’ve organized the posts, graphics, follow-up copy, review/message replies and CTAs so they’re easy to reuse. If you want a different service emphasized in a future set, reply here.

– Anastaysia",New,,,
V5,111,221,Arakawa Pottery,"San Jose, CA","Handmade pottery, Japanese goods and studio gallery",76,Priority-ranked; timing is not guaranteed,thomas@arakawapottery.com,https://ikebanavase.com/,408-206-5510,https://ikebanavase.com/,2026-09-13,"Current owned storefront lists the San Jose studio/gallery at 5588 Sweigert Rd, Thomas@arakawapottery.com and 408-206-5510.","handmade pottery, japanese goods and studio gallery","Arakawa sells handmade pottery and selected Japanese goods from a San Jose studio/gallery; gift, use-case, studio-visit and product-category content can help shoppers understand the range.","Arakawa sells handmade pottery and selected Japanese goods from a San Jose studio/gallery; gift, use-case, studio-visit and product-category content can help shoppers understand the range. The $100 package is useful here because it turns those existing services into clear, reusable customer-facing content without requiring the business to write or design the pieces itself.","Private handmade pottery, japanese goods and studio gallery sample for Arakawa Pottery","Hi Arakawa Pottery team,

I was looking at your business and noticed arakawa sells handmade pottery and selected Japanese goods from a San Jose studio/gallery; gift, use-case, studio-visit and product-category content can help shoppers understand the range. I made the attached private preview around that part of the business so you can judge the direction before spending anything.

For $100 one time, I can turn it into a complete done-for-you content pack. In plain English, you get:

• 10 ready-to-post Google / Facebook / social posts
• custom graphics made for Arakawa Pottery
• customer follow-up messages you can copy and paste
• review and customer-message reply templates
• stronger calls-to-action
• content built around your actual services
• everything organized and ready to use

No subscription and no contract. I’d build the first set around service highlights, FAQ-style education, and a clear next-step CTA.

Why it may be worth considering: you already have services worth explaining and showing; this package turns those existing strengths into content customers can actually see and understand.

If you like the sample, reply YES and I’ll finish the complete set.

If you already know you want it, the $100 PayPal invoice is here:
https://www.paypal.com/invoice/p/#7T6DC9A6WFH3XXCT

If you’d rather ask something first, just reply. If it isn’t useful, reply “no thanks” and I won’t keep following up.

Thanks,
Anastaysia",111-v5-arakawa-pottery.jpg,111-v5-arakawa-pottery.eml,"Absolutely — I can finish the full handmade pottery, japanese goods and studio gallery content package for Arakawa Pottery. It’s $100 one time, with no subscription or contract. PayPal invoice: https://www.paypal.com/invoice/p/#7T6DC9A6WFH3XXCT

Once payment is confirmed, I’ll build the complete set around service highlights, FAQ-style education, and a clear next-step CTA unless you want me to prioritize something else.

– Anastaysia","It’s $100 total, one time — not per post and not monthly. You keep the 10 posts, custom graphics, customer follow-up messages, review/message replies and CTA copy.","The attached sample was made specifically for Arakawa Pottery around handmade pottery, japanese goods and studio gallery. That is the direction I’d use for the finished set, and I’ll keep every piece tied to the actual services rather than generic filler.","I’d make the finished set around service highlights, FAQ-style education, and a clear next-step CTA. You receive the words + graphics ready to copy, post or reuse, so you do not have to design or write them yourself.","No problem. I’ll leave the sample with you. If timing changes, reply here and I can pick it back up. I won’t keep chasing you.","Hi Arakawa Pottery team — one quick follow-up on the private handmade pottery, japanese goods and studio gallery sample I attached. If you want me to finish the full $100 set, reply YES. If not, no worries and I won’t follow up again.

– Anastaysia","Hi — I made a private handmade pottery, japanese goods and studio gallery sample for Arakawa Pottery, but the public email I tried bounced. What business email should I send the preview to?

– Anastaysia","Thanks — payment is confirmed. I’m building the Arakawa Pottery package around service highlights, FAQ-style education, and a clear next-step CTA. I’ll send the finished files in this email thread when they’re ready.

– Anastaysia","Hi Arakawa Pottery team — your finished $100 content package is ready. I’ve organized the posts, graphics, follow-up copy, review/message replies and CTAs so they’re easy to reuse. If you want a different service emphasized in a future set, reply here.

– Anastaysia",New,,,
V5,112,223,Ernie Reyes WCWMA Santa Clara,"Santa Clara, CA",Martial arts school,76,Priority-ranked; timing is not guaranteed,santaclara@erniereyes.com,https://erniereyessantaclara.com/,(408) 984-1988,https://erniereyessantaclara.com/adults-teens-martial-arts/,2026-09-16,Current owned page publishes santaclara@erniereyes.com and Santa Clara address.,martial arts school,"Current owned site offers youth, adult and teen martial arts programs in Santa Clara; first-class expectations, program selection and enrollment content can make the path to joining clearer.","Current owned site offers youth, adult and teen martial arts programs in Santa Clara; first-class expectations, program selection and enrollment content can make the path to joining clearer. The $100 package is useful here because it turns those existing services into clear, reusable customer-facing content without requiring the business to write or design the pieces itself.",Private martial arts school sample for Ernie Reyes WCWMA Santa Clara,"Hi Ernie Reyes WCWMA Santa Clara team,

I was looking at your business and noticed current owned site offers youth, adult and teen martial arts programs in Santa Clara; first-class expectations, program selection and enrollment content can make the path to joining clearer. I made the attached private preview around that part of the business so you can judge the direction before spending anything.

For $100 one time, I can turn it into a complete done-for-you content pack. In plain English, you get:

• 10 ready-to-post Google / Facebook / social posts
• custom graphics made for Ernie Reyes WCWMA Santa Clara
• customer follow-up messages you can copy and paste
• review and customer-message reply templates
• stronger calls-to-action
• content built around your actual services
• everything organized and ready to use

No subscription and no contract. I’d build the first set around program/service selection, first-visit guidance, and booking CTAs.

Why it may be worth considering: you already have services worth explaining and showing; this package turns those existing strengths into content customers can actually see and understand.

If you like the sample, reply YES and I’ll finish the complete set.

If you already know you want it, the $100 PayPal invoice is here:
https://www.paypal.com/invoice/p/#7T6DC9A6WFH3XXCT

If you’d rather ask something first, just reply. If it isn’t useful, reply “no thanks” and I won’t keep following up.

Thanks,
Anastaysia",112-v5-ernie-reyes-wcwma-santa-clara.jpg,112-v5-ernie-reyes-wcwma-santa-clara.eml,"Absolutely — I can finish the full martial arts school content package for Ernie Reyes WCWMA Santa Clara. It’s $100 one time, with no subscription or contract. PayPal invoice: https://www.paypal.com/invoice/p/#7T6DC9A6WFH3XXCT

Once payment is confirmed, I’ll build the complete set around program/service selection, first-visit guidance, and booking CTAs unless you want me to prioritize something else.

– Anastaysia","It’s $100 total, one time — not per post and not monthly. You keep the 10 posts, custom graphics, customer follow-up messages, review/message replies and CTA copy.","The attached sample was made specifically for Ernie Reyes WCWMA Santa Clara around martial arts school. That is the direction I’d use for the finished set, and I’ll keep every piece tied to the actual services rather than generic filler.","I’d make the finished set around program/service selection, first-visit guidance, and booking CTAs. You receive the words + graphics ready to copy, post or reuse, so you do not have to design or write them yourself.","No problem. I’ll leave the sample with you. If timing changes, reply here and I can pick it back up. I won’t keep chasing you.","Hi Ernie Reyes WCWMA Santa Clara team — one quick follow-up on the private martial arts school sample I attached. If you want me to finish the full $100 set, reply YES. If not, no worries and I won’t follow up again.

– Anastaysia","Hi — I made a private martial arts school sample for Ernie Reyes WCWMA Santa Clara, but the public email I tried bounced. What business email should I send the preview to?

– Anastaysia","Thanks — payment is confirmed. I’m building the Ernie Reyes WCWMA Santa Clara package around program/service selection, first-visit guidance, and booking CTAs. I’ll send the finished files in this email thread when they’re ready.

– Anastaysia","Hi Ernie Reyes WCWMA Santa Clara team — your finished $100 content package is ready. I’ve organized the posts, graphics, follow-up copy, review/message replies and CTAs so they’re easy to reuse. If you want a different service emphasized in a future set, reply here.

– Anastaysia",New,,,
V5,113,225,Gilroy U-Pick,"Gilroy, CA",Seasonal U-pick farm attraction,76,Priority-ranked; timing is not guaranteed,dave@gilroyupick.com,,408-607-1417,https://visitgilroy.com/listing/gilroy-u-pick/460/,2026-09-16,"Current Visit Gilroy listing publishes exact public email, phone and Gilroy location.",seasonal u-pick farm attraction,"Gilroy U-Pick is a seasonal destination; crop-season, first-visit and timing content can make a weather/season-dependent visit easier to plan without inventing availability.","Gilroy U-Pick is a seasonal destination; crop-season, first-visit and timing content can make a weather/season-dependent visit easier to plan without inventing availability. The $100 package is useful here because it turns those existing services into clear, reusable customer-facing content without requiring the business to write or design the pieces itself.",Private seasonal u-pick farm attraction sample for Gilroy U-Pick,"Hi Gilroy U-Pick team,

I was looking at your business and noticed gilroy U-Pick is a seasonal destination; crop-season, first-visit and timing content can make a weather/season-dependent visit easier to plan without inventing availability. I made the attached private preview around that part of the business so you can judge the direction before spending anything.

For $100 one time, I can turn it into a complete done-for-you content pack. In plain English, you get:

• 10 ready-to-post Google / Facebook / social posts
• custom graphics made for Gilroy U-Pick
• customer follow-up messages you can copy and paste
• review and customer-message reply templates
• stronger calls-to-action
• content built around your actual services
• everything organized and ready to use

No subscription and no contract. I’d build the first set around service highlights, FAQ-style education, and a clear next-step CTA.

Why it may be worth considering: you already have services worth explaining and showing; this package turns those existing strengths into content customers can actually see and understand.

If you like the sample, reply YES and I’ll finish the complete set.

If you already know you want it, the $100 PayPal invoice is here:
https://www.paypal.com/invoice/p/#7T6DC9A6WFH3XXCT

If you’d rather ask something first, just reply. If it isn’t useful, reply “no thanks” and I won’t keep following up.

Thanks,
Anastaysia",113-v5-gilroy-u-pick.jpg,113-v5-gilroy-u-pick.eml,"Absolutely — I can finish the full seasonal u-pick farm attraction content package for Gilroy U-Pick. It’s $100 one time, with no subscription or contract. PayPal invoice: https://www.paypal.com/invoice/p/#7T6DC9A6WFH3XXCT

Once payment is confirmed, I’ll build the complete set around service highlights, FAQ-style education, and a clear next-step CTA unless you want me to prioritize something else.

– Anastaysia","It’s $100 total, one time — not per post and not monthly. You keep the 10 posts, custom graphics, customer follow-up messages, review/message replies and CTA copy.","The attached sample was made specifically for Gilroy U-Pick around seasonal u-pick farm attraction. That is the direction I’d use for the finished set, and I’ll keep every piece tied to the actual services rather than generic filler.","I’d make the finished set around service highlights, FAQ-style education, and a clear next-step CTA. You receive the words + graphics ready to copy, post or reuse, so you do not have to design or write them yourself.","No problem. I’ll leave the sample with you. If timing changes, reply here and I can pick it back up. I won’t keep chasing you.","Hi Gilroy U-Pick team — one quick follow-up on the private seasonal u-pick farm attraction sample I attached. If you want me to finish the full $100 set, reply YES. If not, no worries and I won’t follow up again.

– Anastaysia","Hi — I made a private seasonal u-pick farm attraction sample for Gilroy U-Pick, but the public email I tried bounced. What business email should I send the preview to?

– Anastaysia","Thanks — payment is confirmed. I’m building the Gilroy U-Pick package around service highlights, FAQ-style education, and a clear next-step CTA. I’ll send the finished files in this email thread when they’re ready.

– Anastaysia","Hi Gilroy U-Pick team — your finished $100 content package is ready. I’ve organized the posts, graphics, follow-up copy, review/message replies and CTAs so they’re easy to reuse. If you want a different service emphasized in a future set, reply here.

– Anastaysia",New,,,
V5,114,227,Italian Brothers Restaurant,"Los Gatos, CA","Italian restaurant, catering, pickup and delivery",76,Priority-ranked; timing is not guaranteed,marco@italianbrothersbayarea.com,https://www.italianbrothersbayarea.com/,408-354-0111,https://www.italianbrothersbayarea.com/contact,2026-09-13,"Current owned contact page lists 330 N Santa Cruz Ave, Los Gatos, marco@italianbrothersbayarea.com and 408-354-0111; current site actively promotes catering, reservations, pickup and delivery.","italian restaurant, catering, pickup and delivery","Italian Brothers supports dine-in, catering, reservations, pickup, delivery and app ordering; a simple 'dine, cater or order' content set could clarify those purchase paths without using artificial scarcity.","Italian Brothers supports dine-in, catering, reservations, pickup, delivery and app ordering; a simple 'dine, cater or order' content set could clarify those purchase paths without using artificial scarcity. The $100 package is useful here because it turns those existing services into clear, reusable customer-facing content without requiring the business to write or design the pieces itself.","Private italian restaurant, catering, pickup and delivery sample for Italian Brothers Restaurant","Hi Italian Brothers Restaurant team,

I was looking at your business and noticed italian Brothers supports dine-in, catering, reservations, pickup, delivery and app ordering; a simple 'dine, cater or order' content set could clarify those purchase paths without using artificial scarcity. I made the attached private preview around that part of the business so you can judge the direction before spending anything.

For $100 one time, I can turn it into a complete done-for-you content pack. In plain English, you get:

• 10 ready-to-post Google / Facebook / social posts
• custom graphics made for Italian Brothers Restaurant
• customer follow-up messages you can copy and paste
• review and customer-message reply templates
• stronger calls-to-action
• content built around your actual services
• everything organized and ready to use

No subscription and no contract. I’d build the first set around menu/service highlights, event or ordering guidance, and local customer CTAs.

Why it may be worth considering: you already have services worth explaining and showing; this package turns those existing strengths into content customers can actually see and understand.

If you like the sample, reply YES and I’ll finish the complete set.

If you already know you want it, the $100 PayPal invoice is here:
https://www.paypal.com/invoice/p/#7T6DC9A6WFH3XXCT

If you’d rather ask something first, just reply. If it isn’t useful, reply “no thanks” and I won’t keep following up.

Thanks,
Anastaysia",114-v5-italian-brothers-restaurant.jpg,114-v5-italian-brothers-restaurant.eml,"Absolutely — I can finish the full italian restaurant, catering, pickup and delivery content package for Italian Brothers Restaurant. It’s $100 one time, with no subscription or contract. PayPal invoice: https://www.paypal.com/invoice/p/#7T6DC9A6WFH3XXCT

Once payment is confirmed, I’ll build the complete set around menu/service highlights, event or ordering guidance, and local customer CTAs unless you want me to prioritize something else.

– Anastaysia","It’s $100 total, one time — not per post and not monthly. You keep the 10 posts, custom graphics, customer follow-up messages, review/message replies and CTA copy.","The attached sample was made specifically for Italian Brothers Restaurant around italian restaurant, catering, pickup and delivery. That is the direction I’d use for the finished set, and I’ll keep every piece tied to the actual services rather than generic filler.","I’d make the finished set around menu/service highlights, event or ordering guidance, and local customer CTAs. You receive the words + graphics ready to copy, post or reuse, so you do not have to design or write them yourself.","No problem. I’ll leave the sample with you. If timing changes, reply here and I can pick it back up. I won’t keep chasing you.","Hi Italian Brothers Restaurant team — one quick follow-up on the private italian restaurant, catering, pickup and delivery sample I attached. If you want me to finish the full $100 set, reply YES. If not, no worries and I won’t follow up again.

– Anastaysia","Hi — I made a private italian restaurant, catering, pickup and delivery sample for Italian Brothers Restaurant, but the public email I tried bounced. What business email should I send the preview to?

– Anastaysia","Thanks — payment is confirmed. I’m building the Italian Brothers Restaurant package around menu/service highlights, event or ordering guidance, and local customer CTAs. I’ll send the finished files in this email thread when they’re ready.

– Anastaysia","Hi Italian Brothers Restaurant team — your finished $100 content package is ready. I’ve organized the posts, graphics, follow-up copy, review/message replies and CTAs so they’re easy to reuse. If you want a different service emphasized in a future set, reply here.

– Anastaysia",New,,,
V5,115,229,Little Bean's Cat Cafe,"Morgan Hill, CA","Cat cafe, adoption center and community space",76,Priority-ranked; timing is not guaranteed,cafe@littlebeanscat.cafe,https://www.littlebeanscat.cafe/,408-415-8387,https://www.littlebeanscat.cafe/contact-us,2026-09-16,"Current owned site publishes Morgan Hill address, cafe email/phone and current construction/reopening notice; outreach must not imply guaranteed adoption outcomes.","cat cafe, adoption center and community space","Little Bean's combines a cafe/community experience, adoption meetings and volunteer/fundraising activity; visit and participation content can clarify distinct paths without promising adoption outcomes.","Little Bean's combines a cafe/community experience, adoption meetings and volunteer/fundraising activity; visit and participation content can clarify distinct paths without promising adoption outcomes. The $100 package is useful here because it turns those existing services into clear, reusable customer-facing content without requiring the business to write or design the pieces itself.","Private cat cafe, adoption center and community space sample for Little Bean's Cat Cafe","Hi Little Bean's Cat Cafe team,

I was looking at your business and noticed little Bean's combines a cafe/community experience, adoption meetings and volunteer/fundraising activity; visit and participation content can clarify distinct paths without promising adoption outcomes. I made the attached private preview around that part of the business so you can judge the direction before spending anything.

For $100 one time, I can turn it into a complete done-for-you content pack. In plain English, you get:

• 10 ready-to-post Google / Facebook / social posts
• custom graphics made for Little Bean's Cat Cafe
• customer follow-up messages you can copy and paste
• review and customer-message reply templates
• stronger calls-to-action
• content built around your actual services
• everything organized and ready to use

No subscription and no contract. I’d build the first set around service highlights, FAQ-style education, and a clear next-step CTA.

Why it may be worth considering: you already have services worth explaining and showing; this package turns those existing strengths into content customers can actually see and understand.

If you like the sample, reply YES and I’ll finish the complete set.

If you already know you want it, the $100 PayPal invoice is here:
https://www.paypal.com/invoice/p/#7T6DC9A6WFH3XXCT

If you’d rather ask something first, just reply. If it isn’t useful, reply “no thanks” and I won’t keep following up.

Thanks,
Anastaysia",115-v5-little-bean-s-cat-cafe.jpg,115-v5-little-bean-s-cat-cafe.eml,"Absolutely — I can finish the full cat cafe, adoption center and community space content package for Little Bean's Cat Cafe. It’s $100 one time, with no subscription or contract. PayPal invoice: https://www.paypal.com/invoice/p/#7T6DC9A6WFH3XXCT

Once payment is confirmed, I’ll build the complete set around service highlights, FAQ-style education, and a clear next-step CTA unless you want me to prioritize something else.

– Anastaysia","It’s $100 total, one time — not per post and not monthly. You keep the 10 posts, custom graphics, customer follow-up messages, review/message replies and CTA copy.","The attached sample was made specifically for Little Bean's Cat Cafe around cat cafe, adoption center and community space. That is the direction I’d use for the finished set, and I’ll keep every piece tied to the actual services rather than generic filler.","I’d make the finished set around service highlights, FAQ-style education, and a clear next-step CTA. You receive the words + graphics ready to copy, post or reuse, so you do not have to design or write them yourself.","No problem. I’ll leave the sample with you. If timing changes, reply here and I can pick it back up. I won’t keep chasing you.","Hi Little Bean's Cat Cafe team — one quick follow-up on the private cat cafe, adoption center and community space sample I attached. If you want me to finish the full $100 set, reply YES. If not, no worries and I won’t follow up again.

– Anastaysia","Hi — I made a private cat cafe, adoption center and community space sample for Little Bean's Cat Cafe, but the public email I tried bounced. What business email should I send the preview to?

– Anastaysia","Thanks — payment is confirmed. I’m building the Little Bean's Cat Cafe package around service highlights, FAQ-style education, and a clear next-step CTA. I’ll send the finished files in this email thread when they’re ready.

– Anastaysia","Hi Little Bean's Cat Cafe team — your finished $100 content package is ready. I’ve organized the posts, graphics, follow-up copy, review/message replies and CTAs so they’re easy to reuse. If you want a different service emphasized in a future set, reply here.

– Anastaysia",New,,,
V5,116,231,Mini Storage of Gilroy,"Gilroy, CA","Self storage, RV, boat and vehicle storage",76,Priority-ranked; timing is not guaranteed,Laurie@ministorageofgilroy.com,https://www.ministorageofgilroy.com/,408-848-2898,https://www.ministorageofgilroy.com/,2026-09-16,"Current owned site publishes Gilroy address, current manager email and active storage offerings.","self storage, rv, boat and vehicle storage","The facility offers multiple storage types, parking and online payment; size/type-selection content can reduce uncertainty before a customer rents.","The facility offers multiple storage types, parking and online payment; size/type-selection content can reduce uncertainty before a customer rents. The $100 package is useful here because it turns those existing services into clear, reusable customer-facing content without requiring the business to write or design the pieces itself.","Private self storage, rv, boat and vehicle storage sample for Mini Storage of Gilroy","Hi Mini Storage of Gilroy team,

I was looking at your business and noticed the facility offers multiple storage types, parking and online payment; size/type-selection content can reduce uncertainty before a customer rents. I made the attached private preview around that part of the business so you can judge the direction before spending anything.

For $100 one time, I can turn it into a complete done-for-you content pack. In plain English, you get:

• 10 ready-to-post Google / Facebook / social posts
• custom graphics made for Mini Storage of Gilroy
• customer follow-up messages you can copy and paste
• review and customer-message reply templates
• stronger calls-to-action
• content built around your actual services
• everything organized and ready to use

No subscription and no contract. I’d build the first set around service highlights, FAQ-style education, and a clear next-step CTA.

Why it may be worth considering: you already have services worth explaining and showing; this package turns those existing strengths into content customers can actually see and understand.

If you like the sample, reply YES and I’ll finish the complete set.

If you already know you want it, the $100 PayPal invoice is here:
https://www.paypal.com/invoice/p/#7T6DC9A6WFH3XXCT

If you’d rather ask something first, just reply. If it isn’t useful, reply “no thanks” and I won’t keep following up.

Thanks,
Anastaysia",116-v5-mini-storage-of-gilroy.jpg,116-v5-mini-storage-of-gilroy.eml,"Absolutely — I can finish the full self storage, rv, boat and vehicle storage content package for Mini Storage of Gilroy. It’s $100 one time, with no subscription or contract. PayPal invoice: https://www.paypal.com/invoice/p/#7T6DC9A6WFH3XXCT

Once payment is confirmed, I’ll build the complete set around service highlights, FAQ-style education, and a clear next-step CTA unless you want me to prioritize something else.

– Anastaysia","It’s $100 total, one time — not per post and not monthly. You keep the 10 posts, custom graphics, customer follow-up messages, review/message replies and CTA copy.","The attached sample was made specifically for Mini Storage of Gilroy around self storage, rv, boat and vehicle storage. That is the direction I’d use for the finished set, and I’ll keep every piece tied to the actual services rather than generic filler.","I’d make the finished set around service highlights, FAQ-style education, and a clear next-step CTA. You receive the words + graphics ready to copy, post or reuse, so you do not have to design or write them yourself.","No problem. I’ll leave the sample with you. If timing changes, reply here and I can pick it back up. I won’t keep chasing you.","Hi Mini Storage of Gilroy team — one quick follow-up on the private self storage, rv, boat and vehicle storage sample I attached. If you want me to finish the full $100 set, reply YES. If not, no worries and I won’t follow up again.

– Anastaysia","Hi — I made a private self storage, rv, boat and vehicle storage sample for Mini Storage of Gilroy, but the public email I tried bounced. What business email should I send the preview to?

– Anastaysia","Thanks — payment is confirmed. I’m building the Mini Storage of Gilroy package around service highlights, FAQ-style education, and a clear next-step CTA. I’ll send the finished files in this email thread when they’re ready.

– Anastaysia","Hi Mini Storage of Gilroy team — your finished $100 content package is ready. I’ve organized the posts, graphics, follow-up copy, review/message replies and CTAs so they’re easy to reuse. If you want a different service emphasized in a future set, reply here.

– Anastaysia",New,,,
V5,117,233,Pacific Oak Properties,"Morgan Hill, CA",Commercial property management and leasing,76,Priority-ranked; timing is not guaranteed,jpkent@pacificoak.com,https://www.pacificoak.com/,408-779-1600,https://www.pacificoak.com/contact.html,2026-09-16,"Owned contact page publishes Morgan Hill office, named business email and phone; no occupancy or investment outcomes are claimed.",commercial property management and leasing,Pacific Oak publishes commercial property and leasing information around Morgan Hill; property-fit and inquiry-prep content can make available services easier for prospective tenants/owners to understand.,"Pacific Oak publishes commercial property and leasing information around Morgan Hill; property-fit and inquiry-prep content can make available services easier for prospective tenants/owners to understand. The $100 package is useful here because it turns those existing services into clear, reusable customer-facing content without requiring the business to write or design the pieces itself.",Private commercial property management and leasing sample for Pacific Oak Properties,"Hi Pacific Oak Properties team,

I was looking at your business and noticed pacific Oak publishes commercial property and leasing information around Morgan Hill; property-fit and inquiry-prep content can make available services easier for prospective tenants/owners to understand. I made the attached private preview around that part of the business so you can judge the direction before spending anything.

For $100 one time, I can turn it into a complete done-for-you content pack. In plain English, you get:

• 10 ready-to-post Google / Facebook / social posts
• custom graphics made for Pacific Oak Properties
• customer follow-up messages you can copy and paste
• review and customer-message reply templates
• stronger calls-to-action
• content built around your actual services
• everything organized and ready to use

No subscription and no contract. I’d build the first set around service highlights, FAQ-style education, and a clear next-step CTA.

Why it may be worth considering: you already have services worth explaining and showing; this package turns those existing strengths into content customers can actually see and understand.

If you like the sample, reply YES and I’ll finish the complete set.

If you already know you want it, the $100 PayPal invoice is here:
https://www.paypal.com/invoice/p/#7T6DC9A6WFH3XXCT

If you’d rather ask something first, just reply. If it isn’t useful, reply “no thanks” and I won’t keep following up.

Thanks,
Anastaysia",117-v5-pacific-oak-properties.jpg,117-v5-pacific-oak-properties.eml,"Absolutely — I can finish the full commercial property management and leasing content package for Pacific Oak Properties. It’s $100 one time, with no subscription or contract. PayPal invoice: https://www.paypal.com/invoice/p/#7T6DC9A6WFH3XXCT

Once payment is confirmed, I’ll build the complete set around service highlights, FAQ-style education, and a clear next-step CTA unless you want me to prioritize something else.

– Anastaysia","It’s $100 total, one time — not per post and not monthly. You keep the 10 posts, custom graphics, customer follow-up messages, review/message replies and CTA copy.","The attached sample was made specifically for Pacific Oak Properties around commercial property management and leasing. That is the direction I’d use for the finished set, and I’ll keep every piece tied to the actual services rather than generic filler.","I’d make the finished set around service highlights, FAQ-style education, and a clear next-step CTA. You receive the words + graphics ready to copy, post or reuse, so you do not have to design or write them yourself.","No problem. I’ll leave the sample with you. If timing changes, reply here and I can pick it back up. I won’t keep chasing you.","Hi Pacific Oak Properties team — one quick follow-up on the private commercial property management and leasing sample I attached. If you want me to finish the full $100 set, reply YES. If not, no worries and I won’t follow up again.

– Anastaysia","Hi — I made a private commercial property management and leasing sample for Pacific Oak Properties, but the public email I tried bounced. What business email should I send the preview to?

– Anastaysia","Thanks — payment is confirmed. I’m building the Pacific Oak Properties package around service highlights, FAQ-style education, and a clear next-step CTA. I’ll send the finished files in this email thread when they’re ready.

– Anastaysia","Hi Pacific Oak Properties team — your finished $100 content package is ready. I’ve organized the posts, graphics, follow-up copy, review/message replies and CTAs so they’re easy to reuse. If you want a different service emphasized in a future set, reply here.

– Anastaysia",New,,,
V5,118,235,Postal Annex #14024 Santa Clara,"Santa Clara, CA","Shipping, mailbox and Live Scan services",76,Priority-ranked; timing is not guaranteed,pa14024@postalannex.com,,408-247-0139,https://oag.ca.gov/fingerprints/locations?county=Santa+Clara,2026-09-16,"Current California DOJ listing publishes location-specific public email, phone and Santa Clara address.","shipping, mailbox and live scan services","This Santa Clara Postal Annex combines shipping, mailbox and fingerprinting services; service-selection and document-prep content can clarify what customers should bring and book.","This Santa Clara Postal Annex combines shipping, mailbox and fingerprinting services; service-selection and document-prep content can clarify what customers should bring and book. The $100 package is useful here because it turns those existing services into clear, reusable customer-facing content without requiring the business to write or design the pieces itself.","Private shipping, mailbox and live scan services sample for Postal Annex #14024 Santa Clara","Hi Postal Annex #14024 Santa Clara team,

I was looking at your business and noticed this Santa Clara Postal Annex combines shipping, mailbox and fingerprinting services; service-selection and document-prep content can clarify what customers should bring and book. I made the attached private preview around that part of the business so you can judge the direction before spending anything.

For $100 one time, I can turn it into a complete done-for-you content pack. In plain English, you get:

• 10 ready-to-post Google / Facebook / social posts
• custom graphics made for Postal Annex #14024 Santa Clara
• customer follow-up messages you can copy and paste
• review and customer-message reply templates
• stronger calls-to-action
• content built around your actual services
• everything organized and ready to use

No subscription and no contract. I’d build the first set around service highlights, FAQ-style education, and a clear next-step CTA.

Why it may be worth considering: you already have services worth explaining and showing; this package turns those existing strengths into content customers can actually see and understand.

If you like the sample, reply YES and I’ll finish the complete set.

If you already know you want it, the $100 PayPal invoice is here:
https://www.paypal.com/invoice/p/#7T6DC9A6WFH3XXCT

If you’d rather ask something first, just reply. If it isn’t useful, reply “no thanks” and I won’t keep following up.

Thanks,
Anastaysia",118-v5-postal-annex-14024-santa-clara.jpg,118-v5-postal-annex-14024-santa-clara.eml,"Absolutely — I can finish the full shipping, mailbox and live scan services content package for Postal Annex #14024 Santa Clara. It’s $100 one time, with no subscription or contract. PayPal invoice: https://www.paypal.com/invoice/p/#7T6DC9A6WFH3XXCT

Once payment is confirmed, I’ll build the complete set around service highlights, FAQ-style education, and a clear next-step CTA unless you want me to prioritize something else.

– Anastaysia","It’s $100 total, one time — not per post and not monthly. You keep the 10 posts, custom graphics, customer follow-up messages, review/message replies and CTA copy.","The attached sample was made specifically for Postal Annex #14024 Santa Clara around shipping, mailbox and live scan services. That is the direction I’d use for the finished set, and I’ll keep every piece tied to the actual services rather than generic filler.","I’d make the finished set around service highlights, FAQ-style education, and a clear next-step CTA. You receive the words + graphics ready to copy, post or reuse, so you do not have to design or write them yourself.","No problem. I’ll leave the sample with you. If timing changes, reply here and I can pick it back up. I won’t keep chasing you.","Hi Postal Annex #14024 Santa Clara team — one quick follow-up on the private shipping, mailbox and live scan services sample I attached. If you want me to finish the full $100 set, reply YES. If not, no worries and I won’t follow up again.

– Anastaysia","Hi — I made a private shipping, mailbox and live scan services sample for Postal Annex #14024 Santa Clara, but the public email I tried bounced. What business email should I send the preview to?

– Anastaysia","Thanks — payment is confirmed. I’m building the Postal Annex #14024 Santa Clara package around service highlights, FAQ-style education, and a clear next-step CTA. I’ll send the finished files in this email thread when they’re ready.

– Anastaysia","Hi Postal Annex #14024 Santa Clara team — your finished $100 content package is ready. I’ve organized the posts, graphics, follow-up copy, review/message replies and CTAs so they’re easy to reuse. If you want a different service emphasized in a future set, reply here.

– Anastaysia",New,,,
V5,119,237,Postal Annex+ #455 Los Gatos,"Los Gatos, CA","Shipping, mailbox and business services",76,Priority-ranked; timing is not guaranteed,pa455@postalannex.com,,408-374-9255,https://oag.ca.gov/fingerprints/locations?county=Santa+Clara,2026-09-16,"Current California DOJ directory publishes location-specific email, phone and Los Gatos address.","shipping, mailbox and business services",This Los Gatos Postal Annex offers shipping/mailbox/business services; task-based content can clarify the local service mix and visit requirements.,"This Los Gatos Postal Annex offers shipping/mailbox/business services; task-based content can clarify the local service mix and visit requirements. The $100 package is useful here because it turns those existing services into clear, reusable customer-facing content without requiring the business to write or design the pieces itself.","Private shipping, mailbox and business services sample for Postal Annex+ #455 Los Gatos","Hi Postal Annex+ #455 Los Gatos team,

I was looking at your business and noticed this Los Gatos Postal Annex offers shipping/mailbox/business services; task-based content can clarify the local service mix and visit requirements. I made the attached private preview around that part of the business so you can judge the direction before spending anything.

For $100 one time, I can turn it into a complete done-for-you content pack. In plain English, you get:

• 10 ready-to-post Google / Facebook / social posts
• custom graphics made for Postal Annex+ #455 Los Gatos
• customer follow-up messages you can copy and paste
• review and customer-message reply templates
• stronger calls-to-action
• content built around your actual services
• everything organized and ready to use

No subscription and no contract. I’d build the first set around service highlights, FAQ-style education, and a clear next-step CTA.

Why it may be worth considering: you already have services worth explaining and showing; this package turns those existing strengths into content customers can actually see and understand.

If you like the sample, reply YES and I’ll finish the complete set.

If you already know you want it, the $100 PayPal invoice is here:
https://www.paypal.com/invoice/p/#7T6DC9A6WFH3XXCT

If you’d rather ask something first, just reply. If it isn’t useful, reply “no thanks” and I won’t keep following up.

Thanks,
Anastaysia",119-v5-postal-annex-455-los-gatos.jpg,119-v5-postal-annex-455-los-gatos.eml,"Absolutely — I can finish the full shipping, mailbox and business services content package for Postal Annex+ #455 Los Gatos. It’s $100 one time, with no subscription or contract. PayPal invoice: https://www.paypal.com/invoice/p/#7T6DC9A6WFH3XXCT

Once payment is confirmed, I’ll build the complete set around service highlights, FAQ-style education, and a clear next-step CTA unless you want me to prioritize something else.

– Anastaysia","It’s $100 total, one time — not per post and not monthly. You keep the 10 posts, custom graphics, customer follow-up messages, review/message replies and CTA copy.","The attached sample was made specifically for Postal Annex+ #455 Los Gatos around shipping, mailbox and business services. That is the direction I’d use for the finished set, and I’ll keep every piece tied to the actual services rather than generic filler.","I’d make the finished set around service highlights, FAQ-style education, and a clear next-step CTA. You receive the words + graphics ready to copy, post or reuse, so you do not have to design or write them yourself.","No problem. I’ll leave the sample with you. If timing changes, reply here and I can pick it back up. I won’t keep chasing you.","Hi Postal Annex+ #455 Los Gatos team — one quick follow-up on the private shipping, mailbox and business services sample I attached. If you want me to finish the full $100 set, reply YES. If not, no worries and I won’t follow up again.

– Anastaysia","Hi — I made a private shipping, mailbox and business services sample for Postal Annex+ #455 Los Gatos, but the public email I tried bounced. What business email should I send the preview to?

– Anastaysia","Thanks — payment is confirmed. I’m building the Postal Annex+ #455 Los Gatos package around service highlights, FAQ-style education, and a clear next-step CTA. I’ll send the finished files in this email thread when they’re ready.

– Anastaysia","Hi Postal Annex+ #455 Los Gatos team — your finished $100 content package is ready. I’ve organized the posts, graphics, follow-up copy, review/message replies and CTAs so they’re easy to reuse. If you want a different service emphasized in a future set, reply here.

– Anastaysia",New,,,
V5,120,239,South Valley Business Services,"Gilroy, CA","DMV registration, Live Scan and business services",76,Priority-ranked; timing is not guaranteed,carla@southvalleysvcs.com,,408-767-2845,https://oag.ca.gov/fingerprints/locations/south-valley-business-services,2026-09-16,"Current California DMV partner page and DOJ listing confirm Gilroy address, phone and exact public email.","dmv registration, live scan and business services",South Valley Business Services combines DMV partner services with Live Scan and administrative support; task-based content can help customers know which service can replace a DMV-office trip.,"South Valley Business Services combines DMV partner services with Live Scan and administrative support; task-based content can help customers know which service can replace a DMV-office trip. The $100 package is useful here because it turns those existing services into clear, reusable customer-facing content without requiring the business to write or design the pieces itself.","Private dmv registration, live scan and business services sample for South Valley Business Services","Hi South Valley Business Services team,

I was looking at your business and noticed south Valley Business Services combines DMV partner services with Live Scan and administrative support; task-based content can help customers know which service can replace a DMV-office trip. I made the attached private preview around that part of the business so you can judge the direction before spending anything.

For $100 one time, I can turn it into a complete done-for-you content pack. In plain English, you get:

• 10 ready-to-post Google / Facebook / social posts
• custom graphics made for South Valley Business Services
• customer follow-up messages you can copy and paste
• review and customer-message reply templates
• stronger calls-to-action
• content built around your actual services
• everything organized and ready to use

No subscription and no contract. I’d build the first set around service highlights, FAQ-style education, and a clear next-step CTA.

Why it may be worth considering: you already have services worth explaining and showing; this package turns those existing strengths into content customers can actually see and understand.

If you like the sample, reply YES and I’ll finish the complete set.

If you already know you want it, the $100 PayPal invoice is here:
https://www.paypal.com/invoice/p/#7T6DC9A6WFH3XXCT

If you’d rather ask something first, just reply. If it isn’t useful, reply “no thanks” and I won’t keep following up.

Thanks,
Anastaysia",120-v5-south-valley-business-services.jpg,120-v5-south-valley-business-services.eml,"Absolutely — I can finish the full dmv registration, live scan and business services content package for South Valley Business Services. It’s $100 one time, with no subscription or contract. PayPal invoice: https://www.paypal.com/invoice/p/#7T6DC9A6WFH3XXCT

Once payment is confirmed, I’ll build the complete set around service highlights, FAQ-style education, and a clear next-step CTA unless you want me to prioritize something else.

– Anastaysia","It’s $100 total, one time — not per post and not monthly. You keep the 10 posts, custom graphics, customer follow-up messages, review/message replies and CTA copy.","The attached sample was made specifically for South Valley Business Services around dmv registration, live scan and business services. That is the direction I’d use for the finished set, and I’ll keep every piece tied to the actual services rather than generic filler.","I’d make the finished set around service highlights, FAQ-style education, and a clear next-step CTA. You receive the words + graphics ready to copy, post or reuse, so you do not have to design or write them yourself.","No problem. I’ll leave the sample with you. If timing changes, reply here and I can pick it back up. I won’t keep chasing you.","Hi South Valley Business Services team — one quick follow-up on the private dmv registration, live scan and business services sample I attached. If you want me to finish the full $100 set, reply YES. If not, no worries and I won’t follow up again.

– Anastaysia","Hi — I made a private dmv registration, live scan and business services sample for South Valley Business Services, but the public email I tried bounced. What business email should I send the preview to?

– Anastaysia","Thanks — payment is confirmed. I’m building the South Valley Business Services package around service highlights, FAQ-style education, and a clear next-step CTA. I’ll send the finished files in this email thread when they’re ready.

– Anastaysia","Hi South Valley Business Services team — your finished $100 content package is ready. I’ve organized the posts, graphics, follow-up copy, review/message replies and CTAs so they’re easy to reuse. If you want a different service emphasized in a future set, reply here.

– Anastaysia",New,,,
V5,121,241,The UPS Store #1560 San Jose,"San Jose, CA","Shipping, printing and business services",76,Priority-ranked; timing is not guaranteed,store1560@theupsstore.com,,408-225-5542,https://oag.ca.gov/fingerprints/locations?county=Santa+Clara,2026-09-16,"Current California DOJ directory publishes location-specific email, phone and San Jose address.","shipping, printing and business services","This Monterey Road store handles shipping, printing and administrative tasks; local service/use-case content can make a generic franchise page more useful to nearby customers.","This Monterey Road store handles shipping, printing and administrative tasks; local service/use-case content can make a generic franchise page more useful to nearby customers. The $100 package is useful here because it turns those existing services into clear, reusable customer-facing content without requiring the business to write or design the pieces itself.","Private shipping, printing and business services sample for The UPS Store #1560 San Jose","Hi The UPS Store #1560 San Jose team,

I was looking at your business and noticed this Monterey Road store handles shipping, printing and administrative tasks; local service/use-case content can make a generic franchise page more useful to nearby customers. I made the attached private preview around that part of the business so you can judge the direction before spending anything.

For $100 one time, I can turn it into a complete done-for-you content pack. In plain English, you get:

• 10 ready-to-post Google / Facebook / social posts
• custom graphics made for The UPS Store #1560 San Jose
• customer follow-up messages you can copy and paste
• review and customer-message reply templates
• stronger calls-to-action
• content built around your actual services
• everything organized and ready to use

No subscription and no contract. I’d build the first set around service highlights, FAQ-style education, and a clear next-step CTA.

Why it may be worth considering: you already have services worth explaining and showing; this package turns those existing strengths into content customers can actually see and understand.

If you like the sample, reply YES and I’ll finish the complete set.

If you already know you want it, the $100 PayPal invoice is here:
https://www.paypal.com/invoice/p/#7T6DC9A6WFH3XXCT

If you’d rather ask something first, just reply. If it isn’t useful, reply “no thanks” and I won’t keep following up.

Thanks,
Anastaysia",121-v5-the-ups-store-1560-san-jose.jpg,121-v5-the-ups-store-1560-san-jose.eml,"Absolutely — I can finish the full shipping, printing and business services content package for The UPS Store #1560 San Jose. It’s $100 one time, with no subscription or contract. PayPal invoice: https://www.paypal.com/invoice/p/#7T6DC9A6WFH3XXCT

Once payment is confirmed, I’ll build the complete set around service highlights, FAQ-style education, and a clear next-step CTA unless you want me to prioritize something else.

– Anastaysia","It’s $100 total, one time — not per post and not monthly. You keep the 10 posts, custom graphics, customer follow-up messages, review/message replies and CTA copy.","The attached sample was made specifically for The UPS Store #1560 San Jose around shipping, printing and business services. That is the direction I’d use for the finished set, and I’ll keep every piece tied to the actual services rather than generic filler.","I’d make the finished set around service highlights, FAQ-style education, and a clear next-step CTA. You receive the words + graphics ready to copy, post or reuse, so you do not have to design or write them yourself.","No problem. I’ll leave the sample with you. If timing changes, reply here and I can pick it back up. I won’t keep chasing you.","Hi The UPS Store #1560 San Jose team — one quick follow-up on the private shipping, printing and business services sample I attached. If you want me to finish the full $100 set, reply YES. If not, no worries and I won’t follow up again.

– Anastaysia","Hi — I made a private shipping, printing and business services sample for The UPS Store #1560 San Jose, but the public email I tried bounced. What business email should I send the preview to?

– Anastaysia","Thanks — payment is confirmed. I’m building the The UPS Store #1560 San Jose package around service highlights, FAQ-style education, and a clear next-step CTA. I’ll send the finished files in this email thread when they’re ready.

– Anastaysia","Hi The UPS Store #1560 San Jose team — your finished $100 content package is ready. I’ve organized the posts, graphics, follow-up copy, review/message replies and CTAs so they’re easy to reuse. If you want a different service emphasized in a future set, reply here.

– Anastaysia",New,,,
V5,122,243,The UPS Store #4636 Santa Clara,"Santa Clara, CA","Shipping, printing and business services",76,Priority-ranked; timing is not guaranteed,store4636@theupsstore.com,,408-247-4010,https://oag.ca.gov/fingerprints/locations?county=Santa+Clara,2026-09-16,"Current California DOJ directory publishes location-specific public email, phone and Santa Clara address.","shipping, printing and business services",This Homestead Road store offers common shipping/printing/business-center tasks; service-selector content can improve local discovery beyond generic franchise messaging.,"This Homestead Road store offers common shipping/printing/business-center tasks; service-selector content can improve local discovery beyond generic franchise messaging. The $100 package is useful here because it turns those existing services into clear, reusable customer-facing content without requiring the business to write or design the pieces itself.","Private shipping, printing and business services sample for The UPS Store #4636 Santa Clara","Hi The UPS Store #4636 Santa Clara team,

I was looking at your business and noticed this Homestead Road store offers common shipping/printing/business-center tasks; service-selector content can improve local discovery beyond generic franchise messaging. I made the attached private preview around that part of the business so you can judge the direction before spending anything.

For $100 one time, I can turn it into a complete done-for-you content pack. In plain English, you get:

• 10 ready-to-post Google / Facebook / social posts
• custom graphics made for The UPS Store #4636 Santa Clara
• customer follow-up messages you can copy and paste
• review and customer-message reply templates
• stronger calls-to-action
• content built around your actual services
• everything organized and ready to use

No subscription and no contract. I’d build the first set around service highlights, FAQ-style education, and a clear next-step CTA.

Why it may be worth considering: you already have services worth explaining and showing; this package turns those existing strengths into content customers can actually see and understand.

If you like the sample, reply YES and I’ll finish the complete set.

If you already know you want it, the $100 PayPal invoice is here:
https://www.paypal.com/invoice/p/#7T6DC9A6WFH3XXCT

If you’d rather ask something first, just reply. If it isn’t useful, reply “no thanks” and I won’t keep following up.

Thanks,
Anastaysia",122-v5-the-ups-store-4636-santa-clara.jpg,122-v5-the-ups-store-4636-santa-clara.eml,"Absolutely — I can finish the full shipping, printing and business services content package for The UPS Store #4636 Santa Clara. It’s $100 one time, with no subscription or contract. PayPal invoice: https://www.paypal.com/invoice/p/#7T6DC9A6WFH3XXCT

Once payment is confirmed, I’ll build the complete set around service highlights, FAQ-style education, and a clear next-step CTA unless you want me to prioritize something else.

– Anastaysia","It’s $100 total, one time — not per post and not monthly. You keep the 10 posts, custom graphics, customer follow-up messages, review/message replies and CTA copy.","The attached sample was made specifically for The UPS Store #4636 Santa Clara around shipping, printing and business services. That is the direction I’d use for the finished set, and I’ll keep every piece tied to the actual services rather than generic filler.","I’d make the finished set around service highlights, FAQ-style education, and a clear next-step CTA. You receive the words + graphics ready to copy, post or reuse, so you do not have to design or write them yourself.","No problem. I’ll leave the sample with you. If timing changes, reply here and I can pick it back up. I won’t keep chasing you.","Hi The UPS Store #4636 Santa Clara team — one quick follow-up on the private shipping, printing and business services sample I attached. If you want me to finish the full $100 set, reply YES. If not, no worries and I won’t follow up again.

– Anastaysia","Hi — I made a private shipping, printing and business services sample for The UPS Store #4636 Santa Clara, but the public email I tried bounced. What business email should I send the preview to?

– Anastaysia","Thanks — payment is confirmed. I’m building the The UPS Store #4636 Santa Clara package around service highlights, FAQ-style education, and a clear next-step CTA. I’ll send the finished files in this email thread when they’re ready.

– Anastaysia","Hi The UPS Store #4636 Santa Clara team — your finished $100 content package is ready. I’ve organized the posts, graphics, follow-up copy, review/message replies and CTAs so they’re easy to reuse. If you want a different service emphasized in a future set, reply here.

– Anastaysia",New,,,
V5,123,245,Wildseed Palo Alto,"Palo Alto, CA",Plant-based restaurant,76,Priority-ranked; timing is not guaranteed,paloalto@wildseedsf.com,https://www.wildseedsf.com/palo-alto,,https://www.wildseedsf.com/palo-alto,2026-09-15,Current owned location page and public Palo Alto inbox establish the Santa Clara County restaurant location.,plant-based restaurant,Wildseed Palo Alto has a location-specific dining identity; menu/occasion and first-visit content can make the local experience easier to evaluate without making health claims.,"Wildseed Palo Alto has a location-specific dining identity; menu/occasion and first-visit content can make the local experience easier to evaluate without making health claims. The $100 package is useful here because it turns those existing services into clear, reusable customer-facing content without requiring the business to write or design the pieces itself.",Private plant-based restaurant sample for Wildseed Palo Alto,"Hi Wildseed Palo Alto team,

I was looking at your business and noticed wildseed Palo Alto has a location-specific dining identity; menu/occasion and first-visit content can make the local experience easier to evaluate without making health claims. I made the attached private preview around that part of the business so you can judge the direction before spending anything.

For $100 one time, I can turn it into a complete done-for-you content pack. In plain English, you get:

• 10 ready-to-post Google / Facebook / social posts
• custom graphics made for Wildseed Palo Alto
• customer follow-up messages you can copy and paste
• review and customer-message reply templates
• stronger calls-to-action
• content built around your actual services
• everything organized and ready to use

No subscription and no contract. I’d build the first set around menu/service highlights, event or ordering guidance, and local customer CTAs.

Why it may be worth considering: you already have services worth explaining and showing; this package turns those existing strengths into content customers can actually see and understand.

If you like the sample, reply YES and I’ll finish the complete set.

If you already know you want it, the $100 PayPal invoice is here:
https://www.paypal.com/invoice/p/#7T6DC9A6WFH3XXCT

If you’d rather ask something first, just reply. If it isn’t useful, reply “no thanks” and I won’t keep following up.

Thanks,
Anastaysia",123-v5-wildseed-palo-alto.jpg,123-v5-wildseed-palo-alto.eml,"Absolutely — I can finish the full plant-based restaurant content package for Wildseed Palo Alto. It’s $100 one time, with no subscription or contract. PayPal invoice: https://www.paypal.com/invoice/p/#7T6DC9A6WFH3XXCT

Once payment is confirmed, I’ll build the complete set around menu/service highlights, event or ordering guidance, and local customer CTAs unless you want me to prioritize something else.

– Anastaysia","It’s $100 total, one time — not per post and not monthly. You keep the 10 posts, custom graphics, customer follow-up messages, review/message replies and CTA copy.","The attached sample was made specifically for Wildseed Palo Alto around plant-based restaurant. That is the direction I’d use for the finished set, and I’ll keep every piece tied to the actual services rather than generic filler.","I’d make the finished set around menu/service highlights, event or ordering guidance, and local customer CTAs. You receive the words + graphics ready to copy, post or reuse, so you do not have to design or write them yourself.","No problem. I’ll leave the sample with you. If timing changes, reply here and I can pick it back up. I won’t keep chasing you.","Hi Wildseed Palo Alto team — one quick follow-up on the private plant-based restaurant sample I attached. If you want me to finish the full $100 set, reply YES. If not, no worries and I won’t follow up again.

– Anastaysia","Hi — I made a private plant-based restaurant sample for Wildseed Palo Alto, but the public email I tried bounced. What business email should I send the preview to?

– Anastaysia","Thanks — payment is confirmed. I’m building the Wildseed Palo Alto package around menu/service highlights, event or ordering guidance, and local customer CTAs. I’ll send the finished files in this email thread when they’re ready.

– Anastaysia","Hi Wildseed Palo Alto team — your finished $100 content package is ready. I’ve organized the posts, graphics, follow-up copy, review/message replies and CTAs so they’re easy to reuse. If you want a different service emphasized in a future set, reply here.

– Anastaysia",New,,,
V5,124,247,ZingPop Social Media,"San Jose, CA",Email marketing and social-media coaching,76,Priority-ranked; timing is not guaranteed,hey@zingpopsocial.com,https://www.zingpopsocial.com/,408-766-4853,https://www.zingpopsocial.com/contact,2026-09-16,"Current owned site ©2026 lists San Jose location, public email/phone and active service menu.",email marketing and social-media coaching,"ZingPop sells coaching, done-for-you email marketing, Google Business support and digital products; service-selector content can clarify its multiple entry points.","ZingPop sells coaching, done-for-you email marketing, Google Business support and digital products; service-selector content can clarify its multiple entry points. The $100 package is useful here because it turns those existing services into clear, reusable customer-facing content without requiring the business to write or design the pieces itself.",Private email marketing and social-media coaching sample for ZingPop Social Media,"Hi ZingPop Social Media team,

I was looking at your business and noticed zingPop sells coaching, done-for-you email marketing, Google Business support and digital products; service-selector content can clarify its multiple entry points. I made the attached private preview around that part of the business so you can judge the direction before spending anything.

For $100 one time, I can turn it into a complete done-for-you content pack. In plain English, you get:

• 10 ready-to-post Google / Facebook / social posts
• custom graphics made for ZingPop Social Media
• customer follow-up messages you can copy and paste
• review and customer-message reply templates
• stronger calls-to-action
• content built around your actual services
• everything organized and ready to use

No subscription and no contract. I’d build the first set around service highlights, FAQ-style education, and a clear next-step CTA.

Why it may be worth considering: you already have services worth explaining and showing; this package turns those existing strengths into content customers can actually see and understand.

If you like the sample, reply YES and I’ll finish the complete set.

If you already know you want it, the $100 PayPal invoice is here:
https://www.paypal.com/invoice/p/#7T6DC9A6WFH3XXCT

If you’d rather ask something first, just reply. If it isn’t useful, reply “no thanks” and I won’t keep following up.

Thanks,
Anastaysia",124-v5-zingpop-social-media.jpg,124-v5-zingpop-social-media.eml,"Absolutely — I can finish the full email marketing and social-media coaching content package for ZingPop Social Media. It’s $100 one time, with no subscription or contract. PayPal invoice: https://www.paypal.com/invoice/p/#7T6DC9A6WFH3XXCT

Once payment is confirmed, I’ll build the complete set around service highlights, FAQ-style education, and a clear next-step CTA unless you want me to prioritize something else.

– Anastaysia","It’s $100 total, one time — not per post and not monthly. You keep the 10 posts, custom graphics, customer follow-up messages, review/message replies and CTA copy.","The attached sample was made specifically for ZingPop Social Media around email marketing and social-media coaching. That is the direction I’d use for the finished set, and I’ll keep every piece tied to the actual services rather than generic filler.","I’d make the finished set around service highlights, FAQ-style education, and a clear next-step CTA. You receive the words + graphics ready to copy, post or reuse, so you do not have to design or write them yourself.","No problem. I’ll leave the sample with you. If timing changes, reply here and I can pick it back up. I won’t keep chasing you.","Hi ZingPop Social Media team — one quick follow-up on the private email marketing and social-media coaching sample I attached. If you want me to finish the full $100 set, reply YES. If not, no worries and I won’t follow up again.

– Anastaysia","Hi — I made a private email marketing and social-media coaching sample for ZingPop Social Media, but the public email I tried bounced. What business email should I send the preview to?

– Anastaysia","Thanks — payment is confirmed. I’m building the ZingPop Social Media package around service highlights, FAQ-style education, and a clear next-step CTA. I’ll send the finished files in this email thread when they’re ready.

– Anastaysia","Hi ZingPop Social Media team — your finished $100 content package is ready. I’ve organized the posts, graphics, follow-up copy, review/message replies and CTAs so they’re easy to reuse. If you want a different service emphasized in a future set, reply here.

– Anastaysia",New,,,
V5,125,249,Akita Sushi Gourmet Inc,"Santa Clara / San Jose, CA",Sushi restaurant and event catering,73,Priority-ranked; timing is not guaranteed,akitasushifoodtruck@gmail.com,https://akitagourmet.com/,408-930-5242,https://www.santaclaraca.gov/our-city/departments-g-z/parks-recreation/reservations-and-permits,2026-09-13,Current City of Santa Clara approved-caterer list publishes the food-truck email/phone; Akita's current owned catering page documents local locations and event catering.,sushi restaurant and event catering,"Akita operates local Santa Clara and San Jose locations and markets catering for corporate lunches, private parties and weddings; content can explain dine-in/order/catering choices and event formats.","Akita operates local Santa Clara and San Jose locations and markets catering for corporate lunches, private parties and weddings; content can explain dine-in/order/catering choices and event formats. The $100 package is useful here because it turns those existing services into clear, reusable customer-facing content without requiring the business to write or design the pieces itself.",Private sushi restaurant and event catering sample for Akita Sushi Gourmet Inc,"Hi Akita Sushi Gourmet Inc team,

I was looking at your business and noticed akita operates local Santa Clara and San Jose locations and markets catering for corporate lunches, private parties and weddings; content can explain dine-in/order/catering choices and event formats. I made the attached private preview around that part of the business so you can judge the direction before spending anything.

For $100 one time, I can turn it into a complete done-for-you content pack. In plain English, you get:

• 10 ready-to-post Google / Facebook / social posts
• custom graphics made for Akita Sushi Gourmet Inc
• customer follow-up messages you can copy and paste
• review and customer-message reply templates
• stronger calls-to-action
• content built around your actual services
• everything organized and ready to use

No subscription and no contract. I’d build the first set around menu/service highlights, event or ordering guidance, and local customer CTAs.

Why it may be worth considering: you already have services worth explaining and showing; this package turns those existing strengths into content customers can actually see and understand.

If you like the sample, reply YES and I’ll finish the complete set.

If you already know you want it, the $100 PayPal invoice is here:
https://www.paypal.com/invoice/p/#7T6DC9A6WFH3XXCT

If you’d rather ask something first, just reply. If it isn’t useful, reply “no thanks” and I won’t keep following up.

Thanks,
Anastaysia",125-v5-akita-sushi-gourmet-inc.jpg,125-v5-akita-sushi-gourmet-inc.eml,"Absolutely — I can finish the full sushi restaurant and event catering content package for Akita Sushi Gourmet Inc. It’s $100 one time, with no subscription or contract. PayPal invoice: https://www.paypal.com/invoice/p/#7T6DC9A6WFH3XXCT

Once payment is confirmed, I’ll build the complete set around menu/service highlights, event or ordering guidance, and local customer CTAs unless you want me to prioritize something else.

– Anastaysia","It’s $100 total, one time — not per post and not monthly. You keep the 10 posts, custom graphics, customer follow-up messages, review/message replies and CTA copy.","The attached sample was made specifically for Akita Sushi Gourmet Inc around sushi restaurant and event catering. That is the direction I’d use for the finished set, and I’ll keep every piece tied to the actual services rather than generic filler.","I’d make the finished set around menu/service highlights, event or ordering guidance, and local customer CTAs. You receive the words + graphics ready to copy, post or reuse, so you do not have to design or write them yourself.","No problem. I’ll leave the sample with you. If timing changes, reply here and I can pick it back up. I won’t keep chasing you.","Hi Akita Sushi Gourmet Inc team — one quick follow-up on the private sushi restaurant and event catering sample I attached. If you want me to finish the full $100 set, reply YES. If not, no worries and I won’t follow up again.

– Anastaysia","Hi — I made a private sushi restaurant and event catering sample for Akita Sushi Gourmet Inc, but the public email I tried bounced. What business email should I send the preview to?

– Anastaysia","Thanks — payment is confirmed. I’m building the Akita Sushi Gourmet Inc package around menu/service highlights, event or ordering guidance, and local customer CTAs. I’ll send the finished files in this email thread when they’re ready.

– Anastaysia","Hi Akita Sushi Gourmet Inc team — your finished $100 content package is ready. I’ve organized the posts, graphics, follow-up copy, review/message replies and CTAs so they’re easy to reuse. If you want a different service emphasized in a future set, reply here.

– Anastaysia",New,,,
V5,126,251,Anytime is Taco Time Inc,San Jose / Santa Clara service area,Mexican catering and mobile food service,73,Priority-ranked; timing is not guaranteed,lindiatime@hotmail.com,https://anytimeistacotime.com/,408-293-9915,https://www.santaclaraca.gov/our-city/departments-g-z/parks-recreation/reservations-and-permits,2026-09-13,Current City of Santa Clara approved-caterer list publishes the public email and phone; current business site provides the catering offering used for personalization.,mexican catering and mobile food service,"Anytime is Taco Time offers multiple catering-service levels, so a simple package-comparison campaign can help event buyers understand what changes between basic, classic and full-service options.","Anytime is Taco Time offers multiple catering-service levels, so a simple package-comparison campaign can help event buyers understand what changes between basic, classic and full-service options. The $100 package is useful here because it turns those existing services into clear, reusable customer-facing content without requiring the business to write or design the pieces itself.",Private mexican catering and mobile food service sample for Anytime is Taco Time Inc,"Hi Anytime is Taco Time Inc team,

I was looking at your business and noticed anytime is Taco Time offers multiple catering-service levels, so a simple package-comparison campaign can help event buyers understand what changes between basic, classic and full-service options. I made the attached private preview around that part of the business so you can judge the direction before spending anything.

For $100 one time, I can turn it into a complete done-for-you content pack. In plain English, you get:

• 10 ready-to-post Google / Facebook / social posts
• custom graphics made for Anytime is Taco Time Inc
• customer follow-up messages you can copy and paste
• review and customer-message reply templates
• stronger calls-to-action
• content built around your actual services
• everything organized and ready to use

No subscription and no contract. I’d build the first set around menu/service highlights, event or ordering guidance, and local customer CTAs.

Why it may be worth considering: you already have services worth explaining and showing; this package turns those existing strengths into content customers can actually see and understand.

If you like the sample, reply YES and I’ll finish the complete set.

If you already know you want it, the $100 PayPal invoice is here:
https://www.paypal.com/invoice/p/#7T6DC9A6WFH3XXCT

If you’d rather ask something first, just reply. If it isn’t useful, reply “no thanks” and I won’t keep following up.

Thanks,
Anastaysia",126-v5-anytime-is-taco-time-inc.jpg,126-v5-anytime-is-taco-time-inc.eml,"Absolutely — I can finish the full mexican catering and mobile food service content package for Anytime is Taco Time Inc. It’s $100 one time, with no subscription or contract. PayPal invoice: https://www.paypal.com/invoice/p/#7T6DC9A6WFH3XXCT

Once payment is confirmed, I’ll build the complete set around menu/service highlights, event or ordering guidance, and local customer CTAs unless you want me to prioritize something else.

– Anastaysia","It’s $100 total, one time — not per post and not monthly. You keep the 10 posts, custom graphics, customer follow-up messages, review/message replies and CTA copy.","The attached sample was made specifically for Anytime is Taco Time Inc around mexican catering and mobile food service. That is the direction I’d use for the finished set, and I’ll keep every piece tied to the actual services rather than generic filler.","I’d make the finished set around menu/service highlights, event or ordering guidance, and local customer CTAs. You receive the words + graphics ready to copy, post or reuse, so you do not have to design or write them yourself.","No problem. I’ll leave the sample with you. If timing changes, reply here and I can pick it back up. I won’t keep chasing you.","Hi Anytime is Taco Time Inc team — one quick follow-up on the private mexican catering and mobile food service sample I attached. If you want me to finish the full $100 set, reply YES. If not, no worries and I won’t follow up again.

– Anastaysia","Hi — I made a private mexican catering and mobile food service sample for Anytime is Taco Time Inc, but the public email I tried bounced. What business email should I send the preview to?

– Anastaysia","Thanks — payment is confirmed. I’m building the Anytime is Taco Time Inc package around menu/service highlights, event or ordering guidance, and local customer CTAs. I’ll send the finished files in this email thread when they’re ready.

– Anastaysia","Hi Anytime is Taco Time Inc team — your finished $100 content package is ready. I’ve organized the posts, graphics, follow-up copy, review/message replies and CTAs so they’re easy to reuse. If you want a different service emphasized in a future set, reply here.

– Anastaysia",New,,,
V5,127,253,Bay Area Home Organizing,"Palo Alto / Bay Area, CA",Professional home organizing,73,Priority-ranked; timing is not guaranteed,bahomeorganizing@gmail.com,https://www.bayareahomeorganizing.com/,(858) 750-8059,https://www.bayareahomeorganizing.com/contact,2026-09-16,Current owned contact page publishes BAhomeorganizing@gmail.com and Palo Alto location.,professional home organizing,"Current owned site offers home/workplace organizing, move support and a free virtual consultation from Palo Alto; before/after and consultation-prep content is highly demonstrable.","Current owned site offers home/workplace organizing, move support and a free virtual consultation from Palo Alto; before/after and consultation-prep content is highly demonstrable. The $100 package is useful here because it turns those existing services into clear, reusable customer-facing content without requiring the business to write or design the pieces itself.",Private professional home organizing sample for Bay Area Home Organizing,"Hi Bay Area Home Organizing team,

I was looking at your business and noticed current owned site offers home/workplace organizing, move support and a free virtual consultation from Palo Alto; before/after and consultation-prep content is highly demonstrable. I made the attached private preview around that part of the business so you can judge the direction before spending anything.

For $100 one time, I can turn it into a complete done-for-you content pack. In plain English, you get:

• 10 ready-to-post Google / Facebook / social posts
• custom graphics made for Bay Area Home Organizing
• customer follow-up messages you can copy and paste
• review and customer-message reply templates
• stronger calls-to-action
• content built around your actual services
• everything organized and ready to use

No subscription and no contract. I’d build the first set around before/after process content, service-selection guidance, and quote CTAs.

Why it may be worth considering: you already have services worth explaining and showing; this package turns those existing strengths into content customers can actually see and understand.

If you like the sample, reply YES and I’ll finish the complete set.

If you already know you want it, the $100 PayPal invoice is here:
https://www.paypal.com/invoice/p/#7T6DC9A6WFH3XXCT

If you’d rather ask something first, just reply. If it isn’t useful, reply “no thanks” and I won’t keep following up.

Thanks,
Anastaysia",127-v5-bay-area-home-organizing.jpg,127-v5-bay-area-home-organizing.eml,"Absolutely — I can finish the full professional home organizing content package for Bay Area Home Organizing. It’s $100 one time, with no subscription or contract. PayPal invoice: https://www.paypal.com/invoice/p/#7T6DC9A6WFH3XXCT

Once payment is confirmed, I’ll build the complete set around before/after process content, service-selection guidance, and quote CTAs unless you want me to prioritize something else.

– Anastaysia","It’s $100 total, one time — not per post and not monthly. You keep the 10 posts, custom graphics, customer follow-up messages, review/message replies and CTA copy.","The attached sample was made specifically for Bay Area Home Organizing around professional home organizing. That is the direction I’d use for the finished set, and I’ll keep every piece tied to the actual services rather than generic filler.","I’d make the finished set around before/after process content, service-selection guidance, and quote CTAs. You receive the words + graphics ready to copy, post or reuse, so you do not have to design or write them yourself.","No problem. I’ll leave the sample with you. If timing changes, reply here and I can pick it back up. I won’t keep chasing you.","Hi Bay Area Home Organizing team — one quick follow-up on the private professional home organizing sample I attached. If you want me to finish the full $100 set, reply YES. If not, no worries and I won’t follow up again.

– Anastaysia","Hi — I made a private professional home organizing sample for Bay Area Home Organizing, but the public email I tried bounced. What business email should I send the preview to?

– Anastaysia","Thanks — payment is confirmed. I’m building the Bay Area Home Organizing package around before/after process content, service-selection guidance, and quote CTAs. I’ll send the finished files in this email thread when they’re ready.

– Anastaysia","Hi Bay Area Home Organizing team — your finished $100 content package is ready. I’ve organized the posts, graphics, follow-up copy, review/message replies and CTAs so they’re easy to reuse. If you want a different service emphasized in a future set, reply here.

– Anastaysia",New,,,
V5,128,255,BBQ Kalbi,"San Jose / Silicon Valley, CA",Korean-fusion food truck and catering,73,Priority-ranked; timing is not guaranteed,bbqkalbi@gmail.com,,562-448-4859,https://www.santaclaraca.gov/our-city/departments-g-z/parks-recreation/reservations-and-permits,2026-09-13,"Current City of Santa Clara approved-caterer list publishes the public email/phone; the business's public Google Site lists Silicon Valley service and catering. Website is intentionally blank for dedupe because sites.google.com is a shared hosting domain, not a business identity domain.",korean-fusion food truck and catering,"BBQ Kalbi explicitly serves private parties, offices and large events with Korean-fusion food; content can turn menu choices and event catering into a clearer booking story.","BBQ Kalbi explicitly serves private parties, offices and large events with Korean-fusion food; content can turn menu choices and event catering into a clearer booking story. The $100 package is useful here because it turns those existing services into clear, reusable customer-facing content without requiring the business to write or design the pieces itself.",Private korean-fusion food truck and catering sample for BBQ Kalbi,"Hi BBQ Kalbi team,

I was looking at your business and noticed bBQ Kalbi explicitly serves private parties, offices and large events with Korean-fusion food; content can turn menu choices and event catering into a clearer booking story. I made the attached private preview around that part of the business so you can judge the direction before spending anything.

For $100 one time, I can turn it into a complete done-for-you content pack. In plain English, you get:

• 10 ready-to-post Google / Facebook / social posts
• custom graphics made for BBQ Kalbi
• customer follow-up messages you can copy and paste
• review and customer-message reply templates
• stronger calls-to-action
• content built around your actual services
• everything organized and ready to use

No subscription and no contract. I’d build the first set around menu/service highlights, event or ordering guidance, and local customer CTAs.

Why it may be worth considering: you already have services worth explaining and showing; this package turns those existing strengths into content customers can actually see and understand.

If you like the sample, reply YES and I’ll finish the complete set.

If you already know you want it, the $100 PayPal invoice is here:
https://www.paypal.com/invoice/p/#7T6DC9A6WFH3XXCT

If you’d rather ask something first, just reply. If it isn’t useful, reply “no thanks” and I won’t keep following up.

Thanks,
Anastaysia",128-v5-bbq-kalbi.jpg,128-v5-bbq-kalbi.eml,"Absolutely — I can finish the full korean-fusion food truck and catering content package for BBQ Kalbi. It’s $100 one time, with no subscription or contract. PayPal invoice: https://www.paypal.com/invoice/p/#7T6DC9A6WFH3XXCT

Once payment is confirmed, I’ll build the complete set around menu/service highlights, event or ordering guidance, and local customer CTAs unless you want me to prioritize something else.

– Anastaysia","It’s $100 total, one time — not per post and not monthly. You keep the 10 posts, custom graphics, customer follow-up messages, review/message replies and CTA copy.","The attached sample was made specifically for BBQ Kalbi around korean-fusion food truck and catering. That is the direction I’d use for the finished set, and I’ll keep every piece tied to the actual services rather than generic filler.","I’d make the finished set around menu/service highlights, event or ordering guidance, and local customer CTAs. You receive the words + graphics ready to copy, post or reuse, so you do not have to design or write them yourself.","No problem. I’ll leave the sample with you. If timing changes, reply here and I can pick it back up. I won’t keep chasing you.","Hi BBQ Kalbi team — one quick follow-up on the private korean-fusion food truck and catering sample I attached. If you want me to finish the full $100 set, reply YES. If not, no worries and I won’t follow up again.

– Anastaysia","Hi — I made a private korean-fusion food truck and catering sample for BBQ Kalbi, but the public email I tried bounced. What business email should I send the preview to?

– Anastaysia","Thanks — payment is confirmed. I’m building the BBQ Kalbi package around menu/service highlights, event or ordering guidance, and local customer CTAs. I’ll send the finished files in this email thread when they’re ready.

– Anastaysia","Hi BBQ Kalbi team — your finished $100 content package is ready. I’ve organized the posts, graphics, follow-up copy, review/message replies and CTAs so they’re easy to reuse. If you want a different service emphasized in a future set, reply here.

– Anastaysia",New,,,
V5,129,257,Chula Puebla Taco Truck,"Santa Clara County, CA",Mexican food truck and catering,73,Priority-ranked; timing is not guaranteed,chulapuebla2015@gmail.com,,408-709-6872,https://www.santaclaraca.gov/our-city/departments-g-z/parks-recreation/reservations-and-permits,2026-09-13,Current municipal approved-caterer list publishes the email/phone; Moveable Feast currently lists Chula Puebla in its Mexican food-truck network. No owned business domain is claimed.,mexican food truck and catering,"Chula Puebla is currently listed as an approved Santa Clara caterer and in a current Bay Area food-truck network, giving it a clear event-booking and regional Mexican-food story for local content.","Chula Puebla is currently listed as an approved Santa Clara caterer and in a current Bay Area food-truck network, giving it a clear event-booking and regional Mexican-food story for local content. The $100 package is useful here because it turns those existing services into clear, reusable customer-facing content without requiring the business to write or design the pieces itself.",Private mexican food truck and catering sample for Chula Puebla Taco Truck,"Hi Chula Puebla Taco Truck team,

I was looking at your business and noticed chula Puebla is currently listed as an approved Santa Clara caterer and in a current Bay Area food-truck network, giving it a clear event-booking and regional Mexican-food story for local content. I made the attached private preview around that part of the business so you can judge the direction before spending anything.

For $100 one time, I can turn it into a complete done-for-you content pack. In plain English, you get:

• 10 ready-to-post Google / Facebook / social posts
• custom graphics made for Chula Puebla Taco Truck
• customer follow-up messages you can copy and paste
• review and customer-message reply templates
• stronger calls-to-action
• content built around your actual services
• everything organized and ready to use

No subscription and no contract. I’d build the first set around menu/service highlights, event or ordering guidance, and local customer CTAs.

Why it may be worth considering: you already have services worth explaining and showing; this package turns those existing strengths into content customers can actually see and understand.

If you like the sample, reply YES and I’ll finish the complete set.

If you already know you want it, the $100 PayPal invoice is here:
https://www.paypal.com/invoice/p/#7T6DC9A6WFH3XXCT

If you’d rather ask something first, just reply. If it isn’t useful, reply “no thanks” and I won’t keep following up.

Thanks,
Anastaysia",129-v5-chula-puebla-taco-truck.jpg,129-v5-chula-puebla-taco-truck.eml,"Absolutely — I can finish the full mexican food truck and catering content package for Chula Puebla Taco Truck. It’s $100 one time, with no subscription or contract. PayPal invoice: https://www.paypal.com/invoice/p/#7T6DC9A6WFH3XXCT

Once payment is confirmed, I’ll build the complete set around menu/service highlights, event or ordering guidance, and local customer CTAs unless you want me to prioritize something else.

– Anastaysia","It’s $100 total, one time — not per post and not monthly. You keep the 10 posts, custom graphics, customer follow-up messages, review/message replies and CTA copy.","The attached sample was made specifically for Chula Puebla Taco Truck around mexican food truck and catering. That is the direction I’d use for the finished set, and I’ll keep every piece tied to the actual services rather than generic filler.","I’d make the finished set around menu/service highlights, event or ordering guidance, and local customer CTAs. You receive the words + graphics ready to copy, post or reuse, so you do not have to design or write them yourself.","No problem. I’ll leave the sample with you. If timing changes, reply here and I can pick it back up. I won’t keep chasing you.","Hi Chula Puebla Taco Truck team — one quick follow-up on the private mexican food truck and catering sample I attached. If you want me to finish the full $100 set, reply YES. If not, no worries and I won’t follow up again.

– Anastaysia","Hi — I made a private mexican food truck and catering sample for Chula Puebla Taco Truck, but the public email I tried bounced. What business email should I send the preview to?

– Anastaysia","Thanks — payment is confirmed. I’m building the Chula Puebla Taco Truck package around menu/service highlights, event or ordering guidance, and local customer CTAs. I’ll send the finished files in this email thread when they’re ready.

– Anastaysia","Hi Chula Puebla Taco Truck team — your finished $100 content package is ready. I’ve organized the posts, graphics, follow-up copy, review/message replies and CTAs so they’re easy to reuse. If you want a different service emphasized in a future set, reply here.

– Anastaysia",New,,,
V5,130,259,Cute Flowers & Gifts,"Santa Clara, CA","Florist, delivery and events",73,Priority-ranked; timing is not guaranteed,cuteflowers@sbcglobal.net,https://cuteflowersandgifts.com/,408-309-6162,https://cuteflowersandgifts.com/,2026-09-15,"Current owned site lists 3294 El Camino Real, Santa Clara, public ISP inbox and phone.","florist, delivery and events","Cute Flowers & Gifts offers occasion-driven arrangements, delivery and event flowers; occasion and ordering-prep content can make the buying path clearer.","Cute Flowers & Gifts offers occasion-driven arrangements, delivery and event flowers; occasion and ordering-prep content can make the buying path clearer. The $100 package is useful here because it turns those existing services into clear, reusable customer-facing content without requiring the business to write or design the pieces itself.","Private florist, delivery and events sample for Cute Flowers & Gifts","Hi Cute Flowers & Gifts team,

I was looking at your business and noticed cute Flowers & Gifts offers occasion-driven arrangements, delivery and event flowers; occasion and ordering-prep content can make the buying path clearer. I made the attached private preview around that part of the business so you can judge the direction before spending anything.

For $100 one time, I can turn it into a complete done-for-you content pack. In plain English, you get:

• 10 ready-to-post Google / Facebook / social posts
• custom graphics made for Cute Flowers & Gifts
• customer follow-up messages you can copy and paste
• review and customer-message reply templates
• stronger calls-to-action
• content built around your actual services
• everything organized and ready to use

No subscription and no contract. I’d build the first set around service highlights, FAQ-style education, and a clear next-step CTA.

Why it may be worth considering: you already have services worth explaining and showing; this package turns those existing strengths into content customers can actually see and understand.

If you like the sample, reply YES and I’ll finish the complete set.

If you already know you want it, the $100 PayPal invoice is here:
https://www.paypal.com/invoice/p/#7T6DC9A6WFH3XXCT

If you’d rather ask something first, just reply. If it isn’t useful, reply “no thanks” and I won’t keep following up.

Thanks,
Anastaysia",130-v5-cute-flowers-gifts.jpg,130-v5-cute-flowers-gifts.eml,"Absolutely — I can finish the full florist, delivery and events content package for Cute Flowers & Gifts. It’s $100 one time, with no subscription or contract. PayPal invoice: https://www.paypal.com/invoice/p/#7T6DC9A6WFH3XXCT

Once payment is confirmed, I’ll build the complete set around service highlights, FAQ-style education, and a clear next-step CTA unless you want me to prioritize something else.

– Anastaysia","It’s $100 total, one time — not per post and not monthly. You keep the 10 posts, custom graphics, customer follow-up messages, review/message replies and CTA copy.","The attached sample was made specifically for Cute Flowers & Gifts around florist, delivery and events. That is the direction I’d use for the finished set, and I’ll keep every piece tied to the actual services rather than generic filler.","I’d make the finished set around service highlights, FAQ-style education, and a clear next-step CTA. You receive the words + graphics ready to copy, post or reuse, so you do not have to design or write them yourself.","No problem. I’ll leave the sample with you. If timing changes, reply here and I can pick it back up. I won’t keep chasing you.","Hi Cute Flowers & Gifts team — one quick follow-up on the private florist, delivery and events sample I attached. If you want me to finish the full $100 set, reply YES. If not, no worries and I won’t follow up again.

– Anastaysia","Hi — I made a private florist, delivery and events sample for Cute Flowers & Gifts, but the public email I tried bounced. What business email should I send the preview to?

– Anastaysia","Thanks — payment is confirmed. I’m building the Cute Flowers & Gifts package around service highlights, FAQ-style education, and a clear next-step CTA. I’ll send the finished files in this email thread when they’re ready.

– Anastaysia","Hi Cute Flowers & Gifts team — your finished $100 content package is ready. I’ve organized the posts, graphics, follow-up copy, review/message replies and CTAs so they’re easy to reuse. If you want a different service emphasized in a future set, reply here.

– Anastaysia",New,,,
V5,131,261,FloriFlora Florist,"Cupertino, CA",Florist and event flowers,73,Priority-ranked; timing is not guaranteed,florifloraflorist@gmail.com,https://florifloraflorist.com/,415-533-9014,https://florifloraflorist.com/,2026-09-15,,florist and event flowers,"FloriFlora sells visually driven floral arrangements and event services; occasion guides, event examples and ordering-prep content can make.","FloriFlora sells visually driven floral arrangements and event services; occasion guides, event examples and ordering-prep content can make. The $100 package is useful here because it turns those existing services into clear, reusable customer-facing content without requiring the business to write or design the pieces itself.",Private florist and event flowers sample for FloriFlora Florist,"Hi FloriFlora Florist team,

I was looking at your business and noticed floriFlora sells visually driven floral arrangements and event services; occasion guides, event examples and ordering-prep content can make. I made the attached private preview around that part of the business so you can judge the direction before spending anything.

For $100 one time, I can turn it into a complete done-for-you content pack. In plain English, you get:

• 10 ready-to-post Google / Facebook / social posts
• custom graphics made for FloriFlora Florist
• customer follow-up messages you can copy and paste
• review and customer-message reply templates
• stronger calls-to-action
• content built around your actual services
• everything organized and ready to use

No subscription and no contract. I’d build the first set around service highlights, FAQ-style education, and a clear next-step CTA.

Why it may be worth considering: you already have services worth explaining and showing; this package turns those existing strengths into content customers can actually see and understand.

If you like the sample, reply YES and I’ll finish the complete set.

If you already know you want it, the $100 PayPal invoice is here:
https://www.paypal.com/invoice/p/#7T6DC9A6WFH3XXCT

If you’d rather ask something first, just reply. If it isn’t useful, reply “no thanks” and I won’t keep following up.

Thanks,
Anastaysia",131-v5-floriflora-florist.jpg,131-v5-floriflora-florist.eml,"Absolutely — I can finish the full florist and event flowers content package for FloriFlora Florist. It’s $100 one time, with no subscription or contract. PayPal invoice: https://www.paypal.com/invoice/p/#7T6DC9A6WFH3XXCT

Once payment is confirmed, I’ll build the complete set around service highlights, FAQ-style education, and a clear next-step CTA unless you want me to prioritize something else.

– Anastaysia","It’s $100 total, one time — not per post and not monthly. You keep the 10 posts, custom graphics, customer follow-up messages, review/message replies and CTA copy.","The attached sample was made specifically for FloriFlora Florist around florist and event flowers. That is the direction I’d use for the finished set, and I’ll keep every piece tied to the actual services rather than generic filler.","I’d make the finished set around service highlights, FAQ-style education, and a clear next-step CTA. You receive the words + graphics ready to copy, post or reuse, so you do not have to design or write them yourself.","No problem. I’ll leave the sample with you. If timing changes, reply here and I can pick it back up. I won’t keep chasing you.","Hi FloriFlora Florist team — one quick follow-up on the private florist and event flowers sample I attached. If you want me to finish the full $100 set, reply YES. If not, no worries and I won’t follow up again.

– Anastaysia","Hi — I made a private florist and event flowers sample for FloriFlora Florist, but the public email I tried bounced. What business email should I send the preview to?

– Anastaysia","Thanks — payment is confirmed. I’m building the FloriFlora Florist package around service highlights, FAQ-style education, and a clear next-step CTA. I’ll send the finished files in this email thread when they’re ready.

– Anastaysia","Hi FloriFlora Florist team — your finished $100 content package is ready. I’ve organized the posts, graphics, follow-up copy, review/message replies and CTAs so they’re easy to reuse. If you want a different service emphasized in a future set, reply here.

– Anastaysia",New,,,
V5,132,263,Garlic Farm Inn,"Gilroy, CA",Motel and lodging,73,Priority-ranked; timing is not guaranteed,garlicfarmtogos5920@gmail.com,,408-847-9702,https://visitgilroy.com/listing/garlic-farm-inn/159/,2026-09-16,"Current Visit Gilroy listing publishes exact email, phone and Gilroy address.",motel and lodging,Garlic Farm Inn offers short-stay lodging near Travel Park Circle; direct-booking and local-destination context can make its basic offer easier to compare.,"Garlic Farm Inn offers short-stay lodging near Travel Park Circle; direct-booking and local-destination context can make its basic offer easier to compare. The $100 package is useful here because it turns those existing services into clear, reusable customer-facing content without requiring the business to write or design the pieces itself.",Private motel and lodging sample for Garlic Farm Inn,"Hi Garlic Farm Inn team,

I was looking at your business and noticed garlic Farm Inn offers short-stay lodging near Travel Park Circle; direct-booking and local-destination context can make its basic offer easier to compare. I made the attached private preview around that part of the business so you can judge the direction before spending anything.

For $100 one time, I can turn it into a complete done-for-you content pack. In plain English, you get:

• 10 ready-to-post Google / Facebook / social posts
• custom graphics made for Garlic Farm Inn
• customer follow-up messages you can copy and paste
• review and customer-message reply templates
• stronger calls-to-action
• content built around your actual services
• everything organized and ready to use

No subscription and no contract. I’d build the first set around service highlights, FAQ-style education, and a clear next-step CTA.

Why it may be worth considering: you already have services worth explaining and showing; this package turns those existing strengths into content customers can actually see and understand.

If you like the sample, reply YES and I’ll finish the complete set.

If you already know you want it, the $100 PayPal invoice is here:
https://www.paypal.com/invoice/p/#7T6DC9A6WFH3XXCT

If you’d rather ask something first, just reply. If it isn’t useful, reply “no thanks” and I won’t keep following up.

Thanks,
Anastaysia",132-v5-garlic-farm-inn.jpg,132-v5-garlic-farm-inn.eml,"Absolutely — I can finish the full motel and lodging content package for Garlic Farm Inn. It’s $100 one time, with no subscription or contract. PayPal invoice: https://www.paypal.com/invoice/p/#7T6DC9A6WFH3XXCT

Once payment is confirmed, I’ll build the complete set around service highlights, FAQ-style education, and a clear next-step CTA unless you want me to prioritize something else.

– Anastaysia","It’s $100 total, one time — not per post and not monthly. You keep the 10 posts, custom graphics, customer follow-up messages, review/message replies and CTA copy.","The attached sample was made specifically for Garlic Farm Inn around motel and lodging. That is the direction I’d use for the finished set, and I’ll keep every piece tied to the actual services rather than generic filler.","I’d make the finished set around service highlights, FAQ-style education, and a clear next-step CTA. You receive the words + graphics ready to copy, post or reuse, so you do not have to design or write them yourself.","No problem. I’ll leave the sample with you. If timing changes, reply here and I can pick it back up. I won’t keep chasing you.","Hi Garlic Farm Inn team — one quick follow-up on the private motel and lodging sample I attached. If you want me to finish the full $100 set, reply YES. If not, no worries and I won’t follow up again.

– Anastaysia","Hi — I made a private motel and lodging sample for Garlic Farm Inn, but the public email I tried bounced. What business email should I send the preview to?

– Anastaysia","Thanks — payment is confirmed. I’m building the Garlic Farm Inn package around service highlights, FAQ-style education, and a clear next-step CTA. I’ll send the finished files in this email thread when they’re ready.

– Anastaysia","Hi Garlic Farm Inn team — your finished $100 content package is ready. I’ve organized the posts, graphics, follow-up copy, review/message replies and CTAs so they’re easy to reuse. If you want a different service emphasized in a future set, reply here.

– Anastaysia",New,,,
V5,133,265,Gilroy Inn,"Gilroy, CA",Hotel and lodging,73,Priority-ranked; timing is not guaranteed,gilroyinn@hotmail.com,,408-847-0688,https://visitgilroy.com/listing/gilroy-inn/154/,2026-09-16,"Current Visit Gilroy listing publishes exact public email, phone and Gilroy address.",hotel and lodging,Gilroy Inn offers a straightforward local lodging path near Gilroy attractions; stay-purpose and direct-contact content can improve booking clarity.,"Gilroy Inn offers a straightforward local lodging path near Gilroy attractions; stay-purpose and direct-contact content can improve booking clarity. The $100 package is useful here because it turns those existing services into clear, reusable customer-facing content without requiring the business to write or design the pieces itself.",Private hotel and lodging sample for Gilroy Inn,"Hi Gilroy Inn team,

I was looking at your business and noticed gilroy Inn offers a straightforward local lodging path near Gilroy attractions; stay-purpose and direct-contact content can improve booking clarity. I made the attached private preview around that part of the business so you can judge the direction before spending anything.

For $100 one time, I can turn it into a complete done-for-you content pack. In plain English, you get:

• 10 ready-to-post Google / Facebook / social posts
• custom graphics made for Gilroy Inn
• customer follow-up messages you can copy and paste
• review and customer-message reply templates
• stronger calls-to-action
• content built around your actual services
• everything organized and ready to use

No subscription and no contract. I’d build the first set around service highlights, FAQ-style education, and a clear next-step CTA.

Why it may be worth considering: you already have services worth explaining and showing; this package turns those existing strengths into content customers can actually see and understand.

If you like the sample, reply YES and I’ll finish the complete set.

If you already know you want it, the $100 PayPal invoice is here:
https://www.paypal.com/invoice/p/#7T6DC9A6WFH3XXCT

If you’d rather ask something first, just reply. If it isn’t useful, reply “no thanks” and I won’t keep following up.

Thanks,
Anastaysia",133-v5-gilroy-inn.jpg,133-v5-gilroy-inn.eml,"Absolutely — I can finish the full hotel and lodging content package for Gilroy Inn. It’s $100 one time, with no subscription or contract. PayPal invoice: https://www.paypal.com/invoice/p/#7T6DC9A6WFH3XXCT

Once payment is confirmed, I’ll build the complete set around service highlights, FAQ-style education, and a clear next-step CTA unless you want me to prioritize something else.

– Anastaysia","It’s $100 total, one time — not per post and not monthly. You keep the 10 posts, custom graphics, customer follow-up messages, review/message replies and CTA copy.","The attached sample was made specifically for Gilroy Inn around hotel and lodging. That is the direction I’d use for the finished set, and I’ll keep every piece tied to the actual services rather than generic filler.","I’d make the finished set around service highlights, FAQ-style education, and a clear next-step CTA. You receive the words + graphics ready to copy, post or reuse, so you do not have to design or write them yourself.","No problem. I’ll leave the sample with you. If timing changes, reply here and I can pick it back up. I won’t keep chasing you.","Hi Gilroy Inn team — one quick follow-up on the private hotel and lodging sample I attached. If you want me to finish the full $100 set, reply YES. If not, no worries and I won’t follow up again.

– Anastaysia","Hi — I made a private hotel and lodging sample for Gilroy Inn, but the public email I tried bounced. What business email should I send the preview to?

– Anastaysia","Thanks — payment is confirmed. I’m building the Gilroy Inn package around service highlights, FAQ-style education, and a clear next-step CTA. I’ll send the finished files in this email thread when they’re ready.

– Anastaysia","Hi Gilroy Inn team — your finished $100 content package is ready. I’ve organized the posts, graphics, follow-up copy, review/message replies and CTAs so they’re easy to reuse. If you want a different service emphasized in a future set, reply here.

– Anastaysia",New,,,
V5,134,267,Heart Space Studio,"Gilroy, CA","Yoga, Pilates and private group experiences",73,Priority-ranked; timing is not guaranteed,heartspacegilroy@gmail.com,,408-842-9688,https://visitgilroy.com/listing/heart-space-studio/321/,2026-09-16,"Current Visit Gilroy listing publishes exact email/phone, Gilroy studio address and active group/class offerings.","yoga, pilates and private group experiences","Heart Space offers classes and customized private/group experiences; schedule, class-type and event-use-case content can clarify choices without making health-outcome claims.","Heart Space offers classes and customized private/group experiences; schedule, class-type and event-use-case content can clarify choices without making health-outcome claims. The $100 package is useful here because it turns those existing services into clear, reusable customer-facing content without requiring the business to write or design the pieces itself.","Private yoga, pilates and private group experiences sample for Heart Space Studio","Hi Heart Space Studio team,

I was looking at your business and noticed heart Space offers classes and customized private/group experiences; schedule, class-type and event-use-case content can clarify choices without making health-outcome claims. I made the attached private preview around that part of the business so you can judge the direction before spending anything.

For $100 one time, I can turn it into a complete done-for-you content pack. In plain English, you get:

• 10 ready-to-post Google / Facebook / social posts
• custom graphics made for Heart Space Studio
• customer follow-up messages you can copy and paste
• review and customer-message reply templates
• stronger calls-to-action
• content built around your actual services
• everything organized and ready to use

No subscription and no contract. I’d build the first set around service highlights, FAQ-style education, and a clear next-step CTA.

Why it may be worth considering: you already have services worth explaining and showing; this package turns those existing strengths into content customers can actually see and understand.

If you like the sample, reply YES and I’ll finish the complete set.

If you already know you want it, the $100 PayPal invoice is here:
https://www.paypal.com/invoice/p/#7T6DC9A6WFH3XXCT

If you’d rather ask something first, just reply. If it isn’t useful, reply “no thanks” and I won’t keep following up.

Thanks,
Anastaysia",134-v5-heart-space-studio.jpg,134-v5-heart-space-studio.eml,"Absolutely — I can finish the full yoga, pilates and private group experiences content package for Heart Space Studio. It’s $100 one time, with no subscription or contract. PayPal invoice: https://www.paypal.com/invoice/p/#7T6DC9A6WFH3XXCT

Once payment is confirmed, I’ll build the complete set around service highlights, FAQ-style education, and a clear next-step CTA unless you want me to prioritize something else.

– Anastaysia","It’s $100 total, one time — not per post and not monthly. You keep the 10 posts, custom graphics, customer follow-up messages, review/message replies and CTA copy.","The attached sample was made specifically for Heart Space Studio around yoga, pilates and private group experiences. That is the direction I’d use for the finished set, and I’ll keep every piece tied to the actual services rather than generic filler.","I’d make the finished set around service highlights, FAQ-style education, and a clear next-step CTA. You receive the words + graphics ready to copy, post or reuse, so you do not have to design or write them yourself.","No problem. I’ll leave the sample with you. If timing changes, reply here and I can pick it back up. I won’t keep chasing you.","Hi Heart Space Studio team — one quick follow-up on the private yoga, pilates and private group experiences sample I attached. If you want me to finish the full $100 set, reply YES. If not, no worries and I won’t follow up again.

– Anastaysia","Hi — I made a private yoga, pilates and private group experiences sample for Heart Space Studio, but the public email I tried bounced. What business email should I send the preview to?

– Anastaysia","Thanks — payment is confirmed. I’m building the Heart Space Studio package around service highlights, FAQ-style education, and a clear next-step CTA. I’ll send the finished files in this email thread when they’re ready.

– Anastaysia","Hi Heart Space Studio team — your finished $100 content package is ready. I’ve organized the posts, graphics, follow-up copy, review/message replies and CTAs so they’re easy to reuse. If you want a different service emphasized in a future set, reply here.

– Anastaysia",New,,,
V5,135,269,Ivori Boutique,"Gilroy, CA",Boutique retail and accessories,73,Priority-ranked; timing is not guaranteed,ivoriboutique@yahoo.com,,408-337-1522,https://visitgilroy.com/listing/ivori-boutique/111/,2026-09-16,"Current Visit Gilroy listing publishes exact email, phone, downtown address and current store hours.",boutique retail and accessories,"Ivori sells handbags, jewelry, shoes and accessories while promoting store/virtual events; gift/occasion and new-arrival content can create clearer shopping entry points.","Ivori sells handbags, jewelry, shoes and accessories while promoting store/virtual events; gift/occasion and new-arrival content can create clearer shopping entry points. The $100 package is useful here because it turns those existing services into clear, reusable customer-facing content without requiring the business to write or design the pieces itself.",Private boutique retail and accessories sample for Ivori Boutique,"Hi Ivori Boutique team,

I was looking at your business and noticed ivori sells handbags, jewelry, shoes and accessories while promoting store/virtual events; gift/occasion and new-arrival content can create clearer shopping entry points. I made the attached private preview around that part of the business so you can judge the direction before spending anything.

For $100 one time, I can turn it into a complete done-for-you content pack. In plain English, you get:

• 10 ready-to-post Google / Facebook / social posts
• custom graphics made for Ivori Boutique
• customer follow-up messages you can copy and paste
• review and customer-message reply templates
• stronger calls-to-action
• content built around your actual services
• everything organized and ready to use

No subscription and no contract. I’d build the first set around service highlights, FAQ-style education, and a clear next-step CTA.

Why it may be worth considering: you already have services worth explaining and showing; this package turns those existing strengths into content customers can actually see and understand.

If you like the sample, reply YES and I’ll finish the complete set.

If you already know you want it, the $100 PayPal invoice is here:
https://www.paypal.com/invoice/p/#7T6DC9A6WFH3XXCT

If you’d rather ask something first, just reply. If it isn’t useful, reply “no thanks” and I won’t keep following up.

Thanks,
Anastaysia",135-v5-ivori-boutique.jpg,135-v5-ivori-boutique.eml,"Absolutely — I can finish the full boutique retail and accessories content package for Ivori Boutique. It’s $100 one time, with no subscription or contract. PayPal invoice: https://www.paypal.com/invoice/p/#7T6DC9A6WFH3XXCT

Once payment is confirmed, I’ll build the complete set around service highlights, FAQ-style education, and a clear next-step CTA unless you want me to prioritize something else.

– Anastaysia","It’s $100 total, one time — not per post and not monthly. You keep the 10 posts, custom graphics, customer follow-up messages, review/message replies and CTA copy.","The attached sample was made specifically for Ivori Boutique around boutique retail and accessories. That is the direction I’d use for the finished set, and I’ll keep every piece tied to the actual services rather than generic filler.","I’d make the finished set around service highlights, FAQ-style education, and a clear next-step CTA. You receive the words + graphics ready to copy, post or reuse, so you do not have to design or write them yourself.","No problem. I’ll leave the sample with you. If timing changes, reply here and I can pick it back up. I won’t keep chasing you.","Hi Ivori Boutique team — one quick follow-up on the private boutique retail and accessories sample I attached. If you want me to finish the full $100 set, reply YES. If not, no worries and I won’t follow up again.

– Anastaysia","Hi — I made a private boutique retail and accessories sample for Ivori Boutique, but the public email I tried bounced. What business email should I send the preview to?

– Anastaysia","Thanks — payment is confirmed. I’m building the Ivori Boutique package around service highlights, FAQ-style education, and a clear next-step CTA. I’ll send the finished files in this email thread when they’re ready.

– Anastaysia","Hi Ivori Boutique team — your finished $100 content package is ready. I’ve organized the posts, graphics, follow-up copy, review/message replies and CTAs so they’re easy to reuse. If you want a different service emphasized in a future set, reply here.

– Anastaysia",New,,,
V5,136,271,Joe's Taco Shop / Dominguez Catering,"San Jose, CA",Food truck and event catering,73,Priority-ranked; timing is not guaranteed,dominguezcatering@gmail.com,,408-623-6945,https://www.santaclaraca.gov/our-city/departments-g-z/parks-recreation/reservations-and-permits,2026-09-13,Current City approved-caterer list publishes the public email/phone; a current local business page independently places Joe's Taco Shop at 948 Coyote Road in San Jose and repeats the catering contact.,food truck and event catering,"Joe's Taco Shop pairs a local food truck with Dominguez Catering, creating a useful content angle around truck service, catered events and how buyers choose the right format.","Joe's Taco Shop pairs a local food truck with Dominguez Catering, creating a useful content angle around truck service, catered events and how buyers choose the right format. The $100 package is useful here because it turns those existing services into clear, reusable customer-facing content without requiring the business to write or design the pieces itself.",Private food truck and event catering sample for Joe's Taco Shop / Dominguez Catering,"Hi Joe's Taco Shop / Dominguez Catering team,

I was looking at your business and noticed joe's Taco Shop pairs a local food truck with Dominguez Catering, creating a useful content angle around truck service, catered events and how buyers choose the right format. I made the attached private preview around that part of the business so you can judge the direction before spending anything.

For $100 one time, I can turn it into a complete done-for-you content pack. In plain English, you get:

• 10 ready-to-post Google / Facebook / social posts
• custom graphics made for Joe's Taco Shop / Dominguez Catering
• customer follow-up messages you can copy and paste
• review and customer-message reply templates
• stronger calls-to-action
• content built around your actual services
• everything organized and ready to use

No subscription and no contract. I’d build the first set around menu/service highlights, event or ordering guidance, and local customer CTAs.

Why it may be worth considering: you already have services worth explaining and showing; this package turns those existing strengths into content customers can actually see and understand.

If you like the sample, reply YES and I’ll finish the complete set.

If you already know you want it, the $100 PayPal invoice is here:
https://www.paypal.com/invoice/p/#7T6DC9A6WFH3XXCT

If you’d rather ask something first, just reply. If it isn’t useful, reply “no thanks” and I won’t keep following up.

Thanks,
Anastaysia",136-v5-joe-s-taco-shop-dominguez-catering.jpg,136-v5-joe-s-taco-shop-dominguez-catering.eml,"Absolutely — I can finish the full food truck and event catering content package for Joe's Taco Shop / Dominguez Catering. It’s $100 one time, with no subscription or contract. PayPal invoice: https://www.paypal.com/invoice/p/#7T6DC9A6WFH3XXCT

Once payment is confirmed, I’ll build the complete set around menu/service highlights, event or ordering guidance, and local customer CTAs unless you want me to prioritize something else.

– Anastaysia","It’s $100 total, one time — not per post and not monthly. You keep the 10 posts, custom graphics, customer follow-up messages, review/message replies and CTA copy.","The attached sample was made specifically for Joe's Taco Shop / Dominguez Catering around food truck and event catering. That is the direction I’d use for the finished set, and I’ll keep every piece tied to the actual services rather than generic filler.","I’d make the finished set around menu/service highlights, event or ordering guidance, and local customer CTAs. You receive the words + graphics ready to copy, post or reuse, so you do not have to design or write them yourself.","No problem. I’ll leave the sample with you. If timing changes, reply here and I can pick it back up. I won’t keep chasing you.","Hi Joe's Taco Shop / Dominguez Catering team — one quick follow-up on the private food truck and event catering sample I attached. If you want me to finish the full $100 set, reply YES. If not, no worries and I won’t follow up again.

– Anastaysia","Hi — I made a private food truck and event catering sample for Joe's Taco Shop / Dominguez Catering, but the public email I tried bounced. What business email should I send the preview to?

– Anastaysia","Thanks — payment is confirmed. I’m building the Joe's Taco Shop / Dominguez Catering package around menu/service highlights, event or ordering guidance, and local customer CTAs. I’ll send the finished files in this email thread when they’re ready.

– Anastaysia","Hi Joe's Taco Shop / Dominguez Catering team — your finished $100 content package is ready. I’ve organized the posts, graphics, follow-up copy, review/message replies and CTAs so they’re easy to reuse. If you want a different service emphasized in a future set, reply here.

– Anastaysia",New,,,
V5,137,273,Kalesa Restaurant,Milpitas CA,Filipino restaurant and full-service catering,73,Priority-ranked; timing is not guaranteed,mykalesa@gmail.com,https://www.mykalesa.com/,408-957-7777,https://www.mykalesa.com/,2026-09-13,"Current official site lists Milpitas address, full-service catering and mykalesa@gmail.com; City of Santa Clara also lists Kalesa as an approved caterer.",filipino restaurant and full-service catering,"Kalesa explicitly markets authentic Filipino cuisine, takeout and full-service catering, which gives it a natural story around dishes, family-style occasions and catered events.","Kalesa explicitly markets authentic Filipino cuisine, takeout and full-service catering, which gives it a natural story around dishes, family-style occasions and catered events. The $100 package is useful here because it turns those existing services into clear, reusable customer-facing content without requiring the business to write or design the pieces itself.",Private filipino restaurant and full-service catering sample for Kalesa Restaurant,"Hi Kalesa Restaurant team,

I was looking at your business and noticed kalesa explicitly markets authentic Filipino cuisine, takeout and full-service catering, which gives it a natural story around dishes, family-style occasions and catered events. I made the attached private preview around that part of the business so you can judge the direction before spending anything.

For $100 one time, I can turn it into a complete done-for-you content pack. In plain English, you get:

• 10 ready-to-post Google / Facebook / social posts
• custom graphics made for Kalesa Restaurant
• customer follow-up messages you can copy and paste
• review and customer-message reply templates
• stronger calls-to-action
• content built around your actual services
• everything organized and ready to use

No subscription and no contract. I’d build the first set around menu/service highlights, event or ordering guidance, and local customer CTAs.

Why it may be worth considering: you already have services worth explaining and showing; this package turns those existing strengths into content customers can actually see and understand.

If you like the sample, reply YES and I’ll finish the complete set.

If you already know you want it, the $100 PayPal invoice is here:
https://www.paypal.com/invoice/p/#7T6DC9A6WFH3XXCT

If you’d rather ask something first, just reply. If it isn’t useful, reply “no thanks” and I won’t keep following up.

Thanks,
Anastaysia",137-v5-kalesa-restaurant.jpg,137-v5-kalesa-restaurant.eml,"Absolutely — I can finish the full filipino restaurant and full-service catering content package for Kalesa Restaurant. It’s $100 one time, with no subscription or contract. PayPal invoice: https://www.paypal.com/invoice/p/#7T6DC9A6WFH3XXCT

Once payment is confirmed, I’ll build the complete set around menu/service highlights, event or ordering guidance, and local customer CTAs unless you want me to prioritize something else.

– Anastaysia","It’s $100 total, one time — not per post and not monthly. You keep the 10 posts, custom graphics, customer follow-up messages, review/message replies and CTA copy.","The attached sample was made specifically for Kalesa Restaurant around filipino restaurant and full-service catering. That is the direction I’d use for the finished set, and I’ll keep every piece tied to the actual services rather than generic filler.","I’d make the finished set around menu/service highlights, event or ordering guidance, and local customer CTAs. You receive the words + graphics ready to copy, post or reuse, so you do not have to design or write them yourself.","No problem. I’ll leave the sample with you. If timing changes, reply here and I can pick it back up. I won’t keep chasing you.","Hi Kalesa Restaurant team — one quick follow-up on the private filipino restaurant and full-service catering sample I attached. If you want me to finish the full $100 set, reply YES. If not, no worries and I won’t follow up again.

– Anastaysia","Hi — I made a private filipino restaurant and full-service catering sample for Kalesa Restaurant, but the public email I tried bounced. What business email should I send the preview to?

– Anastaysia","Thanks — payment is confirmed. I’m building the Kalesa Restaurant package around menu/service highlights, event or ordering guidance, and local customer CTAs. I’ll send the finished files in this email thread when they’re ready.

– Anastaysia","Hi Kalesa Restaurant team — your finished $100 content package is ready. I’ve organized the posts, graphics, follow-up copy, review/message replies and CTAs so they’re easy to reuse. If you want a different service emphasized in a future set, reply here.

– Anastaysia",New,,,
V5,138,275,Luxe Studio Morgan Hill,"Morgan Hill, CA","Permanent jewelry, appointments, groups and pop-ups",73,Priority-ranked; timing is not guaranteed,luxe.studio.mh@gmail.com,https://www.theluxestudios.com/,831-207-3362,https://www.theluxestudios.com/contact,2026-09-16,"Current owned site publishes Morgan Hill studio address, exact email/phone and active booking paths.","permanent jewelry, appointments, groups and pop-ups","Luxe Studio offers individual jewelry appointments, group sessions, parties and pop-ups; appointment-vs-group content can make its service menu easier to navigate.","Luxe Studio offers individual jewelry appointments, group sessions, parties and pop-ups; appointment-vs-group content can make its service menu easier to navigate. The $100 package is useful here because it turns those existing services into clear, reusable customer-facing content without requiring the business to write or design the pieces itself.","Private permanent jewelry, appointments, groups and pop-ups sample for Luxe Studio Morgan Hill","Hi Luxe Studio Morgan Hill team,

I was looking at your business and noticed luxe Studio offers individual jewelry appointments, group sessions, parties and pop-ups; appointment-vs-group content can make its service menu easier to navigate. I made the attached private preview around that part of the business so you can judge the direction before spending anything.

For $100 one time, I can turn it into a complete done-for-you content pack. In plain English, you get:

• 10 ready-to-post Google / Facebook / social posts
• custom graphics made for Luxe Studio Morgan Hill
• customer follow-up messages you can copy and paste
• review and customer-message reply templates
• stronger calls-to-action
• content built around your actual services
• everything organized and ready to use

No subscription and no contract. I’d build the first set around service highlights, FAQ-style education, and a clear next-step CTA.

Why it may be worth considering: you already have services worth explaining and showing; this package turns those existing strengths into content customers can actually see and understand.

If you like the sample, reply YES and I’ll finish the complete set.

If you already know you want it, the $100 PayPal invoice is here:
https://www.paypal.com/invoice/p/#7T6DC9A6WFH3XXCT

If you’d rather ask something first, just reply. If it isn’t useful, reply “no thanks” and I won’t keep following up.

Thanks,
Anastaysia",138-v5-luxe-studio-morgan-hill.jpg,138-v5-luxe-studio-morgan-hill.eml,"Absolutely — I can finish the full permanent jewelry, appointments, groups and pop-ups content package for Luxe Studio Morgan Hill. It’s $100 one time, with no subscription or contract. PayPal invoice: https://www.paypal.com/invoice/p/#7T6DC9A6WFH3XXCT

Once payment is confirmed, I’ll build the complete set around service highlights, FAQ-style education, and a clear next-step CTA unless you want me to prioritize something else.

– Anastaysia","It’s $100 total, one time — not per post and not monthly. You keep the 10 posts, custom graphics, customer follow-up messages, review/message replies and CTA copy.","The attached sample was made specifically for Luxe Studio Morgan Hill around permanent jewelry, appointments, groups and pop-ups. That is the direction I’d use for the finished set, and I’ll keep every piece tied to the actual services rather than generic filler.","I’d make the finished set around service highlights, FAQ-style education, and a clear next-step CTA. You receive the words + graphics ready to copy, post or reuse, so you do not have to design or write them yourself.","No problem. I’ll leave the sample with you. If timing changes, reply here and I can pick it back up. I won’t keep chasing you.","Hi Luxe Studio Morgan Hill team — one quick follow-up on the private permanent jewelry, appointments, groups and pop-ups sample I attached. If you want me to finish the full $100 set, reply YES. If not, no worries and I won’t follow up again.

– Anastaysia","Hi — I made a private permanent jewelry, appointments, groups and pop-ups sample for Luxe Studio Morgan Hill, but the public email I tried bounced. What business email should I send the preview to?

– Anastaysia","Thanks — payment is confirmed. I’m building the Luxe Studio Morgan Hill package around service highlights, FAQ-style education, and a clear next-step CTA. I’ll send the finished files in this email thread when they’re ready.

– Anastaysia","Hi Luxe Studio Morgan Hill team — your finished $100 content package is ready. I’ve organized the posts, graphics, follow-up copy, review/message replies and CTAs so they’re easy to reuse. If you want a different service emphasized in a future set, reply here.

– Anastaysia",New,,,
V5,139,277,Morgan Hill Creamery,"Morgan Hill, CA",Ice cream shop and event catering,73,Priority-ranked; timing is not guaranteed,morganhillcreamery@gmail.com,https://www.morganhillcreamery.com/,669-888-3824,https://www.morganhillcreamery.com/contact,2026-09-16,"Current owned site publishes downtown Morgan Hill location, exact public email and phone plus catering mention.",ice cream shop and event catering,Morgan Hill Creamery offers downtown desserts plus party/event catering; menu and event-order content can expose an additional revenue path beyond walk-in scoops.,"Morgan Hill Creamery offers downtown desserts plus party/event catering; menu and event-order content can expose an additional revenue path beyond walk-in scoops. The $100 package is useful here because it turns those existing services into clear, reusable customer-facing content without requiring the business to write or design the pieces itself.",Private ice cream shop and event catering sample for Morgan Hill Creamery,"Hi Morgan Hill Creamery team,

I was looking at your business and noticed morgan Hill Creamery offers downtown desserts plus party/event catering; menu and event-order content can expose an additional revenue path beyond walk-in scoops. I made the attached private preview around that part of the business so you can judge the direction before spending anything.

For $100 one time, I can turn it into a complete done-for-you content pack. In plain English, you get:

• 10 ready-to-post Google / Facebook / social posts
• custom graphics made for Morgan Hill Creamery
• customer follow-up messages you can copy and paste
• review and customer-message reply templates
• stronger calls-to-action
• content built around your actual services
• everything organized and ready to use

No subscription and no contract. I’d build the first set around menu/service highlights, event or ordering guidance, and local customer CTAs.

Why it may be worth considering: you already have services worth explaining and showing; this package turns those existing strengths into content customers can actually see and understand.

If you like the sample, reply YES and I’ll finish the complete set.

If you already know you want it, the $100 PayPal invoice is here:
https://www.paypal.com/invoice/p/#7T6DC9A6WFH3XXCT

If you’d rather ask something first, just reply. If it isn’t useful, reply “no thanks” and I won’t keep following up.

Thanks,
Anastaysia",139-v5-morgan-hill-creamery.jpg,139-v5-morgan-hill-creamery.eml,"Absolutely — I can finish the full ice cream shop and event catering content package for Morgan Hill Creamery. It’s $100 one time, with no subscription or contract. PayPal invoice: https://www.paypal.com/invoice/p/#7T6DC9A6WFH3XXCT

Once payment is confirmed, I’ll build the complete set around menu/service highlights, event or ordering guidance, and local customer CTAs unless you want me to prioritize something else.

– Anastaysia","It’s $100 total, one time — not per post and not monthly. You keep the 10 posts, custom graphics, customer follow-up messages, review/message replies and CTA copy.","The attached sample was made specifically for Morgan Hill Creamery around ice cream shop and event catering. That is the direction I’d use for the finished set, and I’ll keep every piece tied to the actual services rather than generic filler.","I’d make the finished set around menu/service highlights, event or ordering guidance, and local customer CTAs. You receive the words + graphics ready to copy, post or reuse, so you do not have to design or write them yourself.","No problem. I’ll leave the sample with you. If timing changes, reply here and I can pick it back up. I won’t keep chasing you.","Hi Morgan Hill Creamery team — one quick follow-up on the private ice cream shop and event catering sample I attached. If you want me to finish the full $100 set, reply YES. If not, no worries and I won’t follow up again.

– Anastaysia","Hi — I made a private ice cream shop and event catering sample for Morgan Hill Creamery, but the public email I tried bounced. What business email should I send the preview to?

– Anastaysia","Thanks — payment is confirmed. I’m building the Morgan Hill Creamery package around menu/service highlights, event or ordering guidance, and local customer CTAs. I’ll send the finished files in this email thread when they’re ready.

– Anastaysia","Hi Morgan Hill Creamery team — your finished $100 content package is ready. I’ve organized the posts, graphics, follow-up copy, review/message replies and CTAs so they’re easy to reuse. If you want a different service emphasized in a future set, reply here.

– Anastaysia",New,,,
V5,140,279,Old City Hall Restaurant,"Gilroy, CA",Restaurant and private events,73,Priority-ranked; timing is not guaranteed,events.oldcityhallgilroy@gmail.com,https://oldcityhall.biz/,408-842-3454,https://oldcityhall.biz/contact,2026-09-16,Current owned contact page publishes Gilroy address and event email; current Visit Gilroy content describes event capacity/use cases.,restaurant and private events,"Old City Hall combines everyday dining with a historic upstairs event room; dining-vs-event, capacity and planning content can expose a higher-value booking path.","Old City Hall combines everyday dining with a historic upstairs event room; dining-vs-event, capacity and planning content can expose a higher-value booking path. The $100 package is useful here because it turns those existing services into clear, reusable customer-facing content without requiring the business to write or design the pieces itself.",Private restaurant and private events sample for Old City Hall Restaurant,"Hi Old City Hall Restaurant team,

I was looking at your business and noticed old City Hall combines everyday dining with a historic upstairs event room; dining-vs-event, capacity and planning content can expose a higher-value booking path. I made the attached private preview around that part of the business so you can judge the direction before spending anything.

For $100 one time, I can turn it into a complete done-for-you content pack. In plain English, you get:

• 10 ready-to-post Google / Facebook / social posts
• custom graphics made for Old City Hall Restaurant
• customer follow-up messages you can copy and paste
• review and customer-message reply templates
• stronger calls-to-action
• content built around your actual services
• everything organized and ready to use

No subscription and no contract. I’d build the first set around menu/service highlights, event or ordering guidance, and local customer CTAs.

Why it may be worth considering: you already have services worth explaining and showing; this package turns those existing strengths into content customers can actually see and understand.

If you like the sample, reply YES and I’ll finish the complete set.

If you already know you want it, the $100 PayPal invoice is here:
https://www.paypal.com/invoice/p/#7T6DC9A6WFH3XXCT

If you’d rather ask something first, just reply. If it isn’t useful, reply “no thanks” and I won’t keep following up.

Thanks,
Anastaysia",140-v5-old-city-hall-restaurant.jpg,140-v5-old-city-hall-restaurant.eml,"Absolutely — I can finish the full restaurant and private events content package for Old City Hall Restaurant. It’s $100 one time, with no subscription or contract. PayPal invoice: https://www.paypal.com/invoice/p/#7T6DC9A6WFH3XXCT

Once payment is confirmed, I’ll build the complete set around menu/service highlights, event or ordering guidance, and local customer CTAs unless you want me to prioritize something else.

– Anastaysia","It’s $100 total, one time — not per post and not monthly. You keep the 10 posts, custom graphics, customer follow-up messages, review/message replies and CTA copy.","The attached sample was made specifically for Old City Hall Restaurant around restaurant and private events. That is the direction I’d use for the finished set, and I’ll keep every piece tied to the actual services rather than generic filler.","I’d make the finished set around menu/service highlights, event or ordering guidance, and local customer CTAs. You receive the words + graphics ready to copy, post or reuse, so you do not have to design or write them yourself.","No problem. I’ll leave the sample with you. If timing changes, reply here and I can pick it back up. I won’t keep chasing you.","Hi Old City Hall Restaurant team — one quick follow-up on the private restaurant and private events sample I attached. If you want me to finish the full $100 set, reply YES. If not, no worries and I won’t follow up again.

– Anastaysia","Hi — I made a private restaurant and private events sample for Old City Hall Restaurant, but the public email I tried bounced. What business email should I send the preview to?

– Anastaysia","Thanks — payment is confirmed. I’m building the Old City Hall Restaurant package around menu/service highlights, event or ordering guidance, and local customer CTAs. I’ll send the finished files in this email thread when they’re ready.

– Anastaysia","Hi Old City Hall Restaurant team — your finished $100 content package is ready. I’ve organized the posts, graphics, follow-up copy, review/message replies and CTAs so they’re easy to reuse. If you want a different service emphasized in a future set, reply here.

– Anastaysia",New,,,
V5,141,281,Paola's Flowers and Events,"Sunnyvale, CA","Florist, rentals and events",73,Priority-ranked; timing is not guaranteed,claudiaevents24@gmail.com,https://paolasflowersandevents.com/,408-773-9947,https://paolasflowersandevents.com/,2026-09-15,"Current owned site lists 211 E Maude Ave, Sunnyvale, public Gmail inbox and current delivery/event services.","florist, rentals and events","Paola's combines everyday flowers with weddings/events and party rentals; occasion, event and rental-use-case content can expose those distinct customer paths.","Paola's combines everyday flowers with weddings/events and party rentals; occasion, event and rental-use-case content can expose those distinct customer paths. The $100 package is useful here because it turns those existing services into clear, reusable customer-facing content without requiring the business to write or design the pieces itself.","Private florist, rentals and events sample for Paola's Flowers and Events","Hi Paola's Flowers and Events team,

I was looking at your business and noticed paola's combines everyday flowers with weddings/events and party rentals; occasion, event and rental-use-case content can expose those distinct customer paths. I made the attached private preview around that part of the business so you can judge the direction before spending anything.

For $100 one time, I can turn it into a complete done-for-you content pack. In plain English, you get:

• 10 ready-to-post Google / Facebook / social posts
• custom graphics made for Paola's Flowers and Events
• customer follow-up messages you can copy and paste
• review and customer-message reply templates
• stronger calls-to-action
• content built around your actual services
• everything organized and ready to use

No subscription and no contract. I’d build the first set around service highlights, FAQ-style education, and a clear next-step CTA.

Why it may be worth considering: you already have services worth explaining and showing; this package turns those existing strengths into content customers can actually see and understand.

If you like the sample, reply YES and I’ll finish the complete set.

If you already know you want it, the $100 PayPal invoice is here:
https://www.paypal.com/invoice/p/#7T6DC9A6WFH3XXCT

If you’d rather ask something first, just reply. If it isn’t useful, reply “no thanks” and I won’t keep following up.

Thanks,
Anastaysia",141-v5-paola-s-flowers-and-events.jpg,141-v5-paola-s-flowers-and-events.eml,"Absolutely — I can finish the full florist, rentals and events content package for Paola's Flowers and Events. It’s $100 one time, with no subscription or contract. PayPal invoice: https://www.paypal.com/invoice/p/#7T6DC9A6WFH3XXCT

Once payment is confirmed, I’ll build the complete set around service highlights, FAQ-style education, and a clear next-step CTA unless you want me to prioritize something else.

– Anastaysia","It’s $100 total, one time — not per post and not monthly. You keep the 10 posts, custom graphics, customer follow-up messages, review/message replies and CTA copy.","The attached sample was made specifically for Paola's Flowers and Events around florist, rentals and events. That is the direction I’d use for the finished set, and I’ll keep every piece tied to the actual services rather than generic filler.","I’d make the finished set around service highlights, FAQ-style education, and a clear next-step CTA. You receive the words + graphics ready to copy, post or reuse, so you do not have to design or write them yourself.","No problem. I’ll leave the sample with you. If timing changes, reply here and I can pick it back up. I won’t keep chasing you.","Hi Paola's Flowers and Events team — one quick follow-up on the private florist, rentals and events sample I attached. If you want me to finish the full $100 set, reply YES. If not, no worries and I won’t follow up again.

– Anastaysia","Hi — I made a private florist, rentals and events sample for Paola's Flowers and Events, but the public email I tried bounced. What business email should I send the preview to?

– Anastaysia","Thanks — payment is confirmed. I’m building the Paola's Flowers and Events package around service highlights, FAQ-style education, and a clear next-step CTA. I’ll send the finished files in this email thread when they’re ready.

– Anastaysia","Hi Paola's Flowers and Events team — your finished $100 content package is ready. I’ve organized the posts, graphics, follow-up copy, review/message replies and CTAs so they’re easy to reuse. If you want a different service emphasized in a future set, reply here.

– Anastaysia",New,,,
V5,142,283,PSinitial,"Sunnyvale, CA",Custom embroidery and monogramming,73,Priority-ranked; timing is not guaranteed,peisun.initial@gmail.com,https://psinitial.com/,650-308-4113,https://psinitial.com/,2026-09-13,"Current owned site publishes peisun.initial@gmail.com, 650-308-4113 and active custom embroidery/monogramming services in Sunnyvale.",custom embroidery and monogramming,"PSinitial handles personalized gifts, company logos, apparel, school items and wedding linens; project-example and ordering-prep content can show customers what can be customized and what to provide for a quote.","PSinitial handles personalized gifts, company logos, apparel, school items and wedding linens; project-example and ordering-prep content can show customers what can be customized and what to provide for a quote. The $100 package is useful here because it turns those existing services into clear, reusable customer-facing content without requiring the business to write or design the pieces itself.",Private custom embroidery and monogramming sample for PSinitial,"Hi PSinitial team,

I was looking at your business and noticed pSinitial handles personalized gifts, company logos, apparel, school items and wedding linens; project-example and ordering-prep content can show customers what can be customized and what to provide for a quote. I made the attached private preview around that part of the business so you can judge the direction before spending anything.

For $100 one time, I can turn it into a complete done-for-you content pack. In plain English, you get:

• 10 ready-to-post Google / Facebook / social posts
• custom graphics made for PSinitial
• customer follow-up messages you can copy and paste
• review and customer-message reply templates
• stronger calls-to-action
• content built around your actual services
• everything organized and ready to use

No subscription and no contract. I’d build the first set around service highlights, FAQ-style education, and a clear next-step CTA.

Why it may be worth considering: you already have services worth explaining and showing; this package turns those existing strengths into content customers can actually see and understand.

If you like the sample, reply YES and I’ll finish the complete set.

If you already know you want it, the $100 PayPal invoice is here:
https://www.paypal.com/invoice/p/#7T6DC9A6WFH3XXCT

If you’d rather ask something first, just reply. If it isn’t useful, reply “no thanks” and I won’t keep following up.

Thanks,
Anastaysia",142-v5-psinitial.jpg,142-v5-psinitial.eml,"Absolutely — I can finish the full custom embroidery and monogramming content package for PSinitial. It’s $100 one time, with no subscription or contract. PayPal invoice: https://www.paypal.com/invoice/p/#7T6DC9A6WFH3XXCT

Once payment is confirmed, I’ll build the complete set around service highlights, FAQ-style education, and a clear next-step CTA unless you want me to prioritize something else.

– Anastaysia","It’s $100 total, one time — not per post and not monthly. You keep the 10 posts, custom graphics, customer follow-up messages, review/message replies and CTA copy.","The attached sample was made specifically for PSinitial around custom embroidery and monogramming. That is the direction I’d use for the finished set, and I’ll keep every piece tied to the actual services rather than generic filler.","I’d make the finished set around service highlights, FAQ-style education, and a clear next-step CTA. You receive the words + graphics ready to copy, post or reuse, so you do not have to design or write them yourself.","No problem. I’ll leave the sample with you. If timing changes, reply here and I can pick it back up. I won’t keep chasing you.","Hi PSinitial team — one quick follow-up on the private custom embroidery and monogramming sample I attached. If you want me to finish the full $100 set, reply YES. If not, no worries and I won’t follow up again.

– Anastaysia","Hi — I made a private custom embroidery and monogramming sample for PSinitial, but the public email I tried bounced. What business email should I send the preview to?

– Anastaysia","Thanks — payment is confirmed. I’m building the PSinitial package around service highlights, FAQ-style education, and a clear next-step CTA. I’ll send the finished files in this email thread when they’re ready.

– Anastaysia","Hi PSinitial team — your finished $100 content package is ready. I’ve organized the posts, graphics, follow-up copy, review/message replies and CTAs so they’re easy to reuse. If you want a different service emphasized in a future set, reply here.

– Anastaysia",New,,,
V5,143,285,SnapShot Photo Booth,"San Jose, CA",Photo booth rentals,73,Priority-ranked; timing is not guaranteed,snapshotphotobooth.events@gmail.com,https://www.snapshotphotoboothsj.com/,,https://www.snapshotphotoboothsj.com/,2026-09-16,Current owned site publishes snapshotphotobooth.events@gmail.com and San Jose location with current package details.,photo booth rentals,"SnapShot Photo Booth publishes multiple rental packages, printing/sharing options, custom backdrops and add-ons; package-comparison and event-planning content can make a tiered visual service easier to buy.","SnapShot Photo Booth publishes multiple rental packages, printing/sharing options, custom backdrops and add-ons; package-comparison and event-planning content can make a tiered visual service easier to buy. The $100 package is useful here because it turns those existing services into clear, reusable customer-facing content without requiring the business to write or design the pieces itself.",Private photo booth rentals sample for SnapShot Photo Booth,"Hi SnapShot Photo Booth team,

I was looking at your business and noticed snapShot Photo Booth publishes multiple rental packages, printing/sharing options, custom backdrops and add-ons; package-comparison and event-planning content can make a tiered visual service easier to buy. I made the attached private preview around that part of the business so you can judge the direction before spending anything.

For $100 one time, I can turn it into a complete done-for-you content pack. In plain English, you get:

• 10 ready-to-post Google / Facebook / social posts
• custom graphics made for SnapShot Photo Booth
• customer follow-up messages you can copy and paste
• review and customer-message reply templates
• stronger calls-to-action
• content built around your actual services
• everything organized and ready to use

No subscription and no contract. I’d build the first set around service highlights, FAQ-style education, and a clear next-step CTA.

Why it may be worth considering: you already have services worth explaining and showing; this package turns those existing strengths into content customers can actually see and understand.

If you like the sample, reply YES and I’ll finish the complete set.

If you already know you want it, the $100 PayPal invoice is here:
https://www.paypal.com/invoice/p/#7T6DC9A6WFH3XXCT

If you’d rather ask something first, just reply. If it isn’t useful, reply “no thanks” and I won’t keep following up.

Thanks,
Anastaysia",143-v5-snapshot-photo-booth.jpg,143-v5-snapshot-photo-booth.eml,"Absolutely — I can finish the full photo booth rentals content package for SnapShot Photo Booth. It’s $100 one time, with no subscription or contract. PayPal invoice: https://www.paypal.com/invoice/p/#7T6DC9A6WFH3XXCT

Once payment is confirmed, I’ll build the complete set around service highlights, FAQ-style education, and a clear next-step CTA unless you want me to prioritize something else.

– Anastaysia","It’s $100 total, one time — not per post and not monthly. You keep the 10 posts, custom graphics, customer follow-up messages, review/message replies and CTA copy.","The attached sample was made specifically for SnapShot Photo Booth around photo booth rentals. That is the direction I’d use for the finished set, and I’ll keep every piece tied to the actual services rather than generic filler.","I’d make the finished set around service highlights, FAQ-style education, and a clear next-step CTA. You receive the words + graphics ready to copy, post or reuse, so you do not have to design or write them yourself.","No problem. I’ll leave the sample with you. If timing changes, reply here and I can pick it back up. I won’t keep chasing you.","Hi SnapShot Photo Booth team — one quick follow-up on the private photo booth rentals sample I attached. If you want me to finish the full $100 set, reply YES. If not, no worries and I won’t follow up again.

– Anastaysia","Hi — I made a private photo booth rentals sample for SnapShot Photo Booth, but the public email I tried bounced. What business email should I send the preview to?

– Anastaysia","Thanks — payment is confirmed. I’m building the SnapShot Photo Booth package around service highlights, FAQ-style education, and a clear next-step CTA. I’ll send the finished files in this email thread when they’re ready.

– Anastaysia","Hi SnapShot Photo Booth team — your finished $100 content package is ready. I’ve organized the posts, graphics, follow-up copy, review/message replies and CTAs so they’re easy to reuse. If you want a different service emphasized in a future set, reply here.

– Anastaysia",New,,,
V5,144,287,The Neon Exchange,"Gilroy, CA","Event venue, meetings and coworking",73,Priority-ranked; timing is not guaranteed,theneonexchange@gmail.com,https://theneonexchange.com/,669-239-0007,https://visitgilroy.com/listing/the-neon-exchange-group-meetings-and-co-working/344/,2026-09-16,"Current Visit Gilroy listing publishes Gilroy address, public email/phone and active event/coworking positioning.","event venue, meetings and coworking","The Neon Exchange supports private, corporate and community events across several rooms; use-case, room and event-planning content can clarify venue fit.","The Neon Exchange supports private, corporate and community events across several rooms; use-case, room and event-planning content can clarify venue fit. The $100 package is useful here because it turns those existing services into clear, reusable customer-facing content without requiring the business to write or design the pieces itself.","Private event venue, meetings and coworking sample for The Neon Exchange","Hi The Neon Exchange team,

I was looking at your business and noticed the Neon Exchange supports private, corporate and community events across several rooms; use-case, room and event-planning content can clarify venue fit. I made the attached private preview around that part of the business so you can judge the direction before spending anything.

For $100 one time, I can turn it into a complete done-for-you content pack. In plain English, you get:

• 10 ready-to-post Google / Facebook / social posts
• custom graphics made for The Neon Exchange
• customer follow-up messages you can copy and paste
• review and customer-message reply templates
• stronger calls-to-action
• content built around your actual services
• everything organized and ready to use

No subscription and no contract. I’d build the first set around service highlights, FAQ-style education, and a clear next-step CTA.

Why it may be worth considering: you already have services worth explaining and showing; this package turns those existing strengths into content customers can actually see and understand.

If you like the sample, reply YES and I’ll finish the complete set.

If you already know you want it, the $100 PayPal invoice is here:
https://www.paypal.com/invoice/p/#7T6DC9A6WFH3XXCT

If you’d rather ask something first, just reply. If it isn’t useful, reply “no thanks” and I won’t keep following up.

Thanks,
Anastaysia",144-v5-the-neon-exchange.jpg,144-v5-the-neon-exchange.eml,"Absolutely — I can finish the full event venue, meetings and coworking content package for The Neon Exchange. It’s $100 one time, with no subscription or contract. PayPal invoice: https://www.paypal.com/invoice/p/#7T6DC9A6WFH3XXCT

Once payment is confirmed, I’ll build the complete set around service highlights, FAQ-style education, and a clear next-step CTA unless you want me to prioritize something else.

– Anastaysia","It’s $100 total, one time — not per post and not monthly. You keep the 10 posts, custom graphics, customer follow-up messages, review/message replies and CTA copy.","The attached sample was made specifically for The Neon Exchange around event venue, meetings and coworking. That is the direction I’d use for the finished set, and I’ll keep every piece tied to the actual services rather than generic filler.","I’d make the finished set around service highlights, FAQ-style education, and a clear next-step CTA. You receive the words + graphics ready to copy, post or reuse, so you do not have to design or write them yourself.","No problem. I’ll leave the sample with you. If timing changes, reply here and I can pick it back up. I won’t keep chasing you.","Hi The Neon Exchange team — one quick follow-up on the private event venue, meetings and coworking sample I attached. If you want me to finish the full $100 set, reply YES. If not, no worries and I won’t follow up again.

– Anastaysia","Hi — I made a private event venue, meetings and coworking sample for The Neon Exchange, but the public email I tried bounced. What business email should I send the preview to?

– Anastaysia","Thanks — payment is confirmed. I’m building the The Neon Exchange package around service highlights, FAQ-style education, and a clear next-step CTA. I’ll send the finished files in this email thread when they’re ready.

– Anastaysia","Hi The Neon Exchange team — your finished $100 content package is ready. I’ve organized the posts, graphics, follow-up copy, review/message replies and CTAs so they’re easy to reuse. If you want a different service emphasized in a future set, reply here.

– Anastaysia",New,,,
V5,145,289,Tyler Vu Photography,"San Jose / Bay Area, CA",Wedding and engagement photography,73,Priority-ranked; timing is not guaranteed,tylervu@gmail.com,https://www.tylervu.com/blog/,408-888-9180,https://www.tylervu.com/blog/,2026-09-16,Current owned photography blog publishes tylervu@gmail.com and 408-888-9180 and contains current portfolio posts.,wedding and engagement photography,"Tyler Vu Photography presents wedding, engagement and family work through a documentary-style portfolio; session planning, venue/project showcases and inquiry-prep content are inherently visual.","Tyler Vu Photography presents wedding, engagement and family work through a documentary-style portfolio; session planning, venue/project showcases and inquiry-prep content are inherently visual. The $100 package is useful here because it turns those existing services into clear, reusable customer-facing content without requiring the business to write or design the pieces itself.",Private wedding and engagement photography sample for Tyler Vu Photography,"Hi Tyler Vu Photography team,

I was looking at your business and noticed tyler Vu Photography presents wedding, engagement and family work through a documentary-style portfolio; session planning, venue/project showcases and inquiry-prep content are inherently visual. I made the attached private preview around that part of the business so you can judge the direction before spending anything.

For $100 one time, I can turn it into a complete done-for-you content pack. In plain English, you get:

• 10 ready-to-post Google / Facebook / social posts
• custom graphics made for Tyler Vu Photography
• customer follow-up messages you can copy and paste
• review and customer-message reply templates
• stronger calls-to-action
• content built around your actual services
• everything organized and ready to use

No subscription and no contract. I’d build the first set around service highlights, FAQ-style education, and a clear next-step CTA.

Why it may be worth considering: you already have services worth explaining and showing; this package turns those existing strengths into content customers can actually see and understand.

If you like the sample, reply YES and I’ll finish the complete set.

If you already know you want it, the $100 PayPal invoice is here:
https://www.paypal.com/invoice/p/#7T6DC9A6WFH3XXCT

If you’d rather ask something first, just reply. If it isn’t useful, reply “no thanks” and I won’t keep following up.

Thanks,
Anastaysia",145-v5-tyler-vu-photography.jpg,145-v5-tyler-vu-photography.eml,"Absolutely — I can finish the full wedding and engagement photography content package for Tyler Vu Photography. It’s $100 one time, with no subscription or contract. PayPal invoice: https://www.paypal.com/invoice/p/#7T6DC9A6WFH3XXCT

Once payment is confirmed, I’ll build the complete set around service highlights, FAQ-style education, and a clear next-step CTA unless you want me to prioritize something else.

– Anastaysia","It’s $100 total, one time — not per post and not monthly. You keep the 10 posts, custom graphics, customer follow-up messages, review/message replies and CTA copy.","The attached sample was made specifically for Tyler Vu Photography around wedding and engagement photography. That is the direction I’d use for the finished set, and I’ll keep every piece tied to the actual services rather than generic filler.","I’d make the finished set around service highlights, FAQ-style education, and a clear next-step CTA. You receive the words + graphics ready to copy, post or reuse, so you do not have to design or write them yourself.","No problem. I’ll leave the sample with you. If timing changes, reply here and I can pick it back up. I won’t keep chasing you.","Hi Tyler Vu Photography team — one quick follow-up on the private wedding and engagement photography sample I attached. If you want me to finish the full $100 set, reply YES. If not, no worries and I won’t follow up again.

– Anastaysia","Hi — I made a private wedding and engagement photography sample for Tyler Vu Photography, but the public email I tried bounced. What business email should I send the preview to?

– Anastaysia","Thanks — payment is confirmed. I’m building the Tyler Vu Photography package around service highlights, FAQ-style education, and a clear next-step CTA. I’ll send the finished files in this email thread when they’re ready.

– Anastaysia","Hi Tyler Vu Photography team — your finished $100 content package is ready. I’ve organized the posts, graphics, follow-up copy, review/message replies and CTAs so they’re easy to reuse. If you want a different service emphasized in a future set, reply here.

– Anastaysia",New,,,
V5,146,291,We Start Gardens,"San Jose, CA","Garden programs, classes and events",73,Priority-ranked; timing is not guaranteed,westartgardens@gmail.com,https://westartgardens.org/,,https://westartgardens.org/,2026-09-15,Current owned site has 2026 events and publishes the public Gmail inbox for the San Jose garden program.,"garden programs, classes and events","We Start Gardens combines classes, garden programs, events and venue use; program-selection and event-preview content can explain multiple participation paths.","We Start Gardens combines classes, garden programs, events and venue use; program-selection and event-preview content can explain multiple participation paths. The $100 package is useful here because it turns those existing services into clear, reusable customer-facing content without requiring the business to write or design the pieces itself.","Private garden programs, classes and events sample for We Start Gardens","Hi We Start Gardens team,

I was looking at your business and noticed we Start Gardens combines classes, garden programs, events and venue use; program-selection and event-preview content can explain multiple participation paths. I made the attached private preview around that part of the business so you can judge the direction before spending anything.

For $100 one time, I can turn it into a complete done-for-you content pack. In plain English, you get:

• 10 ready-to-post Google / Facebook / social posts
• custom graphics made for We Start Gardens
• customer follow-up messages you can copy and paste
• review and customer-message reply templates
• stronger calls-to-action
• content built around your actual services
• everything organized and ready to use

No subscription and no contract. I’d build the first set around service highlights, FAQ-style education, and a clear next-step CTA.

Why it may be worth considering: you already have services worth explaining and showing; this package turns those existing strengths into content customers can actually see and understand.

If you like the sample, reply YES and I’ll finish the complete set.

If you already know you want it, the $100 PayPal invoice is here:
https://www.paypal.com/invoice/p/#7T6DC9A6WFH3XXCT

If you’d rather ask something first, just reply. If it isn’t useful, reply “no thanks” and I won’t keep following up.

Thanks,
Anastaysia",146-v5-we-start-gardens.jpg,146-v5-we-start-gardens.eml,"Absolutely — I can finish the full garden programs, classes and events content package for We Start Gardens. It’s $100 one time, with no subscription or contract. PayPal invoice: https://www.paypal.com/invoice/p/#7T6DC9A6WFH3XXCT

Once payment is confirmed, I’ll build the complete set around service highlights, FAQ-style education, and a clear next-step CTA unless you want me to prioritize something else.

– Anastaysia","It’s $100 total, one time — not per post and not monthly. You keep the 10 posts, custom graphics, customer follow-up messages, review/message replies and CTA copy.","The attached sample was made specifically for We Start Gardens around garden programs, classes and events. That is the direction I’d use for the finished set, and I’ll keep every piece tied to the actual services rather than generic filler.","I’d make the finished set around service highlights, FAQ-style education, and a clear next-step CTA. You receive the words + graphics ready to copy, post or reuse, so you do not have to design or write them yourself.","No problem. I’ll leave the sample with you. If timing changes, reply here and I can pick it back up. I won’t keep chasing you.","Hi We Start Gardens team — one quick follow-up on the private garden programs, classes and events sample I attached. If you want me to finish the full $100 set, reply YES. If not, no worries and I won’t follow up again.

– Anastaysia","Hi — I made a private garden programs, classes and events sample for We Start Gardens, but the public email I tried bounced. What business email should I send the preview to?

– Anastaysia","Thanks — payment is confirmed. I’m building the We Start Gardens package around service highlights, FAQ-style education, and a clear next-step CTA. I’ll send the finished files in this email thread when they’re ready.

– Anastaysia","Hi We Start Gardens team — your finished $100 content package is ready. I’ve organized the posts, graphics, follow-up copy, review/message replies and CTAs so they’re easy to reuse. If you want a different service emphasized in a future set, reply here.

– Anastaysia",New,,,
V5,147,293,2B Creative Theater and Art,"San Jose / Saratoga, CA","Theater, art classes and camps",70,Priority-ranked; timing is not guaranteed,info@2bcreativetheaterandart.com,https://2bcreativetheaterandart.com/,408-337-2077,https://2bcreativetheaterandart.com/,2026-09-15,Current owned site publishes public contact information and Santa Clara County class/camp activity.,"theater, art classes and camps","2B Creative offers classes, camps and creative programs; age/program-selection and registration-prep content can make the schedule easier for families to navigate.","2B Creative offers classes, camps and creative programs; age/program-selection and registration-prep content can make the schedule easier for families to navigate. The $100 package is useful here because it turns those existing services into clear, reusable customer-facing content without requiring the business to write or design the pieces itself.","Private theater, art classes and camps sample for 2B Creative Theater and Art","Hi 2B Creative Theater and Art team,

I was looking at your business and noticed 2B Creative offers classes, camps and creative programs; age/program-selection and registration-prep content can make the schedule easier for families to navigate. I made the attached private preview around that part of the business so you can judge the direction before spending anything.

For $100 one time, I can turn it into a complete done-for-you content pack. In plain English, you get:

• 10 ready-to-post Google / Facebook / social posts
• custom graphics made for 2B Creative Theater and Art
• customer follow-up messages you can copy and paste
• review and customer-message reply templates
• stronger calls-to-action
• content built around your actual services
• everything organized and ready to use

No subscription and no contract. I’d build the first set around service highlights, FAQ-style education, and a clear next-step CTA.

Why it may be worth considering: you already have services worth explaining and showing; this package turns those existing strengths into content customers can actually see and understand.

If you like the sample, reply YES and I’ll finish the complete set.

If you already know you want it, the $100 PayPal invoice is here:
https://www.paypal.com/invoice/p/#7T6DC9A6WFH3XXCT

If you’d rather ask something first, just reply. If it isn’t useful, reply “no thanks” and I won’t keep following up.

Thanks,
Anastaysia",147-v5-2b-creative-theater-and-art.jpg,147-v5-2b-creative-theater-and-art.eml,"Absolutely — I can finish the full theater, art classes and camps content package for 2B Creative Theater and Art. It’s $100 one time, with no subscription or contract. PayPal invoice: https://www.paypal.com/invoice/p/#7T6DC9A6WFH3XXCT

Once payment is confirmed, I’ll build the complete set around service highlights, FAQ-style education, and a clear next-step CTA unless you want me to prioritize something else.

– Anastaysia","It’s $100 total, one time — not per post and not monthly. You keep the 10 posts, custom graphics, customer follow-up messages, review/message replies and CTA copy.","The attached sample was made specifically for 2B Creative Theater and Art around theater, art classes and camps. That is the direction I’d use for the finished set, and I’ll keep every piece tied to the actual services rather than generic filler.","I’d make the finished set around service highlights, FAQ-style education, and a clear next-step CTA. You receive the words + graphics ready to copy, post or reuse, so you do not have to design or write them yourself.","No problem. I’ll leave the sample with you. If timing changes, reply here and I can pick it back up. I won’t keep chasing you.","Hi 2B Creative Theater and Art team — one quick follow-up on the private theater, art classes and camps sample I attached. If you want me to finish the full $100 set, reply YES. If not, no worries and I won’t follow up again.

– Anastaysia","Hi — I made a private theater, art classes and camps sample for 2B Creative Theater and Art, but the public email I tried bounced. What business email should I send the preview to?

– Anastaysia","Thanks — payment is confirmed. I’m building the 2B Creative Theater and Art package around service highlights, FAQ-style education, and a clear next-step CTA. I’ll send the finished files in this email thread when they’re ready.

– Anastaysia","Hi 2B Creative Theater and Art team — your finished $100 content package is ready. I’ve organized the posts, graphics, follow-up copy, review/message replies and CTAs so they’re easy to reuse. If you want a different service emphasized in a future set, reply here.

– Anastaysia",New,,,
V5,148,295,Academy of Classical Ballet,"Campbell, CA",Ballet school and performance training,70,Priority-ranked; timing is not guaranteed,info@aocballet.com,https://www.aocballet.com/,408-355-3767,https://www.aocballet.com/,2026-09-13,"Current owned site publishes info@aocballet.com, 408-355-3767 and 236 W Campbell Ave, Campbell, with active training and placement-class contact paths.",ballet school and performance training,"Academy of Classical Ballet publishes regular, summer and performance training options plus a placement-class inquiry path; training-option and placement-prep content could help families understand the next step before enrollment.","Academy of Classical Ballet publishes regular, summer and performance training options plus a placement-class inquiry path; training-option and placement-prep content could help families understand the next step before enrollment. The $100 package is useful here because it turns those existing services into clear, reusable customer-facing content without requiring the business to write or design the pieces itself.",Private ballet school and performance training sample for Academy of Classical Ballet,"Hi Academy of Classical Ballet team,

I was looking at your business and noticed academy of Classical Ballet publishes regular, summer and performance training options plus a placement-class inquiry path; training-option and placement-prep content could help families understand the next step before enrollment. I made the attached private preview around that part of the business so you can judge the direction before spending anything.

For $100 one time, I can turn it into a complete done-for-you content pack. In plain English, you get:

• 10 ready-to-post Google / Facebook / social posts
• custom graphics made for Academy of Classical Ballet
• customer follow-up messages you can copy and paste
• review and customer-message reply templates
• stronger calls-to-action
• content built around your actual services
• everything organized and ready to use

No subscription and no contract. I’d build the first set around service highlights, FAQ-style education, and a clear next-step CTA.

Why it may be worth considering: you already have services worth explaining and showing; this package turns those existing strengths into content customers can actually see and understand.

If you like the sample, reply YES and I’ll finish the complete set.

If you already know you want it, the $100 PayPal invoice is here:
https://www.paypal.com/invoice/p/#7T6DC9A6WFH3XXCT

If you’d rather ask something first, just reply. If it isn’t useful, reply “no thanks” and I won’t keep following up.

Thanks,
Anastaysia",148-v5-academy-of-classical-ballet.jpg,148-v5-academy-of-classical-ballet.eml,"Absolutely — I can finish the full ballet school and performance training content package for Academy of Classical Ballet. It’s $100 one time, with no subscription or contract. PayPal invoice: https://www.paypal.com/invoice/p/#7T6DC9A6WFH3XXCT

Once payment is confirmed, I’ll build the complete set around service highlights, FAQ-style education, and a clear next-step CTA unless you want me to prioritize something else.

– Anastaysia","It’s $100 total, one time — not per post and not monthly. You keep the 10 posts, custom graphics, customer follow-up messages, review/message replies and CTA copy.","The attached sample was made specifically for Academy of Classical Ballet around ballet school and performance training. That is the direction I’d use for the finished set, and I’ll keep every piece tied to the actual services rather than generic filler.","I’d make the finished set around service highlights, FAQ-style education, and a clear next-step CTA. You receive the words + graphics ready to copy, post or reuse, so you do not have to design or write them yourself.","No problem. I’ll leave the sample with you. If timing changes, reply here and I can pick it back up. I won’t keep chasing you.","Hi Academy of Classical Ballet team — one quick follow-up on the private ballet school and performance training sample I attached. If you want me to finish the full $100 set, reply YES. If not, no worries and I won’t follow up again.

– Anastaysia","Hi — I made a private ballet school and performance training sample for Academy of Classical Ballet, but the public email I tried bounced. What business email should I send the preview to?

– Anastaysia","Thanks — payment is confirmed. I’m building the Academy of Classical Ballet package around service highlights, FAQ-style education, and a clear next-step CTA. I’ll send the finished files in this email thread when they’re ready.

– Anastaysia","Hi Academy of Classical Ballet team — your finished $100 content package is ready. I’ve organized the posts, graphics, follow-up copy, review/message replies and CTAs so they’re easy to reuse. If you want a different service emphasized in a future set, reply here.

– Anastaysia",New,,,
V5,149,297,All Bay Environmental,"Campbell / Morgan Hill, CA",Environmental testing and consulting,70,Priority-ranked; timing is not guaranteed,info@allbayenvironmental.com,https://www.allbayenvironmental.com/,888-808-2552,https://www.allbayenvironmental.com/contact-us/,2026-09-13,"Current official contact/services pages list Campbell headquarters, Morgan Hill field office, public email/phone and customizable asbestos, lead, mold and IAQ services.",environmental testing and consulting,"All Bay offers technical asbestos, lead, mold and indoor-air-quality services; plain-English service and 'when do I need this test?' content can help property owners understand a complicated purchase.","All Bay offers technical asbestos, lead, mold and indoor-air-quality services; plain-English service and 'when do I need this test?' content can help property owners understand a complicated purchase. The $100 package is useful here because it turns those existing services into clear, reusable customer-facing content without requiring the business to write or design the pieces itself.",Private environmental testing and consulting sample for All Bay Environmental,"Hi All Bay Environmental team,

I was looking at your business and noticed all Bay offers technical asbestos, lead, mold and indoor-air-quality services; plain-English service and 'when do I need this test?' content can help property owners understand a complicated purchase. I made the attached private preview around that part of the business so you can judge the direction before spending anything.

For $100 one time, I can turn it into a complete done-for-you content pack. In plain English, you get:

• 10 ready-to-post Google / Facebook / social posts
• custom graphics made for All Bay Environmental
• customer follow-up messages you can copy and paste
• review and customer-message reply templates
• stronger calls-to-action
• content built around your actual services
• everything organized and ready to use

No subscription and no contract. I’d build the first set around service highlights, FAQ-style education, and a clear next-step CTA.

Why it may be worth considering: you already have services worth explaining and showing; this package turns those existing strengths into content customers can actually see and understand.

If you like the sample, reply YES and I’ll finish the complete set.

If you already know you want it, the $100 PayPal invoice is here:
https://www.paypal.com/invoice/p/#7T6DC9A6WFH3XXCT

If you’d rather ask something first, just reply. If it isn’t useful, reply “no thanks” and I won’t keep following up.

Thanks,
Anastaysia",149-v5-all-bay-environmental.jpg,149-v5-all-bay-environmental.eml,"Absolutely — I can finish the full environmental testing and consulting content package for All Bay Environmental. It’s $100 one time, with no subscription or contract. PayPal invoice: https://www.paypal.com/invoice/p/#7T6DC9A6WFH3XXCT

Once payment is confirmed, I’ll build the complete set around service highlights, FAQ-style education, and a clear next-step CTA unless you want me to prioritize something else.

– Anastaysia","It’s $100 total, one time — not per post and not monthly. You keep the 10 posts, custom graphics, customer follow-up messages, review/message replies and CTA copy.","The attached sample was made specifically for All Bay Environmental around environmental testing and consulting. That is the direction I’d use for the finished set, and I’ll keep every piece tied to the actual services rather than generic filler.","I’d make the finished set around service highlights, FAQ-style education, and a clear next-step CTA. You receive the words + graphics ready to copy, post or reuse, so you do not have to design or write them yourself.","No problem. I’ll leave the sample with you. If timing changes, reply here and I can pick it back up. I won’t keep chasing you.","Hi All Bay Environmental team — one quick follow-up on the private environmental testing and consulting sample I attached. If you want me to finish the full $100 set, reply YES. If not, no worries and I won’t follow up again.

– Anastaysia","Hi — I made a private environmental testing and consulting sample for All Bay Environmental, but the public email I tried bounced. What business email should I send the preview to?

– Anastaysia","Thanks — payment is confirmed. I’m building the All Bay Environmental package around service highlights, FAQ-style education, and a clear next-step CTA. I’ll send the finished files in this email thread when they’re ready.

– Anastaysia","Hi All Bay Environmental team — your finished $100 content package is ready. I’ve organized the posts, graphics, follow-up copy, review/message replies and CTAs so they’re easy to reuse. If you want a different service emphasized in a future set, reply here.

– Anastaysia",New,,,
V5,150,299,All In Moving Systems,"San Jose, CA",Residential,70,Priority-ranked; timing is not guaranteed,info@allinmovingsystems.com,https://allinmovingsystems.com/,888-259-0707,https://allinmovingsystems.com/contact/,"All In Moving Systems offers residential, commercial, local, packing, storage and labor-only services; moving-type and preparation content can help customers understand which service bundle fits their move.",2026-09-13,residential,commercial and local moving,"commercial and local moving. The $100 package is useful here because it turns those existing services into clear, reusable customer-facing content without requiring the business to write or design the pieces itself.",Private residential sample for All In Moving Systems,"Hi All In Moving Systems team,

I was looking at your business and noticed commercial and local moving. I made the attached private preview around that part of the business so you can judge the direction before spending anything.

For $100 one time, I can turn it into a complete done-for-you content pack. In plain English, you get:

• 10 ready-to-post Google / Facebook / social posts
• custom graphics made for All In Moving Systems
• customer follow-up messages you can copy and paste
• review and customer-message reply templates
• stronger calls-to-action
• content built around your actual services
• everything organized and ready to use

No subscription and no contract. I’d build the first set around service highlights, FAQ-style education, and a clear next-step CTA.

Why it may be worth considering: you already have services worth explaining and showing; this package turns those existing strengths into content customers can actually see and understand.

If you like the sample, reply YES and I’ll finish the complete set.

If you already know you want it, the $100 PayPal invoice is here:
https://www.paypal.com/invoice/p/#7T6DC9A6WFH3XXCT

If you’d rather ask something first, just reply. If it isn’t useful, reply “no thanks” and I won’t keep following up.

Thanks,
Anastaysia",150-v5-all-in-moving-systems.jpg,150-v5-all-in-moving-systems.eml,"Absolutely — I can finish the full residential content package for All In Moving Systems. It’s $100 one time, with no subscription or contract. PayPal invoice: https://www.paypal.com/invoice/p/#7T6DC9A6WFH3XXCT

Once payment is confirmed, I’ll build the complete set around service highlights, FAQ-style education, and a clear next-step CTA unless you want me to prioritize something else.

– Anastaysia","It’s $100 total, one time — not per post and not monthly. You keep the 10 posts, custom graphics, customer follow-up messages, review/message replies and CTA copy.","The attached sample was made specifically for All In Moving Systems around residential. That is the direction I’d use for the finished set, and I’ll keep every piece tied to the actual services rather than generic filler.","I’d make the finished set around service highlights, FAQ-style education, and a clear next-step CTA. You receive the words + graphics ready to copy, post or reuse, so you do not have to design or write them yourself.","No problem. I’ll leave the sample with you. If timing changes, reply here and I can pick it back up. I won’t keep chasing you.","Hi All In Moving Systems team — one quick follow-up on the private residential sample I attached. If you want me to finish the full $100 set, reply YES. If not, no worries and I won’t follow up again.

– Anastaysia","Hi — I made a private residential sample for All In Moving Systems, but the public email I tried bounced. What business email should I send the preview to?

– Anastaysia","Thanks — payment is confirmed. I’m building the All In Moving Systems package around service highlights, FAQ-style education, and a clear next-step CTA. I’ll send the finished files in this email thread when they’re ready.

– Anastaysia","Hi All In Moving Systems team — your finished $100 content package is ready. I’ve organized the posts, graphics, follow-up copy, review/message replies and CTAs so they’re easy to reuse. If you want a different service emphasized in a future set, reply here.

– Anastaysia",New,,,
V5,151,301,Anton SV Patisserie,"San Jose, CA","Patisserie, bakery and catering",70,Priority-ranked; timing is not guaranteed,hello@antonsv.com,https://www.antonsvpatisserie.com/,650-273-7357,https://www.antonsvpatisserie.com/pages/contact-us,2026-09-13,"Official contact page publishes hello(at)antonsv(dot)com and San Jose pickup location; FAQ currently describes delivery, wholesale and catering, while the County caterer directory lists a permit through 12/31/2026.","patisserie, bakery and catering","Anton sells signature mille-crepe cakes while also supporting Bay Area delivery, wholesale and catering; concise occasion-based and wholesale/catering content can make those distinct purchase paths easier to discover.","Anton sells signature mille-crepe cakes while also supporting Bay Area delivery, wholesale and catering; concise occasion-based and wholesale/catering content can make those distinct purchase paths easier to discover. The $100 package is useful here because it turns those existing services into clear, reusable customer-facing content without requiring the business to write or design the pieces itself.","Private patisserie, bakery and catering sample for Anton SV Patisserie","Hi Anton SV Patisserie team,

I was looking at your business and noticed anton sells signature mille-crepe cakes while also supporting Bay Area delivery, wholesale and catering; concise occasion-based and wholesale/catering content can make those distinct purchase paths easier to discover. I made the attached private preview around that part of the business so you can judge the direction before spending anything.

For $100 one time, I can turn it into a complete done-for-you content pack. In plain English, you get:

• 10 ready-to-post Google / Facebook / social posts
• custom graphics made for Anton SV Patisserie
• customer follow-up messages you can copy and paste
• review and customer-message reply templates
• stronger calls-to-action
• content built around your actual services
• everything organized and ready to use

No subscription and no contract. I’d build the first set around menu/service highlights, event or ordering guidance, and local customer CTAs.

Why it may be worth considering: you already have services worth explaining and showing; this package turns those existing strengths into content customers can actually see and understand.

If you like the sample, reply YES and I’ll finish the complete set.

If you already know you want it, the $100 PayPal invoice is here:
https://www.paypal.com/invoice/p/#7T6DC9A6WFH3XXCT

If you’d rather ask something first, just reply. If it isn’t useful, reply “no thanks” and I won’t keep following up.

Thanks,
Anastaysia",151-v5-anton-sv-patisserie.jpg,151-v5-anton-sv-patisserie.eml,"Absolutely — I can finish the full patisserie, bakery and catering content package for Anton SV Patisserie. It’s $100 one time, with no subscription or contract. PayPal invoice: https://www.paypal.com/invoice/p/#7T6DC9A6WFH3XXCT

Once payment is confirmed, I’ll build the complete set around menu/service highlights, event or ordering guidance, and local customer CTAs unless you want me to prioritize something else.

– Anastaysia","It’s $100 total, one time — not per post and not monthly. You keep the 10 posts, custom graphics, customer follow-up messages, review/message replies and CTA copy.","The attached sample was made specifically for Anton SV Patisserie around patisserie, bakery and catering. That is the direction I’d use for the finished set, and I’ll keep every piece tied to the actual services rather than generic filler.","I’d make the finished set around menu/service highlights, event or ordering guidance, and local customer CTAs. You receive the words + graphics ready to copy, post or reuse, so you do not have to design or write them yourself.","No problem. I’ll leave the sample with you. If timing changes, reply here and I can pick it back up. I won’t keep chasing you.","Hi Anton SV Patisserie team — one quick follow-up on the private patisserie, bakery and catering sample I attached. If you want me to finish the full $100 set, reply YES. If not, no worries and I won’t follow up again.

– Anastaysia","Hi — I made a private patisserie, bakery and catering sample for Anton SV Patisserie, but the public email I tried bounced. What business email should I send the preview to?

– Anastaysia","Thanks — payment is confirmed. I’m building the Anton SV Patisserie package around menu/service highlights, event or ordering guidance, and local customer CTAs. I’ll send the finished files in this email thread when they’re ready.

– Anastaysia","Hi Anton SV Patisserie team — your finished $100 content package is ready. I’ve organized the posts, graphics, follow-up copy, review/message replies and CTAs so they’re easy to reuse. If you want a different service emphasized in a future set, reply here.

– Anastaysia",New,,,
V5,152,303,Articulate Solutions,"Gilroy, CA","Marketing, design and communications",70,Priority-ranked; timing is not guaranteed,info@articulate-solutions.com,https://articulate-solutions.com/,408-842-2275,https://articulate-solutions.com/,2026-09-16,"Current owned site lists 7365 Monterey Street, Gilroy, public email/phone and current local client work.","marketing, design and communications","Articulate combines branding, websites, media, email marketing, PR and creative execution; a service-path/case-study explainer can make its broad agency capabilities easier to buy.","Articulate combines branding, websites, media, email marketing, PR and creative execution; a service-path/case-study explainer can make its broad agency capabilities easier to buy. The $100 package is useful here because it turns those existing services into clear, reusable customer-facing content without requiring the business to write or design the pieces itself.","Private marketing, design and communications sample for Articulate Solutions","Hi Articulate Solutions team,

I was looking at your business and noticed articulate combines branding, websites, media, email marketing, PR and creative execution; a service-path/case-study explainer can make its broad agency capabilities easier to buy. I made the attached private preview around that part of the business so you can judge the direction before spending anything.

For $100 one time, I can turn it into a complete done-for-you content pack. In plain English, you get:

• 10 ready-to-post Google / Facebook / social posts
• custom graphics made for Articulate Solutions
• customer follow-up messages you can copy and paste
• review and customer-message reply templates
• stronger calls-to-action
• content built around your actual services
• everything organized and ready to use

No subscription and no contract. I’d build the first set around service highlights, FAQ-style education, and a clear next-step CTA.

Why it may be worth considering: you already have services worth explaining and showing; this package turns those existing strengths into content customers can actually see and understand.

If you like the sample, reply YES and I’ll finish the complete set.

If you already know you want it, the $100 PayPal invoice is here:
https://www.paypal.com/invoice/p/#7T6DC9A6WFH3XXCT

If you’d rather ask something first, just reply. If it isn’t useful, reply “no thanks” and I won’t keep following up.

Thanks,
Anastaysia",152-v5-articulate-solutions.jpg,152-v5-articulate-solutions.eml,"Absolutely — I can finish the full marketing, design and communications content package for Articulate Solutions. It’s $100 one time, with no subscription or contract. PayPal invoice: https://www.paypal.com/invoice/p/#7T6DC9A6WFH3XXCT

Once payment is confirmed, I’ll build the complete set around service highlights, FAQ-style education, and a clear next-step CTA unless you want me to prioritize something else.

– Anastaysia","It’s $100 total, one time — not per post and not monthly. You keep the 10 posts, custom graphics, customer follow-up messages, review/message replies and CTA copy.","The attached sample was made specifically for Articulate Solutions around marketing, design and communications. That is the direction I’d use for the finished set, and I’ll keep every piece tied to the actual services rather than generic filler.","I’d make the finished set around service highlights, FAQ-style education, and a clear next-step CTA. You receive the words + graphics ready to copy, post or reuse, so you do not have to design or write them yourself.","No problem. I’ll leave the sample with you. If timing changes, reply here and I can pick it back up. I won’t keep chasing you.","Hi Articulate Solutions team — one quick follow-up on the private marketing, design and communications sample I attached. If you want me to finish the full $100 set, reply YES. If not, no worries and I won’t follow up again.

– Anastaysia","Hi — I made a private marketing, design and communications sample for Articulate Solutions, but the public email I tried bounced. What business email should I send the preview to?

– Anastaysia","Thanks — payment is confirmed. I’m building the Articulate Solutions package around service highlights, FAQ-style education, and a clear next-step CTA. I’ll send the finished files in this email thread when they’re ready.

– Anastaysia","Hi Articulate Solutions team — your finished $100 content package is ready. I’ve organized the posts, graphics, follow-up copy, review/message replies and CTAs so they’re easy to reuse. If you want a different service emphasized in a future set, reply here.

– Anastaysia",New,,,
V5,153,305,Blossom Valley Foods,"Gilroy, CA",Food manufacturing and co-packing,70,Priority-ranked; timing is not guaranteed,info@blossomvalleyfoods.com,https://blossomvalleyfoods.com/,408-848-5520,https://blossomvalleyfoods.com/contact/,2026-09-16,"Current owned site/contact page lists Gilroy manufacturing location, info@blossomvalleyfoods.com and active co-packing services.",food manufacturing and co-packing,"Blossom Valley Foods provides sauce, condiment, syrup and juice co-packing with custom production; a plain-English co-packing readiness guide can clarify the B2B inquiry process.","Blossom Valley Foods provides sauce, condiment, syrup and juice co-packing with custom production; a plain-English co-packing readiness guide can clarify the B2B inquiry process. The $100 package is useful here because it turns those existing services into clear, reusable customer-facing content without requiring the business to write or design the pieces itself.",Private food manufacturing and co-packing sample for Blossom Valley Foods,"Hi Blossom Valley Foods team,

I was looking at your business and noticed blossom Valley Foods provides sauce, condiment, syrup and juice co-packing with custom production; a plain-English co-packing readiness guide can clarify the B2B inquiry process. I made the attached private preview around that part of the business so you can judge the direction before spending anything.

For $100 one time, I can turn it into a complete done-for-you content pack. In plain English, you get:

• 10 ready-to-post Google / Facebook / social posts
• custom graphics made for Blossom Valley Foods
• customer follow-up messages you can copy and paste
• review and customer-message reply templates
• stronger calls-to-action
• content built around your actual services
• everything organized and ready to use

No subscription and no contract. I’d build the first set around menu/service highlights, event or ordering guidance, and local customer CTAs.

Why it may be worth considering: you already have services worth explaining and showing; this package turns those existing strengths into content customers can actually see and understand.

If you like the sample, reply YES and I’ll finish the complete set.

If you already know you want it, the $100 PayPal invoice is here:
https://www.paypal.com/invoice/p/#7T6DC9A6WFH3XXCT

If you’d rather ask something first, just reply. If it isn’t useful, reply “no thanks” and I won’t keep following up.

Thanks,
Anastaysia",153-v5-blossom-valley-foods.jpg,153-v5-blossom-valley-foods.eml,"Absolutely — I can finish the full food manufacturing and co-packing content package for Blossom Valley Foods. It’s $100 one time, with no subscription or contract. PayPal invoice: https://www.paypal.com/invoice/p/#7T6DC9A6WFH3XXCT

Once payment is confirmed, I’ll build the complete set around menu/service highlights, event or ordering guidance, and local customer CTAs unless you want me to prioritize something else.

– Anastaysia","It’s $100 total, one time — not per post and not monthly. You keep the 10 posts, custom graphics, customer follow-up messages, review/message replies and CTA copy.","The attached sample was made specifically for Blossom Valley Foods around food manufacturing and co-packing. That is the direction I’d use for the finished set, and I’ll keep every piece tied to the actual services rather than generic filler.","I’d make the finished set around menu/service highlights, event or ordering guidance, and local customer CTAs. You receive the words + graphics ready to copy, post or reuse, so you do not have to design or write them yourself.","No problem. I’ll leave the sample with you. If timing changes, reply here and I can pick it back up. I won’t keep chasing you.","Hi Blossom Valley Foods team — one quick follow-up on the private food manufacturing and co-packing sample I attached. If you want me to finish the full $100 set, reply YES. If not, no worries and I won’t follow up again.

– Anastaysia","Hi — I made a private food manufacturing and co-packing sample for Blossom Valley Foods, but the public email I tried bounced. What business email should I send the preview to?

– Anastaysia","Thanks — payment is confirmed. I’m building the Blossom Valley Foods package around menu/service highlights, event or ordering guidance, and local customer CTAs. I’ll send the finished files in this email thread when they’re ready.

– Anastaysia","Hi Blossom Valley Foods team — your finished $100 content package is ready. I’ve organized the posts, graphics, follow-up copy, review/message replies and CTAs so they’re easy to reuse. If you want a different service emphasized in a future set, reply here.

– Anastaysia",New,,,
V5,154,307,Cardinal Robotics,"Palo Alto, CA",Commercial robotics deployment and support,70,Priority-ranked; timing is not guaranteed,team@cardinalrobot.com,https://cardinalrobot.com/,401-660-4449,https://cardinalrobot.com/contact-new.html,2026-09-16,Current owned contact page publishes Palo Alto location and team@cardinalrobot.com; current 2026 financing site also lists Palo Alto HQ.,commercial robotics deployment and support,"Cardinal helps facilities deploy and operate commercial robots; use-case, deployment-readiness and service-vs-purchase content can clarify a technical B2B decision.","Cardinal helps facilities deploy and operate commercial robots; use-case, deployment-readiness and service-vs-purchase content can clarify a technical B2B decision. The $100 package is useful here because it turns those existing services into clear, reusable customer-facing content without requiring the business to write or design the pieces itself.",Private commercial robotics deployment and support sample for Cardinal Robotics,"Hi Cardinal Robotics team,

I was looking at your business and noticed cardinal helps facilities deploy and operate commercial robots; use-case, deployment-readiness and service-vs-purchase content can clarify a technical B2B decision. I made the attached private preview around that part of the business so you can judge the direction before spending anything.

For $100 one time, I can turn it into a complete done-for-you content pack. In plain English, you get:

• 10 ready-to-post Google / Facebook / social posts
• custom graphics made for Cardinal Robotics
• customer follow-up messages you can copy and paste
• review and customer-message reply templates
• stronger calls-to-action
• content built around your actual services
• everything organized and ready to use

No subscription and no contract. I’d build the first set around service highlights, FAQ-style education, and a clear next-step CTA.

Why it may be worth considering: you already have services worth explaining and showing; this package turns those existing strengths into content customers can actually see and understand.

If you like the sample, reply YES and I’ll finish the complete set.

If you already know you want it, the $100 PayPal invoice is here:
https://www.paypal.com/invoice/p/#7T6DC9A6WFH3XXCT

If you’d rather ask something first, just reply. If it isn’t useful, reply “no thanks” and I won’t keep following up.

Thanks,
Anastaysia",154-v5-cardinal-robotics.jpg,154-v5-cardinal-robotics.eml,"Absolutely — I can finish the full commercial robotics deployment and support content package for Cardinal Robotics. It’s $100 one time, with no subscription or contract. PayPal invoice: https://www.paypal.com/invoice/p/#7T6DC9A6WFH3XXCT

Once payment is confirmed, I’ll build the complete set around service highlights, FAQ-style education, and a clear next-step CTA unless you want me to prioritize something else.

– Anastaysia","It’s $100 total, one time — not per post and not monthly. You keep the 10 posts, custom graphics, customer follow-up messages, review/message replies and CTA copy.","The attached sample was made specifically for Cardinal Robotics around commercial robotics deployment and support. That is the direction I’d use for the finished set, and I’ll keep every piece tied to the actual services rather than generic filler.","I’d make the finished set around service highlights, FAQ-style education, and a clear next-step CTA. You receive the words + graphics ready to copy, post or reuse, so you do not have to design or write them yourself.","No problem. I’ll leave the sample with you. If timing changes, reply here and I can pick it back up. I won’t keep chasing you.","Hi Cardinal Robotics team — one quick follow-up on the private commercial robotics deployment and support sample I attached. If you want me to finish the full $100 set, reply YES. If not, no worries and I won’t follow up again.

– Anastaysia","Hi — I made a private commercial robotics deployment and support sample for Cardinal Robotics, but the public email I tried bounced. What business email should I send the preview to?

– Anastaysia","Thanks — payment is confirmed. I’m building the Cardinal Robotics package around service highlights, FAQ-style education, and a clear next-step CTA. I’ll send the finished files in this email thread when they’re ready.

– Anastaysia","Hi Cardinal Robotics team — your finished $100 content package is ready. I’ve organized the posts, graphics, follow-up copy, review/message replies and CTAs so they’re easy to reuse. If you want a different service emphasized in a future set, reply here.

– Anastaysia",New,,,
V5,155,309,Cosmic Coffee Company,"Santa Clara, CA",Coffee roaster and ecommerce,70,Priority-ranked; timing is not guaranteed,support@cosmiccoffeeco.com,https://cosmiccoffeecompany.com/,,https://cosmiccoffeecompany.com/,2026-09-15,,coffee roaster and ecommerce,"Cosmic Coffee sells roasted coffee through a current ecommerce path; roast, origin, brewing and gift-oriented content can make product.","Cosmic Coffee sells roasted coffee through a current ecommerce path; roast, origin, brewing and gift-oriented content can make product. The $100 package is useful here because it turns those existing services into clear, reusable customer-facing content without requiring the business to write or design the pieces itself.",Private coffee roaster and ecommerce sample for Cosmic Coffee Company,"Hi Cosmic Coffee Company team,

I was looking at your business and noticed cosmic Coffee sells roasted coffee through a current ecommerce path; roast, origin, brewing and gift-oriented content can make product. I made the attached private preview around that part of the business so you can judge the direction before spending anything.

For $100 one time, I can turn it into a complete done-for-you content pack. In plain English, you get:

• 10 ready-to-post Google / Facebook / social posts
• custom graphics made for Cosmic Coffee Company
• customer follow-up messages you can copy and paste
• review and customer-message reply templates
• stronger calls-to-action
• content built around your actual services
• everything organized and ready to use

No subscription and no contract. I’d build the first set around menu/service highlights, event or ordering guidance, and local customer CTAs.

Why it may be worth considering: you already have services worth explaining and showing; this package turns those existing strengths into content customers can actually see and understand.

If you like the sample, reply YES and I’ll finish the complete set.

If you already know you want it, the $100 PayPal invoice is here:
https://www.paypal.com/invoice/p/#7T6DC9A6WFH3XXCT

If you’d rather ask something first, just reply. If it isn’t useful, reply “no thanks” and I won’t keep following up.

Thanks,
Anastaysia",155-v5-cosmic-coffee-company.jpg,155-v5-cosmic-coffee-company.eml,"Absolutely — I can finish the full coffee roaster and ecommerce content package for Cosmic Coffee Company. It’s $100 one time, with no subscription or contract. PayPal invoice: https://www.paypal.com/invoice/p/#7T6DC9A6WFH3XXCT

Once payment is confirmed, I’ll build the complete set around menu/service highlights, event or ordering guidance, and local customer CTAs unless you want me to prioritize something else.

– Anastaysia","It’s $100 total, one time — not per post and not monthly. You keep the 10 posts, custom graphics, customer follow-up messages, review/message replies and CTA copy.","The attached sample was made specifically for Cosmic Coffee Company around coffee roaster and ecommerce. That is the direction I’d use for the finished set, and I’ll keep every piece tied to the actual services rather than generic filler.","I’d make the finished set around menu/service highlights, event or ordering guidance, and local customer CTAs. You receive the words + graphics ready to copy, post or reuse, so you do not have to design or write them yourself.","No problem. I’ll leave the sample with you. If timing changes, reply here and I can pick it back up. I won’t keep chasing you.","Hi Cosmic Coffee Company team — one quick follow-up on the private coffee roaster and ecommerce sample I attached. If you want me to finish the full $100 set, reply YES. If not, no worries and I won’t follow up again.

– Anastaysia","Hi — I made a private coffee roaster and ecommerce sample for Cosmic Coffee Company, but the public email I tried bounced. What business email should I send the preview to?

– Anastaysia","Thanks — payment is confirmed. I’m building the Cosmic Coffee Company package around menu/service highlights, event or ordering guidance, and local customer CTAs. I’ll send the finished files in this email thread when they’re ready.

– Anastaysia","Hi Cosmic Coffee Company team — your finished $100 content package is ready. I’ve organized the posts, graphics, follow-up copy, review/message replies and CTAs so they’re easy to reuse. If you want a different service emphasized in a future set, reply here.

– Anastaysia",New,,,
V5,156,311,"DataMate Bookkeeping and Tax, Inc.","Gilroy, CA","Bookkeeping, tax and business accounting services",70,Priority-ranked; timing is not guaranteed,info@datamatebookkeeping.com,https://www.datamatebookkeeping.com/,408-848-2293,https://www.datamatebookkeeping.com/contact/,2026-09-13,"Current owned contact page lists 7881 Church Street Suite F, Gilroy, info@datamatebookkeeping.com, 408-848-2293 and current weekday hours.","bookkeeping, tax and business accounting services","DataMate serves local and national clients and supports remote bookkeeping/tax workflows; a plain-English service-selector, onboarding and deadline-reminder content pack could clarify what clients need without giving tax advice or promising financial outcomes.","DataMate serves local and national clients and supports remote bookkeeping/tax workflows; a plain-English service-selector, onboarding and deadline-reminder content pack could clarify what clients need without giving tax advice or promising financial outcomes. The $100 package is useful here because it turns those existing services into clear, reusable customer-facing content without requiring the business to write or design the pieces itself.","Private bookkeeping, tax and business accounting services sample for DataMate Bookkeeping and Tax, Inc.","Hi DataMate Bookkeeping and Tax, Inc. team,

I was looking at your business and noticed dataMate serves local and national clients and supports remote bookkeeping/tax workflows; a plain-English service-selector, onboarding and deadline-reminder content pack could clarify what clients need without giving tax advice or promising financial outcomes. I made the attached private preview around that part of the business so you can judge the direction before spending anything.

For $100 one time, I can turn it into a complete done-for-you content pack. In plain English, you get:

• 10 ready-to-post Google / Facebook / social posts
• custom graphics made for DataMate Bookkeeping and Tax, Inc.
• customer follow-up messages you can copy and paste
• review and customer-message reply templates
• stronger calls-to-action
• content built around your actual services
• everything organized and ready to use

No subscription and no contract. I’d build the first set around service highlights, FAQ-style education, and a clear next-step CTA.

Why it may be worth considering: you already have services worth explaining and showing; this package turns those existing strengths into content customers can actually see and understand.

If you like the sample, reply YES and I’ll finish the complete set.

If you already know you want it, the $100 PayPal invoice is here:
https://www.paypal.com/invoice/p/#7T6DC9A6WFH3XXCT

If you’d rather ask something first, just reply. If it isn’t useful, reply “no thanks” and I won’t keep following up.

Thanks,
Anastaysia",156-v5-datamate-bookkeeping-and-tax-inc.jpg,156-v5-datamate-bookkeeping-and-tax-inc.eml,"Absolutely — I can finish the full bookkeeping, tax and business accounting services content package for DataMate Bookkeeping and Tax, Inc.. It’s $100 one time, with no subscription or contract. PayPal invoice: https://www.paypal.com/invoice/p/#7T6DC9A6WFH3XXCT

Once payment is confirmed, I’ll build the complete set around service highlights, FAQ-style education, and a clear next-step CTA unless you want me to prioritize something else.

– Anastaysia","It’s $100 total, one time — not per post and not monthly. You keep the 10 posts, custom graphics, customer follow-up messages, review/message replies and CTA copy.","The attached sample was made specifically for DataMate Bookkeeping and Tax, Inc. around bookkeeping, tax and business accounting services. That is the direction I’d use for the finished set, and I’ll keep every piece tied to the actual services rather than generic filler.","I’d make the finished set around service highlights, FAQ-style education, and a clear next-step CTA. You receive the words + graphics ready to copy, post or reuse, so you do not have to design or write them yourself.","No problem. I’ll leave the sample with you. If timing changes, reply here and I can pick it back up. I won’t keep chasing you.","Hi DataMate Bookkeeping and Tax, Inc. team — one quick follow-up on the private bookkeeping, tax and business accounting services sample I attached. If you want me to finish the full $100 set, reply YES. If not, no worries and I won’t follow up again.

– Anastaysia","Hi — I made a private bookkeeping, tax and business accounting services sample for DataMate Bookkeeping and Tax, Inc., but the public email I tried bounced. What business email should I send the preview to?

– Anastaysia","Thanks — payment is confirmed. I’m building the DataMate Bookkeeping and Tax, Inc. package around service highlights, FAQ-style education, and a clear next-step CTA. I’ll send the finished files in this email thread when they’re ready.

– Anastaysia","Hi DataMate Bookkeeping and Tax, Inc. team — your finished $100 content package is ready. I’ve organized the posts, graphics, follow-up copy, review/message replies and CTAs so they’re easy to reuse. If you want a different service emphasized in a future set, reply here.

– Anastaysia",New,,,
V5,157,313,DWM Properties,"Los Gatos, CA",Property management and real estate services,70,Priority-ranked; timing is not guaranteed,info@dwmproperties.com,https://www.dwmproperties.com/,408-356-6893,https://www.dwmproperties.com/contact,2026-09-13,"Current owned contact page lists 15760 Los Gatos Blvd, info@dwmproperties.com, 408-356-6893 and DRE #02021398; current owner resources corroborate active property-management services.",property management and real estate services,"DWM publishes separate owner, renter, relocation and home-watch resources; a plain-English service-path/FAQ content pack could help visitors understand which resource fits them without making investment or rental-outcome promises.","DWM publishes separate owner, renter, relocation and home-watch resources; a plain-English service-path/FAQ content pack could help visitors understand which resource fits them without making investment or rental-outcome promises. The $100 package is useful here because it turns those existing services into clear, reusable customer-facing content without requiring the business to write or design the pieces itself.",Private property management and real estate services sample for DWM Properties,"Hi DWM Properties team,

I was looking at your business and noticed dWM publishes separate owner, renter, relocation and home-watch resources; a plain-English service-path/FAQ content pack could help visitors understand which resource fits them without making investment or rental-outcome promises. I made the attached private preview around that part of the business so you can judge the direction before spending anything.

For $100 one time, I can turn it into a complete done-for-you content pack. In plain English, you get:

• 10 ready-to-post Google / Facebook / social posts
• custom graphics made for DWM Properties
• customer follow-up messages you can copy and paste
• review and customer-message reply templates
• stronger calls-to-action
• content built around your actual services
• everything organized and ready to use

No subscription and no contract. I’d build the first set around service highlights, FAQ-style education, and a clear next-step CTA.

Why it may be worth considering: you already have services worth explaining and showing; this package turns those existing strengths into content customers can actually see and understand.

If you like the sample, reply YES and I’ll finish the complete set.

If you already know you want it, the $100 PayPal invoice is here:
https://www.paypal.com/invoice/p/#7T6DC9A6WFH3XXCT

If you’d rather ask something first, just reply. If it isn’t useful, reply “no thanks” and I won’t keep following up.

Thanks,
Anastaysia",157-v5-dwm-properties.jpg,157-v5-dwm-properties.eml,"Absolutely — I can finish the full property management and real estate services content package for DWM Properties. It’s $100 one time, with no subscription or contract. PayPal invoice: https://www.paypal.com/invoice/p/#7T6DC9A6WFH3XXCT

Once payment is confirmed, I’ll build the complete set around service highlights, FAQ-style education, and a clear next-step CTA unless you want me to prioritize something else.

– Anastaysia","It’s $100 total, one time — not per post and not monthly. You keep the 10 posts, custom graphics, customer follow-up messages, review/message replies and CTA copy.","The attached sample was made specifically for DWM Properties around property management and real estate services. That is the direction I’d use for the finished set, and I’ll keep every piece tied to the actual services rather than generic filler.","I’d make the finished set around service highlights, FAQ-style education, and a clear next-step CTA. You receive the words + graphics ready to copy, post or reuse, so you do not have to design or write them yourself.","No problem. I’ll leave the sample with you. If timing changes, reply here and I can pick it back up. I won’t keep chasing you.","Hi DWM Properties team — one quick follow-up on the private property management and real estate services sample I attached. If you want me to finish the full $100 set, reply YES. If not, no worries and I won’t follow up again.

– Anastaysia","Hi — I made a private property management and real estate services sample for DWM Properties, but the public email I tried bounced. What business email should I send the preview to?

– Anastaysia","Thanks — payment is confirmed. I’m building the DWM Properties package around service highlights, FAQ-style education, and a clear next-step CTA. I’ll send the finished files in this email thread when they’re ready.

– Anastaysia","Hi DWM Properties team — your finished $100 content package is ready. I’ve organized the posts, graphics, follow-up copy, review/message replies and CTAs so they’re easy to reuse. If you want a different service emphasized in a future set, reply here.

– Anastaysia",New,,,
V5,158,315,GEEK911,"Santa Clara / San Jose, CA",Computer repair and business IT support,70,Priority-ranked; timing is not guaranteed,info@geek911.com,https://geek911.com/,866-433-5411,https://geek911.com/services/,2026-09-13,"Current official services/about pages publish info@geek911.com, Santa Clara office, San Jose mailing address, phone and active Bay Area service coverage.",computer repair and business it support,"GEEK911 spans business IT, computer repair, data, cloud, networking and remote support; a simple 'which service do I need?' series could make its broad technical menu easier for small-business customers to navigate.","GEEK911 spans business IT, computer repair, data, cloud, networking and remote support; a simple 'which service do I need?' series could make its broad technical menu easier for small-business customers to navigate. The $100 package is useful here because it turns those existing services into clear, reusable customer-facing content without requiring the business to write or design the pieces itself.",Private computer repair and business it support sample for GEEK911,"Hi GEEK911 team,

I was looking at your business and noticed gEEK911 spans business IT, computer repair, data, cloud, networking and remote support; a simple 'which service do I need?' series could make its broad technical menu easier for small-business customers to navigate. I made the attached private preview around that part of the business so you can judge the direction before spending anything.

For $100 one time, I can turn it into a complete done-for-you content pack. In plain English, you get:

• 10 ready-to-post Google / Facebook / social posts
• custom graphics made for GEEK911
• customer follow-up messages you can copy and paste
• review and customer-message reply templates
• stronger calls-to-action
• content built around your actual services
• everything organized and ready to use

No subscription and no contract. I’d build the first set around service highlights, FAQ-style education, and a clear next-step CTA.

Why it may be worth considering: you already have services worth explaining and showing; this package turns those existing strengths into content customers can actually see and understand.

If you like the sample, reply YES and I’ll finish the complete set.

If you already know you want it, the $100 PayPal invoice is here:
https://www.paypal.com/invoice/p/#7T6DC9A6WFH3XXCT

If you’d rather ask something first, just reply. If it isn’t useful, reply “no thanks” and I won’t keep following up.

Thanks,
Anastaysia",158-v5-geek911.jpg,158-v5-geek911.eml,"Absolutely — I can finish the full computer repair and business it support content package for GEEK911. It’s $100 one time, with no subscription or contract. PayPal invoice: https://www.paypal.com/invoice/p/#7T6DC9A6WFH3XXCT

Once payment is confirmed, I’ll build the complete set around service highlights, FAQ-style education, and a clear next-step CTA unless you want me to prioritize something else.

– Anastaysia","It’s $100 total, one time — not per post and not monthly. You keep the 10 posts, custom graphics, customer follow-up messages, review/message replies and CTA copy.","The attached sample was made specifically for GEEK911 around computer repair and business it support. That is the direction I’d use for the finished set, and I’ll keep every piece tied to the actual services rather than generic filler.","I’d make the finished set around service highlights, FAQ-style education, and a clear next-step CTA. You receive the words + graphics ready to copy, post or reuse, so you do not have to design or write them yourself.","No problem. I’ll leave the sample with you. If timing changes, reply here and I can pick it back up. I won’t keep chasing you.","Hi GEEK911 team — one quick follow-up on the private computer repair and business it support sample I attached. If you want me to finish the full $100 set, reply YES. If not, no worries and I won’t follow up again.

– Anastaysia","Hi — I made a private computer repair and business it support sample for GEEK911, but the public email I tried bounced. What business email should I send the preview to?

– Anastaysia","Thanks — payment is confirmed. I’m building the GEEK911 package around service highlights, FAQ-style education, and a clear next-step CTA. I’ll send the finished files in this email thread when they’re ready.

– Anastaysia","Hi GEEK911 team — your finished $100 content package is ready. I’ve organized the posts, graphics, follow-up copy, review/message replies and CTAs so they’re easy to reuse. If you want a different service emphasized in a future set, reply here.

– Anastaysia",New,,,
V5,159,317,Giuseppe's Specialty Breads,"Santa Clara, CA",Artisan bakery and specialty breads,70,Priority-ranked; timing is not guaranteed,contact@giuseppesspecialtybreads.com,https://giuseppesspecialtybreads.com/,408-838-9060,https://giuseppesspecialtybreads.com/,2026-09-13,"Current owned site publishes contact@giuseppesspecialtybreads.com, 408-838-9060 and 289 Bel Ayre Drive, Santa Clara; current online-order page documents the choose, pre-order and fresh-pickup flow.",artisan bakery and specialty breads,"Giuseppe's sells distinctive flavored artisan breads through a pre-order-and-pickup flow; product-comparison, flavor-pairing and pickup-prep content could turn an unusual product line into easier first purchases without inventing demand.","Giuseppe's sells distinctive flavored artisan breads through a pre-order-and-pickup flow; product-comparison, flavor-pairing and pickup-prep content could turn an unusual product line into easier first purchases without inventing demand. The $100 package is useful here because it turns those existing services into clear, reusable customer-facing content without requiring the business to write or design the pieces itself.",Private artisan bakery and specialty breads sample for Giuseppe's Specialty Breads,"Hi Giuseppe's Specialty Breads team,

I was looking at your business and noticed giuseppe's sells distinctive flavored artisan breads through a pre-order-and-pickup flow; product-comparison, flavor-pairing and pickup-prep content could turn an unusual product line into easier first purchases without inventing demand. I made the attached private preview around that part of the business so you can judge the direction before spending anything.

For $100 one time, I can turn it into a complete done-for-you content pack. In plain English, you get:

• 10 ready-to-post Google / Facebook / social posts
• custom graphics made for Giuseppe's Specialty Breads
• customer follow-up messages you can copy and paste
• review and customer-message reply templates
• stronger calls-to-action
• content built around your actual services
• everything organized and ready to use

No subscription and no contract. I’d build the first set around menu/service highlights, event or ordering guidance, and local customer CTAs.

Why it may be worth considering: you already have services worth explaining and showing; this package turns those existing strengths into content customers can actually see and understand.

If you like the sample, reply YES and I’ll finish the complete set.

If you already know you want it, the $100 PayPal invoice is here:
https://www.paypal.com/invoice/p/#7T6DC9A6WFH3XXCT

If you’d rather ask something first, just reply. If it isn’t useful, reply “no thanks” and I won’t keep following up.

Thanks,
Anastaysia",159-v5-giuseppe-s-specialty-breads.jpg,159-v5-giuseppe-s-specialty-breads.eml,"Absolutely — I can finish the full artisan bakery and specialty breads content package for Giuseppe's Specialty Breads. It’s $100 one time, with no subscription or contract. PayPal invoice: https://www.paypal.com/invoice/p/#7T6DC9A6WFH3XXCT

Once payment is confirmed, I’ll build the complete set around menu/service highlights, event or ordering guidance, and local customer CTAs unless you want me to prioritize something else.

– Anastaysia","It’s $100 total, one time — not per post and not monthly. You keep the 10 posts, custom graphics, customer follow-up messages, review/message replies and CTA copy.","The attached sample was made specifically for Giuseppe's Specialty Breads around artisan bakery and specialty breads. That is the direction I’d use for the finished set, and I’ll keep every piece tied to the actual services rather than generic filler.","I’d make the finished set around menu/service highlights, event or ordering guidance, and local customer CTAs. You receive the words + graphics ready to copy, post or reuse, so you do not have to design or write them yourself.","No problem. I’ll leave the sample with you. If timing changes, reply here and I can pick it back up. I won’t keep chasing you.","Hi Giuseppe's Specialty Breads team — one quick follow-up on the private artisan bakery and specialty breads sample I attached. If you want me to finish the full $100 set, reply YES. If not, no worries and I won’t follow up again.

– Anastaysia","Hi — I made a private artisan bakery and specialty breads sample for Giuseppe's Specialty Breads, but the public email I tried bounced. What business email should I send the preview to?

– Anastaysia","Thanks — payment is confirmed. I’m building the Giuseppe's Specialty Breads package around menu/service highlights, event or ordering guidance, and local customer CTAs. I’ll send the finished files in this email thread when they’re ready.

– Anastaysia","Hi Giuseppe's Specialty Breads team — your finished $100 content package is ready. I’ve organized the posts, graphics, follow-up copy, review/message replies and CTAs so they’re easy to reuse. If you want a different service emphasized in a future set, reply here.

– Anastaysia",New,,,
V5,160,319,Headstart Nursery Inc.,"Gilroy, CA",Commercial nursery and plant production,70,Priority-ranked; timing is not guaranteed,info@headstartnursery.com,https://headstartnursery.com/,408-842-3030,https://headstartnursery.com/,2026-09-16,"Current owned site lists Gilroy headquarters, info@headstartnursery.com and active production/team information.",commercial nursery and plant production,"Headstart serves growers with transplants, plugs and multiple growing locations; product/ordering and crop-selection content can make its B2B catalog easier to navigate.","Headstart serves growers with transplants, plugs and multiple growing locations; product/ordering and crop-selection content can make its B2B catalog easier to navigate. The $100 package is useful here because it turns those existing services into clear, reusable customer-facing content without requiring the business to write or design the pieces itself.",Private commercial nursery and plant production sample for Headstart Nursery Inc.,"Hi Headstart Nursery Inc. team,

I was looking at your business and noticed headstart serves growers with transplants, plugs and multiple growing locations; product/ordering and crop-selection content can make its B2B catalog easier to navigate. I made the attached private preview around that part of the business so you can judge the direction before spending anything.

For $100 one time, I can turn it into a complete done-for-you content pack. In plain English, you get:

• 10 ready-to-post Google / Facebook / social posts
• custom graphics made for Headstart Nursery Inc.
• customer follow-up messages you can copy and paste
• review and customer-message reply templates
• stronger calls-to-action
• content built around your actual services
• everything organized and ready to use

No subscription and no contract. I’d build the first set around service highlights, FAQ-style education, and a clear next-step CTA.

Why it may be worth considering: you already have services worth explaining and showing; this package turns those existing strengths into content customers can actually see and understand.

If you like the sample, reply YES and I’ll finish the complete set.

If you already know you want it, the $100 PayPal invoice is here:
https://www.paypal.com/invoice/p/#7T6DC9A6WFH3XXCT

If you’d rather ask something first, just reply. If it isn’t useful, reply “no thanks” and I won’t keep following up.

Thanks,
Anastaysia",160-v5-headstart-nursery-inc.jpg,160-v5-headstart-nursery-inc.eml,"Absolutely — I can finish the full commercial nursery and plant production content package for Headstart Nursery Inc.. It’s $100 one time, with no subscription or contract. PayPal invoice: https://www.paypal.com/invoice/p/#7T6DC9A6WFH3XXCT

Once payment is confirmed, I’ll build the complete set around service highlights, FAQ-style education, and a clear next-step CTA unless you want me to prioritize something else.

– Anastaysia","It’s $100 total, one time — not per post and not monthly. You keep the 10 posts, custom graphics, customer follow-up messages, review/message replies and CTA copy.","The attached sample was made specifically for Headstart Nursery Inc. around commercial nursery and plant production. That is the direction I’d use for the finished set, and I’ll keep every piece tied to the actual services rather than generic filler.","I’d make the finished set around service highlights, FAQ-style education, and a clear next-step CTA. You receive the words + graphics ready to copy, post or reuse, so you do not have to design or write them yourself.","No problem. I’ll leave the sample with you. If timing changes, reply here and I can pick it back up. I won’t keep chasing you.","Hi Headstart Nursery Inc. team — one quick follow-up on the private commercial nursery and plant production sample I attached. If you want me to finish the full $100 set, reply YES. If not, no worries and I won’t follow up again.

– Anastaysia","Hi — I made a private commercial nursery and plant production sample for Headstart Nursery Inc., but the public email I tried bounced. What business email should I send the preview to?

– Anastaysia","Thanks — payment is confirmed. I’m building the Headstart Nursery Inc. package around service highlights, FAQ-style education, and a clear next-step CTA. I’ll send the finished files in this email thread when they’re ready.

– Anastaysia","Hi Headstart Nursery Inc. team — your finished $100 content package is ready. I’ve organized the posts, graphics, follow-up copy, review/message replies and CTAs so they’re easy to reuse. If you want a different service emphasized in a future set, reply here.

– Anastaysia",New,,,
V5,161,321,KR Services LLC dba Notary Livescan Post,"Sunnyvale, CA","Live Scan, notary and postal services",70,Priority-ranked; timing is not guaranteed,service@mylivescan.com,https://mylivescan.com/,408-739-4400,https://oag.ca.gov/fingerprints/locations/kr-services-llc-dba-notary-livescan-post,2026-09-16,"Current California DOJ listing publishes Sunnyvale address, service@mylivescan.com, phone and extended weekday hours.","live scan, notary and postal services","Notary Livescan Post combines fingerprinting, notary and postal/business services; service-selector and visit-prep content can clarify which counter service a customer needs.","Notary Livescan Post combines fingerprinting, notary and postal/business services; service-selector and visit-prep content can clarify which counter service a customer needs. The $100 package is useful here because it turns those existing services into clear, reusable customer-facing content without requiring the business to write or design the pieces itself.","Private live scan, notary and postal services sample for KR Services LLC dba Notary Livescan Post","Hi KR Services LLC dba Notary Livescan Post team,

I was looking at your business and noticed notary Livescan Post combines fingerprinting, notary and postal/business services; service-selector and visit-prep content can clarify which counter service a customer needs. I made the attached private preview around that part of the business so you can judge the direction before spending anything.

For $100 one time, I can turn it into a complete done-for-you content pack. In plain English, you get:

• 10 ready-to-post Google / Facebook / social posts
• custom graphics made for KR Services LLC dba Notary Livescan Post
• customer follow-up messages you can copy and paste
• review and customer-message reply templates
• stronger calls-to-action
• content built around your actual services
• everything organized and ready to use

No subscription and no contract. I’d build the first set around service highlights, FAQ-style education, and a clear next-step CTA.

Why it may be worth considering: you already have services worth explaining and showing; this package turns those existing strengths into content customers can actually see and understand.

If you like the sample, reply YES and I’ll finish the complete set.

If you already know you want it, the $100 PayPal invoice is here:
https://www.paypal.com/invoice/p/#7T6DC9A6WFH3XXCT

If you’d rather ask something first, just reply. If it isn’t useful, reply “no thanks” and I won’t keep following up.

Thanks,
Anastaysia",161-v5-kr-services-llc-dba-notary-livescan-post.jpg,161-v5-kr-services-llc-dba-notary-livescan-post.eml,"Absolutely — I can finish the full live scan, notary and postal services content package for KR Services LLC dba Notary Livescan Post. It’s $100 one time, with no subscription or contract. PayPal invoice: https://www.paypal.com/invoice/p/#7T6DC9A6WFH3XXCT

Once payment is confirmed, I’ll build the complete set around service highlights, FAQ-style education, and a clear next-step CTA unless you want me to prioritize something else.

– Anastaysia","It’s $100 total, one time — not per post and not monthly. You keep the 10 posts, custom graphics, customer follow-up messages, review/message replies and CTA copy.","The attached sample was made specifically for KR Services LLC dba Notary Livescan Post around live scan, notary and postal services. That is the direction I’d use for the finished set, and I’ll keep every piece tied to the actual services rather than generic filler.","I’d make the finished set around service highlights, FAQ-style education, and a clear next-step CTA. You receive the words + graphics ready to copy, post or reuse, so you do not have to design or write them yourself.","No problem. I’ll leave the sample with you. If timing changes, reply here and I can pick it back up. I won’t keep chasing you.","Hi KR Services LLC dba Notary Livescan Post team — one quick follow-up on the private live scan, notary and postal services sample I attached. If you want me to finish the full $100 set, reply YES. If not, no worries and I won’t follow up again.

– Anastaysia","Hi — I made a private live scan, notary and postal services sample for KR Services LLC dba Notary Livescan Post, but the public email I tried bounced. What business email should I send the preview to?

– Anastaysia","Thanks — payment is confirmed. I’m building the KR Services LLC dba Notary Livescan Post package around service highlights, FAQ-style education, and a clear next-step CTA. I’ll send the finished files in this email thread when they’re ready.

– Anastaysia","Hi KR Services LLC dba Notary Livescan Post team — your finished $100 content package is ready. I’ve organized the posts, graphics, follow-up copy, review/message replies and CTAs so they’re easy to reuse. If you want a different service emphasized in a future set, reply here.

– Anastaysia",New,,,
V5,162,323,Luxera Cleaning,"San Jose, CA",Residential and office cleaning,70,Priority-ranked; timing is not guaranteed,info@luxeracleaning.com,https://luxeracleaning.com/,669-786-3266,https://luxeracleaning.com/,2026-09-13,"Current owned site lists San Jose address, public email/phone, cleaning options, service areas and 2026 copyright.",residential and office cleaning,"Luxera lets customers choose eco-friendly/non-toxic or traditional products and offers recurring, deep, move and office cleaning; that choice architecture is ideal for straightforward comparison content.","Luxera lets customers choose eco-friendly/non-toxic or traditional products and offers recurring, deep, move and office cleaning; that choice architecture is ideal for straightforward comparison content. The $100 package is useful here because it turns those existing services into clear, reusable customer-facing content without requiring the business to write or design the pieces itself.",Private residential and office cleaning sample for Luxera Cleaning,"Hi Luxera Cleaning team,

I was looking at your business and noticed luxera lets customers choose eco-friendly/non-toxic or traditional products and offers recurring, deep, move and office cleaning; that choice architecture is ideal for straightforward comparison content. I made the attached private preview around that part of the business so you can judge the direction before spending anything.

For $100 one time, I can turn it into a complete done-for-you content pack. In plain English, you get:

• 10 ready-to-post Google / Facebook / social posts
• custom graphics made for Luxera Cleaning
• customer follow-up messages you can copy and paste
• review and customer-message reply templates
• stronger calls-to-action
• content built around your actual services
• everything organized and ready to use

No subscription and no contract. I’d build the first set around before/after process content, service-selection guidance, and quote CTAs.

Why it may be worth considering: you already have services worth explaining and showing; this package turns those existing strengths into content customers can actually see and understand.

If you like the sample, reply YES and I’ll finish the complete set.

If you already know you want it, the $100 PayPal invoice is here:
https://www.paypal.com/invoice/p/#7T6DC9A6WFH3XXCT

If you’d rather ask something first, just reply. If it isn’t useful, reply “no thanks” and I won’t keep following up.

Thanks,
Anastaysia",162-v5-luxera-cleaning.jpg,162-v5-luxera-cleaning.eml,"Absolutely — I can finish the full residential and office cleaning content package for Luxera Cleaning. It’s $100 one time, with no subscription or contract. PayPal invoice: https://www.paypal.com/invoice/p/#7T6DC9A6WFH3XXCT

Once payment is confirmed, I’ll build the complete set around before/after process content, service-selection guidance, and quote CTAs unless you want me to prioritize something else.

– Anastaysia","It’s $100 total, one time — not per post and not monthly. You keep the 10 posts, custom graphics, customer follow-up messages, review/message replies and CTA copy.","The attached sample was made specifically for Luxera Cleaning around residential and office cleaning. That is the direction I’d use for the finished set, and I’ll keep every piece tied to the actual services rather than generic filler.","I’d make the finished set around before/after process content, service-selection guidance, and quote CTAs. You receive the words + graphics ready to copy, post or reuse, so you do not have to design or write them yourself.","No problem. I’ll leave the sample with you. If timing changes, reply here and I can pick it back up. I won’t keep chasing you.","Hi Luxera Cleaning team — one quick follow-up on the private residential and office cleaning sample I attached. If you want me to finish the full $100 set, reply YES. If not, no worries and I won’t follow up again.

– Anastaysia","Hi — I made a private residential and office cleaning sample for Luxera Cleaning, but the public email I tried bounced. What business email should I send the preview to?

– Anastaysia","Thanks — payment is confirmed. I’m building the Luxera Cleaning package around before/after process content, service-selection guidance, and quote CTAs. I’ll send the finished files in this email thread when they’re ready.

– Anastaysia","Hi Luxera Cleaning team — your finished $100 content package is ready. I’ve organized the posts, graphics, follow-up copy, review/message replies and CTAs so they’re easy to reuse. If you want a different service emphasized in a future set, reply here.

– Anastaysia",New,,,
V5,163,325,Mail All Center,"Mountain View, CA","Mailbox, shipping and business services",70,Priority-ranked; timing is not guaranteed,info@mailallcenter.com,https://mailallcenter.com/,650-961-4646,https://mailallcenter.com/,2026-09-15,"Current public business site/contact evidence lists Mountain View location, phone and public email.","mailbox, shipping and business services","Mail All Center offers several small-business and consumer service paths; plain-English service-selector content could help customers choose mailbox, shipping or related services.","Mail All Center offers several small-business and consumer service paths; plain-English service-selector content could help customers choose mailbox, shipping or related services. The $100 package is useful here because it turns those existing services into clear, reusable customer-facing content without requiring the business to write or design the pieces itself.","Private mailbox, shipping and business services sample for Mail All Center","Hi Mail All Center team,

I was looking at your business and noticed mail All Center offers several small-business and consumer service paths; plain-English service-selector content could help customers choose mailbox, shipping or related services. I made the attached private preview around that part of the business so you can judge the direction before spending anything.

For $100 one time, I can turn it into a complete done-for-you content pack. In plain English, you get:

• 10 ready-to-post Google / Facebook / social posts
• custom graphics made for Mail All Center
• customer follow-up messages you can copy and paste
• review and customer-message reply templates
• stronger calls-to-action
• content built around your actual services
• everything organized and ready to use

No subscription and no contract. I’d build the first set around service highlights, FAQ-style education, and a clear next-step CTA.

Why it may be worth considering: you already have services worth explaining and showing; this package turns those existing strengths into content customers can actually see and understand.

If you like the sample, reply YES and I’ll finish the complete set.

If you already know you want it, the $100 PayPal invoice is here:
https://www.paypal.com/invoice/p/#7T6DC9A6WFH3XXCT

If you’d rather ask something first, just reply. If it isn’t useful, reply “no thanks” and I won’t keep following up.

Thanks,
Anastaysia",163-v5-mail-all-center.jpg,163-v5-mail-all-center.eml,"Absolutely — I can finish the full mailbox, shipping and business services content package for Mail All Center. It’s $100 one time, with no subscription or contract. PayPal invoice: https://www.paypal.com/invoice/p/#7T6DC9A6WFH3XXCT

Once payment is confirmed, I’ll build the complete set around service highlights, FAQ-style education, and a clear next-step CTA unless you want me to prioritize something else.

– Anastaysia","It’s $100 total, one time — not per post and not monthly. You keep the 10 posts, custom graphics, customer follow-up messages, review/message replies and CTA copy.","The attached sample was made specifically for Mail All Center around mailbox, shipping and business services. That is the direction I’d use for the finished set, and I’ll keep every piece tied to the actual services rather than generic filler.","I’d make the finished set around service highlights, FAQ-style education, and a clear next-step CTA. You receive the words + graphics ready to copy, post or reuse, so you do not have to design or write them yourself.","No problem. I’ll leave the sample with you. If timing changes, reply here and I can pick it back up. I won’t keep chasing you.","Hi Mail All Center team — one quick follow-up on the private mailbox, shipping and business services sample I attached. If you want me to finish the full $100 set, reply YES. If not, no worries and I won’t follow up again.

– Anastaysia","Hi — I made a private mailbox, shipping and business services sample for Mail All Center, but the public email I tried bounced. What business email should I send the preview to?

– Anastaysia","Thanks — payment is confirmed. I’m building the Mail All Center package around service highlights, FAQ-style education, and a clear next-step CTA. I’ll send the finished files in this email thread when they’re ready.

– Anastaysia","Hi Mail All Center team — your finished $100 content package is ready. I’ve organized the posts, graphics, follow-up copy, review/message replies and CTAs so they’re easy to reuse. If you want a different service emphasized in a future set, reply here.

– Anastaysia",New,,,
V5,164,327,Maison Alyzee Mountain View,"Mountain View, CA","Bakery, cafe and catering",70,Priority-ranked; timing is not guaranteed,contact@maisonalyzee.com,https://www.maisonalyzee.com/,650-960-1212,https://www.maisonalyzee.com/,2026-09-15,,"bakery, cafe and catering","Maison Alyzee combines bakery/cafe purchases with catering; product, occasion and catering-path content can clarify several ways customers.","Maison Alyzee combines bakery/cafe purchases with catering; product, occasion and catering-path content can clarify several ways customers. The $100 package is useful here because it turns those existing services into clear, reusable customer-facing content without requiring the business to write or design the pieces itself.","Private bakery, cafe and catering sample for Maison Alyzee Mountain View","Hi Maison Alyzee Mountain View team,

I was looking at your business and noticed maison Alyzee combines bakery/cafe purchases with catering; product, occasion and catering-path content can clarify several ways customers. I made the attached private preview around that part of the business so you can judge the direction before spending anything.

For $100 one time, I can turn it into a complete done-for-you content pack. In plain English, you get:

• 10 ready-to-post Google / Facebook / social posts
• custom graphics made for Maison Alyzee Mountain View
• customer follow-up messages you can copy and paste
• review and customer-message reply templates
• stronger calls-to-action
• content built around your actual services
• everything organized and ready to use

No subscription and no contract. I’d build the first set around menu/service highlights, event or ordering guidance, and local customer CTAs.

Why it may be worth considering: you already have services worth explaining and showing; this package turns those existing strengths into content customers can actually see and understand.

If you like the sample, reply YES and I’ll finish the complete set.

If you already know you want it, the $100 PayPal invoice is here:
https://www.paypal.com/invoice/p/#7T6DC9A6WFH3XXCT

If you’d rather ask something first, just reply. If it isn’t useful, reply “no thanks” and I won’t keep following up.

Thanks,
Anastaysia",164-v5-maison-alyzee-mountain-view.jpg,164-v5-maison-alyzee-mountain-view.eml,"Absolutely — I can finish the full bakery, cafe and catering content package for Maison Alyzee Mountain View. It’s $100 one time, with no subscription or contract. PayPal invoice: https://www.paypal.com/invoice/p/#7T6DC9A6WFH3XXCT

Once payment is confirmed, I’ll build the complete set around menu/service highlights, event or ordering guidance, and local customer CTAs unless you want me to prioritize something else.

– Anastaysia","It’s $100 total, one time — not per post and not monthly. You keep the 10 posts, custom graphics, customer follow-up messages, review/message replies and CTA copy.","The attached sample was made specifically for Maison Alyzee Mountain View around bakery, cafe and catering. That is the direction I’d use for the finished set, and I’ll keep every piece tied to the actual services rather than generic filler.","I’d make the finished set around menu/service highlights, event or ordering guidance, and local customer CTAs. You receive the words + graphics ready to copy, post or reuse, so you do not have to design or write them yourself.","No problem. I’ll leave the sample with you. If timing changes, reply here and I can pick it back up. I won’t keep chasing you.","Hi Maison Alyzee Mountain View team — one quick follow-up on the private bakery, cafe and catering sample I attached. If you want me to finish the full $100 set, reply YES. If not, no worries and I won’t follow up again.

– Anastaysia","Hi — I made a private bakery, cafe and catering sample for Maison Alyzee Mountain View, but the public email I tried bounced. What business email should I send the preview to?

– Anastaysia","Thanks — payment is confirmed. I’m building the Maison Alyzee Mountain View package around menu/service highlights, event or ordering guidance, and local customer CTAs. I’ll send the finished files in this email thread when they’re ready.

– Anastaysia","Hi Maison Alyzee Mountain View team — your finished $100 content package is ready. I’ve organized the posts, graphics, follow-up copy, review/message replies and CTAs so they’re easy to reuse. If you want a different service emphasized in a future set, reply here.

– Anastaysia",New,,,
V5,165,329,Menage a Trois SJ LLC,"Sunnyvale, CA","Wedding planning, design and event coordination",70,Priority-ranked; timing is not guaranteed,hello@menageatroisj.com,https://www.menageatroisj.com/,408-673-8869,https://www.menageatroisj.com/,2026-09-13,Current owned site publishes hello@menageatroisj.com and active planning packages; a 2026 California-registry-derived listing places the active LLC in Sunnyvale with a Santa Clara manager.,"wedding planning, design and event coordination","The company publishes several planning packages plus rentals, draping and floral design; package-comparison and planning-timeline content can make the differences easier for couples to understand.","The company publishes several planning packages plus rentals, draping and floral design; package-comparison and planning-timeline content can make the differences easier for couples to understand. The $100 package is useful here because it turns those existing services into clear, reusable customer-facing content without requiring the business to write or design the pieces itself.","Private wedding planning, design and event coordination sample for Menage a Trois SJ LLC","Hi Menage a Trois SJ LLC team,

I was looking at your business and noticed the company publishes several planning packages plus rentals, draping and floral design; package-comparison and planning-timeline content can make the differences easier for couples to understand. I made the attached private preview around that part of the business so you can judge the direction before spending anything.

For $100 one time, I can turn it into a complete done-for-you content pack. In plain English, you get:

• 10 ready-to-post Google / Facebook / social posts
• custom graphics made for Menage a Trois SJ LLC
• customer follow-up messages you can copy and paste
• review and customer-message reply templates
• stronger calls-to-action
• content built around your actual services
• everything organized and ready to use

No subscription and no contract. I’d build the first set around service highlights, FAQ-style education, and a clear next-step CTA.

Why it may be worth considering: you already have services worth explaining and showing; this package turns those existing strengths into content customers can actually see and understand.

If you like the sample, reply YES and I’ll finish the complete set.

If you already know you want it, the $100 PayPal invoice is here:
https://www.paypal.com/invoice/p/#7T6DC9A6WFH3XXCT

If you’d rather ask something first, just reply. If it isn’t useful, reply “no thanks” and I won’t keep following up.

Thanks,
Anastaysia",165-v5-menage-a-trois-sj-llc.jpg,165-v5-menage-a-trois-sj-llc.eml,"Absolutely — I can finish the full wedding planning, design and event coordination content package for Menage a Trois SJ LLC. It’s $100 one time, with no subscription or contract. PayPal invoice: https://www.paypal.com/invoice/p/#7T6DC9A6WFH3XXCT

Once payment is confirmed, I’ll build the complete set around service highlights, FAQ-style education, and a clear next-step CTA unless you want me to prioritize something else.

– Anastaysia","It’s $100 total, one time — not per post and not monthly. You keep the 10 posts, custom graphics, customer follow-up messages, review/message replies and CTA copy.","The attached sample was made specifically for Menage a Trois SJ LLC around wedding planning, design and event coordination. That is the direction I’d use for the finished set, and I’ll keep every piece tied to the actual services rather than generic filler.","I’d make the finished set around service highlights, FAQ-style education, and a clear next-step CTA. You receive the words + graphics ready to copy, post or reuse, so you do not have to design or write them yourself.","No problem. I’ll leave the sample with you. If timing changes, reply here and I can pick it back up. I won’t keep chasing you.","Hi Menage a Trois SJ LLC team — one quick follow-up on the private wedding planning, design and event coordination sample I attached. If you want me to finish the full $100 set, reply YES. If not, no worries and I won’t follow up again.

– Anastaysia","Hi — I made a private wedding planning, design and event coordination sample for Menage a Trois SJ LLC, but the public email I tried bounced. What business email should I send the preview to?

– Anastaysia","Thanks — payment is confirmed. I’m building the Menage a Trois SJ LLC package around service highlights, FAQ-style education, and a clear next-step CTA. I’ll send the finished files in this email thread when they’re ready.

– Anastaysia","Hi Menage a Trois SJ LLC team — your finished $100 content package is ready. I’ve organized the posts, graphics, follow-up copy, review/message replies and CTAs so they’re easy to reuse. If you want a different service emphasized in a future set, reply here.

– Anastaysia",New,,,
V5,166,331,Mimosas Brunch & Bubbles,"Campbell, CA",Brunch restaurant and hospitality,70,Priority-ranked; timing is not guaranteed,info@mimosasbnb.com,https://mimosasbnb.com/,408-628-4419,https://mimosasbnb.com/campbell-mimosas-brunch-and-bubbles-contact-us,2026-09-13,"Current owned contact page lists Campbell address, public email/phone and operating hours.",brunch restaurant and hospitality,"Mimosas publishes a Campbell location, reservations/contact workflow and focused brunch identity; menu highlights, celebration occasions and first-visit content can give local diners concrete reasons to choose a visit.","Mimosas publishes a Campbell location, reservations/contact workflow and focused brunch identity; menu highlights, celebration occasions and first-visit content can give local diners concrete reasons to choose a visit. The $100 package is useful here because it turns those existing services into clear, reusable customer-facing content without requiring the business to write or design the pieces itself.",Private brunch restaurant and hospitality sample for Mimosas Brunch & Bubbles,"Hi Mimosas Brunch & Bubbles team,

I was looking at your business and noticed mimosas publishes a Campbell location, reservations/contact workflow and focused brunch identity; menu highlights, celebration occasions and first-visit content can give local diners concrete reasons to choose a visit. I made the attached private preview around that part of the business so you can judge the direction before spending anything.

For $100 one time, I can turn it into a complete done-for-you content pack. In plain English, you get:

• 10 ready-to-post Google / Facebook / social posts
• custom graphics made for Mimosas Brunch & Bubbles
• customer follow-up messages you can copy and paste
• review and customer-message reply templates
• stronger calls-to-action
• content built around your actual services
• everything organized and ready to use

No subscription and no contract. I’d build the first set around menu/service highlights, event or ordering guidance, and local customer CTAs.

Why it may be worth considering: you already have services worth explaining and showing; this package turns those existing strengths into content customers can actually see and understand.

If you like the sample, reply YES and I’ll finish the complete set.

If you already know you want it, the $100 PayPal invoice is here:
https://www.paypal.com/invoice/p/#7T6DC9A6WFH3XXCT

If you’d rather ask something first, just reply. If it isn’t useful, reply “no thanks” and I won’t keep following up.

Thanks,
Anastaysia",166-v5-mimosas-brunch-bubbles.jpg,166-v5-mimosas-brunch-bubbles.eml,"Absolutely — I can finish the full brunch restaurant and hospitality content package for Mimosas Brunch & Bubbles. It’s $100 one time, with no subscription or contract. PayPal invoice: https://www.paypal.com/invoice/p/#7T6DC9A6WFH3XXCT

Once payment is confirmed, I’ll build the complete set around menu/service highlights, event or ordering guidance, and local customer CTAs unless you want me to prioritize something else.

– Anastaysia","It’s $100 total, one time — not per post and not monthly. You keep the 10 posts, custom graphics, customer follow-up messages, review/message replies and CTA copy.","The attached sample was made specifically for Mimosas Brunch & Bubbles around brunch restaurant and hospitality. That is the direction I’d use for the finished set, and I’ll keep every piece tied to the actual services rather than generic filler.","I’d make the finished set around menu/service highlights, event or ordering guidance, and local customer CTAs. You receive the words + graphics ready to copy, post or reuse, so you do not have to design or write them yourself.","No problem. I’ll leave the sample with you. If timing changes, reply here and I can pick it back up. I won’t keep chasing you.","Hi Mimosas Brunch & Bubbles team — one quick follow-up on the private brunch restaurant and hospitality sample I attached. If you want me to finish the full $100 set, reply YES. If not, no worries and I won’t follow up again.

– Anastaysia","Hi — I made a private brunch restaurant and hospitality sample for Mimosas Brunch & Bubbles, but the public email I tried bounced. What business email should I send the preview to?

– Anastaysia","Thanks — payment is confirmed. I’m building the Mimosas Brunch & Bubbles package around menu/service highlights, event or ordering guidance, and local customer CTAs. I’ll send the finished files in this email thread when they’re ready.

– Anastaysia","Hi Mimosas Brunch & Bubbles team — your finished $100 content package is ready. I’ve organized the posts, graphics, follow-up copy, review/message replies and CTAs so they’re easy to reuse. If you want a different service emphasized in a future set, reply here.

– Anastaysia",New,,,
V5,167,333,Morgan Hill Laundry,"Morgan Hill, CA",Laundromat,70,Priority-ranked; timing is not guaranteed,info@morganhilllaundry.com,https://www.morganhilllaundry.com/,408-778-7888,https://www.morganhilllaundry.com/,"Morgan Hill Laundry combines self-service, wash-and-fold and scheduled commercial laundry for hotels, clinics, spas, restaurants, gyms and salons; content can clearly separate consumer and business use cases.",2026-09-13,laundromat,wash-and-fold and commercial laundry,"wash-and-fold and commercial laundry. The $100 package is useful here because it turns those existing services into clear, reusable customer-facing content without requiring the business to write or design the pieces itself.",Private laundromat sample for Morgan Hill Laundry,"Hi Morgan Hill Laundry team,

I was looking at your business and noticed wash-and-fold and commercial laundry. I made the attached private preview around that part of the business so you can judge the direction before spending anything.

For $100 one time, I can turn it into a complete done-for-you content pack. In plain English, you get:

• 10 ready-to-post Google / Facebook / social posts
• custom graphics made for Morgan Hill Laundry
• customer follow-up messages you can copy and paste
• review and customer-message reply templates
• stronger calls-to-action
• content built around your actual services
• everything organized and ready to use

No subscription and no contract. I’d build the first set around service highlights, FAQ-style education, and a clear next-step CTA.

Why it may be worth considering: you already have services worth explaining and showing; this package turns those existing strengths into content customers can actually see and understand.

If you like the sample, reply YES and I’ll finish the complete set.

If you already know you want it, the $100 PayPal invoice is here:
https://www.paypal.com/invoice/p/#7T6DC9A6WFH3XXCT

If you’d rather ask something first, just reply. If it isn’t useful, reply “no thanks” and I won’t keep following up.

Thanks,
Anastaysia",167-v5-morgan-hill-laundry.jpg,167-v5-morgan-hill-laundry.eml,"Absolutely — I can finish the full laundromat content package for Morgan Hill Laundry. It’s $100 one time, with no subscription or contract. PayPal invoice: https://www.paypal.com/invoice/p/#7T6DC9A6WFH3XXCT

Once payment is confirmed, I’ll build the complete set around service highlights, FAQ-style education, and a clear next-step CTA unless you want me to prioritize something else.

– Anastaysia","It’s $100 total, one time — not per post and not monthly. You keep the 10 posts, custom graphics, customer follow-up messages, review/message replies and CTA copy.","The attached sample was made specifically for Morgan Hill Laundry around laundromat. That is the direction I’d use for the finished set, and I’ll keep every piece tied to the actual services rather than generic filler.","I’d make the finished set around service highlights, FAQ-style education, and a clear next-step CTA. You receive the words + graphics ready to copy, post or reuse, so you do not have to design or write them yourself.","No problem. I’ll leave the sample with you. If timing changes, reply here and I can pick it back up. I won’t keep chasing you.","Hi Morgan Hill Laundry team — one quick follow-up on the private laundromat sample I attached. If you want me to finish the full $100 set, reply YES. If not, no worries and I won’t follow up again.

– Anastaysia","Hi — I made a private laundromat sample for Morgan Hill Laundry, but the public email I tried bounced. What business email should I send the preview to?

– Anastaysia","Thanks — payment is confirmed. I’m building the Morgan Hill Laundry package around service highlights, FAQ-style education, and a clear next-step CTA. I’ll send the finished files in this email thread when they’re ready.

– Anastaysia","Hi Morgan Hill Laundry team — your finished $100 content package is ready. I’ve organized the posts, graphics, follow-up copy, review/message replies and CTAs so they’re easy to reuse. If you want a different service emphasized in a future set, reply here.

– Anastaysia",New,,,
V5,168,335,"Next Gen Aussies, Collies and Shepherds","Morgan Hill, CA","Dog training, boarding and agility",70,Priority-ranked; timing is not guaranteed,info@nextgenacs.com,https://sck9training.wixsite.com/website,408-461-0206,https://sck9training.wixsite.com/website,2026-09-13,"Current owned Wix site publishes info@nextgenacs.com, 408-461-0206 and Morgan Hill location; active pages describe multiple training programs and facility options.","dog training, boarding and agility","Next Gen offers board-and-train, reactive-dog training, service-dog training, agility and field rental; service-comparison and intake-prep content could help dog owners identify the right inquiry path without making behavior or medical guarantees.","Next Gen offers board-and-train, reactive-dog training, service-dog training, agility and field rental; service-comparison and intake-prep content could help dog owners identify the right inquiry path without making behavior or medical guarantees. The $100 package is useful here because it turns those existing services into clear, reusable customer-facing content without requiring the business to write or design the pieces itself.","Private dog training, boarding and agility sample for Next Gen Aussies, Collies and Shepherds","Hi Next Gen Aussies, Collies and Shepherds team,

I was looking at your business and noticed next Gen offers board-and-train, reactive-dog training, service-dog training, agility and field rental; service-comparison and intake-prep content could help dog owners identify the right inquiry path without making behavior or medical guarantees. I made the attached private preview around that part of the business so you can judge the direction before spending anything.

For $100 one time, I can turn it into a complete done-for-you content pack. In plain English, you get:

• 10 ready-to-post Google / Facebook / social posts
• custom graphics made for Next Gen Aussies, Collies and Shepherds
• customer follow-up messages you can copy and paste
• review and customer-message reply templates
• stronger calls-to-action
• content built around your actual services
• everything organized and ready to use

No subscription and no contract. I’d build the first set around service highlights, FAQ-style education, and a clear next-step CTA.

Why it may be worth considering: you already have services worth explaining and showing; this package turns those existing strengths into content customers can actually see and understand.

If you like the sample, reply YES and I’ll finish the complete set.

If you already know you want it, the $100 PayPal invoice is here:
https://www.paypal.com/invoice/p/#7T6DC9A6WFH3XXCT

If you’d rather ask something first, just reply. If it isn’t useful, reply “no thanks” and I won’t keep following up.

Thanks,
Anastaysia",168-v5-next-gen-aussies-collies-and-shepherds.jpg,168-v5-next-gen-aussies-collies-and-shepherds.eml,"Absolutely — I can finish the full dog training, boarding and agility content package for Next Gen Aussies, Collies and Shepherds. It’s $100 one time, with no subscription or contract. PayPal invoice: https://www.paypal.com/invoice/p/#7T6DC9A6WFH3XXCT

Once payment is confirmed, I’ll build the complete set around service highlights, FAQ-style education, and a clear next-step CTA unless you want me to prioritize something else.

– Anastaysia","It’s $100 total, one time — not per post and not monthly. You keep the 10 posts, custom graphics, customer follow-up messages, review/message replies and CTA copy.","The attached sample was made specifically for Next Gen Aussies, Collies and Shepherds around dog training, boarding and agility. That is the direction I’d use for the finished set, and I’ll keep every piece tied to the actual services rather than generic filler.","I’d make the finished set around service highlights, FAQ-style education, and a clear next-step CTA. You receive the words + graphics ready to copy, post or reuse, so you do not have to design or write them yourself.","No problem. I’ll leave the sample with you. If timing changes, reply here and I can pick it back up. I won’t keep chasing you.","Hi Next Gen Aussies, Collies and Shepherds team — one quick follow-up on the private dog training, boarding and agility sample I attached. If you want me to finish the full $100 set, reply YES. If not, no worries and I won’t follow up again.

– Anastaysia","Hi — I made a private dog training, boarding and agility sample for Next Gen Aussies, Collies and Shepherds, but the public email I tried bounced. What business email should I send the preview to?

– Anastaysia","Thanks — payment is confirmed. I’m building the Next Gen Aussies, Collies and Shepherds package around service highlights, FAQ-style education, and a clear next-step CTA. I’ll send the finished files in this email thread when they’re ready.

– Anastaysia","Hi Next Gen Aussies, Collies and Shepherds team — your finished $100 content package is ready. I’ve organized the posts, graphics, follow-up copy, review/message replies and CTAs so they’re easy to reuse. If you want a different service emphasized in a future set, reply here.

– Anastaysia",New,,,
V5,169,337,Parktown Pizza,"Milpitas / Morgan Hill / San Jose, CA","Pizza restaurant, delivery, takeout and catering",70,Priority-ranked; timing is not guaranteed,info@parktownpizza.com,https://parktownpizza.com/,408-263-2131,https://parktownpizza.com/places/santa-clara-county,2026-09-13,"Current owned Santa Clara County page lists Milpitas, Morgan Hill and San Jose coverage, info@parktownpizza.com, the Milpitas phone and current pickup/delivery/catering options.","pizza restaurant, delivery, takeout and catering","Parktown Pizza markets delivery, takeout, dine-in and catering across multiple Santa Clara County locations; occasion, catering and location-specific content can be demonstrated directly from its current service mix.","Parktown Pizza markets delivery, takeout, dine-in and catering across multiple Santa Clara County locations; occasion, catering and location-specific content can be demonstrated directly from its current service mix. The $100 package is useful here because it turns those existing services into clear, reusable customer-facing content without requiring the business to write or design the pieces itself.","Private pizza restaurant, delivery, takeout and catering sample for Parktown Pizza","Hi Parktown Pizza team,

I was looking at your business and noticed parktown Pizza markets delivery, takeout, dine-in and catering across multiple Santa Clara County locations; occasion, catering and location-specific content can be demonstrated directly from its current service mix. I made the attached private preview around that part of the business so you can judge the direction before spending anything.

For $100 one time, I can turn it into a complete done-for-you content pack. In plain English, you get:

• 10 ready-to-post Google / Facebook / social posts
• custom graphics made for Parktown Pizza
• customer follow-up messages you can copy and paste
• review and customer-message reply templates
• stronger calls-to-action
• content built around your actual services
• everything organized and ready to use

No subscription and no contract. I’d build the first set around menu/service highlights, event or ordering guidance, and local customer CTAs.

Why it may be worth considering: you already have services worth explaining and showing; this package turns those existing strengths into content customers can actually see and understand.

If you like the sample, reply YES and I’ll finish the complete set.

If you already know you want it, the $100 PayPal invoice is here:
https://www.paypal.com/invoice/p/#7T6DC9A6WFH3XXCT

If you’d rather ask something first, just reply. If it isn’t useful, reply “no thanks” and I won’t keep following up.

Thanks,
Anastaysia",169-v5-parktown-pizza.jpg,169-v5-parktown-pizza.eml,"Absolutely — I can finish the full pizza restaurant, delivery, takeout and catering content package for Parktown Pizza. It’s $100 one time, with no subscription or contract. PayPal invoice: https://www.paypal.com/invoice/p/#7T6DC9A6WFH3XXCT

Once payment is confirmed, I’ll build the complete set around menu/service highlights, event or ordering guidance, and local customer CTAs unless you want me to prioritize something else.

– Anastaysia","It’s $100 total, one time — not per post and not monthly. You keep the 10 posts, custom graphics, customer follow-up messages, review/message replies and CTA copy.","The attached sample was made specifically for Parktown Pizza around pizza restaurant, delivery, takeout and catering. That is the direction I’d use for the finished set, and I’ll keep every piece tied to the actual services rather than generic filler.","I’d make the finished set around menu/service highlights, event or ordering guidance, and local customer CTAs. You receive the words + graphics ready to copy, post or reuse, so you do not have to design or write them yourself.","No problem. I’ll leave the sample with you. If timing changes, reply here and I can pick it back up. I won’t keep chasing you.","Hi Parktown Pizza team — one quick follow-up on the private pizza restaurant, delivery, takeout and catering sample I attached. If you want me to finish the full $100 set, reply YES. If not, no worries and I won’t follow up again.

– Anastaysia","Hi — I made a private pizza restaurant, delivery, takeout and catering sample for Parktown Pizza, but the public email I tried bounced. What business email should I send the preview to?

– Anastaysia","Thanks — payment is confirmed. I’m building the Parktown Pizza package around menu/service highlights, event or ordering guidance, and local customer CTAs. I’ll send the finished files in this email thread when they’re ready.

– Anastaysia","Hi Parktown Pizza team — your finished $100 content package is ready. I’ve organized the posts, graphics, follow-up copy, review/message replies and CTAs so they’re easy to reuse. If you want a different service emphasized in a future set, reply here.

– Anastaysia",New,,,
V5,170,339,Pinocchio's Pizza Gilroy,"Gilroy, CA",Family pizza restaurant,70,Priority-ranked; timing is not guaranteed,info@gilroypizza.com,https://gilroypizza.com/,408-847-3464,https://visitgilroy.com/listing/pinocchios-pizza/191/,2026-09-16,"Current Visit Gilroy listing publishes exact domain email, phone, address and current restaurant hours.",family pizza restaurant,"Pinocchio's is a family-operated local pizza restaurant; menu, family-meal and order-prep content can strengthen a straightforward local dining path.","Pinocchio's is a family-operated local pizza restaurant; menu, family-meal and order-prep content can strengthen a straightforward local dining path. The $100 package is useful here because it turns those existing services into clear, reusable customer-facing content without requiring the business to write or design the pieces itself.",Private family pizza restaurant sample for Pinocchio's Pizza Gilroy,"Hi Pinocchio's Pizza Gilroy team,

I was looking at your business and noticed pinocchio's is a family-operated local pizza restaurant; menu, family-meal and order-prep content can strengthen a straightforward local dining path. I made the attached private preview around that part of the business so you can judge the direction before spending anything.

For $100 one time, I can turn it into a complete done-for-you content pack. In plain English, you get:

• 10 ready-to-post Google / Facebook / social posts
• custom graphics made for Pinocchio's Pizza Gilroy
• customer follow-up messages you can copy and paste
• review and customer-message reply templates
• stronger calls-to-action
• content built around your actual services
• everything organized and ready to use

No subscription and no contract. I’d build the first set around menu/service highlights, event or ordering guidance, and local customer CTAs.

Why it may be worth considering: you already have services worth explaining and showing; this package turns those existing strengths into content customers can actually see and understand.

If you like the sample, reply YES and I’ll finish the complete set.

If you already know you want it, the $100 PayPal invoice is here:
https://www.paypal.com/invoice/p/#7T6DC9A6WFH3XXCT

If you’d rather ask something first, just reply. If it isn’t useful, reply “no thanks” and I won’t keep following up.

Thanks,
Anastaysia",170-v5-pinocchio-s-pizza-gilroy.jpg,170-v5-pinocchio-s-pizza-gilroy.eml,"Absolutely — I can finish the full family pizza restaurant content package for Pinocchio's Pizza Gilroy. It’s $100 one time, with no subscription or contract. PayPal invoice: https://www.paypal.com/invoice/p/#7T6DC9A6WFH3XXCT

Once payment is confirmed, I’ll build the complete set around menu/service highlights, event or ordering guidance, and local customer CTAs unless you want me to prioritize something else.

– Anastaysia","It’s $100 total, one time — not per post and not monthly. You keep the 10 posts, custom graphics, customer follow-up messages, review/message replies and CTA copy.","The attached sample was made specifically for Pinocchio's Pizza Gilroy around family pizza restaurant. That is the direction I’d use for the finished set, and I’ll keep every piece tied to the actual services rather than generic filler.","I’d make the finished set around menu/service highlights, event or ordering guidance, and local customer CTAs. You receive the words + graphics ready to copy, post or reuse, so you do not have to design or write them yourself.","No problem. I’ll leave the sample with you. If timing changes, reply here and I can pick it back up. I won’t keep chasing you.","Hi Pinocchio's Pizza Gilroy team — one quick follow-up on the private family pizza restaurant sample I attached. If you want me to finish the full $100 set, reply YES. If not, no worries and I won’t follow up again.

– Anastaysia","Hi — I made a private family pizza restaurant sample for Pinocchio's Pizza Gilroy, but the public email I tried bounced. What business email should I send the preview to?

– Anastaysia","Thanks — payment is confirmed. I’m building the Pinocchio's Pizza Gilroy package around menu/service highlights, event or ordering guidance, and local customer CTAs. I’ll send the finished files in this email thread when they’re ready.

– Anastaysia","Hi Pinocchio's Pizza Gilroy team — your finished $100 content package is ready. I’ve organized the posts, graphics, follow-up copy, review/message replies and CTAs so they’re easy to reuse. If you want a different service emphasized in a future set, reply here.

– Anastaysia",New,,,
V5,171,341,Poki Bowl Gilroy,"Gilroy, CA","Restaurant, pickup, delivery and party trays",70,Priority-ranked; timing is not guaranteed,info@pokibowl.com,https://pokibowl.com/gilroy/,408-337-5136,https://pokibowl.com/gilroy/,2026-09-16,Current official location page lists Gilroy address and active ordering; public corporate inbox is published on current site.,"restaurant, pickup, delivery and party trays","The Gilroy location offers customizable bowls, pickup/delivery and party trays; ordering and group-meal content can make the local purchase path clearer.","The Gilroy location offers customizable bowls, pickup/delivery and party trays; ordering and group-meal content can make the local purchase path clearer. The $100 package is useful here because it turns those existing services into clear, reusable customer-facing content without requiring the business to write or design the pieces itself.","Private restaurant, pickup, delivery and party trays sample for Poki Bowl Gilroy","Hi Poki Bowl Gilroy team,

I was looking at your business and noticed the Gilroy location offers customizable bowls, pickup/delivery and party trays; ordering and group-meal content can make the local purchase path clearer. I made the attached private preview around that part of the business so you can judge the direction before spending anything.

For $100 one time, I can turn it into a complete done-for-you content pack. In plain English, you get:

• 10 ready-to-post Google / Facebook / social posts
• custom graphics made for Poki Bowl Gilroy
• customer follow-up messages you can copy and paste
• review and customer-message reply templates
• stronger calls-to-action
• content built around your actual services
• everything organized and ready to use

No subscription and no contract. I’d build the first set around menu/service highlights, event or ordering guidance, and local customer CTAs.

Why it may be worth considering: you already have services worth explaining and showing; this package turns those existing strengths into content customers can actually see and understand.

If you like the sample, reply YES and I’ll finish the complete set.

If you already know you want it, the $100 PayPal invoice is here:
https://www.paypal.com/invoice/p/#7T6DC9A6WFH3XXCT

If you’d rather ask something first, just reply. If it isn’t useful, reply “no thanks” and I won’t keep following up.

Thanks,
Anastaysia",171-v5-poki-bowl-gilroy.jpg,171-v5-poki-bowl-gilroy.eml,"Absolutely — I can finish the full restaurant, pickup, delivery and party trays content package for Poki Bowl Gilroy. It’s $100 one time, with no subscription or contract. PayPal invoice: https://www.paypal.com/invoice/p/#7T6DC9A6WFH3XXCT

Once payment is confirmed, I’ll build the complete set around menu/service highlights, event or ordering guidance, and local customer CTAs unless you want me to prioritize something else.

– Anastaysia","It’s $100 total, one time — not per post and not monthly. You keep the 10 posts, custom graphics, customer follow-up messages, review/message replies and CTA copy.","The attached sample was made specifically for Poki Bowl Gilroy around restaurant, pickup, delivery and party trays. That is the direction I’d use for the finished set, and I’ll keep every piece tied to the actual services rather than generic filler.","I’d make the finished set around menu/service highlights, event or ordering guidance, and local customer CTAs. You receive the words + graphics ready to copy, post or reuse, so you do not have to design or write them yourself.","No problem. I’ll leave the sample with you. If timing changes, reply here and I can pick it back up. I won’t keep chasing you.","Hi Poki Bowl Gilroy team — one quick follow-up on the private restaurant, pickup, delivery and party trays sample I attached. If you want me to finish the full $100 set, reply YES. If not, no worries and I won’t follow up again.

– Anastaysia","Hi — I made a private restaurant, pickup, delivery and party trays sample for Poki Bowl Gilroy, but the public email I tried bounced. What business email should I send the preview to?

– Anastaysia","Thanks — payment is confirmed. I’m building the Poki Bowl Gilroy package around menu/service highlights, event or ordering guidance, and local customer CTAs. I’ll send the finished files in this email thread when they’re ready.

– Anastaysia","Hi Poki Bowl Gilroy team — your finished $100 content package is ready. I’ve organized the posts, graphics, follow-up copy, review/message replies and CTAs so they’re easy to reuse. If you want a different service emphasized in a future set, reply here.

– Anastaysia",New,,,
V5,172,343,PrintPapa,"Santa Clara, CA",Commercial printing and marketing production,70,Priority-ranked; timing is not guaranteed,contact@printpapa.com,https://www.printpapa.com/,408-567-9553,https://www.printpapa.com/eshop/pc/privacy-policy.asp,2026-09-13,Official privacy page publishes contact@printpapa.com and Santa Clara address; current contact/catalog pages identify 2026 as the company's 21st year and show active ordering/contact workflows.,commercial printing and marketing production,"PrintPapa currently promotes print, signage and promotional products from a Santa Clara production location; a compact 'what to use when' campaign can help small-business buyers choose the right print format faster.","PrintPapa currently promotes print, signage and promotional products from a Santa Clara production location; a compact 'what to use when' campaign can help small-business buyers choose the right print format faster. The $100 package is useful here because it turns those existing services into clear, reusable customer-facing content without requiring the business to write or design the pieces itself.",Private commercial printing and marketing production sample for PrintPapa,"Hi PrintPapa team,

I was looking at your business and noticed printPapa currently promotes print, signage and promotional products from a Santa Clara production location; a compact 'what to use when' campaign can help small-business buyers choose the right print format faster. I made the attached private preview around that part of the business so you can judge the direction before spending anything.

For $100 one time, I can turn it into a complete done-for-you content pack. In plain English, you get:

• 10 ready-to-post Google / Facebook / social posts
• custom graphics made for PrintPapa
• customer follow-up messages you can copy and paste
• review and customer-message reply templates
• stronger calls-to-action
• content built around your actual services
• everything organized and ready to use

No subscription and no contract. I’d build the first set around service highlights, FAQ-style education, and a clear next-step CTA.

Why it may be worth considering: you already have services worth explaining and showing; this package turns those existing strengths into content customers can actually see and understand.

If you like the sample, reply YES and I’ll finish the complete set.

If you already know you want it, the $100 PayPal invoice is here:
https://www.paypal.com/invoice/p/#7T6DC9A6WFH3XXCT

If you’d rather ask something first, just reply. If it isn’t useful, reply “no thanks” and I won’t keep following up.

Thanks,
Anastaysia",172-v5-printpapa.jpg,172-v5-printpapa.eml,"Absolutely — I can finish the full commercial printing and marketing production content package for PrintPapa. It’s $100 one time, with no subscription or contract. PayPal invoice: https://www.paypal.com/invoice/p/#7T6DC9A6WFH3XXCT

Once payment is confirmed, I’ll build the complete set around service highlights, FAQ-style education, and a clear next-step CTA unless you want me to prioritize something else.

– Anastaysia","It’s $100 total, one time — not per post and not monthly. You keep the 10 posts, custom graphics, customer follow-up messages, review/message replies and CTA copy.","The attached sample was made specifically for PrintPapa around commercial printing and marketing production. That is the direction I’d use for the finished set, and I’ll keep every piece tied to the actual services rather than generic filler.","I’d make the finished set around service highlights, FAQ-style education, and a clear next-step CTA. You receive the words + graphics ready to copy, post or reuse, so you do not have to design or write them yourself.","No problem. I’ll leave the sample with you. If timing changes, reply here and I can pick it back up. I won’t keep chasing you.","Hi PrintPapa team — one quick follow-up on the private commercial printing and marketing production sample I attached. If you want me to finish the full $100 set, reply YES. If not, no worries and I won’t follow up again.

– Anastaysia","Hi — I made a private commercial printing and marketing production sample for PrintPapa, but the public email I tried bounced. What business email should I send the preview to?

– Anastaysia","Thanks — payment is confirmed. I’m building the PrintPapa package around service highlights, FAQ-style education, and a clear next-step CTA. I’ll send the finished files in this email thread when they’re ready.

– Anastaysia","Hi PrintPapa team — your finished $100 content package is ready. I’ve organized the posts, graphics, follow-up copy, review/message replies and CTAs so they’re easy to reuse. If you want a different service emphasized in a future set, reply here.

– Anastaysia",New,,,
V5,173,345,QOVO Solutions,"Morgan Hill, CA","Video surveillance, access control and networking",70,Priority-ranked; timing is not guaranteed,info@qovoinc.com,https://www.qovoinc.com/,844-768-6462,https://www.qovoinc.com/contact-us/,2026-09-16,"Current owned site publishes Morgan Hill head office, info@qovoinc.com and active security/networking solutions; license corroborated active in 2026.","video surveillance, access control and networking","QOVO offers video surveillance, access control, wireless networks and mobile surveillance; solution-selector content can help commercial/public buyers understand where each service fits.","QOVO offers video surveillance, access control, wireless networks and mobile surveillance; solution-selector content can help commercial/public buyers understand where each service fits. The $100 package is useful here because it turns those existing services into clear, reusable customer-facing content without requiring the business to write or design the pieces itself.","Private video surveillance, access control and networking sample for QOVO Solutions","Hi QOVO Solutions team,

I was looking at your business and noticed qOVO offers video surveillance, access control, wireless networks and mobile surveillance; solution-selector content can help commercial/public buyers understand where each service fits. I made the attached private preview around that part of the business so you can judge the direction before spending anything.

For $100 one time, I can turn it into a complete done-for-you content pack. In plain English, you get:

• 10 ready-to-post Google / Facebook / social posts
• custom graphics made for QOVO Solutions
• customer follow-up messages you can copy and paste
• review and customer-message reply templates
• stronger calls-to-action
• content built around your actual services
• everything organized and ready to use

No subscription and no contract. I’d build the first set around service highlights, FAQ-style education, and a clear next-step CTA.

Why it may be worth considering: you already have services worth explaining and showing; this package turns those existing strengths into content customers can actually see and understand.

If you like the sample, reply YES and I’ll finish the complete set.

If you already know you want it, the $100 PayPal invoice is here:
https://www.paypal.com/invoice/p/#7T6DC9A6WFH3XXCT

If you’d rather ask something first, just reply. If it isn’t useful, reply “no thanks” and I won’t keep following up.

Thanks,
Anastaysia",173-v5-qovo-solutions.jpg,173-v5-qovo-solutions.eml,"Absolutely — I can finish the full video surveillance, access control and networking content package for QOVO Solutions. It’s $100 one time, with no subscription or contract. PayPal invoice: https://www.paypal.com/invoice/p/#7T6DC9A6WFH3XXCT

Once payment is confirmed, I’ll build the complete set around service highlights, FAQ-style education, and a clear next-step CTA unless you want me to prioritize something else.

– Anastaysia","It’s $100 total, one time — not per post and not monthly. You keep the 10 posts, custom graphics, customer follow-up messages, review/message replies and CTA copy.","The attached sample was made specifically for QOVO Solutions around video surveillance, access control and networking. That is the direction I’d use for the finished set, and I’ll keep every piece tied to the actual services rather than generic filler.","I’d make the finished set around service highlights, FAQ-style education, and a clear next-step CTA. You receive the words + graphics ready to copy, post or reuse, so you do not have to design or write them yourself.","No problem. I’ll leave the sample with you. If timing changes, reply here and I can pick it back up. I won’t keep chasing you.","Hi QOVO Solutions team — one quick follow-up on the private video surveillance, access control and networking sample I attached. If you want me to finish the full $100 set, reply YES. If not, no worries and I won’t follow up again.

– Anastaysia","Hi — I made a private video surveillance, access control and networking sample for QOVO Solutions, but the public email I tried bounced. What business email should I send the preview to?

– Anastaysia","Thanks — payment is confirmed. I’m building the QOVO Solutions package around service highlights, FAQ-style education, and a clear next-step CTA. I’ll send the finished files in this email thread when they’re ready.

– Anastaysia","Hi QOVO Solutions team — your finished $100 content package is ready. I’ve organized the posts, graphics, follow-up copy, review/message replies and CTAs so they’re easy to reuse. If you want a different service emphasized in a future set, reply here.

– Anastaysia",New,,,
V5,174,347,Remnant World Carpets,"San Jose, CA",Carpet and flooring retail,70,Priority-ranked; timing is not guaranteed,info@remnantworldcarpets.com,https://remnantworldcarpets.com/,408-292-3737,https://remnantworldcarpets.com/,2026-09-13,"Current owned site lists 401 E Hedding St, San Jose, public email/phone, customer-facing flooring/remnant positioning and 2026 copyright.",carpet and flooring retail,"Remnant World emphasizes carpet remnants plus commercial/residential flooring choices; content explaining remnants, room-size use cases and material selection can help shoppers understand where the value fits.","Remnant World emphasizes carpet remnants plus commercial/residential flooring choices; content explaining remnants, room-size use cases and material selection can help shoppers understand where the value fits. The $100 package is useful here because it turns those existing services into clear, reusable customer-facing content without requiring the business to write or design the pieces itself.",Private carpet and flooring retail sample for Remnant World Carpets,"Hi Remnant World Carpets team,

I was looking at your business and noticed remnant World emphasizes carpet remnants plus commercial/residential flooring choices; content explaining remnants, room-size use cases and material selection can help shoppers understand where the value fits. I made the attached private preview around that part of the business so you can judge the direction before spending anything.

For $100 one time, I can turn it into a complete done-for-you content pack. In plain English, you get:

• 10 ready-to-post Google / Facebook / social posts
• custom graphics made for Remnant World Carpets
• customer follow-up messages you can copy and paste
• review and customer-message reply templates
• stronger calls-to-action
• content built around your actual services
• everything organized and ready to use

No subscription and no contract. I’d build the first set around service highlights, FAQ-style education, and a clear next-step CTA.

Why it may be worth considering: you already have services worth explaining and showing; this package turns those existing strengths into content customers can actually see and understand.

If you like the sample, reply YES and I’ll finish the complete set.

If you already know you want it, the $100 PayPal invoice is here:
https://www.paypal.com/invoice/p/#7T6DC9A6WFH3XXCT

If you’d rather ask something first, just reply. If it isn’t useful, reply “no thanks” and I won’t keep following up.

Thanks,
Anastaysia",174-v5-remnant-world-carpets.jpg,174-v5-remnant-world-carpets.eml,"Absolutely — I can finish the full carpet and flooring retail content package for Remnant World Carpets. It’s $100 one time, with no subscription or contract. PayPal invoice: https://www.paypal.com/invoice/p/#7T6DC9A6WFH3XXCT

Once payment is confirmed, I’ll build the complete set around service highlights, FAQ-style education, and a clear next-step CTA unless you want me to prioritize something else.

– Anastaysia","It’s $100 total, one time — not per post and not monthly. You keep the 10 posts, custom graphics, customer follow-up messages, review/message replies and CTA copy.","The attached sample was made specifically for Remnant World Carpets around carpet and flooring retail. That is the direction I’d use for the finished set, and I’ll keep every piece tied to the actual services rather than generic filler.","I’d make the finished set around service highlights, FAQ-style education, and a clear next-step CTA. You receive the words + graphics ready to copy, post or reuse, so you do not have to design or write them yourself.","No problem. I’ll leave the sample with you. If timing changes, reply here and I can pick it back up. I won’t keep chasing you.","Hi Remnant World Carpets team — one quick follow-up on the private carpet and flooring retail sample I attached. If you want me to finish the full $100 set, reply YES. If not, no worries and I won’t follow up again.

– Anastaysia","Hi — I made a private carpet and flooring retail sample for Remnant World Carpets, but the public email I tried bounced. What business email should I send the preview to?

– Anastaysia","Thanks — payment is confirmed. I’m building the Remnant World Carpets package around service highlights, FAQ-style education, and a clear next-step CTA. I’ll send the finished files in this email thread when they’re ready.

– Anastaysia","Hi Remnant World Carpets team — your finished $100 content package is ready. I’ve organized the posts, graphics, follow-up copy, review/message replies and CTAs so they’re easy to reuse. If you want a different service emphasized in a future set, reply here.

– Anastaysia",New,,,
V5,175,349,"San Jose Mailing, Inc.","San Jose, CA","Direct mail, printing and data processing",70,Priority-ranked; timing is not guaranteed,sales@sanjosemailing.com,https://www.sanjosemailing.com/,408-971-1911,https://www.svcentralchamber.com/expanded-directory/,2026-09-16,"Current Silicon Valley Chamber expanded directory publishes sales@sanjosemailing.com and website; owned contact page confirms 1445 Monterey Highway, San Jose and current phone.","direct mail, printing and data processing","San Jose Mailing combines direct mail, printing and data processing, so buyer-facing content can explain how a campaign moves from list/data preparation through print and delivery.","San Jose Mailing combines direct mail, printing and data processing, so buyer-facing content can explain how a campaign moves from list/data preparation through print and delivery. The $100 package is useful here because it turns those existing services into clear, reusable customer-facing content without requiring the business to write or design the pieces itself.","Private direct mail, printing and data processing sample for San Jose Mailing, Inc.","Hi San Jose Mailing, Inc. team,

I was looking at your business and noticed san Jose Mailing combines direct mail, printing and data processing, so buyer-facing content can explain how a campaign moves from list/data preparation through print and delivery. I made the attached private preview around that part of the business so you can judge the direction before spending anything.

For $100 one time, I can turn it into a complete done-for-you content pack. In plain English, you get:

• 10 ready-to-post Google / Facebook / social posts
• custom graphics made for San Jose Mailing, Inc.
• customer follow-up messages you can copy and paste
• review and customer-message reply templates
• stronger calls-to-action
• content built around your actual services
• everything organized and ready to use

No subscription and no contract. I’d build the first set around service highlights, FAQ-style education, and a clear next-step CTA.

Why it may be worth considering: you already have services worth explaining and showing; this package turns those existing strengths into content customers can actually see and understand.

If you like the sample, reply YES and I’ll finish the complete set.

If you already know you want it, the $100 PayPal invoice is here:
https://www.paypal.com/invoice/p/#7T6DC9A6WFH3XXCT

If you’d rather ask something first, just reply. If it isn’t useful, reply “no thanks” and I won’t keep following up.

Thanks,
Anastaysia",175-v5-san-jose-mailing-inc.jpg,175-v5-san-jose-mailing-inc.eml,"Absolutely — I can finish the full direct mail, printing and data processing content package for San Jose Mailing, Inc.. It’s $100 one time, with no subscription or contract. PayPal invoice: https://www.paypal.com/invoice/p/#7T6DC9A6WFH3XXCT

Once payment is confirmed, I’ll build the complete set around service highlights, FAQ-style education, and a clear next-step CTA unless you want me to prioritize something else.

– Anastaysia","It’s $100 total, one time — not per post and not monthly. You keep the 10 posts, custom graphics, customer follow-up messages, review/message replies and CTA copy.","The attached sample was made specifically for San Jose Mailing, Inc. around direct mail, printing and data processing. That is the direction I’d use for the finished set, and I’ll keep every piece tied to the actual services rather than generic filler.","I’d make the finished set around service highlights, FAQ-style education, and a clear next-step CTA. You receive the words + graphics ready to copy, post or reuse, so you do not have to design or write them yourself.","No problem. I’ll leave the sample with you. If timing changes, reply here and I can pick it back up. I won’t keep chasing you.","Hi San Jose Mailing, Inc. team — one quick follow-up on the private direct mail, printing and data processing sample I attached. If you want me to finish the full $100 set, reply YES. If not, no worries and I won’t follow up again.

– Anastaysia","Hi — I made a private direct mail, printing and data processing sample for San Jose Mailing, Inc., but the public email I tried bounced. What business email should I send the preview to?

– Anastaysia","Thanks — payment is confirmed. I’m building the San Jose Mailing, Inc. package around service highlights, FAQ-style education, and a clear next-step CTA. I’ll send the finished files in this email thread when they’re ready.

– Anastaysia","Hi San Jose Mailing, Inc. team — your finished $100 content package is ready. I’ve organized the posts, graphics, follow-up copy, review/message replies and CTAs so they’re easy to reuse. If you want a different service emphasized in a future set, reply here.

– Anastaysia",New,,,
V5,176,351,Shiroi Sushi,"Los Gatos, CA",Restaurant and catering,70,Priority-ranked; timing is not guaranteed,info@shirois.com,https://shirois.com/,408-340-5965,https://shirois.com/,2026-09-15,Current owned restaurant site/public contact evidence lists Los Gatos and business-intended contact information.,restaurant and catering,Shiroi Sushi supports restaurant and catering use cases; dining-vs-catering and occasion-based content can clarify those purchase paths.,"Shiroi Sushi supports restaurant and catering use cases; dining-vs-catering and occasion-based content can clarify those purchase paths. The $100 package is useful here because it turns those existing services into clear, reusable customer-facing content without requiring the business to write or design the pieces itself.",Private restaurant and catering sample for Shiroi Sushi,"Hi Shiroi Sushi team,

I was looking at your business and noticed shiroi Sushi supports restaurant and catering use cases; dining-vs-catering and occasion-based content can clarify those purchase paths. I made the attached private preview around that part of the business so you can judge the direction before spending anything.

For $100 one time, I can turn it into a complete done-for-you content pack. In plain English, you get:

• 10 ready-to-post Google / Facebook / social posts
• custom graphics made for Shiroi Sushi
• customer follow-up messages you can copy and paste
• review and customer-message reply templates
• stronger calls-to-action
• content built around your actual services
• everything organized and ready to use

No subscription and no contract. I’d build the first set around menu/service highlights, event or ordering guidance, and local customer CTAs.

Why it may be worth considering: you already have services worth explaining and showing; this package turns those existing strengths into content customers can actually see and understand.

If you like the sample, reply YES and I’ll finish the complete set.

If you already know you want it, the $100 PayPal invoice is here:
https://www.paypal.com/invoice/p/#7T6DC9A6WFH3XXCT

If you’d rather ask something first, just reply. If it isn’t useful, reply “no thanks” and I won’t keep following up.

Thanks,
Anastaysia",176-v5-shiroi-sushi.jpg,176-v5-shiroi-sushi.eml,"Absolutely — I can finish the full restaurant and catering content package for Shiroi Sushi. It’s $100 one time, with no subscription or contract. PayPal invoice: https://www.paypal.com/invoice/p/#7T6DC9A6WFH3XXCT

Once payment is confirmed, I’ll build the complete set around menu/service highlights, event or ordering guidance, and local customer CTAs unless you want me to prioritize something else.

– Anastaysia","It’s $100 total, one time — not per post and not monthly. You keep the 10 posts, custom graphics, customer follow-up messages, review/message replies and CTA copy.","The attached sample was made specifically for Shiroi Sushi around restaurant and catering. That is the direction I’d use for the finished set, and I’ll keep every piece tied to the actual services rather than generic filler.","I’d make the finished set around menu/service highlights, event or ordering guidance, and local customer CTAs. You receive the words + graphics ready to copy, post or reuse, so you do not have to design or write them yourself.","No problem. I’ll leave the sample with you. If timing changes, reply here and I can pick it back up. I won’t keep chasing you.","Hi Shiroi Sushi team — one quick follow-up on the private restaurant and catering sample I attached. If you want me to finish the full $100 set, reply YES. If not, no worries and I won’t follow up again.

– Anastaysia","Hi — I made a private restaurant and catering sample for Shiroi Sushi, but the public email I tried bounced. What business email should I send the preview to?

– Anastaysia","Thanks — payment is confirmed. I’m building the Shiroi Sushi package around menu/service highlights, event or ordering guidance, and local customer CTAs. I’ll send the finished files in this email thread when they’re ready.

– Anastaysia","Hi Shiroi Sushi team — your finished $100 content package is ready. I’ve organized the posts, graphics, follow-up copy, review/message replies and CTAs so they’re easy to reuse. If you want a different service emphasized in a future set, reply here.

– Anastaysia",New,,,
V5,177,353,Silicon Valley Conservatory of Music,"Sunnyvale, CA",Music school,70,Priority-ranked; timing is not guaranteed,info@svcm.us.com,https://www.svcm.us.com/,408-900-8357,https://www.svcm.us.com/contact-location,2026-09-16,Current owned contact page publishes info@svcm.us.com and Sunnyvale location.,music school,"Current owned site offers on-site and virtual music lessons across multiple instruments; lesson selection, faculty/program highlights and enrollment guidance are strong reusable content angles.","Current owned site offers on-site and virtual music lessons across multiple instruments; lesson selection, faculty/program highlights and enrollment guidance are strong reusable content angles. The $100 package is useful here because it turns those existing services into clear, reusable customer-facing content without requiring the business to write or design the pieces itself.",Private music school sample for Silicon Valley Conservatory of Music,"Hi Silicon Valley Conservatory of Music team,

I was looking at your business and noticed current owned site offers on-site and virtual music lessons across multiple instruments; lesson selection, faculty/program highlights and enrollment guidance are strong reusable content angles. I made the attached private preview around that part of the business so you can judge the direction before spending anything.

For $100 one time, I can turn it into a complete done-for-you content pack. In plain English, you get:

• 10 ready-to-post Google / Facebook / social posts
• custom graphics made for Silicon Valley Conservatory of Music
• customer follow-up messages you can copy and paste
• review and customer-message reply templates
• stronger calls-to-action
• content built around your actual services
• everything organized and ready to use

No subscription and no contract. I’d build the first set around program/service selection, first-visit guidance, and booking CTAs.

Why it may be worth considering: you already have services worth explaining and showing; this package turns those existing strengths into content customers can actually see and understand.

If you like the sample, reply YES and I’ll finish the complete set.

If you already know you want it, the $100 PayPal invoice is here:
https://www.paypal.com/invoice/p/#7T6DC9A6WFH3XXCT

If you’d rather ask something first, just reply. If it isn’t useful, reply “no thanks” and I won’t keep following up.

Thanks,
Anastaysia",177-v5-silicon-valley-conservatory-of-music.jpg,177-v5-silicon-valley-conservatory-of-music.eml,"Absolutely — I can finish the full music school content package for Silicon Valley Conservatory of Music. It’s $100 one time, with no subscription or contract. PayPal invoice: https://www.paypal.com/invoice/p/#7T6DC9A6WFH3XXCT

Once payment is confirmed, I’ll build the complete set around program/service selection, first-visit guidance, and booking CTAs unless you want me to prioritize something else.

– Anastaysia","It’s $100 total, one time — not per post and not monthly. You keep the 10 posts, custom graphics, customer follow-up messages, review/message replies and CTA copy.","The attached sample was made specifically for Silicon Valley Conservatory of Music around music school. That is the direction I’d use for the finished set, and I’ll keep every piece tied to the actual services rather than generic filler.","I’d make the finished set around program/service selection, first-visit guidance, and booking CTAs. You receive the words + graphics ready to copy, post or reuse, so you do not have to design or write them yourself.","No problem. I’ll leave the sample with you. If timing changes, reply here and I can pick it back up. I won’t keep chasing you.","Hi Silicon Valley Conservatory of Music team — one quick follow-up on the private music school sample I attached. If you want me to finish the full $100 set, reply YES. If not, no worries and I won’t follow up again.

– Anastaysia","Hi — I made a private music school sample for Silicon Valley Conservatory of Music, but the public email I tried bounced. What business email should I send the preview to?

– Anastaysia","Thanks — payment is confirmed. I’m building the Silicon Valley Conservatory of Music package around program/service selection, first-visit guidance, and booking CTAs. I’ll send the finished files in this email thread when they’re ready.

– Anastaysia","Hi Silicon Valley Conservatory of Music team — your finished $100 content package is ready. I’ve organized the posts, graphics, follow-up copy, review/message replies and CTAs so they’re easy to reuse. If you want a different service emphasized in a future set, reply here.

– Anastaysia",New,,,
V5,178,355,SynerG Coworking,"Gilroy, CA","Coworking, meeting rooms and business community",70,Priority-ranked; timing is not guaranteed,info@synergcoworking.com,https://synergcoworking.com/,408-767-2015,https://visitgilroy.com/listing/synerg-coworking/289/,2026-09-16,"Current Visit Gilroy listing publishes exact email, phone, downtown address and current coworking facilities.","coworking, meeting rooms and business community","SynerG offers coworking, private meeting rooms, printing/scanning and workshops; membership-vs-room and first-visit content can help remote workers and small businesses choose a path.","SynerG offers coworking, private meeting rooms, printing/scanning and workshops; membership-vs-room and first-visit content can help remote workers and small businesses choose a path. The $100 package is useful here because it turns those existing services into clear, reusable customer-facing content without requiring the business to write or design the pieces itself.","Private coworking, meeting rooms and business community sample for SynerG Coworking","Hi SynerG Coworking team,

I was looking at your business and noticed synerG offers coworking, private meeting rooms, printing/scanning and workshops; membership-vs-room and first-visit content can help remote workers and small businesses choose a path. I made the attached private preview around that part of the business so you can judge the direction before spending anything.

For $100 one time, I can turn it into a complete done-for-you content pack. In plain English, you get:

• 10 ready-to-post Google / Facebook / social posts
• custom graphics made for SynerG Coworking
• customer follow-up messages you can copy and paste
• review and customer-message reply templates
• stronger calls-to-action
• content built around your actual services
• everything organized and ready to use

No subscription and no contract. I’d build the first set around service highlights, FAQ-style education, and a clear next-step CTA.

Why it may be worth considering: you already have services worth explaining and showing; this package turns those existing strengths into content customers can actually see and understand.

If you like the sample, reply YES and I’ll finish the complete set.

If you already know you want it, the $100 PayPal invoice is here:
https://www.paypal.com/invoice/p/#7T6DC9A6WFH3XXCT

If you’d rather ask something first, just reply. If it isn’t useful, reply “no thanks” and I won’t keep following up.

Thanks,
Anastaysia",178-v5-synerg-coworking.jpg,178-v5-synerg-coworking.eml,"Absolutely — I can finish the full coworking, meeting rooms and business community content package for SynerG Coworking. It’s $100 one time, with no subscription or contract. PayPal invoice: https://www.paypal.com/invoice/p/#7T6DC9A6WFH3XXCT

Once payment is confirmed, I’ll build the complete set around service highlights, FAQ-style education, and a clear next-step CTA unless you want me to prioritize something else.

– Anastaysia","It’s $100 total, one time — not per post and not monthly. You keep the 10 posts, custom graphics, customer follow-up messages, review/message replies and CTA copy.","The attached sample was made specifically for SynerG Coworking around coworking, meeting rooms and business community. That is the direction I’d use for the finished set, and I’ll keep every piece tied to the actual services rather than generic filler.","I’d make the finished set around service highlights, FAQ-style education, and a clear next-step CTA. You receive the words + graphics ready to copy, post or reuse, so you do not have to design or write them yourself.","No problem. I’ll leave the sample with you. If timing changes, reply here and I can pick it back up. I won’t keep chasing you.","Hi SynerG Coworking team — one quick follow-up on the private coworking, meeting rooms and business community sample I attached. If you want me to finish the full $100 set, reply YES. If not, no worries and I won’t follow up again.

– Anastaysia","Hi — I made a private coworking, meeting rooms and business community sample for SynerG Coworking, but the public email I tried bounced. What business email should I send the preview to?

– Anastaysia","Thanks — payment is confirmed. I’m building the SynerG Coworking package around service highlights, FAQ-style education, and a clear next-step CTA. I’ll send the finished files in this email thread when they’re ready.

– Anastaysia","Hi SynerG Coworking team — your finished $100 content package is ready. I’ve organized the posts, graphics, follow-up copy, review/message replies and CTAs so they’re easy to reuse. If you want a different service emphasized in a future set, reply here.

– Anastaysia",New,,,
V5,179,357,The Bakehouse US,"San Jose, CA","Bakery, preorder and catering",70,Priority-ranked; timing is not guaranteed,info@thebakehouseus.com,https://thebakehouseus.com/,,https://thebakehouseus.com/,2026-09-15,Current owned site publishes a business-intended contact and San Jose ordering/catering information.,"bakery, preorder and catering","The Bakehouse combines baked goods with preorder and catering paths; product, occasion and ordering guidance can make those purchase choices easier to understand.","The Bakehouse combines baked goods with preorder and catering paths; product, occasion and ordering guidance can make those purchase choices easier to understand. The $100 package is useful here because it turns those existing services into clear, reusable customer-facing content without requiring the business to write or design the pieces itself.","Private bakery, preorder and catering sample for The Bakehouse US","Hi The Bakehouse US team,

I was looking at your business and noticed the Bakehouse combines baked goods with preorder and catering paths; product, occasion and ordering guidance can make those purchase choices easier to understand. I made the attached private preview around that part of the business so you can judge the direction before spending anything.

For $100 one time, I can turn it into a complete done-for-you content pack. In plain English, you get:

• 10 ready-to-post Google / Facebook / social posts
• custom graphics made for The Bakehouse US
• customer follow-up messages you can copy and paste
• review and customer-message reply templates
• stronger calls-to-action
• content built around your actual services
• everything organized and ready to use

No subscription and no contract. I’d build the first set around menu/service highlights, event or ordering guidance, and local customer CTAs.

Why it may be worth considering: you already have services worth explaining and showing; this package turns those existing strengths into content customers can actually see and understand.

If you like the sample, reply YES and I’ll finish the complete set.

If you already know you want it, the $100 PayPal invoice is here:
https://www.paypal.com/invoice/p/#7T6DC9A6WFH3XXCT

If you’d rather ask something first, just reply. If it isn’t useful, reply “no thanks” and I won’t keep following up.

Thanks,
Anastaysia",179-v5-the-bakehouse-us.jpg,179-v5-the-bakehouse-us.eml,"Absolutely — I can finish the full bakery, preorder and catering content package for The Bakehouse US. It’s $100 one time, with no subscription or contract. PayPal invoice: https://www.paypal.com/invoice/p/#7T6DC9A6WFH3XXCT

Once payment is confirmed, I’ll build the complete set around menu/service highlights, event or ordering guidance, and local customer CTAs unless you want me to prioritize something else.

– Anastaysia","It’s $100 total, one time — not per post and not monthly. You keep the 10 posts, custom graphics, customer follow-up messages, review/message replies and CTA copy.","The attached sample was made specifically for The Bakehouse US around bakery, preorder and catering. That is the direction I’d use for the finished set, and I’ll keep every piece tied to the actual services rather than generic filler.","I’d make the finished set around menu/service highlights, event or ordering guidance, and local customer CTAs. You receive the words + graphics ready to copy, post or reuse, so you do not have to design or write them yourself.","No problem. I’ll leave the sample with you. If timing changes, reply here and I can pick it back up. I won’t keep chasing you.","Hi The Bakehouse US team — one quick follow-up on the private bakery, preorder and catering sample I attached. If you want me to finish the full $100 set, reply YES. If not, no worries and I won’t follow up again.

– Anastaysia","Hi — I made a private bakery, preorder and catering sample for The Bakehouse US, but the public email I tried bounced. What business email should I send the preview to?

– Anastaysia","Thanks — payment is confirmed. I’m building the The Bakehouse US package around menu/service highlights, event or ordering guidance, and local customer CTAs. I’ll send the finished files in this email thread when they’re ready.

– Anastaysia","Hi The Bakehouse US team — your finished $100 content package is ready. I’ve organized the posts, graphics, follow-up copy, review/message replies and CTAs so they’re easy to reuse. If you want a different service emphasized in a future set, reply here.

– Anastaysia",New,,,
V5,180,359,The Midwife and The Baker,"Mountain View, CA","Bakery, retail and wholesale",70,Priority-ranked; timing is not guaranteed,sales@themidwifeandthebaker.com,https://www.themidwifeandthebaker.com/,650-336-7697,https://www.themidwifeandthebaker.com/,2026-09-15,Current owned storefront/checkout publishes sales@themidwifeandthebaker.com; current Mountain View business listing corroborates active location.,"bakery, retail and wholesale","The bakery supports retail pastry/bread purchases plus broader sales/wholesale paths; product, preorder and wholesale content can clarify distinct buyer needs.","The bakery supports retail pastry/bread purchases plus broader sales/wholesale paths; product, preorder and wholesale content can clarify distinct buyer needs. The $100 package is useful here because it turns those existing services into clear, reusable customer-facing content without requiring the business to write or design the pieces itself.","Private bakery, retail and wholesale sample for The Midwife and The Baker","Hi The Midwife and The Baker team,

I was looking at your business and noticed the bakery supports retail pastry/bread purchases plus broader sales/wholesale paths; product, preorder and wholesale content can clarify distinct buyer needs. I made the attached private preview around that part of the business so you can judge the direction before spending anything.

For $100 one time, I can turn it into a complete done-for-you content pack. In plain English, you get:

• 10 ready-to-post Google / Facebook / social posts
• custom graphics made for The Midwife and The Baker
• customer follow-up messages you can copy and paste
• review and customer-message reply templates
• stronger calls-to-action
• content built around your actual services
• everything organized and ready to use

No subscription and no contract. I’d build the first set around menu/service highlights, event or ordering guidance, and local customer CTAs.

Why it may be worth considering: you already have services worth explaining and showing; this package turns those existing strengths into content customers can actually see and understand.

If you like the sample, reply YES and I’ll finish the complete set.

If you already know you want it, the $100 PayPal invoice is here:
https://www.paypal.com/invoice/p/#7T6DC9A6WFH3XXCT

If you’d rather ask something first, just reply. If it isn’t useful, reply “no thanks” and I won’t keep following up.

Thanks,
Anastaysia",180-v5-the-midwife-and-the-baker.jpg,180-v5-the-midwife-and-the-baker.eml,"Absolutely — I can finish the full bakery, retail and wholesale content package for The Midwife and The Baker. It’s $100 one time, with no subscription or contract. PayPal invoice: https://www.paypal.com/invoice/p/#7T6DC9A6WFH3XXCT

Once payment is confirmed, I’ll build the complete set around menu/service highlights, event or ordering guidance, and local customer CTAs unless you want me to prioritize something else.

– Anastaysia","It’s $100 total, one time — not per post and not monthly. You keep the 10 posts, custom graphics, customer follow-up messages, review/message replies and CTA copy.","The attached sample was made specifically for The Midwife and The Baker around bakery, retail and wholesale. That is the direction I’d use for the finished set, and I’ll keep every piece tied to the actual services rather than generic filler.","I’d make the finished set around menu/service highlights, event or ordering guidance, and local customer CTAs. You receive the words + graphics ready to copy, post or reuse, so you do not have to design or write them yourself.","No problem. I’ll leave the sample with you. If timing changes, reply here and I can pick it back up. I won’t keep chasing you.","Hi The Midwife and The Baker team — one quick follow-up on the private bakery, retail and wholesale sample I attached. If you want me to finish the full $100 set, reply YES. If not, no worries and I won’t follow up again.

– Anastaysia","Hi — I made a private bakery, retail and wholesale sample for The Midwife and The Baker, but the public email I tried bounced. What business email should I send the preview to?

– Anastaysia","Thanks — payment is confirmed. I’m building the The Midwife and The Baker package around menu/service highlights, event or ordering guidance, and local customer CTAs. I’ll send the finished files in this email thread when they’re ready.

– Anastaysia","Hi The Midwife and The Baker team — your finished $100 content package is ready. I’ve organized the posts, graphics, follow-up copy, review/message replies and CTAs so they’re easy to reuse. If you want a different service emphasized in a future set, reply here.

– Anastaysia",New,,,
V5,181,361,"Vaastu Realty, Inc.","Cupertino, CA","Residential real-estate buying, selling, leasing and relocation",70,Priority-ranked; timing is not guaranteed,info@vaasturealty.com,https://vaasturealty.com/,408-888-9927,https://vaasturealty.com/,2026-09-13,"Current owned site lists 20289 Stevens Creek Blvd Suite 1004, Cupertino, info@vaasturealty.com, 408-888-9927 and current California license information.","residential real-estate buying, selling, leasing and relocation","Vaastu presents buying, selling, investing, leasing and relocation as separate service paths; a plain-English service-selector and process-explainer pack could make those options easier to navigate without promising investment or home-sale outcomes.","Vaastu presents buying, selling, investing, leasing and relocation as separate service paths; a plain-English service-selector and process-explainer pack could make those options easier to navigate without promising investment or home-sale outcomes. The $100 package is useful here because it turns those existing services into clear, reusable customer-facing content without requiring the business to write or design the pieces itself.","Private residential real-estate buying, selling, leasing and relocation sample for Vaastu Realty, Inc.","Hi Vaastu Realty, Inc. team,

I was looking at your business and noticed vaastu presents buying, selling, investing, leasing and relocation as separate service paths; a plain-English service-selector and process-explainer pack could make those options easier to navigate without promising investment or home-sale outcomes. I made the attached private preview around that part of the business so you can judge the direction before spending anything.

For $100 one time, I can turn it into a complete done-for-you content pack. In plain English, you get:

• 10 ready-to-post Google / Facebook / social posts
• custom graphics made for Vaastu Realty, Inc.
• customer follow-up messages you can copy and paste
• review and customer-message reply templates
• stronger calls-to-action
• content built around your actual services
• everything organized and ready to use

No subscription and no contract. I’d build the first set around service highlights, FAQ-style education, and a clear next-step CTA.

Why it may be worth considering: you already have services worth explaining and showing; this package turns those existing strengths into content customers can actually see and understand.

If you like the sample, reply YES and I’ll finish the complete set.

If you already know you want it, the $100 PayPal invoice is here:
https://www.paypal.com/invoice/p/#7T6DC9A6WFH3XXCT

If you’d rather ask something first, just reply. If it isn’t useful, reply “no thanks” and I won’t keep following up.

Thanks,
Anastaysia",181-v5-vaastu-realty-inc.jpg,181-v5-vaastu-realty-inc.eml,"Absolutely — I can finish the full residential real-estate buying, selling, leasing and relocation content package for Vaastu Realty, Inc.. It’s $100 one time, with no subscription or contract. PayPal invoice: https://www.paypal.com/invoice/p/#7T6DC9A6WFH3XXCT

Once payment is confirmed, I’ll build the complete set around service highlights, FAQ-style education, and a clear next-step CTA unless you want me to prioritize something else.

– Anastaysia","It’s $100 total, one time — not per post and not monthly. You keep the 10 posts, custom graphics, customer follow-up messages, review/message replies and CTA copy.","The attached sample was made specifically for Vaastu Realty, Inc. around residential real-estate buying, selling, leasing and relocation. That is the direction I’d use for the finished set, and I’ll keep every piece tied to the actual services rather than generic filler.","I’d make the finished set around service highlights, FAQ-style education, and a clear next-step CTA. You receive the words + graphics ready to copy, post or reuse, so you do not have to design or write them yourself.","No problem. I’ll leave the sample with you. If timing changes, reply here and I can pick it back up. I won’t keep chasing you.","Hi Vaastu Realty, Inc. team — one quick follow-up on the private residential real-estate buying, selling, leasing and relocation sample I attached. If you want me to finish the full $100 set, reply YES. If not, no worries and I won’t follow up again.

– Anastaysia","Hi — I made a private residential real-estate buying, selling, leasing and relocation sample for Vaastu Realty, Inc., but the public email I tried bounced. What business email should I send the preview to?

– Anastaysia","Thanks — payment is confirmed. I’m building the Vaastu Realty, Inc. package around service highlights, FAQ-style education, and a clear next-step CTA. I’ll send the finished files in this email thread when they’re ready.

– Anastaysia","Hi Vaastu Realty, Inc. team — your finished $100 content package is ready. I’ve organized the posts, graphics, follow-up copy, review/message replies and CTAs so they’re easy to reuse. If you want a different service emphasized in a future set, reply here.

– Anastaysia",New,,,
V5,182,363,WorkNetic Systems,"San Jose, CA",Managed IT,70,Priority-ranked; timing is not guaranteed,info@workneticit.com,https://workneticit.com/,408-638-9462,https://workneticit.com/,"WorkNetic serves small and professional-service businesses with managed/co-managed IT, networks, cybersecurity and consulting; educational content can explain support models and common IT decisions without relying on fear-based security claims.",2026-09-13,managed it,cybersecurity and network support,"cybersecurity and network support. The $100 package is useful here because it turns those existing services into clear, reusable customer-facing content without requiring the business to write or design the pieces itself.",Private managed it sample for WorkNetic Systems,"Hi WorkNetic Systems team,

I was looking at your business and noticed cybersecurity and network support. I made the attached private preview around that part of the business so you can judge the direction before spending anything.

For $100 one time, I can turn it into a complete done-for-you content pack. In plain English, you get:

• 10 ready-to-post Google / Facebook / social posts
• custom graphics made for WorkNetic Systems
• customer follow-up messages you can copy and paste
• review and customer-message reply templates
• stronger calls-to-action
• content built around your actual services
• everything organized and ready to use

No subscription and no contract. I’d build the first set around service highlights, FAQ-style education, and a clear next-step CTA.

Why it may be worth considering: you already have services worth explaining and showing; this package turns those existing strengths into content customers can actually see and understand.

If you like the sample, reply YES and I’ll finish the complete set.

If you already know you want it, the $100 PayPal invoice is here:
https://www.paypal.com/invoice/p/#7T6DC9A6WFH3XXCT

If you’d rather ask something first, just reply. If it isn’t useful, reply “no thanks” and I won’t keep following up.

Thanks,
Anastaysia",182-v5-worknetic-systems.jpg,182-v5-worknetic-systems.eml,"Absolutely — I can finish the full managed it content package for WorkNetic Systems. It’s $100 one time, with no subscription or contract. PayPal invoice: https://www.paypal.com/invoice/p/#7T6DC9A6WFH3XXCT

Once payment is confirmed, I’ll build the complete set around service highlights, FAQ-style education, and a clear next-step CTA unless you want me to prioritize something else.

– Anastaysia","It’s $100 total, one time — not per post and not monthly. You keep the 10 posts, custom graphics, customer follow-up messages, review/message replies and CTA copy.","The attached sample was made specifically for WorkNetic Systems around managed it. That is the direction I’d use for the finished set, and I’ll keep every piece tied to the actual services rather than generic filler.","I’d make the finished set around service highlights, FAQ-style education, and a clear next-step CTA. You receive the words + graphics ready to copy, post or reuse, so you do not have to design or write them yourself.","No problem. I’ll leave the sample with you. If timing changes, reply here and I can pick it back up. I won’t keep chasing you.","Hi WorkNetic Systems team — one quick follow-up on the private managed it sample I attached. If you want me to finish the full $100 set, reply YES. If not, no worries and I won’t follow up again.

– Anastaysia","Hi — I made a private managed it sample for WorkNetic Systems, but the public email I tried bounced. What business email should I send the preview to?

– Anastaysia","Thanks — payment is confirmed. I’m building the WorkNetic Systems package around service highlights, FAQ-style education, and a clear next-step CTA. I’ll send the finished files in this email thread when they’re ready.

– Anastaysia","Hi WorkNetic Systems team — your finished $100 content package is ready. I’ve organized the posts, graphics, follow-up copy, review/message replies and CTAs so they’re easy to reuse. If you want a different service emphasized in a future set, reply here.

– Anastaysia",New,,,
V5,183,365,Phamily Peony Garden,"Los Altos, CA","Floral design, events and workshops",68,Priority-ranked; timing is not guaranteed,phamilypeonygarden@gmail.com,https://phamilypeonygarden.com/,,https://phamilypeonygarden.com/,2026-09-15,,"floral design, events and workshops","Phamily Peony Garden combines floral design with events/workshops; occasion, event and workshop content provides specific visual purchase paths.","Phamily Peony Garden combines floral design with events/workshops; occasion, event and workshop content provides specific visual purchase paths. The $100 package is useful here because it turns those existing services into clear, reusable customer-facing content without requiring the business to write or design the pieces itself.","Private floral design, events and workshops sample for Phamily Peony Garden","Hi Phamily Peony Garden team,

I was looking at your business and noticed phamily Peony Garden combines floral design with events/workshops; occasion, event and workshop content provides specific visual purchase paths. I made the attached private preview around that part of the business so you can judge the direction before spending anything.

For $100 one time, I can turn it into a complete done-for-you content pack. In plain English, you get:

• 10 ready-to-post Google / Facebook / social posts
• custom graphics made for Phamily Peony Garden
• customer follow-up messages you can copy and paste
• review and customer-message reply templates
• stronger calls-to-action
• content built around your actual services
• everything organized and ready to use

No subscription and no contract. I’d build the first set around service highlights, FAQ-style education, and a clear next-step CTA.

Why it may be worth considering: you already have services worth explaining and showing; this package turns those existing strengths into content customers can actually see and understand.

If you like the sample, reply YES and I’ll finish the complete set.

If you already know you want it, the $100 PayPal invoice is here:
https://www.paypal.com/invoice/p/#7T6DC9A6WFH3XXCT

If you’d rather ask something first, just reply. If it isn’t useful, reply “no thanks” and I won’t keep following up.

Thanks,
Anastaysia",183-v5-phamily-peony-garden.jpg,183-v5-phamily-peony-garden.eml,"Absolutely — I can finish the full floral design, events and workshops content package for Phamily Peony Garden. It’s $100 one time, with no subscription or contract. PayPal invoice: https://www.paypal.com/invoice/p/#7T6DC9A6WFH3XXCT

Once payment is confirmed, I’ll build the complete set around service highlights, FAQ-style education, and a clear next-step CTA unless you want me to prioritize something else.

– Anastaysia","It’s $100 total, one time — not per post and not monthly. You keep the 10 posts, custom graphics, customer follow-up messages, review/message replies and CTA copy.","The attached sample was made specifically for Phamily Peony Garden around floral design, events and workshops. That is the direction I’d use for the finished set, and I’ll keep every piece tied to the actual services rather than generic filler.","I’d make the finished set around service highlights, FAQ-style education, and a clear next-step CTA. You receive the words + graphics ready to copy, post or reuse, so you do not have to design or write them yourself.","No problem. I’ll leave the sample with you. If timing changes, reply here and I can pick it back up. I won’t keep chasing you.","Hi Phamily Peony Garden team — one quick follow-up on the private floral design, events and workshops sample I attached. If you want me to finish the full $100 set, reply YES. If not, no worries and I won’t follow up again.

– Anastaysia","Hi — I made a private floral design, events and workshops sample for Phamily Peony Garden, but the public email I tried bounced. What business email should I send the preview to?

– Anastaysia","Thanks — payment is confirmed. I’m building the Phamily Peony Garden package around service highlights, FAQ-style education, and a clear next-step CTA. I’ll send the finished files in this email thread when they’re ready.

– Anastaysia","Hi Phamily Peony Garden team — your finished $100 content package is ready. I’ve organized the posts, graphics, follow-up copy, review/message replies and CTAs so they’re easy to reuse. If you want a different service emphasized in a future set, reply here.

– Anastaysia",New,,,
V5,184,367,4 Paws Professional Pet Care,"Santa Clara / Sunnyvale / Cupertino area, CA",Pet care and mobile vet-tech services,66,Priority-ranked; timing is not guaranteed,4pawsprocare@gmail.com,https://www.4pawsprocare.com/,(408) 368-7681,https://www.4pawsprocare.com/,2026-09-16,Current owned site publishes 4PawsProCare@gmail.com and service area.,pet care and mobile vet-tech services,"Current owned site offers pet care plus mobile vet-tech services across Santa Clara County communities; service explainers, onboarding and pet-care education can be made very concrete.","Current owned site offers pet care plus mobile vet-tech services across Santa Clara County communities; service explainers, onboarding and pet-care education can be made very concrete. The $100 package is useful here because it turns those existing services into clear, reusable customer-facing content without requiring the business to write or design the pieces itself.",Private pet care and mobile vet-tech services sample for 4 Paws Professional Pet Care,"Hi 4 Paws Professional Pet Care team,

I was looking at your business and noticed current owned site offers pet care plus mobile vet-tech services across Santa Clara County communities; service explainers, onboarding and pet-care education can be made very concrete. I made the attached private preview around that part of the business so you can judge the direction before spending anything.

For $100 one time, I can turn it into a complete done-for-you content pack. In plain English, you get:

• 10 ready-to-post Google / Facebook / social posts
• custom graphics made for 4 Paws Professional Pet Care
• customer follow-up messages you can copy and paste
• review and customer-message reply templates
• stronger calls-to-action
• content built around your actual services
• everything organized and ready to use

No subscription and no contract. I’d build the first set around service highlights, FAQ-style education, and a clear next-step CTA.

Why it may be worth considering: you already have services worth explaining and showing; this package turns those existing strengths into content customers can actually see and understand.

If you like the sample, reply YES and I’ll finish the complete set.

If you already know you want it, the $100 PayPal invoice is here:
https://www.paypal.com/invoice/p/#7T6DC9A6WFH3XXCT

If you’d rather ask something first, just reply. If it isn’t useful, reply “no thanks” and I won’t keep following up.

Thanks,
Anastaysia",184-v5-4-paws-professional-pet-care.jpg,184-v5-4-paws-professional-pet-care.eml,"Absolutely — I can finish the full pet care and mobile vet-tech services content package for 4 Paws Professional Pet Care. It’s $100 one time, with no subscription or contract. PayPal invoice: https://www.paypal.com/invoice/p/#7T6DC9A6WFH3XXCT

Once payment is confirmed, I’ll build the complete set around service highlights, FAQ-style education, and a clear next-step CTA unless you want me to prioritize something else.

– Anastaysia","It’s $100 total, one time — not per post and not monthly. You keep the 10 posts, custom graphics, customer follow-up messages, review/message replies and CTA copy.","The attached sample was made specifically for 4 Paws Professional Pet Care around pet care and mobile vet-tech services. That is the direction I’d use for the finished set, and I’ll keep every piece tied to the actual services rather than generic filler.","I’d make the finished set around service highlights, FAQ-style education, and a clear next-step CTA. You receive the words + graphics ready to copy, post or reuse, so you do not have to design or write them yourself.","No problem. I’ll leave the sample with you. If timing changes, reply here and I can pick it back up. I won’t keep chasing you.","Hi 4 Paws Professional Pet Care team — one quick follow-up on the private pet care and mobile vet-tech services sample I attached. If you want me to finish the full $100 set, reply YES. If not, no worries and I won’t follow up again.

– Anastaysia","Hi — I made a private pet care and mobile vet-tech services sample for 4 Paws Professional Pet Care, but the public email I tried bounced. What business email should I send the preview to?

– Anastaysia","Thanks — payment is confirmed. I’m building the 4 Paws Professional Pet Care package around service highlights, FAQ-style education, and a clear next-step CTA. I’ll send the finished files in this email thread when they’re ready.

– Anastaysia","Hi 4 Paws Professional Pet Care team — your finished $100 content package is ready. I’ve organized the posts, graphics, follow-up copy, review/message replies and CTAs so they’re easy to reuse. If you want a different service emphasized in a future set, reply here.

– Anastaysia",New,,,
V5,185,369,Advaya Holistic Wellness,"San Jose / Santa Clara County service area, CA",Prenatal yoga and postpartum wellness education,66,Priority-ranked; timing is not guaranteed,advayaholistic@gmail.com,https://www.advayawellness.com/,408-905-7375,https://www.advayawellness.com/,2026-09-13,"Current owned site publishes advayaholistic@gmail.com, 408-905-7375, a San Jose address and service across Santa Clara, Sunnyvale, Cupertino and nearby South Bay cities; marketing must avoid medical-outcome claims.",prenatal yoga and postpartum wellness education,"Advaya publishes distinct prenatal-yoga, birth-preparation and postpartum service paths plus a no-pressure discovery call; strictly non-medical service-selection, first-session and scheduling content could clarify those options without making health-outcome claims.","Advaya publishes distinct prenatal-yoga, birth-preparation and postpartum service paths plus a no-pressure discovery call; strictly non-medical service-selection, first-session and scheduling content could clarify those options without making health-outcome claims. The $100 package is useful here because it turns those existing services into clear, reusable customer-facing content without requiring the business to write or design the pieces itself.",Private prenatal yoga and postpartum wellness education sample for Advaya Holistic Wellness,"Hi Advaya Holistic Wellness team,

I was looking at your business and noticed advaya publishes distinct prenatal-yoga, birth-preparation and postpartum service paths plus a no-pressure discovery call; strictly non-medical service-selection, first-session and scheduling content could clarify those options without making health-outcome claims. I made the attached private preview around that part of the business so you can judge the direction before spending anything.

For $100 one time, I can turn it into a complete done-for-you content pack. In plain English, you get:

• 10 ready-to-post Google / Facebook / social posts
• custom graphics made for Advaya Holistic Wellness
• customer follow-up messages you can copy and paste
• review and customer-message reply templates
• stronger calls-to-action
• content built around your actual services
• everything organized and ready to use

No subscription and no contract. I’d build the first set around program/service selection, first-visit guidance, and booking CTAs.

Why it may be worth considering: you already have services worth explaining and showing; this package turns those existing strengths into content customers can actually see and understand.

If you like the sample, reply YES and I’ll finish the complete set.

If you already know you want it, the $100 PayPal invoice is here:
https://www.paypal.com/invoice/p/#7T6DC9A6WFH3XXCT

If you’d rather ask something first, just reply. If it isn’t useful, reply “no thanks” and I won’t keep following up.

Thanks,
Anastaysia",185-v5-advaya-holistic-wellness.jpg,185-v5-advaya-holistic-wellness.eml,"Absolutely — I can finish the full prenatal yoga and postpartum wellness education content package for Advaya Holistic Wellness. It’s $100 one time, with no subscription or contract. PayPal invoice: https://www.paypal.com/invoice/p/#7T6DC9A6WFH3XXCT

Once payment is confirmed, I’ll build the complete set around program/service selection, first-visit guidance, and booking CTAs unless you want me to prioritize something else.

– Anastaysia","It’s $100 total, one time — not per post and not monthly. You keep the 10 posts, custom graphics, customer follow-up messages, review/message replies and CTA copy.","The attached sample was made specifically for Advaya Holistic Wellness around prenatal yoga and postpartum wellness education. That is the direction I’d use for the finished set, and I’ll keep every piece tied to the actual services rather than generic filler.","I’d make the finished set around program/service selection, first-visit guidance, and booking CTAs. You receive the words + graphics ready to copy, post or reuse, so you do not have to design or write them yourself.","No problem. I’ll leave the sample with you. If timing changes, reply here and I can pick it back up. I won’t keep chasing you.","Hi Advaya Holistic Wellness team — one quick follow-up on the private prenatal yoga and postpartum wellness education sample I attached. If you want me to finish the full $100 set, reply YES. If not, no worries and I won’t follow up again.

– Anastaysia","Hi — I made a private prenatal yoga and postpartum wellness education sample for Advaya Holistic Wellness, but the public email I tried bounced. What business email should I send the preview to?

– Anastaysia","Thanks — payment is confirmed. I’m building the Advaya Holistic Wellness package around program/service selection, first-visit guidance, and booking CTAs. I’ll send the finished files in this email thread when they’re ready.

– Anastaysia","Hi Advaya Holistic Wellness team — your finished $100 content package is ready. I’ve organized the posts, graphics, follow-up copy, review/message replies and CTAs so they’re easy to reuse. If you want a different service emphasized in a future set, reply here.

– Anastaysia",New,,,
V5,186,371,Artemex Gilroy,"Gilroy, CA",Specialty retail and Mexican artisan goods,66,Priority-ranked; timing is not guaranteed,artemexonline@gmail.com,,408-780-5699,https://visitgilroy.com/listing/artemex/312/,2026-09-16,"Current Visit Gilroy listing publishes exact public email, phone and downtown address.",specialty retail and mexican artisan goods,"Artemex has a downtown Gilroy retail presence; collection, gift and local-shopping content can make specialty inventory easier to discover.","Artemex has a downtown Gilroy retail presence; collection, gift and local-shopping content can make specialty inventory easier to discover. The $100 package is useful here because it turns those existing services into clear, reusable customer-facing content without requiring the business to write or design the pieces itself.",Private specialty retail and mexican artisan goods sample for Artemex Gilroy,"Hi Artemex Gilroy team,

I was looking at your business and noticed artemex has a downtown Gilroy retail presence; collection, gift and local-shopping content can make specialty inventory easier to discover. I made the attached private preview around that part of the business so you can judge the direction before spending anything.

For $100 one time, I can turn it into a complete done-for-you content pack. In plain English, you get:

• 10 ready-to-post Google / Facebook / social posts
• custom graphics made for Artemex Gilroy
• customer follow-up messages you can copy and paste
• review and customer-message reply templates
• stronger calls-to-action
• content built around your actual services
• everything organized and ready to use

No subscription and no contract. I’d build the first set around service highlights, FAQ-style education, and a clear next-step CTA.

Why it may be worth considering: you already have services worth explaining and showing; this package turns those existing strengths into content customers can actually see and understand.

If you like the sample, reply YES and I’ll finish the complete set.

If you already know you want it, the $100 PayPal invoice is here:
https://www.paypal.com/invoice/p/#7T6DC9A6WFH3XXCT

If you’d rather ask something first, just reply. If it isn’t useful, reply “no thanks” and I won’t keep following up.

Thanks,
Anastaysia",186-v5-artemex-gilroy.jpg,186-v5-artemex-gilroy.eml,"Absolutely — I can finish the full specialty retail and mexican artisan goods content package for Artemex Gilroy. It’s $100 one time, with no subscription or contract. PayPal invoice: https://www.paypal.com/invoice/p/#7T6DC9A6WFH3XXCT

Once payment is confirmed, I’ll build the complete set around service highlights, FAQ-style education, and a clear next-step CTA unless you want me to prioritize something else.

– Anastaysia","It’s $100 total, one time — not per post and not monthly. You keep the 10 posts, custom graphics, customer follow-up messages, review/message replies and CTA copy.","The attached sample was made specifically for Artemex Gilroy around specialty retail and mexican artisan goods. That is the direction I’d use for the finished set, and I’ll keep every piece tied to the actual services rather than generic filler.","I’d make the finished set around service highlights, FAQ-style education, and a clear next-step CTA. You receive the words + graphics ready to copy, post or reuse, so you do not have to design or write them yourself.","No problem. I’ll leave the sample with you. If timing changes, reply here and I can pick it back up. I won’t keep chasing you.","Hi Artemex Gilroy team — one quick follow-up on the private specialty retail and mexican artisan goods sample I attached. If you want me to finish the full $100 set, reply YES. If not, no worries and I won’t follow up again.

– Anastaysia","Hi — I made a private specialty retail and mexican artisan goods sample for Artemex Gilroy, but the public email I tried bounced. What business email should I send the preview to?

– Anastaysia","Thanks — payment is confirmed. I’m building the Artemex Gilroy package around service highlights, FAQ-style education, and a clear next-step CTA. I’ll send the finished files in this email thread when they’re ready.

– Anastaysia","Hi Artemex Gilroy team — your finished $100 content package is ready. I’ve organized the posts, graphics, follow-up copy, review/message replies and CTAs so they’re easy to reuse. If you want a different service emphasized in a future set, reply here.

– Anastaysia",New,,,
V5,187,373,BuB's Comics & Cards,"Gilroy, CA","Comics, trading cards and collectibles retail",66,Priority-ranked; timing is not guaranteed,bubscomicsncards@gmail.com,,408-767-2086,https://visitgilroy.com/listing/bubs-comics-%26-cards/204/,2026-09-16,"Current Visit Gilroy listing publishes exact email, phone, downtown address and active store hours.","comics, trading cards and collectibles retail","BuB's carries comics, sports cards, figures and collectibles; category guides, new-arrival and collector-entry content can help different shopper types navigate inventory.","BuB's carries comics, sports cards, figures and collectibles; category guides, new-arrival and collector-entry content can help different shopper types navigate inventory. The $100 package is useful here because it turns those existing services into clear, reusable customer-facing content without requiring the business to write or design the pieces itself.","Private comics, trading cards and collectibles retail sample for BuB's Comics & Cards","Hi BuB's Comics & Cards team,

I was looking at your business and noticed buB's carries comics, sports cards, figures and collectibles; category guides, new-arrival and collector-entry content can help different shopper types navigate inventory. I made the attached private preview around that part of the business so you can judge the direction before spending anything.

For $100 one time, I can turn it into a complete done-for-you content pack. In plain English, you get:

• 10 ready-to-post Google / Facebook / social posts
• custom graphics made for BuB's Comics & Cards
• customer follow-up messages you can copy and paste
• review and customer-message reply templates
• stronger calls-to-action
• content built around your actual services
• everything organized and ready to use

No subscription and no contract. I’d build the first set around service highlights, FAQ-style education, and a clear next-step CTA.

Why it may be worth considering: you already have services worth explaining and showing; this package turns those existing strengths into content customers can actually see and understand.

If you like the sample, reply YES and I’ll finish the complete set.

If you already know you want it, the $100 PayPal invoice is here:
https://www.paypal.com/invoice/p/#7T6DC9A6WFH3XXCT

If you’d rather ask something first, just reply. If it isn’t useful, reply “no thanks” and I won’t keep following up.

Thanks,
Anastaysia",187-v5-bub-s-comics-cards.jpg,187-v5-bub-s-comics-cards.eml,"Absolutely — I can finish the full comics, trading cards and collectibles retail content package for BuB's Comics & Cards. It’s $100 one time, with no subscription or contract. PayPal invoice: https://www.paypal.com/invoice/p/#7T6DC9A6WFH3XXCT

Once payment is confirmed, I’ll build the complete set around service highlights, FAQ-style education, and a clear next-step CTA unless you want me to prioritize something else.

– Anastaysia","It’s $100 total, one time — not per post and not monthly. You keep the 10 posts, custom graphics, customer follow-up messages, review/message replies and CTA copy.","The attached sample was made specifically for BuB's Comics & Cards around comics, trading cards and collectibles retail. That is the direction I’d use for the finished set, and I’ll keep every piece tied to the actual services rather than generic filler.","I’d make the finished set around service highlights, FAQ-style education, and a clear next-step CTA. You receive the words + graphics ready to copy, post or reuse, so you do not have to design or write them yourself.","No problem. I’ll leave the sample with you. If timing changes, reply here and I can pick it back up. I won’t keep chasing you.","Hi BuB's Comics & Cards team — one quick follow-up on the private comics, trading cards and collectibles retail sample I attached. If you want me to finish the full $100 set, reply YES. If not, no worries and I won’t follow up again.

– Anastaysia","Hi — I made a private comics, trading cards and collectibles retail sample for BuB's Comics & Cards, but the public email I tried bounced. What business email should I send the preview to?

– Anastaysia","Thanks — payment is confirmed. I’m building the BuB's Comics & Cards package around service highlights, FAQ-style education, and a clear next-step CTA. I’ll send the finished files in this email thread when they’re ready.

– Anastaysia","Hi BuB's Comics & Cards team — your finished $100 content package is ready. I’ve organized the posts, graphics, follow-up copy, review/message replies and CTAs so they’re easy to reuse. If you want a different service emphasized in a future set, reply here.

– Anastaysia",New,,,
V5,188,375,Copenhagen Crown Bakery,"Santa Clara, CA",Bakery and custom cakes,66,Priority-ranked; timing is not guaranteed,copenhagencrownbakery@gmail.com,https://www.sjcake.com/,408-243-5443,https://www.sjcake.com/,2026-09-15,,bakery and custom cakes,Copenhagen Crown Bakery supports everyday bakery purchases plus custom/occasion cake decisions; cake-selection and ordering-timeline content.,"Copenhagen Crown Bakery supports everyday bakery purchases plus custom/occasion cake decisions; cake-selection and ordering-timeline content. The $100 package is useful here because it turns those existing services into clear, reusable customer-facing content without requiring the business to write or design the pieces itself.",Private bakery and custom cakes sample for Copenhagen Crown Bakery,"Hi Copenhagen Crown Bakery team,

I was looking at your business and noticed copenhagen Crown Bakery supports everyday bakery purchases plus custom/occasion cake decisions; cake-selection and ordering-timeline content. I made the attached private preview around that part of the business so you can judge the direction before spending anything.

For $100 one time, I can turn it into a complete done-for-you content pack. In plain English, you get:

• 10 ready-to-post Google / Facebook / social posts
• custom graphics made for Copenhagen Crown Bakery
• customer follow-up messages you can copy and paste
• review and customer-message reply templates
• stronger calls-to-action
• content built around your actual services
• everything organized and ready to use

No subscription and no contract. I’d build the first set around menu/service highlights, event or ordering guidance, and local customer CTAs.

Why it may be worth considering: you already have services worth explaining and showing; this package turns those existing strengths into content customers can actually see and understand.

If you like the sample, reply YES and I’ll finish the complete set.

If you already know you want it, the $100 PayPal invoice is here:
https://www.paypal.com/invoice/p/#7T6DC9A6WFH3XXCT

If you’d rather ask something first, just reply. If it isn’t useful, reply “no thanks” and I won’t keep following up.

Thanks,
Anastaysia",188-v5-copenhagen-crown-bakery.jpg,188-v5-copenhagen-crown-bakery.eml,"Absolutely — I can finish the full bakery and custom cakes content package for Copenhagen Crown Bakery. It’s $100 one time, with no subscription or contract. PayPal invoice: https://www.paypal.com/invoice/p/#7T6DC9A6WFH3XXCT

Once payment is confirmed, I’ll build the complete set around menu/service highlights, event or ordering guidance, and local customer CTAs unless you want me to prioritize something else.

– Anastaysia","It’s $100 total, one time — not per post and not monthly. You keep the 10 posts, custom graphics, customer follow-up messages, review/message replies and CTA copy.","The attached sample was made specifically for Copenhagen Crown Bakery around bakery and custom cakes. That is the direction I’d use for the finished set, and I’ll keep every piece tied to the actual services rather than generic filler.","I’d make the finished set around menu/service highlights, event or ordering guidance, and local customer CTAs. You receive the words + graphics ready to copy, post or reuse, so you do not have to design or write them yourself.","No problem. I’ll leave the sample with you. If timing changes, reply here and I can pick it back up. I won’t keep chasing you.","Hi Copenhagen Crown Bakery team — one quick follow-up on the private bakery and custom cakes sample I attached. If you want me to finish the full $100 set, reply YES. If not, no worries and I won’t follow up again.

– Anastaysia","Hi — I made a private bakery and custom cakes sample for Copenhagen Crown Bakery, but the public email I tried bounced. What business email should I send the preview to?

– Anastaysia","Thanks — payment is confirmed. I’m building the Copenhagen Crown Bakery package around menu/service highlights, event or ordering guidance, and local customer CTAs. I’ll send the finished files in this email thread when they’re ready.

– Anastaysia","Hi Copenhagen Crown Bakery team — your finished $100 content package is ready. I’ve organized the posts, graphics, follow-up copy, review/message replies and CTAs so they’re easy to reuse. If you want a different service emphasized in a future set, reply here.

– Anastaysia",New,,,
V5,189,377,Dough & Batter,"Morgan Hill / Santa Clara County, CA",Bakery and delivery,66,Priority-ranked; timing is not guaranteed,doughandbatter2020@gmail.com,https://www.doughandbatterca.com/,,https://www.doughandbatterca.com/,2026-09-16,Current owned site publishes doughandbatter2020@gmail.com and current order/delivery guidance.,bakery and delivery,"Dough & Batter publishes fresh-baked ordering, delivery windows, sourdough preorder guidance and special-order contact details; ordering education and product highlights can reduce friction for customers.","Dough & Batter publishes fresh-baked ordering, delivery windows, sourdough preorder guidance and special-order contact details; ordering education and product highlights can reduce friction for customers. The $100 package is useful here because it turns those existing services into clear, reusable customer-facing content without requiring the business to write or design the pieces itself.",Private bakery and delivery sample for Dough & Batter,"Hi Dough & Batter team,

I was looking at your business and noticed dough & Batter publishes fresh-baked ordering, delivery windows, sourdough preorder guidance and special-order contact details; ordering education and product highlights can reduce friction for customers. I made the attached private preview around that part of the business so you can judge the direction before spending anything.

For $100 one time, I can turn it into a complete done-for-you content pack. In plain English, you get:

• 10 ready-to-post Google / Facebook / social posts
• custom graphics made for Dough & Batter
• customer follow-up messages you can copy and paste
• review and customer-message reply templates
• stronger calls-to-action
• content built around your actual services
• everything organized and ready to use

No subscription and no contract. I’d build the first set around menu/service highlights, event or ordering guidance, and local customer CTAs.

Why it may be worth considering: you already have services worth explaining and showing; this package turns those existing strengths into content customers can actually see and understand.

If you like the sample, reply YES and I’ll finish the complete set.

If you already know you want it, the $100 PayPal invoice is here:
https://www.paypal.com/invoice/p/#7T6DC9A6WFH3XXCT

If you’d rather ask something first, just reply. If it isn’t useful, reply “no thanks” and I won’t keep following up.

Thanks,
Anastaysia",189-v5-dough-batter.jpg,189-v5-dough-batter.eml,"Absolutely — I can finish the full bakery and delivery content package for Dough & Batter. It’s $100 one time, with no subscription or contract. PayPal invoice: https://www.paypal.com/invoice/p/#7T6DC9A6WFH3XXCT

Once payment is confirmed, I’ll build the complete set around menu/service highlights, event or ordering guidance, and local customer CTAs unless you want me to prioritize something else.

– Anastaysia","It’s $100 total, one time — not per post and not monthly. You keep the 10 posts, custom graphics, customer follow-up messages, review/message replies and CTA copy.","The attached sample was made specifically for Dough & Batter around bakery and delivery. That is the direction I’d use for the finished set, and I’ll keep every piece tied to the actual services rather than generic filler.","I’d make the finished set around menu/service highlights, event or ordering guidance, and local customer CTAs. You receive the words + graphics ready to copy, post or reuse, so you do not have to design or write them yourself.","No problem. I’ll leave the sample with you. If timing changes, reply here and I can pick it back up. I won’t keep chasing you.","Hi Dough & Batter team — one quick follow-up on the private bakery and delivery sample I attached. If you want me to finish the full $100 set, reply YES. If not, no worries and I won’t follow up again.

– Anastaysia","Hi — I made a private bakery and delivery sample for Dough & Batter, but the public email I tried bounced. What business email should I send the preview to?

– Anastaysia","Thanks — payment is confirmed. I’m building the Dough & Batter package around menu/service highlights, event or ordering guidance, and local customer CTAs. I’ll send the finished files in this email thread when they’re ready.

– Anastaysia","Hi Dough & Batter team — your finished $100 content package is ready. I’ve organized the posts, graphics, follow-up copy, review/message replies and CTAs so they’re easy to reuse. If you want a different service emphasized in a future set, reply here.

– Anastaysia",New,,,
V5,190,379,Grupo Folklorico Los Laureles / Los Laureles Academy,"San Jose, CA",Folklorico dance school and cultural arts,66,Priority-ranked; timing is not guaranteed,mariachifolklorico@gmail.com,https://www.loslaureles.org/,408-204-9676,https://www.loslaureles.org/,2026-09-13,"Current owned site says Fall 2026 registration is open and publishes the San Jose studio, mariachifolklorico@gmail.com and 408-204-9676.",folklorico dance school and cultural arts,"Los Laureles is registering for Fall 2026 and offers more than 25 classes; class-level, registration and cultural-program content can make the academy easier for families to explore.","Los Laureles is registering for Fall 2026 and offers more than 25 classes; class-level, registration and cultural-program content can make the academy easier for families to explore. The $100 package is useful here because it turns those existing services into clear, reusable customer-facing content without requiring the business to write or design the pieces itself.",Private folklorico dance school and cultural arts sample for Grupo Folklorico Los Laureles / Los Laureles Academy,"Hi Grupo Folklorico Los Laureles / Los Laureles Academy team,

I was looking at your business and noticed los Laureles is registering for Fall 2026 and offers more than 25 classes; class-level, registration and cultural-program content can make the academy easier for families to explore. I made the attached private preview around that part of the business so you can judge the direction before spending anything.

For $100 one time, I can turn it into a complete done-for-you content pack. In plain English, you get:

• 10 ready-to-post Google / Facebook / social posts
• custom graphics made for Grupo Folklorico Los Laureles / Los Laureles Academy
• customer follow-up messages you can copy and paste
• review and customer-message reply templates
• stronger calls-to-action
• content built around your actual services
• everything organized and ready to use

No subscription and no contract. I’d build the first set around program/service selection, first-visit guidance, and booking CTAs.

Why it may be worth considering: you already have services worth explaining and showing; this package turns those existing strengths into content customers can actually see and understand.

If you like the sample, reply YES and I’ll finish the complete set.

If you already know you want it, the $100 PayPal invoice is here:
https://www.paypal.com/invoice/p/#7T6DC9A6WFH3XXCT

If you’d rather ask something first, just reply. If it isn’t useful, reply “no thanks” and I won’t keep following up.

Thanks,
Anastaysia",190-v5-grupo-folklorico-los-laureles-los-laureles-academy.jpg,190-v5-grupo-folklorico-los-laureles-los-laureles-academy.eml,"Absolutely — I can finish the full folklorico dance school and cultural arts content package for Grupo Folklorico Los Laureles / Los Laureles Academy. It’s $100 one time, with no subscription or contract. PayPal invoice: https://www.paypal.com/invoice/p/#7T6DC9A6WFH3XXCT

Once payment is confirmed, I’ll build the complete set around program/service selection, first-visit guidance, and booking CTAs unless you want me to prioritize something else.

– Anastaysia","It’s $100 total, one time — not per post and not monthly. You keep the 10 posts, custom graphics, customer follow-up messages, review/message replies and CTA copy.","The attached sample was made specifically for Grupo Folklorico Los Laureles / Los Laureles Academy around folklorico dance school and cultural arts. That is the direction I’d use for the finished set, and I’ll keep every piece tied to the actual services rather than generic filler.","I’d make the finished set around program/service selection, first-visit guidance, and booking CTAs. You receive the words + graphics ready to copy, post or reuse, so you do not have to design or write them yourself.","No problem. I’ll leave the sample with you. If timing changes, reply here and I can pick it back up. I won’t keep chasing you.","Hi Grupo Folklorico Los Laureles / Los Laureles Academy team — one quick follow-up on the private folklorico dance school and cultural arts sample I attached. If you want me to finish the full $100 set, reply YES. If not, no worries and I won’t follow up again.

– Anastaysia","Hi — I made a private folklorico dance school and cultural arts sample for Grupo Folklorico Los Laureles / Los Laureles Academy, but the public email I tried bounced. What business email should I send the preview to?

– Anastaysia","Thanks — payment is confirmed. I’m building the Grupo Folklorico Los Laureles / Los Laureles Academy package around program/service selection, first-visit guidance, and booking CTAs. I’ll send the finished files in this email thread when they’re ready.

– Anastaysia","Hi Grupo Folklorico Los Laureles / Los Laureles Academy team — your finished $100 content package is ready. I’ve organized the posts, graphics, follow-up copy, review/message replies and CTAs so they’re easy to reuse. If you want a different service emphasized in a future set, reply here.

– Anastaysia",New,,,
V5,191,381,La Corneta Taqueria Palo Alto,"Palo Alto, CA",Restaurant and catering,66,Priority-ranked; timing is not guaranteed,lacornetapa@gmail.com,https://lacorneta.com/,650-656-9958,https://lacorneta.com/,2026-09-15,,restaurant and catering,"La Corneta's Palo Alto location supports restaurant and catering decisions; menu, occasion and catering-order guidance provide concrete.","La Corneta's Palo Alto location supports restaurant and catering decisions; menu, occasion and catering-order guidance provide concrete. The $100 package is useful here because it turns those existing services into clear, reusable customer-facing content without requiring the business to write or design the pieces itself.",Private restaurant and catering sample for La Corneta Taqueria Palo Alto,"Hi La Corneta Taqueria Palo Alto team,

I was looking at your business and noticed la Corneta's Palo Alto location supports restaurant and catering decisions; menu, occasion and catering-order guidance provide concrete. I made the attached private preview around that part of the business so you can judge the direction before spending anything.

For $100 one time, I can turn it into a complete done-for-you content pack. In plain English, you get:

• 10 ready-to-post Google / Facebook / social posts
• custom graphics made for La Corneta Taqueria Palo Alto
• customer follow-up messages you can copy and paste
• review and customer-message reply templates
• stronger calls-to-action
• content built around your actual services
• everything organized and ready to use

No subscription and no contract. I’d build the first set around menu/service highlights, event or ordering guidance, and local customer CTAs.

Why it may be worth considering: you already have services worth explaining and showing; this package turns those existing strengths into content customers can actually see and understand.

If you like the sample, reply YES and I’ll finish the complete set.

If you already know you want it, the $100 PayPal invoice is here:
https://www.paypal.com/invoice/p/#7T6DC9A6WFH3XXCT

If you’d rather ask something first, just reply. If it isn’t useful, reply “no thanks” and I won’t keep following up.

Thanks,
Anastaysia",191-v5-la-corneta-taqueria-palo-alto.jpg,191-v5-la-corneta-taqueria-palo-alto.eml,"Absolutely — I can finish the full restaurant and catering content package for La Corneta Taqueria Palo Alto. It’s $100 one time, with no subscription or contract. PayPal invoice: https://www.paypal.com/invoice/p/#7T6DC9A6WFH3XXCT

Once payment is confirmed, I’ll build the complete set around menu/service highlights, event or ordering guidance, and local customer CTAs unless you want me to prioritize something else.

– Anastaysia","It’s $100 total, one time — not per post and not monthly. You keep the 10 posts, custom graphics, customer follow-up messages, review/message replies and CTA copy.","The attached sample was made specifically for La Corneta Taqueria Palo Alto around restaurant and catering. That is the direction I’d use for the finished set, and I’ll keep every piece tied to the actual services rather than generic filler.","I’d make the finished set around menu/service highlights, event or ordering guidance, and local customer CTAs. You receive the words + graphics ready to copy, post or reuse, so you do not have to design or write them yourself.","No problem. I’ll leave the sample with you. If timing changes, reply here and I can pick it back up. I won’t keep chasing you.","Hi La Corneta Taqueria Palo Alto team — one quick follow-up on the private restaurant and catering sample I attached. If you want me to finish the full $100 set, reply YES. If not, no worries and I won’t follow up again.

– Anastaysia","Hi — I made a private restaurant and catering sample for La Corneta Taqueria Palo Alto, but the public email I tried bounced. What business email should I send the preview to?

– Anastaysia","Thanks — payment is confirmed. I’m building the La Corneta Taqueria Palo Alto package around menu/service highlights, event or ordering guidance, and local customer CTAs. I’ll send the finished files in this email thread when they’re ready.

– Anastaysia","Hi La Corneta Taqueria Palo Alto team — your finished $100 content package is ready. I’ve organized the posts, graphics, follow-up copy, review/message replies and CTAs so they’re easy to reuse. If you want a different service emphasized in a future set, reply here.

– Anastaysia",New,,,
V5,192,383,Lawza Moroccan Bakery,"Palo Alto / Santa Clara County delivery, CA",Bakery and catering,66,Priority-ranked; timing is not guaranteed,lawzabakery@gmail.com,https://lawzabakery.com/,650-665-4518,https://lawzabakery.com/collections/all,2026-09-16,"Current owned site publishes lawzabakery@gmail.com, 650-665-4518 and Santa Clara County delivery areas.",bakery and catering,"Lawza makes Moroccan sweets fresh to order and offers custom orders, catering and delivery to Palo Alto, Mountain View, Sunnyvale, Los Altos, Cupertino and Santa Clara; product, occasion and catering content has strong visual potential.","Lawza makes Moroccan sweets fresh to order and offers custom orders, catering and delivery to Palo Alto, Mountain View, Sunnyvale, Los Altos, Cupertino and Santa Clara; product, occasion and catering content has strong visual potential. The $100 package is useful here because it turns those existing services into clear, reusable customer-facing content without requiring the business to write or design the pieces itself.",Private bakery and catering sample for Lawza Moroccan Bakery,"Hi Lawza Moroccan Bakery team,

I was looking at your business and noticed lawza makes Moroccan sweets fresh to order and offers custom orders, catering and delivery to Palo Alto, Mountain View, Sunnyvale, Los Altos, Cupertino and Santa Clara; product, occasion and catering content has strong visual potential. I made the attached private preview around that part of the business so you can judge the direction before spending anything.

For $100 one time, I can turn it into a complete done-for-you content pack. In plain English, you get:

• 10 ready-to-post Google / Facebook / social posts
• custom graphics made for Lawza Moroccan Bakery
• customer follow-up messages you can copy and paste
• review and customer-message reply templates
• stronger calls-to-action
• content built around your actual services
• everything organized and ready to use

No subscription and no contract. I’d build the first set around menu/service highlights, event or ordering guidance, and local customer CTAs.

Why it may be worth considering: you already have services worth explaining and showing; this package turns those existing strengths into content customers can actually see and understand.

If you like the sample, reply YES and I’ll finish the complete set.

If you already know you want it, the $100 PayPal invoice is here:
https://www.paypal.com/invoice/p/#7T6DC9A6WFH3XXCT

If you’d rather ask something first, just reply. If it isn’t useful, reply “no thanks” and I won’t keep following up.

Thanks,
Anastaysia",192-v5-lawza-moroccan-bakery.jpg,192-v5-lawza-moroccan-bakery.eml,"Absolutely — I can finish the full bakery and catering content package for Lawza Moroccan Bakery. It’s $100 one time, with no subscription or contract. PayPal invoice: https://www.paypal.com/invoice/p/#7T6DC9A6WFH3XXCT

Once payment is confirmed, I’ll build the complete set around menu/service highlights, event or ordering guidance, and local customer CTAs unless you want me to prioritize something else.

– Anastaysia","It’s $100 total, one time — not per post and not monthly. You keep the 10 posts, custom graphics, customer follow-up messages, review/message replies and CTA copy.","The attached sample was made specifically for Lawza Moroccan Bakery around bakery and catering. That is the direction I’d use for the finished set, and I’ll keep every piece tied to the actual services rather than generic filler.","I’d make the finished set around menu/service highlights, event or ordering guidance, and local customer CTAs. You receive the words + graphics ready to copy, post or reuse, so you do not have to design or write them yourself.","No problem. I’ll leave the sample with you. If timing changes, reply here and I can pick it back up. I won’t keep chasing you.","Hi Lawza Moroccan Bakery team — one quick follow-up on the private bakery and catering sample I attached. If you want me to finish the full $100 set, reply YES. If not, no worries and I won’t follow up again.

– Anastaysia","Hi — I made a private bakery and catering sample for Lawza Moroccan Bakery, but the public email I tried bounced. What business email should I send the preview to?

– Anastaysia","Thanks — payment is confirmed. I’m building the Lawza Moroccan Bakery package around menu/service highlights, event or ordering guidance, and local customer CTAs. I’ll send the finished files in this email thread when they’re ready.

– Anastaysia","Hi Lawza Moroccan Bakery team — your finished $100 content package is ready. I’ve organized the posts, graphics, follow-up copy, review/message replies and CTAs so they’re easy to reuse. If you want a different service emphasized in a future set, reply here.

– Anastaysia",New,,,
V5,193,385,Lopez Taqueria,"Sunnyvale / San Jose / Gilroy, CA",Restaurant and catering,66,Priority-ranked; timing is not guaranteed,lopeztaqueriarestaurant@gmail.com,https://lopeztaquerias.com/,408-732-3854,https://lopeztaquerias.com/catering,2026-09-16,"Current owned catering page publishes lopeztaqueriarestaurant@gmail.com and Santa Clara County locations in Sunnyvale, San Jose and Gilroy.",restaurant and catering,"Lopez Taqueria operates multiple Santa Clara County locations and offers catering with delivery rules and dietary-accommodation guidance; menu, catering and location-specific content has direct customer utility.","Lopez Taqueria operates multiple Santa Clara County locations and offers catering with delivery rules and dietary-accommodation guidance; menu, catering and location-specific content has direct customer utility. The $100 package is useful here because it turns those existing services into clear, reusable customer-facing content without requiring the business to write or design the pieces itself.",Private restaurant and catering sample for Lopez Taqueria,"Hi Lopez Taqueria team,

I was looking at your business and noticed lopez Taqueria operates multiple Santa Clara County locations and offers catering with delivery rules and dietary-accommodation guidance; menu, catering and location-specific content has direct customer utility. I made the attached private preview around that part of the business so you can judge the direction before spending anything.

For $100 one time, I can turn it into a complete done-for-you content pack. In plain English, you get:

• 10 ready-to-post Google / Facebook / social posts
• custom graphics made for Lopez Taqueria
• customer follow-up messages you can copy and paste
• review and customer-message reply templates
• stronger calls-to-action
• content built around your actual services
• everything organized and ready to use

No subscription and no contract. I’d build the first set around menu/service highlights, event or ordering guidance, and local customer CTAs.

Why it may be worth considering: you already have services worth explaining and showing; this package turns those existing strengths into content customers can actually see and understand.

If you like the sample, reply YES and I’ll finish the complete set.

If you already know you want it, the $100 PayPal invoice is here:
https://www.paypal.com/invoice/p/#7T6DC9A6WFH3XXCT

If you’d rather ask something first, just reply. If it isn’t useful, reply “no thanks” and I won’t keep following up.

Thanks,
Anastaysia",193-v5-lopez-taqueria.jpg,193-v5-lopez-taqueria.eml,"Absolutely — I can finish the full restaurant and catering content package for Lopez Taqueria. It’s $100 one time, with no subscription or contract. PayPal invoice: https://www.paypal.com/invoice/p/#7T6DC9A6WFH3XXCT

Once payment is confirmed, I’ll build the complete set around menu/service highlights, event or ordering guidance, and local customer CTAs unless you want me to prioritize something else.

– Anastaysia","It’s $100 total, one time — not per post and not monthly. You keep the 10 posts, custom graphics, customer follow-up messages, review/message replies and CTA copy.","The attached sample was made specifically for Lopez Taqueria around restaurant and catering. That is the direction I’d use for the finished set, and I’ll keep every piece tied to the actual services rather than generic filler.","I’d make the finished set around menu/service highlights, event or ordering guidance, and local customer CTAs. You receive the words + graphics ready to copy, post or reuse, so you do not have to design or write them yourself.","No problem. I’ll leave the sample with you. If timing changes, reply here and I can pick it back up. I won’t keep chasing you.","Hi Lopez Taqueria team — one quick follow-up on the private restaurant and catering sample I attached. If you want me to finish the full $100 set, reply YES. If not, no worries and I won’t follow up again.

– Anastaysia","Hi — I made a private restaurant and catering sample for Lopez Taqueria, but the public email I tried bounced. What business email should I send the preview to?

– Anastaysia","Thanks — payment is confirmed. I’m building the Lopez Taqueria package around menu/service highlights, event or ordering guidance, and local customer CTAs. I’ll send the finished files in this email thread when they’re ready.

– Anastaysia","Hi Lopez Taqueria team — your finished $100 content package is ready. I’ve organized the posts, graphics, follow-up copy, review/message replies and CTAs so they’re easy to reuse. If you want a different service emphasized in a future set, reply here.

– Anastaysia",New,,,
V5,194,387,Nola Street Kitchen,"Gilroy, CA",Louisiana-inspired restaurant and takeout,66,Priority-ranked; timing is not guaranteed,nolastkitchen@yahoo.com,https://www.nolastreetkitchen.com/,408-337-1242,https://www.nolastreetkitchen.com/contact-us/,2026-09-16,"Current owned site publishes 1340 1st St, Gilroy, exact public email/phone and current daily service hours.",louisiana-inspired restaurant and takeout,Nola Street Kitchen serves scratch-made Southern food with dine-in and online-order paths; signature-dish and takeout content can make a distinctive local menu easier to discover.,"Nola Street Kitchen serves scratch-made Southern food with dine-in and online-order paths; signature-dish and takeout content can make a distinctive local menu easier to discover. The $100 package is useful here because it turns those existing services into clear, reusable customer-facing content without requiring the business to write or design the pieces itself.",Private louisiana-inspired restaurant and takeout sample for Nola Street Kitchen,"Hi Nola Street Kitchen team,

I was looking at your business and noticed nola Street Kitchen serves scratch-made Southern food with dine-in and online-order paths; signature-dish and takeout content can make a distinctive local menu easier to discover. I made the attached private preview around that part of the business so you can judge the direction before spending anything.

For $100 one time, I can turn it into a complete done-for-you content pack. In plain English, you get:

• 10 ready-to-post Google / Facebook / social posts
• custom graphics made for Nola Street Kitchen
• customer follow-up messages you can copy and paste
• review and customer-message reply templates
• stronger calls-to-action
• content built around your actual services
• everything organized and ready to use

No subscription and no contract. I’d build the first set around menu/service highlights, event or ordering guidance, and local customer CTAs.

Why it may be worth considering: you already have services worth explaining and showing; this package turns those existing strengths into content customers can actually see and understand.

If you like the sample, reply YES and I’ll finish the complete set.

If you already know you want it, the $100 PayPal invoice is here:
https://www.paypal.com/invoice/p/#7T6DC9A6WFH3XXCT

If you’d rather ask something first, just reply. If it isn’t useful, reply “no thanks” and I won’t keep following up.

Thanks,
Anastaysia",194-v5-nola-street-kitchen.jpg,194-v5-nola-street-kitchen.eml,"Absolutely — I can finish the full louisiana-inspired restaurant and takeout content package for Nola Street Kitchen. It’s $100 one time, with no subscription or contract. PayPal invoice: https://www.paypal.com/invoice/p/#7T6DC9A6WFH3XXCT

Once payment is confirmed, I’ll build the complete set around menu/service highlights, event or ordering guidance, and local customer CTAs unless you want me to prioritize something else.

– Anastaysia","It’s $100 total, one time — not per post and not monthly. You keep the 10 posts, custom graphics, customer follow-up messages, review/message replies and CTA copy.","The attached sample was made specifically for Nola Street Kitchen around louisiana-inspired restaurant and takeout. That is the direction I’d use for the finished set, and I’ll keep every piece tied to the actual services rather than generic filler.","I’d make the finished set around menu/service highlights, event or ordering guidance, and local customer CTAs. You receive the words + graphics ready to copy, post or reuse, so you do not have to design or write them yourself.","No problem. I’ll leave the sample with you. If timing changes, reply here and I can pick it back up. I won’t keep chasing you.","Hi Nola Street Kitchen team — one quick follow-up on the private louisiana-inspired restaurant and takeout sample I attached. If you want me to finish the full $100 set, reply YES. If not, no worries and I won’t follow up again.

– Anastaysia","Hi — I made a private louisiana-inspired restaurant and takeout sample for Nola Street Kitchen, but the public email I tried bounced. What business email should I send the preview to?

– Anastaysia","Thanks — payment is confirmed. I’m building the Nola Street Kitchen package around menu/service highlights, event or ordering guidance, and local customer CTAs. I’ll send the finished files in this email thread when they’re ready.

– Anastaysia","Hi Nola Street Kitchen team — your finished $100 content package is ready. I’ve organized the posts, graphics, follow-up copy, review/message replies and CTAs so they’re easy to reuse. If you want a different service emphasized in a future set, reply here.

– Anastaysia",New,,,
V5,195,389,Pintello Comedy Theater,"Gilroy, CA",Live theater and ticketed events,66,Priority-ranked; timing is not guaranteed,pintellopct@gmail.com,https://www.pintellocomedy.com/,408-406-6327,https://www.pintellocomedy.com/,2026-09-16,"Current owned site lists 2026 productions, Gilroy venue, public email and phone.",live theater and ticketed events,"Pintello has an active 2026 performance calendar at Gilroy Grange Hall; show-preview, first-visit and ticket-planning content can support current attendance paths.","Pintello has an active 2026 performance calendar at Gilroy Grange Hall; show-preview, first-visit and ticket-planning content can support current attendance paths. The $100 package is useful here because it turns those existing services into clear, reusable customer-facing content without requiring the business to write or design the pieces itself.",Private live theater and ticketed events sample for Pintello Comedy Theater,"Hi Pintello Comedy Theater team,

I was looking at your business and noticed pintello has an active 2026 performance calendar at Gilroy Grange Hall; show-preview, first-visit and ticket-planning content can support current attendance paths. I made the attached private preview around that part of the business so you can judge the direction before spending anything.

For $100 one time, I can turn it into a complete done-for-you content pack. In plain English, you get:

• 10 ready-to-post Google / Facebook / social posts
• custom graphics made for Pintello Comedy Theater
• customer follow-up messages you can copy and paste
• review and customer-message reply templates
• stronger calls-to-action
• content built around your actual services
• everything organized and ready to use

No subscription and no contract. I’d build the first set around service highlights, FAQ-style education, and a clear next-step CTA.

Why it may be worth considering: you already have services worth explaining and showing; this package turns those existing strengths into content customers can actually see and understand.

If you like the sample, reply YES and I’ll finish the complete set.

If you already know you want it, the $100 PayPal invoice is here:
https://www.paypal.com/invoice/p/#7T6DC9A6WFH3XXCT

If you’d rather ask something first, just reply. If it isn’t useful, reply “no thanks” and I won’t keep following up.

Thanks,
Anastaysia",195-v5-pintello-comedy-theater.jpg,195-v5-pintello-comedy-theater.eml,"Absolutely — I can finish the full live theater and ticketed events content package for Pintello Comedy Theater. It’s $100 one time, with no subscription or contract. PayPal invoice: https://www.paypal.com/invoice/p/#7T6DC9A6WFH3XXCT

Once payment is confirmed, I’ll build the complete set around service highlights, FAQ-style education, and a clear next-step CTA unless you want me to prioritize something else.

– Anastaysia","It’s $100 total, one time — not per post and not monthly. You keep the 10 posts, custom graphics, customer follow-up messages, review/message replies and CTA copy.","The attached sample was made specifically for Pintello Comedy Theater around live theater and ticketed events. That is the direction I’d use for the finished set, and I’ll keep every piece tied to the actual services rather than generic filler.","I’d make the finished set around service highlights, FAQ-style education, and a clear next-step CTA. You receive the words + graphics ready to copy, post or reuse, so you do not have to design or write them yourself.","No problem. I’ll leave the sample with you. If timing changes, reply here and I can pick it back up. I won’t keep chasing you.","Hi Pintello Comedy Theater team — one quick follow-up on the private live theater and ticketed events sample I attached. If you want me to finish the full $100 set, reply YES. If not, no worries and I won’t follow up again.

– Anastaysia","Hi — I made a private live theater and ticketed events sample for Pintello Comedy Theater, but the public email I tried bounced. What business email should I send the preview to?

– Anastaysia","Thanks — payment is confirmed. I’m building the Pintello Comedy Theater package around service highlights, FAQ-style education, and a clear next-step CTA. I’ll send the finished files in this email thread when they’re ready.

– Anastaysia","Hi Pintello Comedy Theater team — your finished $100 content package is ready. I’ve organized the posts, graphics, follow-up copy, review/message replies and CTAs so they’re easy to reuse. If you want a different service emphasized in a future set, reply here.

– Anastaysia",New,,,
V5,196,391,RG Handyman SV,"Gilroy, CA",Handyman,66,Priority-ranked; timing is not guaranteed,rg8handyman@gmail.com,https://rghandymansv.com/,408-310-6918,https://rghandymansv.com/,"RG Handyman SV covers maintenance, carpentry, painting, flooring, fencing, drywall and renovations; 'which trade/service do I need?' content is a natural way to make the broad service menu easier to navigate.",2026-09-13,handyman,maintenance and remodeling,"maintenance and remodeling. The $100 package is useful here because it turns those existing services into clear, reusable customer-facing content without requiring the business to write or design the pieces itself.",Private handyman sample for RG Handyman SV,"Hi RG Handyman SV team,

I was looking at your business and noticed maintenance and remodeling. I made the attached private preview around that part of the business so you can judge the direction before spending anything.

For $100 one time, I can turn it into a complete done-for-you content pack. In plain English, you get:

• 10 ready-to-post Google / Facebook / social posts
• custom graphics made for RG Handyman SV
• customer follow-up messages you can copy and paste
• review and customer-message reply templates
• stronger calls-to-action
• content built around your actual services
• everything organized and ready to use

No subscription and no contract. I’d build the first set around service highlights, FAQ-style education, and a clear next-step CTA.

Why it may be worth considering: you already have services worth explaining and showing; this package turns those existing strengths into content customers can actually see and understand.

If you like the sample, reply YES and I’ll finish the complete set.

If you already know you want it, the $100 PayPal invoice is here:
https://www.paypal.com/invoice/p/#7T6DC9A6WFH3XXCT

If you’d rather ask something first, just reply. If it isn’t useful, reply “no thanks” and I won’t keep following up.

Thanks,
Anastaysia",196-v5-rg-handyman-sv.jpg,196-v5-rg-handyman-sv.eml,"Absolutely — I can finish the full handyman content package for RG Handyman SV. It’s $100 one time, with no subscription or contract. PayPal invoice: https://www.paypal.com/invoice/p/#7T6DC9A6WFH3XXCT

Once payment is confirmed, I’ll build the complete set around service highlights, FAQ-style education, and a clear next-step CTA unless you want me to prioritize something else.

– Anastaysia","It’s $100 total, one time — not per post and not monthly. You keep the 10 posts, custom graphics, customer follow-up messages, review/message replies and CTA copy.","The attached sample was made specifically for RG Handyman SV around handyman. That is the direction I’d use for the finished set, and I’ll keep every piece tied to the actual services rather than generic filler.","I’d make the finished set around service highlights, FAQ-style education, and a clear next-step CTA. You receive the words + graphics ready to copy, post or reuse, so you do not have to design or write them yourself.","No problem. I’ll leave the sample with you. If timing changes, reply here and I can pick it back up. I won’t keep chasing you.","Hi RG Handyman SV team — one quick follow-up on the private handyman sample I attached. If you want me to finish the full $100 set, reply YES. If not, no worries and I won’t follow up again.

– Anastaysia","Hi — I made a private handyman sample for RG Handyman SV, but the public email I tried bounced. What business email should I send the preview to?

– Anastaysia","Thanks — payment is confirmed. I’m building the RG Handyman SV package around service highlights, FAQ-style education, and a clear next-step CTA. I’ll send the finished files in this email thread when they’re ready.

– Anastaysia","Hi RG Handyman SV team — your finished $100 content package is ready. I’ve organized the posts, graphics, follow-up copy, review/message replies and CTAs so they’re easy to reuse. If you want a different service emphasized in a future set, reply here.

– Anastaysia",New,,,
V5,197,393,Super Taqueria Gilroy,"Gilroy, CA",Mexican restaurant and group dining,66,Priority-ranked; timing is not guaranteed,supertaqueriainc@gmail.com,,408-847-2505,https://visitgilroy.com/listing/super-taqueria/39/,2026-09-16,"Current Visit Gilroy listing publishes exact business email, phone, address and current hours.",mexican restaurant and group dining,Super Taqueria offers a focused authentic Mexican menu with indoor/outdoor group dining; signature-item and ordering content can support local discovery.,"Super Taqueria offers a focused authentic Mexican menu with indoor/outdoor group dining; signature-item and ordering content can support local discovery. The $100 package is useful here because it turns those existing services into clear, reusable customer-facing content without requiring the business to write or design the pieces itself.",Private mexican restaurant and group dining sample for Super Taqueria Gilroy,"Hi Super Taqueria Gilroy team,

I was looking at your business and noticed super Taqueria offers a focused authentic Mexican menu with indoor/outdoor group dining; signature-item and ordering content can support local discovery. I made the attached private preview around that part of the business so you can judge the direction before spending anything.

For $100 one time, I can turn it into a complete done-for-you content pack. In plain English, you get:

• 10 ready-to-post Google / Facebook / social posts
• custom graphics made for Super Taqueria Gilroy
• customer follow-up messages you can copy and paste
• review and customer-message reply templates
• stronger calls-to-action
• content built around your actual services
• everything organized and ready to use

No subscription and no contract. I’d build the first set around menu/service highlights, event or ordering guidance, and local customer CTAs.

Why it may be worth considering: you already have services worth explaining and showing; this package turns those existing strengths into content customers can actually see and understand.

If you like the sample, reply YES and I’ll finish the complete set.

If you already know you want it, the $100 PayPal invoice is here:
https://www.paypal.com/invoice/p/#7T6DC9A6WFH3XXCT

If you’d rather ask something first, just reply. If it isn’t useful, reply “no thanks” and I won’t keep following up.

Thanks,
Anastaysia",197-v5-super-taqueria-gilroy.jpg,197-v5-super-taqueria-gilroy.eml,"Absolutely — I can finish the full mexican restaurant and group dining content package for Super Taqueria Gilroy. It’s $100 one time, with no subscription or contract. PayPal invoice: https://www.paypal.com/invoice/p/#7T6DC9A6WFH3XXCT

Once payment is confirmed, I’ll build the complete set around menu/service highlights, event or ordering guidance, and local customer CTAs unless you want me to prioritize something else.

– Anastaysia","It’s $100 total, one time — not per post and not monthly. You keep the 10 posts, custom graphics, customer follow-up messages, review/message replies and CTA copy.","The attached sample was made specifically for Super Taqueria Gilroy around mexican restaurant and group dining. That is the direction I’d use for the finished set, and I’ll keep every piece tied to the actual services rather than generic filler.","I’d make the finished set around menu/service highlights, event or ordering guidance, and local customer CTAs. You receive the words + graphics ready to copy, post or reuse, so you do not have to design or write them yourself.","No problem. I’ll leave the sample with you. If timing changes, reply here and I can pick it back up. I won’t keep chasing you.","Hi Super Taqueria Gilroy team — one quick follow-up on the private mexican restaurant and group dining sample I attached. If you want me to finish the full $100 set, reply YES. If not, no worries and I won’t follow up again.

– Anastaysia","Hi — I made a private mexican restaurant and group dining sample for Super Taqueria Gilroy, but the public email I tried bounced. What business email should I send the preview to?

– Anastaysia","Thanks — payment is confirmed. I’m building the Super Taqueria Gilroy package around menu/service highlights, event or ordering guidance, and local customer CTAs. I’ll send the finished files in this email thread when they’re ready.

– Anastaysia","Hi Super Taqueria Gilroy team — your finished $100 content package is ready. I’ve organized the posts, graphics, follow-up copy, review/message replies and CTAs so they’re easy to reuse. If you want a different service emphasized in a future set, reply here.

– Anastaysia",New,,,
V5,198,395,The Barn at Hoey Ranch,"Gilroy, CA","Weekend antique, art and shopping destination",66,Priority-ranked; timing is not guaranteed,thebarnathoeyranch@gmail.com,,408-309-1179,https://visitgilroy.com/listing/the-barn-at-hoey-ranch/113/,2026-09-16,"Current Visit Gilroy listing publishes exact public email, phone, address and hours.","weekend antique, art and shopping destination","The Barn operates year-round on weekends with art, antiques and local shopping; what-to-expect and seasonal-feature content can support destination visits.","The Barn operates year-round on weekends with art, antiques and local shopping; what-to-expect and seasonal-feature content can support destination visits. The $100 package is useful here because it turns those existing services into clear, reusable customer-facing content without requiring the business to write or design the pieces itself.","Private weekend antique, art and shopping destination sample for The Barn at Hoey Ranch","Hi The Barn at Hoey Ranch team,

I was looking at your business and noticed the Barn operates year-round on weekends with art, antiques and local shopping; what-to-expect and seasonal-feature content can support destination visits. I made the attached private preview around that part of the business so you can judge the direction before spending anything.

For $100 one time, I can turn it into a complete done-for-you content pack. In plain English, you get:

• 10 ready-to-post Google / Facebook / social posts
• custom graphics made for The Barn at Hoey Ranch
• customer follow-up messages you can copy and paste
• review and customer-message reply templates
• stronger calls-to-action
• content built around your actual services
• everything organized and ready to use

No subscription and no contract. I’d build the first set around service highlights, FAQ-style education, and a clear next-step CTA.

Why it may be worth considering: you already have services worth explaining and showing; this package turns those existing strengths into content customers can actually see and understand.

If you like the sample, reply YES and I’ll finish the complete set.

If you already know you want it, the $100 PayPal invoice is here:
https://www.paypal.com/invoice/p/#7T6DC9A6WFH3XXCT

If you’d rather ask something first, just reply. If it isn’t useful, reply “no thanks” and I won’t keep following up.

Thanks,
Anastaysia",198-v5-the-barn-at-hoey-ranch.jpg,198-v5-the-barn-at-hoey-ranch.eml,"Absolutely — I can finish the full weekend antique, art and shopping destination content package for The Barn at Hoey Ranch. It’s $100 one time, with no subscription or contract. PayPal invoice: https://www.paypal.com/invoice/p/#7T6DC9A6WFH3XXCT

Once payment is confirmed, I’ll build the complete set around service highlights, FAQ-style education, and a clear next-step CTA unless you want me to prioritize something else.

– Anastaysia","It’s $100 total, one time — not per post and not monthly. You keep the 10 posts, custom graphics, customer follow-up messages, review/message replies and CTA copy.","The attached sample was made specifically for The Barn at Hoey Ranch around weekend antique, art and shopping destination. That is the direction I’d use for the finished set, and I’ll keep every piece tied to the actual services rather than generic filler.","I’d make the finished set around service highlights, FAQ-style education, and a clear next-step CTA. You receive the words + graphics ready to copy, post or reuse, so you do not have to design or write them yourself.","No problem. I’ll leave the sample with you. If timing changes, reply here and I can pick it back up. I won’t keep chasing you.","Hi The Barn at Hoey Ranch team — one quick follow-up on the private weekend antique, art and shopping destination sample I attached. If you want me to finish the full $100 set, reply YES. If not, no worries and I won’t follow up again.

– Anastaysia","Hi — I made a private weekend antique, art and shopping destination sample for The Barn at Hoey Ranch, but the public email I tried bounced. What business email should I send the preview to?

– Anastaysia","Thanks — payment is confirmed. I’m building the The Barn at Hoey Ranch package around service highlights, FAQ-style education, and a clear next-step CTA. I’ll send the finished files in this email thread when they’re ready.

– Anastaysia","Hi The Barn at Hoey Ranch team — your finished $100 content package is ready. I’ve organized the posts, graphics, follow-up copy, review/message replies and CTAs so they’re easy to reuse. If you want a different service emphasized in a future set, reply here.

– Anastaysia",New,,,
V5,199,397,The Oaks Motel,"Gilroy, CA",Motel and lodging,66,Priority-ranked; timing is not guaranteed,oaksmotelgilroy@gmail.com,,408-367-8145,https://visitgilroy.com/listing/the-oaks-motel/153/,2026-09-16,"Current Visit Gilroy listing publishes exact email, phone and Gilroy address.",motel and lodging,The Oaks Motel provides simple local lodging with parking and in-room amenities; direct-stay and local-visitor content can clarify a basic purchase path.,"The Oaks Motel provides simple local lodging with parking and in-room amenities; direct-stay and local-visitor content can clarify a basic purchase path. The $100 package is useful here because it turns those existing services into clear, reusable customer-facing content without requiring the business to write or design the pieces itself.",Private motel and lodging sample for The Oaks Motel,"Hi The Oaks Motel team,

I was looking at your business and noticed the Oaks Motel provides simple local lodging with parking and in-room amenities; direct-stay and local-visitor content can clarify a basic purchase path. I made the attached private preview around that part of the business so you can judge the direction before spending anything.

For $100 one time, I can turn it into a complete done-for-you content pack. In plain English, you get:

• 10 ready-to-post Google / Facebook / social posts
• custom graphics made for The Oaks Motel
• customer follow-up messages you can copy and paste
• review and customer-message reply templates
• stronger calls-to-action
• content built around your actual services
• everything organized and ready to use

No subscription and no contract. I’d build the first set around service highlights, FAQ-style education, and a clear next-step CTA.

Why it may be worth considering: you already have services worth explaining and showing; this package turns those existing strengths into content customers can actually see and understand.

If you like the sample, reply YES and I’ll finish the complete set.

If you already know you want it, the $100 PayPal invoice is here:
https://www.paypal.com/invoice/p/#7T6DC9A6WFH3XXCT

If you’d rather ask something first, just reply. If it isn’t useful, reply “no thanks” and I won’t keep following up.

Thanks,
Anastaysia",199-v5-the-oaks-motel.jpg,199-v5-the-oaks-motel.eml,"Absolutely — I can finish the full motel and lodging content package for The Oaks Motel. It’s $100 one time, with no subscription or contract. PayPal invoice: https://www.paypal.com/invoice/p/#7T6DC9A6WFH3XXCT

Once payment is confirmed, I’ll build the complete set around service highlights, FAQ-style education, and a clear next-step CTA unless you want me to prioritize something else.

– Anastaysia","It’s $100 total, one time — not per post and not monthly. You keep the 10 posts, custom graphics, customer follow-up messages, review/message replies and CTA copy.","The attached sample was made specifically for The Oaks Motel around motel and lodging. That is the direction I’d use for the finished set, and I’ll keep every piece tied to the actual services rather than generic filler.","I’d make the finished set around service highlights, FAQ-style education, and a clear next-step CTA. You receive the words + graphics ready to copy, post or reuse, so you do not have to design or write them yourself.","No problem. I’ll leave the sample with you. If timing changes, reply here and I can pick it back up. I won’t keep chasing you.","Hi The Oaks Motel team — one quick follow-up on the private motel and lodging sample I attached. If you want me to finish the full $100 set, reply YES. If not, no worries and I won’t follow up again.

– Anastaysia","Hi — I made a private motel and lodging sample for The Oaks Motel, but the public email I tried bounced. What business email should I send the preview to?

– Anastaysia","Thanks — payment is confirmed. I’m building the The Oaks Motel package around service highlights, FAQ-style education, and a clear next-step CTA. I’ll send the finished files in this email thread when they’re ready.

– Anastaysia","Hi The Oaks Motel team — your finished $100 content package is ready. I’ve organized the posts, graphics, follow-up copy, review/message replies and CTAs so they’re easy to reuse. If you want a different service emphasized in a future set, reply here.

– Anastaysia",New,,,
V5,200,399,Urban Flora,"San Jose, CA",Florist,66,Priority-ranked; timing is not guaranteed,uflora.co@gmail.com,https://www.urbanflora.store/,408-581-6644,https://www.urbanflora.store/,2026-09-16,"Current owned site publishes uflora.co@gmail.com, 408-581-6644, San Jose location and current ordering guidance.",florist,"Urban Flora sells fresh seasonal flower arrangements in San Jose and explains how availability can affect color selection; occasion-based, seasonal and designer-choice content can make the buying process easier to understand.","Urban Flora sells fresh seasonal flower arrangements in San Jose and explains how availability can affect color selection; occasion-based, seasonal and designer-choice content can make the buying process easier to understand. The $100 package is useful here because it turns those existing services into clear, reusable customer-facing content without requiring the business to write or design the pieces itself.",Private florist sample for Urban Flora,"Hi Urban Flora team,

I was looking at your business and noticed urban Flora sells fresh seasonal flower arrangements in San Jose and explains how availability can affect color selection; occasion-based, seasonal and designer-choice content can make the buying process easier to understand. I made the attached private preview around that part of the business so you can judge the direction before spending anything.

For $100 one time, I can turn it into a complete done-for-you content pack. In plain English, you get:

• 10 ready-to-post Google / Facebook / social posts
• custom graphics made for Urban Flora
• customer follow-up messages you can copy and paste
• review and customer-message reply templates
• stronger calls-to-action
• content built around your actual services
• everything organized and ready to use

No subscription and no contract. I’d build the first set around service highlights, FAQ-style education, and a clear next-step CTA.

Why it may be worth considering: you already have services worth explaining and showing; this package turns those existing strengths into content customers can actually see and understand.

If you like the sample, reply YES and I’ll finish the complete set.

If you already know you want it, the $100 PayPal invoice is here:
https://www.paypal.com/invoice/p/#7T6DC9A6WFH3XXCT

If you’d rather ask something first, just reply. If it isn’t useful, reply “no thanks” and I won’t keep following up.

Thanks,
Anastaysia",200-v5-urban-flora.jpg,200-v5-urban-flora.eml,"Absolutely — I can finish the full florist content package for Urban Flora. It’s $100 one time, with no subscription or contract. PayPal invoice: https://www.paypal.com/invoice/p/#7T6DC9A6WFH3XXCT

Once payment is confirmed, I’ll build the complete set around service highlights, FAQ-style education, and a clear next-step CTA unless you want me to prioritize something else.

– Anastaysia","It’s $100 total, one time — not per post and not monthly. You keep the 10 posts, custom graphics, customer follow-up messages, review/message replies and CTA copy.","The attached sample was made specifically for Urban Flora around florist. That is the direction I’d use for the finished set, and I’ll keep every piece tied to the actual services rather than generic filler.","I’d make the finished set around service highlights, FAQ-style education, and a clear next-step CTA. You receive the words + graphics ready to copy, post or reuse, so you do not have to design or write them yourself.","No problem. I’ll leave the sample with you. If timing changes, reply here and I can pick it back up. I won’t keep chasing you.","Hi Urban Flora team — one quick follow-up on the private florist sample I attached. If you want me to finish the full $100 set, reply YES. If not, no worries and I won’t follow up again.

– Anastaysia","Hi — I made a private florist sample for Urban Flora, but the public email I tried bounced. What business email should I send the preview to?

– Anastaysia","Thanks — payment is confirmed. I’m building the Urban Flora package around service highlights, FAQ-style education, and a clear next-step CTA. I’ll send the finished files in this email thread when they’re ready.

– Anastaysia","Hi Urban Flora team — your finished $100 content package is ready. I’ve organized the posts, graphics, follow-up copy, review/message replies and CTAs so they’re easy to reuse. If you want a different service emphasized in a future set, reply here.

– Anastaysia",New,,,
