Version Rank,Business,City,Industry,Why this prospect fits,Hit Score,Source
1,BELFOR USA GROUP dba BELFOR Property Restoration,"San Jose, CA",Restoration,"The current contractor source lists BELFOR USA GROUP dba BELFOR Property Restoration in San Jose, CA for Restoration; a concise capability and project-readiness content set can help prospective buyers understand what the business handles before an inquiry. The $100 package is useful here because it turns those existing services into clear, reusable customer-facing content without requiring the business to write or design the pieces itself.",93,https://www.cusdk8.org/fs/resource-manager/view/ce90e6dd-ad5b-4546-8e73-3f3e726a2b0a
2,Blusky Restoration Contractors LLC,"San Jose, CA",Restoration,"The current contractor source lists Blusky Restoration Contractors LLC in San Jose, CA for Restoration; a concise capability and project-readiness content set can help prospective buyers understand what the business handles before an inquiry. The $100 package is useful here because it turns those existing services into clear, reusable customer-facing content without requiring the business to write or design the pieces itself.",93,https://www.cusdk8.org/fs/resource-manager/view/ce90e6dd-ad5b-4546-8e73-3f3e726a2b0a
3,"Calafia Pacific, Inc.","Campbell, CA",General Engineering,"The current contractor source lists Calafia Pacific, Inc. in Campbell, CA for General Engineering; a concise capability and project-readiness content set can help prospective buyers understand what the business handles before an inquiry. The $100 package is useful here because it turns those existing services into clear, reusable customer-facing content without requiring the business to write or design the pieces itself.",93,https://www.cusdk8.org/fs/resource-manager/view/ce90e6dd-ad5b-4546-8e73-3f3e726a2b0a
4,Coastal Termite and Pest Control,"Santa Clara, CA",Termite and pest control,"Coastal separates residential/commercial inspection, treatment and prevention services; inspection-vs-service educational content can clarify the inquiry path without promising outcomes. The $100 package is useful here because it turns those existing services into clear, reusable customer-facing content without requiring the business to write or design the pieces itself.",93,https://coastaltermite.com/contact/
5,Consolidated Plumbing Services dba CPI Service,"San Jose, CA",Plumbing / HVAC,"The current contractor source lists Consolidated Plumbing Services dba CPI Service in San Jose, CA for Plumbing / HVAC; a concise capability and project-readiness content set can help prospective buyers understand what the business handles before an inquiry. The $100 package is useful here because it turns those existing services into clear, reusable customer-facing content without requiring the business to write or design the pieces itself.",93,https://www.cusdk8.org/fs/resource-manager/view/ce90e6dd-ad5b-4546-8e73-3f3e726a2b0a
6,DEHARO MECHANICAL INC dba DEHARO CONSTRUCTION,"Morgan Hill, CA",HVAC,"The current contractor source lists DEHARO MECHANICAL INC dba DEHARO CONSTRUCTION in Morgan Hill, CA for HVAC; a concise capability and project-readiness content set can help prospective buyers understand what the business handles before an inquiry. The $100 package is useful here because it turns those existing services into clear, reusable customer-facing content without requiring the business to write or design the pieces itself.",93,https://www.cusdk8.org/fs/resource-manager/view/ce90e6dd-ad5b-4546-8e73-3f3e726a2b0a
7,"Foothill Air Conditioning and Heating, Inc.","Los Gatos, CA",HVAC,"The current contractor source lists Foothill Air Conditioning and Heating, Inc. in Los Gatos, CA for HVAC; a concise capability and project-readiness content set can help prospective buyers understand what the business handles before an inquiry. The $100 package is useful here because it turns those existing services into clear, reusable customer-facing content without requiring the business to write or design the pieces itself.",93,https://www.cusdk8.org/fs/resource-manager/view/ce90e6dd-ad5b-4546-8e73-3f3e726a2b0a
8,Greentech Electric Solutions Inc,"Campbell, CA",Electrical,"The current contractor source lists Greentech Electric Solutions Inc in Campbell, CA for Electrical; a concise capability and project-readiness content set can help prospective buyers understand what the business handles before an inquiry. The $100 package is useful here because it turns those existing services into clear, reusable customer-facing content without requiring the business to write or design the pieces itself.",93,https://www.cusdk8.org/fs/resource-manager/view/ce90e6dd-ad5b-4546-8e73-3f3e726a2b0a
9,JJG Services Inc DBA Corinthian Electric,"Gilroy, CA",Electrical,"The current contractor source lists JJG Services Inc DBA Corinthian Electric in Gilroy, CA for Electrical; a concise capability and project-readiness content set can help prospective buyers understand what the business handles before an inquiry. The $100 package is useful here because it turns those existing services into clear, reusable customer-facing content without requiring the business to write or design the pieces itself.",93,https://www.cusdk8.org/fs/resource-manager/view/ce90e6dd-ad5b-4546-8e73-3f3e726a2b0a
10,MNR Enterprises dba Systems Electric,"Mountain View, CA",Electrical,"The current contractor source lists MNR Enterprises dba Systems Electric in Mountain View, CA for Electrical; a concise capability and project-readiness content set can help prospective buyers understand what the business handles before an inquiry. The $100 package is useful here because it turns those existing services into clear, reusable customer-facing content without requiring the business to write or design the pieces itself.",93,https://www.cusdk8.org/fs/resource-manager/view/ce90e6dd-ad5b-4546-8e73-3f3e726a2b0a
11,Priscilla Danielle Designs,"Los Gatos, CA",Interior design and remodeling design services,"The studio shows projects spanning remodels, kitchens, baths, furnishings and custom design; a process-and-service explainer could help prospective clients understand where a design engagement begins and what kinds of projects fit. The $100 package is useful here because it turns those existing services into clear, reusable customer-facing content without requiring the business to write or design the pieces itself.",93,https://priscilladanielle.design/
12,"R&M Paving Contractors, Inc.","Milpitas, CA",General Engineering,"The current contractor source lists R&M Paving Contractors, Inc. in Milpitas, CA for General Engineering; a concise capability and project-readiness content set can help prospective buyers understand what the business handles before an inquiry. The $100 package is useful here because it turns those existing services into clear, reusable customer-facing content without requiring the business to write or design the pieces itself.",93,https://www.cusdk8.org/fs/resource-manager/view/ce90e6dd-ad5b-4546-8e73-3f3e726a2b0a
13,"Waterproofing Associates, Inc","Santa Clara, CA",Roofing / Sheet Metal,"The current contractor source lists Waterproofing Associates, Inc in Santa Clara, CA for Roofing / Sheet Metal; a concise capability and project-readiness content set can help prospective buyers understand what the business handles before an inquiry. The $100 package is useful here because it turns those existing services into clear, reusable customer-facing content without requiring the business to write or design the pieces itself.",93,https://www.cusdk8.org/fs/resource-manager/view/ce90e6dd-ad5b-4546-8e73-3f3e726a2b0a
14,Carmit Oron Interior Design,"Sunnyvale, CA","Interior design, remodeling and e-design","Carmit Oron offers interior design, remodeling and e-design paths; project-type and service-comparison content can help clients understand. The $100 package is useful here because it turns those existing services into clear, reusable customer-facing content without requiring the business to write or design the pieces itself.",87,https://www.carmitoron.com/
15,Coleman Security and Investigations Inc.,"Morgan Hill, CA","Security, investigations and live-scan business services","Coleman operates local security/investigation and live-scan services; service-selection and appointment-prep content can clarify legitimate business-service paths without making safety guarantees. The $100 package is useful here because it turns those existing services into clear, reusable customer-facing content without requiring the business to write or design the pieces itself.",87,https://www.oag.ca.gov/fingerprints/locations/coleman-security-and-investigations-inc
16,D.R. Domenichini Construction,"Morgan Hill / Santa Clara County, CA","Residential remodeling, kitchens, baths and ADUs","D.R. Domenichini publishes kitchens, baths, ADUs/additions and whole-home remodeling with a defined estimate process; project-fit and process content can help homeowners know where to start. The $100 package is useful here because it turns those existing services into clear, reusable customer-facing content without requiring the business to write or design the pieces itself.",87,https://www.drdcon.com/
17,Dings Plus,"Santa Clara, CA",Paintless dent and automotive appearance repair,"Dings Plus has a current Santa Clara business footprint and direct inbox; repair-type and estimate-prep content can make an unfamiliar service easier to evaluate. The $100 package is useful here because it turns those existing services into clear, reusable customer-facing content without requiring the business to write or design the pieces itself.",87,https://www.svcentralchamber.com/expanded-directory/
18,Fast Handy Electric,"San Jose, CA","Residential, commercial and industrial electrical services","Fast Handy Electric serves homeowners and businesses across the South Bay; upgrade, repair, inspection and project-planning explainers can make electrical services easier to understand without manufacturing safety scares. The $100 package is useful here because it turns those existing services into clear, reusable customer-facing content without requiring the business to write or design the pieces itself.",87,https://fasthandyelectric.com/
19,Granite Rock Company,"San Jose, CA","Construction materials, concrete and paving","The San Jose concrete branch publishes custom mix, color/admixture, delivery and customer-assistance capabilities; buyer-friendly content could explain mix/service choices without making contractors decode an industrial catalog. The $100 package is useful here because it turns those existing services into clear, reusable customer-facing content without requiring the business to write or design the pieces itself.",87,https://www.graniterock.com/location/san_jose_concrete
20,Howell Electric,"Santa Clara, CA",Commercial electrical contracting,"Howell covers preconstruction, budgeting, design and electrical construction; a project-stage capability explainer can make a complex B2B service easier for buyers to scope. The $100 package is useful here because it turns those existing services into clear, reusable customer-facing content without requiring the business to write or design the pieces itself.",87,https://howellelectric.com/contact/
21,Joseph J. Albanese Inc.,Santa Clara CA,"Concrete, paving, demolition and heavy civil construction","The company publishes a broad mix of concrete, earthwork, demolition, paving and specialty capabilities; a concise capability explainer could help buyers understand when to bring Albanese into a project. The $100 package is useful here because it turns those existing services into clear, reusable customer-facing content without requiring the business to write or design the pieces itself.",87,https://www.jjalbanese.com/contactus
22,Keish Inc.,San Jose CA,Program/construction management and environmental consulting,"Keish combines PM/CM with environmental compliance and sustainability consulting, giving it several complex services that could benefit from plain-English educational content for project owners and partners. The $100 package is useful here because it turns those existing services into clear, reusable customer-facing content without requiring the business to write or design the pieces itself.",87,https://keish.com/contact/
23,May Construction Inc,"San Jose, CA",Residential design-build remodeling,"May Construction offers design/build remodeling with visually demonstrable project work; process, remodel-type and consultation-prep content. The $100 package is useful here because it turns those existing services into clear, reusable customer-facing content without requiring the business to write or design the pieces itself.",87,https://www.mayconstructioninc.com/
24,Mr & Mrs Construction,"Santa Clara, CA","Home remodeling, ADUs and general contracting","The company sells a broad remodeling journey from design and planning through approvals, material procurement and construction; a layman's guide to that process could reduce confusion before a quote request. The $100 package is useful here because it turns those existing services into clear, reusable customer-facing content without requiring the business to write or design the pieces itself.",87,https://mrandmrscnr.com/get-a-free-quote/
25,Park Street Builders,"Gilroy, CA","Residential remodeling, additions and ADUs","Park Street publishes a Dream-Design-Gather process for renovations, additions and ADUs; process and project-readiness content can clarify a substantial buying decision. The $100 package is useful here because it turns those existing services into clear, reusable customer-facing content without requiring the business to write or design the pieces itself.",87,https://parkstreetbuilders.com/contact
26,SASCO,"San Jose, CA",Electrical contracting,"SASCO maintains a dedicated Northern California San Jose office and public general inbox; a capability/project-type explainer could make the firm's electrical scope easier for prospective commercial clients to scan. The $100 package is useful here because it turns those existing services into clear, reusable customer-facing content without requiring the business to write or design the pieces itself.",87,https://www.sasco.com/contact-us
27,Big Kahuna Pools,"Morgan Hill / Santa Clara County, CA",Pool service and repair,"Big Kahuna Pools offers weekly pool service and repairs across Morgan Hill, Gilroy, San Martin and additional Santa Clara County cities; maintenance-versus-repair education and seasonal pool-care content fit the buying journey. The $100 package is useful here because it turns those existing services into clear, reusable customer-facing content without requiring the business to write or design the pieces itself.",86,https://www.bigkahunapoolz.com/
28,"Silicon Valley Security & Patrol, Inc.","San Jose, CA",Security and patrol services,"SVSP serves commercial properties, apartments/HOAs, retail and other local facilities; service-type and onboarding explainers can make security options easier for property managers to compare. The $100 package is useful here because it turns those existing services into clear, reusable customer-facing content without requiring the business to write or design the pieces itself.",86,https://www.svcentralchamber.com/expanded-directory/
29,Ag-Con Construction Inc.,"San Jose, CA",General Building,"The current contractor source lists Ag-Con Construction Inc. in San Jose, CA for General Building; a concise capability and project-readiness content set can help prospective buyers understand what the business handles before an inquiry. The $100 package is useful here because it turns those existing services into clear, reusable customer-facing content without requiring the business to write or design the pieces itself.",83,https://www.cusdk8.org/fs/resource-manager/view/ce90e6dd-ad5b-4546-8e73-3f3e726a2b0a
30,aL chocoLat Boutique,Campbell CA,"Artisan chocolate, gifts and custom events","The boutique explicitly offers custom corporate gifts, weddings and event orders, creating clear material for seasonal gift, event and corporate-order content. The $100 package is useful here because it turns those existing services into clear, reusable customer-facing content without requiring the business to write or design the pieces itself.",83,https://alchocolatboutique.com/pages/contact
31,Alpha-Lit Silicon Valley,"Santa Clara County service area, CA",Marquee letter and number event rentals,"Alpha-Lit Silicon Valley rents illuminated letters/numbers for celebrations and events; size, occasion and booking content can turn a visual product into a clearer rental decision. The $100 package is useful here because it turns those existing services into clear, reusable customer-facing content without requiring the business to write or design the pieces itself.",83,https://www.alphalitsv.com/
32,Blaettler Accountancy,"Gilroy, CA",Accounting and business consulting,"Blaettler offers bookkeeping, payroll, cash-flow support, QuickBooks assistance and business consulting; non-promissory service-selection content can help businesses understand which support fits. The $100 package is useful here because it turns those existing services into clear, reusable customer-facing content without requiring the business to write or design the pieces itself.",83,https://blaettleraccountancy.com/
33,Breit Ideas,"Campbell, CA",Event and documentary photography,"Breit Ideas specializes in special-event photography across concerts, fairs, business conferences, sports, social and civic events; a project-type and event-prep content pack could make that range easier to scan for organizers. The $100 package is useful here because it turns those existing services into clear, reusable customer-facing content without requiring the business to write or design the pieces itself.",83,https://www.losgatoschamber.com/members/member/breit-ideas-6346
34,Castillo Cleaning Services,"Sunnyvale / Silicon Valley, CA",Residential and commercial cleaning,"Current owned site serves Sunnyvale and surrounding Santa Clara County cities with residential, commercial, deep and move-related cleaning plus free estimates; service-choice and recurring-care content fit well. The $100 package is useful here because it turns those existing services into clear, reusable customer-facing content without requiring the business to write or design the pieces itself.",83,https://castillocleaners.com/services/residential-cleaning-services
35,Christy Wright Photography,"Silicon Valley / Santa Clara County service area, CA","Portrait, senior and family photography","Christy publishes senior, family and portrait experiences plus current 2026 recognitions; session-type, preparation and booking-path content could make the photography experience easier to compare without promising social or personal outcomes. The $100 package is useful here because it turns those existing services into clear, reusable customer-facing content without requiring the business to write or design the pieces itself.",83,https://www.cwrightphotos.com/
36,Commercial Painting Inc,"San Jose, CA",Painting,"The current contractor source lists Commercial Painting Inc in San Jose, CA for Painting; a concise capability and project-readiness content set can help prospective buyers understand what the business handles before an inquiry. The $100 package is useful here because it turns those existing services into clear, reusable customer-facing content without requiring the business to write or design the pieces itself.",83,https://www.cusdk8.org/fs/resource-manager/view/ce90e6dd-ad5b-4546-8e73-3f3e726a2b0a
37,Creative Labels Inc.,"Gilroy, CA",Custom label printing and packaging,"Creative Labels serves food, agriculture, retail and industrial customers with custom labels, variable data and specialty printing; a use-case/quote-prep explainer can make a technical purchase easier. The $100 package is useful here because it turns those existing services into clear, reusable customer-facing content without requiring the business to write or design the pieces itself.",83,https://www.creativelabels.com/
38,Everlasting Moving,"Sunnyvale, CA",Moving services,"Current owned site offers professional moving, free quotes and 24/7 availability across multiple local cities; move-prep, scheduling and quote content can turn an urgent service into clearer customer steps. The $100 package is useful here because it turns those existing services into clear, reusable customer-facing content without requiring the business to write or design the pieces itself.",83,https://www.everlastingmoving.com/contact
39,Fire 4 Hire Catering,"Gilroy, CA",Full-service event catering,"Fire 4 Hire caters private parties, corporate events, weddings and fundraisers with an on-site mobile kitchen; event-size and service-style content can clarify planning options. The $100 package is useful here because it turns those existing services into clear, reusable customer-facing content without requiring the business to write or design the pieces itself.",83,https://www.fire4hirecatering.com/
40,Gilroy Garlic USA RV Park,"Gilroy, CA",RV park and extended lodging,"The park supports short- and long-term RV stays with hookups, pool, laundry and Wi-Fi; stay-type and amenity content can simplify booking choices. The $100 package is useful here because it turns those existing services into clear, reusable customer-facing content without requiring the business to write or design the pieces itself.",83,https://visitgilroy.com/listing/gilroy-garlic-usa-rv-park/327/
41,Graphics Cat,"Santa Clara County service area, CA",Graphic design and promotional products,"Graphics Cat combines design with promotional products, creating a useful service-selector and project-brief content angle for local business. The $100 package is useful here because it turns those existing services into clear, reusable customer-facing content without requiring the business to write or design the pieces itself.",83,https://www.graphicscat.com/
42,Hilton Garden Inn Gilroy,"Gilroy, CA","Hotel, group travel and meetings","The Gilroy property supports stays, dining and group travel; location-specific stay and meeting content can clarify booking paths for local visitors and planners. The $100 package is useful here because it turns those existing services into clear, reusable customer-facing content without requiring the business to write or design the pieces itself.",83,https://www.hilton.com/en/hotels/sjcghgi-hilton-garden-inn-gilroy/
43,HL Peninsula Milpitas,"Milpitas, CA","Restaurant, ballroom and private events","HL Peninsula Milpitas combines restaurant dining with large ballroom/event capacity; dining-vs-event, capacity and planning content can. The $100 package is useful here because it turns those existing services into clear, reusable customer-facing content without requiring the business to write or design the pieces itself.",83,https://www.hlpeninsula.com/
44,Hyatt Centric Mountain View,"Mountain View, CA","Hotel, meetings and events","The Mountain View property supports stays, meetings and events; location-specific meeting and guest-planning content can clarify the booking path. The $100 package is useful here because it turns those existing services into clear, reusable customer-facing content without requiring the business to write or design the pieces itself.",83,https://www.hyatt.com/
45,Justo Blanket Wrap Delivery Service,"Santa Clara, CA",Furniture delivery and logistics,"Justo offers Northern California furniture delivery, setup and quote workflows; service-scope and delivery-prep content can help commercial/residential customers know what to expect. The $100 package is useful here because it turns those existing services into clear, reusable customer-facing content without requiring the business to write or design the pieces itself.",83,https://www.justodelivery.com/contact-us/
46,La Bodeguita del Medio Palo Alto,"Palo Alto, CA",Restaurant and private events,"La Bodeguita publishes dining and private-event options; event-space, menu and planning content can clarify real customer choices without. The $100 package is useful here because it turns those existing services into clear, reusable customer-facing content without requiring the business to write or design the pieces itself.",83,https://www.labodeguita.com/
47,Laguna Auto Body,"Milpitas, CA",Auto body repair and restoration,"Laguna publishes direct project/contact channels and vehicle-specific inquiry fields; collision-repair process, estimate-prep and project-type explainers could help customers understand the workflow without promising repair cost or timing. The $100 package is useful here because it turns those existing services into clear, reusable customer-facing content without requiring the business to write or design the pieces itself.",83,https://www.lagunaab.com/contact
48,Lepori Photography,"Los Gatos, CA","Portrait, event and commercial photography","Lepori works across portraits, events, corporate and creative assignments; a clear 'what we photograph' and project-prep content pack could turn a broad portfolio into easier buying paths. The $100 package is useful here because it turns those existing services into clear, reusable customer-facing content without requiring the business to write or design the pieces itself.",83,https://leporiphoto.com/contact/
49,Melinda Mandell Interior Design,"Palo Alto, CA",Interior design,"Melinda Mandell publishes a project-based interior-design service; process, room/project type and consultation-readiness content can make the. The $100 package is useful here because it turns those existing services into clear, reusable customer-facing content without requiring the business to write or design the pieces itself.",83,https://melindamandell.com/
50,Nailed It Builders Inc.,"Santa Clara, CA",General contracting and home remodeling,"The company emphasizes kitchens, bathrooms, ADUs, room additions and whole-home renovation; a before/after plus FAQ-style content pack could make the quote decision simpler for homeowners. The $100 package is useful here because it turns those existing services into clear, reusable customer-facing content without requiring the business to write or design the pieces itself.",83,https://naileditbuilders.wixsite.com/build-a-home
51,PostNet CA267 Gilroy,"Gilroy, CA","Shipping, printing and business services","The Gilroy PostNet location combines shipping, printing and business services; service-selector and project-prep content can make a multi-service storefront easier to use. The $100 package is useful here because it turns those existing services into clear, reusable customer-facing content without requiring the business to write or design the pieces itself.",83,https://oag.ca.gov/fingerprints/locations?county=Santa+Clara
52,PSK InDesign LLC,"Sunnyvale, CA",Interior design,"PSK supports whole-home and room-level design decisions; project-type, selection-process and consultation-prep content can make the service easier to evaluate. The $100 package is useful here because it turns those existing services into clear, reusable customer-facing content without requiring the business to write or design the pieces itself.",83,https://pskindesign.com/
53,Pure Clean Naranjo,"Morgan Hill, CA",Residential and commercial cleaning,"Pure Clean Naranjo offers one-time, recurring and commercial/residential cleaning with eco-friendly product positioning; service-frequency and cleaning-type explainers could simplify the quote decision. The $100 package is useful here because it turns those existing services into clear, reusable customer-facing content without requiring the business to write or design the pieces itself.",83,https://www.purecleannaranjo.com/
54,Rocko's Ice Cream Tacos,Santa Clara CA,Ice cream shop and mobile dessert catering,"Rocko's is currently approved by Santa Clara for catering, has a Santa Clara storefront, and specializes in customizable liquid-nitrogen ice cream tacos for private and corporate events. The $100 package is useful here because it turns those existing services into clear, reusable customer-facing content without requiring the business to write or design the pieces itself.",83,https://www.santaclaraca.gov/our-city/departments-g-z/parks-recreation/reservations-and-permits
55,Sky Zone Trampoline Park Gilroy,"Gilroy, CA","Indoor recreation, parties and group events","The Gilroy trampoline park supports open play, birthday parties and corporate/group events; visit-vs-party content can clarify distinct customer paths. The $100 package is useful here because it turns those existing services into clear, reusable customer-facing content without requiring the business to write or design the pieces itself.",83,https://visitgilroy.com/listing/sky-zone-trampoline-park/85/
56,Sousa's Garage Doors,"Santa Clara, CA",Residential and commercial garage doors,"Sousa's offers custom residential and commercial garage-door work; style, material and project-prep content can help buyers understand options before requesting service. The $100 package is useful here because it turns those existing services into clear, reusable customer-facing content without requiring the business to write or design the pieces itself.",83,https://sousasgaragedoors.com/
57,Tanner Designs,"Santa Clara, CA",Interior design and furnishings,"Tanner Designs has a visual, project-based service suited to process, room-type and before/after content that can help prospective clients understand scope. The $100 package is useful here because it turns those existing services into clear, reusable customer-facing content without requiring the business to write or design the pieces itself.",83,https://tannerdesignsllc.com/
58,The Pro Palo Alto,"Palo Alto, CA",Podcast and media studio rental,"The Pro offers a studio/venue path for podcast and media production; use-case, booking-prep and package content can make a specialized. The $100 package is useful here because it turns those existing services into clear, reusable customer-facing content without requiring the business to write or design the pieces itself.",83,https://thepropaloalto.com/
59,Two Perfect Events,"Palo Alto, CA","Wedding, private-party and corporate event planning","Two Perfect Events offers full-service planning and design for weddings, private parties and corporate events; service-level and planning-process content can show what clients receive without manufacturing urgency. The $100 package is useful here because it turns those existing services into clear, reusable customer-facing content without requiring the business to write or design the pieces itself.",83,https://twoperfectevents.com/
60,Veritas Managed Solutions,"Santa Clara, CA",Low Voltage,"The current contractor source lists Veritas Managed Solutions in Santa Clara, CA for Low Voltage; a concise capability and project-readiness content set can help prospective buyers understand what the business handles before an inquiry. The $100 package is useful here because it turns those existing services into clear, reusable customer-facing content without requiring the business to write or design the pieces itself.",83,https://www.cusdk8.org/fs/resource-manager/view/ce90e6dd-ad5b-4546-8e73-3f3e726a2b0a
61,Works/San José,"San Jose, CA","Art gallery, exhibitions and community events","Works/San José presents rotating exhibitions and events; visitor guides, exhibition previews and participation information are concrete content opportunities. The $100 package is useful here because it turns those existing services into clear, reusable customer-facing content without requiring the business to write or design the pieces itself.",83,https://workssanjose.org/
62,Red Roots Landscape,"San Martin, CA",Landscape design and construction,"Red Roots presents design/build landscaping with professional affiliations and local San Martin contact; design-vs-build and project-readiness content can clarify its higher-consideration services. The $100 package is useful here because it turns those existing services into clear, reusable customer-facing content without requiring the business to write or design the pieces itself.",82,https://redroots.houzzsite.com/about
63,CyberHAWKS,"Santa Clara, CA",Managed IT and cybersecurity,"CyberHAWKS publishes managed IT, help desk, cloud and network-security services for Bay Area businesses; a plain-English series comparing support options and onboarding can reduce uncertainty for small-business buyers. The $100 package is useful here because it turns those existing services into clear, reusable customer-facing content without requiring the business to write or design the pieces itself.",80,https://www.cyberhawks.com/
64,Fluid Dynamics Plumbing,"San Jose, CA",Residential and commercial plumbing,"Fluid Dynamics covers general plumbing, water heaters, drains, pipe/leak work and emergencies; service-triage and maintenance-vs-repair explainers can make a stressful purchase more understandable without inventing urgency. The $100 package is useful here because it turns those existing services into clear, reusable customer-facing content without requiring the business to write or design the pieces itself.",80,https://www.fluiddynamicsplumbing.com/contact/
65,Imperia Roofing & Exteriors,"Santa Clara, CA",Roofing,"siding. The $100 package is useful here because it turns those existing services into clear, reusable customer-facing content without requiring the business to write or design the pieces itself.",80,https://imperiare.com/roofing/
66,Termite Biz,"Morgan Hill, CA","Termite inspection, home inspection and pest services","Termite Biz combines home inspection and termite/extermination services; educational content around inspection timing, what an inspection covers and repair/remedy categories can reduce confusion without making fear-based pest claims. The $100 package is useful here because it turns those existing services into clear, reusable customer-facing content without requiring the business to write or design the pieces itself.",80,https://termitebiz.com/
67,Cal West Fence,"San Martin, CA",Fencing,"The current contractor source lists Cal West Fence in San Martin, CA for Fencing; a concise capability and project-readiness content set can help prospective buyers understand what the business handles before an inquiry. The $100 package is useful here because it turns those existing services into clear, reusable customer-facing content without requiring the business to write or design the pieces itself.",78,https://www.cusdk8.org/fs/resource-manager/view/ce90e6dd-ad5b-4546-8e73-3f3e726a2b0a
68,PLM Productions,"Los Altos, CA","DJ, lighting, photo and video production","PLM combines DJ, lighting, photo and video services; event-type and package-comparison content can explain which production mix fits a client. The $100 package is useful here because it turns those existing services into clear, reusable customer-facing content without requiring the business to write or design the pieces itself.",78,https://www.plmproductions.com/
69,AJ Tutoring,"Santa Clara County / South Bay, CA",Tutoring and admissions counseling,"Current owned site operates multiple Santa Clara County tutoring centers with academic tutoring, test prep, admissions counseling and free consultations; service-selection and consultation guidance can simplify a complex offer. The $100 package is useful here because it turns those existing services into clear, reusable customer-facing content without requiring the business to write or design the pieces itself.",77,https://www.ajtutoring.com/meet-our-team/
70,"Argonaut Window & Door, Inc.","Campbell, CA","Window and door sales, design and installation support","Argonaut serves architects, builders and homeowners through multiple showrooms and quote paths; project-type, material-choice and showroom/quote content could turn a broad catalog into easier customer decisions. The $100 package is useful here because it turns those existing services into clear, reusable customer-facing content without requiring the business to write or design the pieces itself.",77,https://www.argowin.com/
71,Attune-iN,"Palo Alto, CA","Coaching, consulting and workshops","Attune-iN offers coaching/consulting-style services where process, audience-fit and first-session expectations can be explained without promising personal or business outcomes. The $100 package is useful here because it turns those existing services into clear, reusable customer-facing content without requiring the business to write or design the pieces itself.",77,https://attune-in.com/
72,BNO Builders,"San Jose, CA",General Building,"The current contractor source lists BNO Builders in San Jose, CA for General Building; a concise capability and project-readiness content set can help prospective buyers understand what the business handles before an inquiry. The $100 package is useful here because it turns those existing services into clear, reusable customer-facing content without requiring the business to write or design the pieces itself.",77,https://www.cusdk8.org/fs/resource-manager/view/ce90e6dd-ad5b-4546-8e73-3f3e726a2b0a
73,Busy Bloomin,"Santa Clara, CA",Floral arrangements and events,"Busy Bloomin combines local floral ordering with event work; occasion, delivery/pickup and event-floral content can make the available paths. The $100 package is useful here because it turns those existing services into clear, reusable customer-facing content without requiring the business to write or design the pieces itself.",77,https://www.busybloomin.com/
74,Centonove,"Los Gatos, CA","Restaurant, catering and events","Centonove combines dining with catering/event options; menu/occasion and event-inquiry content provides specific visual and conversion-oriented material. The $100 package is useful here because it turns those existing services into clear, reusable customer-facing content without requiring the business to write or design the pieces itself.",77,https://centonovelosgatos.com/
75,Choc Cookies,"Santa Clara, CA",Bakery catering and wholesale,"Choc Cookies promotes catering for offices, schools, parties and community events plus wholesale partnerships; occasion-based, catering and partnership content offers several concrete paths beyond walk-in purchases. The $100 package is useful here because it turns those existing services into clear, reusable customer-facing content without requiring the business to write or design the pieces itself.",77,https://choccookies.com/connect
76,Collateral Resources Inc.,"Morgan Hill, CA","Printing, promotional products and branded merchandise","Collateral Resources coordinates print, promotional items, apparel and large-format branded projects; project-type and quote-prep content can simplify a broad B2B catalog. The $100 package is useful here because it turns those existing services into clear, reusable customer-facing content without requiring the business to write or design the pieces itself.",77,https://www.collateralresources.com/contact
77,CURATE Designs LLC,"San Jose / Santa Clara County service area, CA",Interior design and decorating,"CURATE serves multiple Santa Clara County cities and asks prospects about project goals; project-type explainers and consultation-prep content can make an aesthetic service easier to understand before inquiry. The $100 package is useful here because it turns those existing services into clear, reusable customer-facing content without requiring the business to write or design the pieces itself.",77,https://www.curatedesignsllc.com/contact
78,Door Into Summer Photo Studio,"Mountain View, CA","Family, newborn, headshot, branding and event photography","Door Into Summer covers family, newborn, headshot, branding and event photography; a session-selector and preparation guide could help customers identify the right format before an inquiry. The $100 package is useful here because it turns those existing services into clear, reusable customer-facing content without requiring the business to write or design the pieces itself.",77,https://www.intosummer.photos/family-photographer-los-altos-hills
79,Ensamble Folclórico Colibrí,"San Jose, CA",Dance academy and cultural performance,"The organization offers classes and performances, giving a concrete program-selection and event-preview angle for prospective students and audiences. The $100 package is useful here because it turns those existing services into clear, reusable customer-facing content without requiring the business to write or design the pieces itself.",77,https://folcloricocolibri.com/
80,EUN MI ENTERPRISE INC dba ELITE MASTER CAL BUILDERS,"Santa Clara, CA",General Building,"The current contractor source lists EUN MI ENTERPRISE INC dba ELITE MASTER CAL BUILDERS in Santa Clara, CA for General Building; a concise capability and project-readiness content set can help prospective buyers understand what the business handles before an inquiry. The $100 package is useful here because it turns those existing services into clear, reusable customer-facing content without requiring the business to write or design the pieces itself.",77,https://www.cusdk8.org/fs/resource-manager/view/ce90e6dd-ad5b-4546-8e73-3f3e726a2b0a
81,Furrtropolis,"San Jose, CA",Dog daycare and pet boarding,"Furrtropolis positions itself as more than standard daycare, with a large pet-care facility and boarding/daycare services; first-visit, daycare-vs-boarding and facility-tour content can help pet owners understand the experience before booking. The $100 package is useful here because it turns those existing services into clear, reusable customer-facing content without requiring the business to write or design the pieces itself.",77,https://www.furrtropolis.com/
82,Ganado Feed & Pet Supplies,"San Jose / Morgan Hill, CA","Feed, pet supplies and specialty retail","Ganado operates San Jose and Morgan Hill locations with feed and pet-supply retail; location-specific product, animal-care category and in-store/event content can help shoppers navigate a specialized inventory. The $100 package is useful here because it turns those existing services into clear, reusable customer-facing content without requiring the business to write or design the pieces itself.",77,https://ganadofeed.com/
83,Granada Hotel Santa Clara,"Santa Clara, CA",Hotel and group stays,"Granada publishes direct booking, guestrooms, groups and current renovation information; stay-purpose and group-planning content can help set expectations accurately during the renovation period. The $100 package is useful here because it turns those existing services into clear, reusable customer-facing content without requiring the business to write or design the pieces itself.",77,https://www.granadasantaclara.com/contact-us/
84,Hanna Noodle Bar,"Los Gatos, CA","Restaurant, catering and private events","Hanna Noodle Bar operates multiple local dining/event paths; location, catering and private-event content can make those choices easier to discover. The $100 package is useful here because it turns those existing services into clear, reusable customer-facing content without requiring the business to write or design the pieces itself.",77,https://hannanoodlebar.com/
85,Italix Company,"Morgan Hill, CA",Chemical machining and metal finishing,"Italix publishes quote-driven precision metal services; process, capability and quote-prep content can help buyers understand which finishing. The $100 package is useful here because it turns those existing services into clear, reusable customer-facing content without requiring the business to write or design the pieces itself.",77,https://www.italix.com/
86,Lexington Hills,"Los Gatos, CA","Event venue, retreats and offsites","Lexington Hills supports events, retreats and offsites; use-case comparisons and planning checklists can help organizers understand fit before inquiry. The $100 package is useful here because it turns those existing services into clear, reusable customer-facing content without requiring the business to write or design the pieces itself.",77,https://lexingtonhillsestate.com/
87,Los Gatos Parkside,"Los Gatos, CA","Restaurant, catering and private events","Parkside serves everyday dining while separately marketing catering, private events and group dining; occasion-based content could make those distinct paths easier to discover without inventing demand or fake urgency. The $100 package is useful here because it turns those existing services into clear, reusable customer-facing content without requiring the business to write or design the pieces itself.",77,https://www.losgatosparkside.com/contact
88,MC Insurance Services,"Morgan Hill, CA",Health and Medicare insurance services,"MC Insurance has a small local team and a newly listed Morgan Hill office; compliant educational content can explain appointment options, Medicare timelines and what information a consultation covers without making coverage or outcome promises. The $100 package is useful here because it turns those existing services into clear, reusable customer-facing content without requiring the business to write or design the pieces itself.",77,https://www.mcinsurance.com/contact
89,Montage Dance Productions,"Santa Clara, CA",Dance studio and productions,"Current owned site offers youth and adult dance classes, camps and performance programs; class-selection, event and enrollment content are naturally visual. The $100 package is useful here because it turns those existing services into clear, reusable customer-facing content without requiring the business to write or design the pieces itself.",77,https://www.montagedanceproductions.com/
90,Morgan Hill Granary,"Morgan Hill, CA",Event venue and community space,"The Granary is a distinctive Morgan Hill venue at a recognizable historic property; event-format, venue-feature and planning-checklist content can help prospective hosts understand what the space is suited for. The $100 package is useful here because it turns those existing services into clear, reusable customer-facing content without requiring the business to write or design the pieces itself.",77,https://www.morganhillgranary.com/
91,Mr. Falafel,"Morgan Hill, CA",Mediterranean restaurant and catering,"Mr. Falafel combines everyday restaurant service with halal positioning, vegetarian/vegan options and event catering; menu-path, dietary-choice and catering content could make the breadth easier for local customers to discover. The $100 package is useful here because it turns those existing services into clear, reusable customer-facing content without requiring the business to write or design the pieces itself.",77,https://mrfalafel.net/catering-services-in-morgan-hill/
92,"Nevtec, Inc.","San Jose, CA",Managed IT and network consulting,"Nevtec provides managed IT, backup/recovery, infrastructure and consulting for SMBs; a managed-vs-project service guide can make technical choices easier for buyers. The $100 package is useful here because it turns those existing services into clear, reusable customer-facing content without requiring the business to write or design the pieces itself.",77,https://www.nevtec.com/privacy-policy/
93,Nicole Audrey Events,"Morgan Hill, CA","Event planning, rentals and party design","Nicole Audrey Events offers rentals, picnics, birthday/baby-shower design, balloons, micro-weddings and corporate events; package and event-type content can clarify the planning path. The $100 package is useful here because it turns those existing services into clear, reusable customer-facing content without requiring the business to write or design the pieces itself.",77,https://www.nicoleaudreyevents.com/contact
94,Organized Spaces,"Los Gatos, CA",Professional home organizing,"Organized Spaces offers home organization, moving, downsizing and a complimentary consultation across Silicon Valley; service-path, consultation-prep and project-story content can show prospective clients what the engagement actually looks like. The $100 package is useful here because it turns those existing services into clear, reusable customer-facing content without requiring the business to write or design the pieces itself.",77,https://organized-spaces.com/
95,Pine Press Printing Binding and Copying,"Sunnyvale, CA","Printing, design and direct mail","Pine Press combines design, print, mailing services and mailing lists, so an easy-to-scan campaign explainer could show customers how one project can move from design through print and delivery. The $100 package is useful here because it turns those existing services into clear, reusable customer-facing content without requiring the business to write or design the pieces itself.",77,https://www.pinepress.com/contact/contact.html
96,Rubio's Flooring Services,"San Jose, CA",Flooring installation and refinishing,"Rubio's offers hardwood, laminate, vinyl/LVP, tile and refinishing; material-comparison and room/use-case content can make a flooring quote easier to approach for homeowners. The $100 package is useful here because it turns those existing services into clear, reusable customer-facing content without requiring the business to write or design the pieces itself.",77,https://www.rubiosflooringservices.com/
97,Safar by Karimi,"Cupertino, CA","Restaurant, reservations and private events","Safar separates everyday dining, reservations and private-event inquiries; occasion-based content and a simple private-event path could help customers understand when and how to book without fake scarcity. The $100 package is useful here because it turns those existing services into clear, reusable customer-facing content without requiring the business to write or design the pieces itself.",77,https://www.safarbykarimi.com/contact
98,sculpt50,"Campbell / Santa Clara / San Jose, CA",Fitness studio and Lagree classes,"sculpt50 operates three Santa Clara County locations with class booking, pricing and new-client policies; location-selection, first-class preparation and package-explainer content could reduce booking friction without promising fitness results. The $100 package is useful here because it turns those existing services into clear, reusable customer-facing content without requiring the business to write or design the pieces itself.",77,https://www.sculpt50.com/
99,Sholl Media Group,"San Jose, CA",Commercial video production and live streaming,"Sholl Media offers commercial video, multi-camera live streams, studio production and retainers; project-type content can help enterprise buyers choose the right production path. The $100 package is useful here because it turns those existing services into clear, reusable customer-facing content without requiring the business to write or design the pieces itself.",77,https://www.shollmediagroup.com/contact/
100,Shubham Halls,"Sunnyvale, CA",Event venue and catering,"Shubham Halls offers multiple spaces, capacities and event types; venue-comparison, planning and tour-prep content can make a complex booking decision easier. The $100 package is useful here because it turns those existing services into clear, reusable customer-facing content without requiring the business to write or design the pieces itself.",77,https://shubhamhalls.com/
101,SPARK Social San Jose,"San Jose, CA","Food park, social venue and events","SPARK Social San Jose combines food vendors with events and group experiences; visit-planning and event-use-case content can explain multiple reasons to visit. The $100 package is useful here because it turns those existing services into clear, reusable customer-facing content without requiring the business to write or design the pieces itself.",77,https://visitsparksocial.com/san-jose/
102,Spotless House Clean,"Gilroy, CA",Residential and recurring house cleaning,"Spotless House Clean markets recurring home cleaning, eco-friendly products and a direct quote path; a before/after, recurring-service and quote-prep content pack is easy to demonstrate without inventing savings or results. The $100 package is useful here because it turns those existing services into clear, reusable customer-facing content without requiring the business to write or design the pieces itself.",77,https://spotlesshouseclean.com/
103,SV Corporate Events,"Sunnyvale, CA","Corporate meetings, offsites and events","SV Corporate Events specializes in meetings, offsites and company events; event-type, planning and package content can help organizers. The $100 package is useful here because it turns those existing services into clear, reusable customer-facing content without requiring the business to write or design the pieces itself.",77,https://svcorporateevents.com/
104,The Cactus Lounge Boutique,"Morgan Hill, CA","Boutique, ecommerce and local events","The Cactus Lounge blends boutique retail, ecommerce, pickup and local events/popups; styling, new-arrival and event content can connect those customer paths. The $100 package is useful here because it turns those existing services into clear, reusable customer-facing content without requiring the business to write or design the pieces itself.",77,https://thecactuslounge.com/
105,The Party Helpers,San Jose CA,Full-service catering and events,"The Party Helpers serves personal, wedding and large business events and is actively publishing 2026 seasonal menus, so campaign content can showcase event types, menu flexibility and planning help. The $100 package is useful here because it turns those existing services into clear, reusable customer-facing content without requiring the business to write or design the pieces itself.",77,https://www.thepartyhelpers.com/
106,Titans Sports Academy,"Morgan Hill, CA",Gymnastics and youth sports academy,"Titans publishes classes, open-gym activities and dated September 2026 events; parent-facing class, event and first-visit explainers can make enrollment choices easier without promising athletic outcomes. The $100 package is useful here because it turns those existing services into clear, reusable customer-facing content without requiring the business to write or design the pieces itself.",77,https://www.titansmh.com/
107,VB Fine Chocolates,"Campbell, CA","Artisan chocolate, corporate gifting and event favors","VB specializes in custom-branded chocolates, volume orders, corporate gifting and event favors; gift-use-case and ordering-timeline content can clarify a highly visual B2B/B2C purchase. The $100 package is useful here because it turns those existing services into clear, reusable customer-facing content without requiring the business to write or design the pieces itself.",77,https://www.vbfinechocolates.com/customer-service
108,Villa Ragusa,"Campbell, CA","Banquet hall, catering and events","Villa Ragusa supports weddings, corporate events, reunions and parties with resizable rooms and catering; event-type and planning content can make venue fit easier to assess. The $100 package is useful here because it turns those existing services into clear, reusable customer-facing content without requiring the business to write or design the pieces itself.",77,https://villaragusa.com/contact/
109,Wah Jee Wah Indian BBQ,"Milpitas, CA","Restaurant, catering and private events","Wah Jee Wah combines a Milpitas restaurant with catering, private events, live stations and event sizes from intimate gatherings to 500+ guests; restaurant-vs-catering-vs-event-path content could turn several revenue paths into clear customer choices. The $100 package is useful here because it turns those existing services into clear, reusable customer-facing content without requiring the business to write or design the pieces itself.",77,https://mywahjeewah.com/contact
110,White Fox Cleaning,"Santa Clara County, CA",Residential and commercial cleaning,"White Fox publishes broad Santa Clara County coverage and a clear re-clean policy; city-specific service content, quote-prep and recurring-vs-deep-clean explanations could make the booking decision easier without inventing performance claims. The $100 package is useful here because it turns those existing services into clear, reusable customer-facing content without requiring the business to write or design the pieces itself.",77,https://whitefoxcleaning.com/
111,Arakawa Pottery,"San Jose, CA","Handmade pottery, Japanese goods and studio gallery","Arakawa sells handmade pottery and selected Japanese goods from a San Jose studio/gallery; gift, use-case, studio-visit and product-category content can help shoppers understand the range. The $100 package is useful here because it turns those existing services into clear, reusable customer-facing content without requiring the business to write or design the pieces itself.",76,https://ikebanavase.com/
112,Ernie Reyes WCWMA Santa Clara,"Santa Clara, CA",Martial arts school,"Current owned site offers youth, adult and teen martial arts programs in Santa Clara; first-class expectations, program selection and enrollment content can make the path to joining clearer. The $100 package is useful here because it turns those existing services into clear, reusable customer-facing content without requiring the business to write or design the pieces itself.",76,https://erniereyessantaclara.com/adults-teens-martial-arts/
113,Gilroy U-Pick,"Gilroy, CA",Seasonal U-pick farm attraction,"Gilroy U-Pick is a seasonal destination; crop-season, first-visit and timing content can make a weather/season-dependent visit easier to plan without inventing availability. The $100 package is useful here because it turns those existing services into clear, reusable customer-facing content without requiring the business to write or design the pieces itself.",76,https://visitgilroy.com/listing/gilroy-u-pick/460/
114,Italian Brothers Restaurant,"Los Gatos, CA","Italian restaurant, catering, pickup and delivery","Italian Brothers supports dine-in, catering, reservations, pickup, delivery and app ordering; a simple 'dine, cater or order' content set could clarify those purchase paths without using artificial scarcity. The $100 package is useful here because it turns those existing services into clear, reusable customer-facing content without requiring the business to write or design the pieces itself.",76,https://www.italianbrothersbayarea.com/contact
115,Little Bean's Cat Cafe,"Morgan Hill, CA","Cat cafe, adoption center and community space","Little Bean's combines a cafe/community experience, adoption meetings and volunteer/fundraising activity; visit and participation content can clarify distinct paths without promising adoption outcomes. The $100 package is useful here because it turns those existing services into clear, reusable customer-facing content without requiring the business to write or design the pieces itself.",76,https://www.littlebeanscat.cafe/contact-us
116,Mini Storage of Gilroy,"Gilroy, CA","Self storage, RV, boat and vehicle storage","The facility offers multiple storage types, parking and online payment; size/type-selection content can reduce uncertainty before a customer rents. The $100 package is useful here because it turns those existing services into clear, reusable customer-facing content without requiring the business to write or design the pieces itself.",76,https://www.ministorageofgilroy.com/
117,Pacific Oak Properties,"Morgan Hill, CA",Commercial property management and leasing,"Pacific Oak publishes commercial property and leasing information around Morgan Hill; property-fit and inquiry-prep content can make available services easier for prospective tenants/owners to understand. The $100 package is useful here because it turns those existing services into clear, reusable customer-facing content without requiring the business to write or design the pieces itself.",76,https://www.pacificoak.com/contact.html
118,Postal Annex #14024 Santa Clara,"Santa Clara, CA","Shipping, mailbox and Live Scan services","This Santa Clara Postal Annex combines shipping, mailbox and fingerprinting services; service-selection and document-prep content can clarify what customers should bring and book. The $100 package is useful here because it turns those existing services into clear, reusable customer-facing content without requiring the business to write or design the pieces itself.",76,https://oag.ca.gov/fingerprints/locations?county=Santa+Clara
119,Postal Annex+ #455 Los Gatos,"Los Gatos, CA","Shipping, mailbox and business services","This Los Gatos Postal Annex offers shipping/mailbox/business services; task-based content can clarify the local service mix and visit requirements. The $100 package is useful here because it turns those existing services into clear, reusable customer-facing content without requiring the business to write or design the pieces itself.",76,https://oag.ca.gov/fingerprints/locations?county=Santa+Clara
120,South Valley Business Services,"Gilroy, CA","DMV registration, Live Scan and business services","South Valley Business Services combines DMV partner services with Live Scan and administrative support; task-based content can help customers know which service can replace a DMV-office trip. The $100 package is useful here because it turns those existing services into clear, reusable customer-facing content without requiring the business to write or design the pieces itself.",76,https://oag.ca.gov/fingerprints/locations/south-valley-business-services
121,The UPS Store #1560 San Jose,"San Jose, CA","Shipping, printing and business services","This Monterey Road store handles shipping, printing and administrative tasks; local service/use-case content can make a generic franchise page more useful to nearby customers. The $100 package is useful here because it turns those existing services into clear, reusable customer-facing content without requiring the business to write or design the pieces itself.",76,https://oag.ca.gov/fingerprints/locations?county=Santa+Clara
122,The UPS Store #4636 Santa Clara,"Santa Clara, CA","Shipping, printing and business services","This Homestead Road store offers common shipping/printing/business-center tasks; service-selector content can improve local discovery beyond generic franchise messaging. The $100 package is useful here because it turns those existing services into clear, reusable customer-facing content without requiring the business to write or design the pieces itself.",76,https://oag.ca.gov/fingerprints/locations?county=Santa+Clara
123,Wildseed Palo Alto,"Palo Alto, CA",Plant-based restaurant,"Wildseed Palo Alto has a location-specific dining identity; menu/occasion and first-visit content can make the local experience easier to evaluate without making health claims. The $100 package is useful here because it turns those existing services into clear, reusable customer-facing content without requiring the business to write or design the pieces itself.",76,https://www.wildseedsf.com/palo-alto
124,ZingPop Social Media,"San Jose, CA",Email marketing and social-media coaching,"ZingPop sells coaching, done-for-you email marketing, Google Business support and digital products; service-selector content can clarify its multiple entry points. The $100 package is useful here because it turns those existing services into clear, reusable customer-facing content without requiring the business to write or design the pieces itself.",76,https://www.zingpopsocial.com/contact
125,Akita Sushi Gourmet Inc,"Santa Clara / San Jose, CA",Sushi restaurant and event catering,"Akita operates local Santa Clara and San Jose locations and markets catering for corporate lunches, private parties and weddings; content can explain dine-in/order/catering choices and event formats. The $100 package is useful here because it turns those existing services into clear, reusable customer-facing content without requiring the business to write or design the pieces itself.",73,https://www.santaclaraca.gov/our-city/departments-g-z/parks-recreation/reservations-and-permits
126,Anytime is Taco Time Inc,San Jose / Santa Clara service area,Mexican catering and mobile food service,"Anytime is Taco Time offers multiple catering-service levels, so a simple package-comparison campaign can help event buyers understand what changes between basic, classic and full-service options. The $100 package is useful here because it turns those existing services into clear, reusable customer-facing content without requiring the business to write or design the pieces itself.",73,https://www.santaclaraca.gov/our-city/departments-g-z/parks-recreation/reservations-and-permits
127,Bay Area Home Organizing,"Palo Alto / Bay Area, CA",Professional home organizing,"Current owned site offers home/workplace organizing, move support and a free virtual consultation from Palo Alto; before/after and consultation-prep content is highly demonstrable. The $100 package is useful here because it turns those existing services into clear, reusable customer-facing content without requiring the business to write or design the pieces itself.",73,https://www.bayareahomeorganizing.com/contact
128,BBQ Kalbi,"San Jose / Silicon Valley, CA",Korean-fusion food truck and catering,"BBQ Kalbi explicitly serves private parties, offices and large events with Korean-fusion food; content can turn menu choices and event catering into a clearer booking story. The $100 package is useful here because it turns those existing services into clear, reusable customer-facing content without requiring the business to write or design the pieces itself.",73,https://www.santaclaraca.gov/our-city/departments-g-z/parks-recreation/reservations-and-permits
129,Chula Puebla Taco Truck,"Santa Clara County, CA",Mexican food truck and catering,"Chula Puebla is currently listed as an approved Santa Clara caterer and in a current Bay Area food-truck network, giving it a clear event-booking and regional Mexican-food story for local content. The $100 package is useful here because it turns those existing services into clear, reusable customer-facing content without requiring the business to write or design the pieces itself.",73,https://www.santaclaraca.gov/our-city/departments-g-z/parks-recreation/reservations-and-permits
130,Cute Flowers & Gifts,"Santa Clara, CA","Florist, delivery and events","Cute Flowers & Gifts offers occasion-driven arrangements, delivery and event flowers; occasion and ordering-prep content can make the buying path clearer. The $100 package is useful here because it turns those existing services into clear, reusable customer-facing content without requiring the business to write or design the pieces itself.",73,https://cuteflowersandgifts.com/
131,FloriFlora Florist,"Cupertino, CA",Florist and event flowers,"FloriFlora sells visually driven floral arrangements and event services; occasion guides, event examples and ordering-prep content can make. The $100 package is useful here because it turns those existing services into clear, reusable customer-facing content without requiring the business to write or design the pieces itself.",73,https://florifloraflorist.com/
132,Garlic Farm Inn,"Gilroy, CA",Motel and lodging,"Garlic Farm Inn offers short-stay lodging near Travel Park Circle; direct-booking and local-destination context can make its basic offer easier to compare. The $100 package is useful here because it turns those existing services into clear, reusable customer-facing content without requiring the business to write or design the pieces itself.",73,https://visitgilroy.com/listing/garlic-farm-inn/159/
133,Gilroy Inn,"Gilroy, CA",Hotel and lodging,"Gilroy Inn offers a straightforward local lodging path near Gilroy attractions; stay-purpose and direct-contact content can improve booking clarity. The $100 package is useful here because it turns those existing services into clear, reusable customer-facing content without requiring the business to write or design the pieces itself.",73,https://visitgilroy.com/listing/gilroy-inn/154/
134,Heart Space Studio,"Gilroy, CA","Yoga, Pilates and private group experiences","Heart Space offers classes and customized private/group experiences; schedule, class-type and event-use-case content can clarify choices without making health-outcome claims. The $100 package is useful here because it turns those existing services into clear, reusable customer-facing content without requiring the business to write or design the pieces itself.",73,https://visitgilroy.com/listing/heart-space-studio/321/
135,Ivori Boutique,"Gilroy, CA",Boutique retail and accessories,"Ivori sells handbags, jewelry, shoes and accessories while promoting store/virtual events; gift/occasion and new-arrival content can create clearer shopping entry points. The $100 package is useful here because it turns those existing services into clear, reusable customer-facing content without requiring the business to write or design the pieces itself.",73,https://visitgilroy.com/listing/ivori-boutique/111/
136,Joe's Taco Shop / Dominguez Catering,"San Jose, CA",Food truck and event catering,"Joe's Taco Shop pairs a local food truck with Dominguez Catering, creating a useful content angle around truck service, catered events and how buyers choose the right format. The $100 package is useful here because it turns those existing services into clear, reusable customer-facing content without requiring the business to write or design the pieces itself.",73,https://www.santaclaraca.gov/our-city/departments-g-z/parks-recreation/reservations-and-permits
137,Kalesa Restaurant,Milpitas CA,Filipino restaurant and full-service catering,"Kalesa explicitly markets authentic Filipino cuisine, takeout and full-service catering, which gives it a natural story around dishes, family-style occasions and catered events. The $100 package is useful here because it turns those existing services into clear, reusable customer-facing content without requiring the business to write or design the pieces itself.",73,https://www.mykalesa.com/
138,Luxe Studio Morgan Hill,"Morgan Hill, CA","Permanent jewelry, appointments, groups and pop-ups","Luxe Studio offers individual jewelry appointments, group sessions, parties and pop-ups; appointment-vs-group content can make its service menu easier to navigate. The $100 package is useful here because it turns those existing services into clear, reusable customer-facing content without requiring the business to write or design the pieces itself.",73,https://www.theluxestudios.com/contact
139,Morgan Hill Creamery,"Morgan Hill, CA",Ice cream shop and event catering,"Morgan Hill Creamery offers downtown desserts plus party/event catering; menu and event-order content can expose an additional revenue path beyond walk-in scoops. The $100 package is useful here because it turns those existing services into clear, reusable customer-facing content without requiring the business to write or design the pieces itself.",73,https://www.morganhillcreamery.com/contact
140,Old City Hall Restaurant,"Gilroy, CA",Restaurant and private events,"Old City Hall combines everyday dining with a historic upstairs event room; dining-vs-event, capacity and planning content can expose a higher-value booking path. The $100 package is useful here because it turns those existing services into clear, reusable customer-facing content without requiring the business to write or design the pieces itself.",73,https://oldcityhall.biz/contact
141,Paola's Flowers and Events,"Sunnyvale, CA","Florist, rentals and events","Paola's combines everyday flowers with weddings/events and party rentals; occasion, event and rental-use-case content can expose those distinct customer paths. The $100 package is useful here because it turns those existing services into clear, reusable customer-facing content without requiring the business to write or design the pieces itself.",73,https://paolasflowersandevents.com/
142,PSinitial,"Sunnyvale, CA",Custom embroidery and monogramming,"PSinitial handles personalized gifts, company logos, apparel, school items and wedding linens; project-example and ordering-prep content can show customers what can be customized and what to provide for a quote. The $100 package is useful here because it turns those existing services into clear, reusable customer-facing content without requiring the business to write or design the pieces itself.",73,https://psinitial.com/
143,SnapShot Photo Booth,"San Jose, CA",Photo booth rentals,"SnapShot Photo Booth publishes multiple rental packages, printing/sharing options, custom backdrops and add-ons; package-comparison and event-planning content can make a tiered visual service easier to buy. The $100 package is useful here because it turns those existing services into clear, reusable customer-facing content without requiring the business to write or design the pieces itself.",73,https://www.snapshotphotoboothsj.com/
144,The Neon Exchange,"Gilroy, CA","Event venue, meetings and coworking","The Neon Exchange supports private, corporate and community events across several rooms; use-case, room and event-planning content can clarify venue fit. The $100 package is useful here because it turns those existing services into clear, reusable customer-facing content without requiring the business to write or design the pieces itself.",73,https://visitgilroy.com/listing/the-neon-exchange-group-meetings-and-co-working/344/
145,Tyler Vu Photography,"San Jose / Bay Area, CA",Wedding and engagement photography,"Tyler Vu Photography presents wedding, engagement and family work through a documentary-style portfolio; session planning, venue/project showcases and inquiry-prep content are inherently visual. The $100 package is useful here because it turns those existing services into clear, reusable customer-facing content without requiring the business to write or design the pieces itself.",73,https://www.tylervu.com/blog/
146,We Start Gardens,"San Jose, CA","Garden programs, classes and events","We Start Gardens combines classes, garden programs, events and venue use; program-selection and event-preview content can explain multiple participation paths. The $100 package is useful here because it turns those existing services into clear, reusable customer-facing content without requiring the business to write or design the pieces itself.",73,https://westartgardens.org/
147,2B Creative Theater and Art,"San Jose / Saratoga, CA","Theater, art classes and camps","2B Creative offers classes, camps and creative programs; age/program-selection and registration-prep content can make the schedule easier for families to navigate. The $100 package is useful here because it turns those existing services into clear, reusable customer-facing content without requiring the business to write or design the pieces itself.",70,https://2bcreativetheaterandart.com/
148,Academy of Classical Ballet,"Campbell, CA",Ballet school and performance training,"Academy of Classical Ballet publishes regular, summer and performance training options plus a placement-class inquiry path; training-option and placement-prep content could help families understand the next step before enrollment. The $100 package is useful here because it turns those existing services into clear, reusable customer-facing content without requiring the business to write or design the pieces itself.",70,https://www.aocballet.com/
149,All Bay Environmental,"Campbell / Morgan Hill, CA",Environmental testing and consulting,"All Bay offers technical asbestos, lead, mold and indoor-air-quality services; plain-English service and 'when do I need this test?' content can help property owners understand a complicated purchase. The $100 package is useful here because it turns those existing services into clear, reusable customer-facing content without requiring the business to write or design the pieces itself.",70,https://www.allbayenvironmental.com/contact-us/
150,All In Moving Systems,"San Jose, CA",Residential,"commercial and local moving. The $100 package is useful here because it turns those existing services into clear, reusable customer-facing content without requiring the business to write or design the pieces itself.",70,https://allinmovingsystems.com/contact/
151,Anton SV Patisserie,"San Jose, CA","Patisserie, bakery and catering","Anton sells signature mille-crepe cakes while also supporting Bay Area delivery, wholesale and catering; concise occasion-based and wholesale/catering content can make those distinct purchase paths easier to discover. The $100 package is useful here because it turns those existing services into clear, reusable customer-facing content without requiring the business to write or design the pieces itself.",70,https://www.antonsvpatisserie.com/pages/contact-us
152,Articulate Solutions,"Gilroy, CA","Marketing, design and communications","Articulate combines branding, websites, media, email marketing, PR and creative execution; a service-path/case-study explainer can make its broad agency capabilities easier to buy. The $100 package is useful here because it turns those existing services into clear, reusable customer-facing content without requiring the business to write or design the pieces itself.",70,https://articulate-solutions.com/
153,Blossom Valley Foods,"Gilroy, CA",Food manufacturing and co-packing,"Blossom Valley Foods provides sauce, condiment, syrup and juice co-packing with custom production; a plain-English co-packing readiness guide can clarify the B2B inquiry process. The $100 package is useful here because it turns those existing services into clear, reusable customer-facing content without requiring the business to write or design the pieces itself.",70,https://blossomvalleyfoods.com/contact/
154,Cardinal Robotics,"Palo Alto, CA",Commercial robotics deployment and support,"Cardinal helps facilities deploy and operate commercial robots; use-case, deployment-readiness and service-vs-purchase content can clarify a technical B2B decision. The $100 package is useful here because it turns those existing services into clear, reusable customer-facing content without requiring the business to write or design the pieces itself.",70,https://cardinalrobot.com/contact-new.html
155,Cosmic Coffee Company,"Santa Clara, CA",Coffee roaster and ecommerce,"Cosmic Coffee sells roasted coffee through a current ecommerce path; roast, origin, brewing and gift-oriented content can make product. The $100 package is useful here because it turns those existing services into clear, reusable customer-facing content without requiring the business to write or design the pieces itself.",70,https://cosmiccoffeecompany.com/
156,"DataMate Bookkeeping and Tax, Inc.","Gilroy, CA","Bookkeeping, tax and business accounting services","DataMate serves local and national clients and supports remote bookkeeping/tax workflows; a plain-English service-selector, onboarding and deadline-reminder content pack could clarify what clients need without giving tax advice or promising financial outcomes. The $100 package is useful here because it turns those existing services into clear, reusable customer-facing content without requiring the business to write or design the pieces itself.",70,https://www.datamatebookkeeping.com/contact/
157,DWM Properties,"Los Gatos, CA",Property management and real estate services,"DWM publishes separate owner, renter, relocation and home-watch resources; a plain-English service-path/FAQ content pack could help visitors understand which resource fits them without making investment or rental-outcome promises. The $100 package is useful here because it turns those existing services into clear, reusable customer-facing content without requiring the business to write or design the pieces itself.",70,https://www.dwmproperties.com/contact
158,GEEK911,"Santa Clara / San Jose, CA",Computer repair and business IT support,"GEEK911 spans business IT, computer repair, data, cloud, networking and remote support; a simple 'which service do I need?' series could make its broad technical menu easier for small-business customers to navigate. The $100 package is useful here because it turns those existing services into clear, reusable customer-facing content without requiring the business to write or design the pieces itself.",70,https://geek911.com/services/
159,Giuseppe's Specialty Breads,"Santa Clara, CA",Artisan bakery and specialty breads,"Giuseppe's sells distinctive flavored artisan breads through a pre-order-and-pickup flow; product-comparison, flavor-pairing and pickup-prep content could turn an unusual product line into easier first purchases without inventing demand. The $100 package is useful here because it turns those existing services into clear, reusable customer-facing content without requiring the business to write or design the pieces itself.",70,https://giuseppesspecialtybreads.com/
160,Headstart Nursery Inc.,"Gilroy, CA",Commercial nursery and plant production,"Headstart serves growers with transplants, plugs and multiple growing locations; product/ordering and crop-selection content can make its B2B catalog easier to navigate. The $100 package is useful here because it turns those existing services into clear, reusable customer-facing content without requiring the business to write or design the pieces itself.",70,https://headstartnursery.com/
161,KR Services LLC dba Notary Livescan Post,"Sunnyvale, CA","Live Scan, notary and postal services","Notary Livescan Post combines fingerprinting, notary and postal/business services; service-selector and visit-prep content can clarify which counter service a customer needs. The $100 package is useful here because it turns those existing services into clear, reusable customer-facing content without requiring the business to write or design the pieces itself.",70,https://oag.ca.gov/fingerprints/locations/kr-services-llc-dba-notary-livescan-post
162,Luxera Cleaning,"San Jose, CA",Residential and office cleaning,"Luxera lets customers choose eco-friendly/non-toxic or traditional products and offers recurring, deep, move and office cleaning; that choice architecture is ideal for straightforward comparison content. The $100 package is useful here because it turns those existing services into clear, reusable customer-facing content without requiring the business to write or design the pieces itself.",70,https://luxeracleaning.com/
163,Mail All Center,"Mountain View, CA","Mailbox, shipping and business services","Mail All Center offers several small-business and consumer service paths; plain-English service-selector content could help customers choose mailbox, shipping or related services. The $100 package is useful here because it turns those existing services into clear, reusable customer-facing content without requiring the business to write or design the pieces itself.",70,https://mailallcenter.com/
164,Maison Alyzee Mountain View,"Mountain View, CA","Bakery, cafe and catering","Maison Alyzee combines bakery/cafe purchases with catering; product, occasion and catering-path content can clarify several ways customers. The $100 package is useful here because it turns those existing services into clear, reusable customer-facing content without requiring the business to write or design the pieces itself.",70,https://www.maisonalyzee.com/
165,Menage a Trois SJ LLC,"Sunnyvale, CA","Wedding planning, design and event coordination","The company publishes several planning packages plus rentals, draping and floral design; package-comparison and planning-timeline content can make the differences easier for couples to understand. The $100 package is useful here because it turns those existing services into clear, reusable customer-facing content without requiring the business to write or design the pieces itself.",70,https://www.menageatroisj.com/
166,Mimosas Brunch & Bubbles,"Campbell, CA",Brunch restaurant and hospitality,"Mimosas publishes a Campbell location, reservations/contact workflow and focused brunch identity; menu highlights, celebration occasions and first-visit content can give local diners concrete reasons to choose a visit. The $100 package is useful here because it turns those existing services into clear, reusable customer-facing content without requiring the business to write or design the pieces itself.",70,https://mimosasbnb.com/campbell-mimosas-brunch-and-bubbles-contact-us
167,Morgan Hill Laundry,"Morgan Hill, CA",Laundromat,"wash-and-fold and commercial laundry. The $100 package is useful here because it turns those existing services into clear, reusable customer-facing content without requiring the business to write or design the pieces itself.",70,https://www.morganhilllaundry.com/
168,"Next Gen Aussies, Collies and Shepherds","Morgan Hill, CA","Dog training, boarding and agility","Next Gen offers board-and-train, reactive-dog training, service-dog training, agility and field rental; service-comparison and intake-prep content could help dog owners identify the right inquiry path without making behavior or medical guarantees. The $100 package is useful here because it turns those existing services into clear, reusable customer-facing content without requiring the business to write or design the pieces itself.",70,https://sck9training.wixsite.com/website
169,Parktown Pizza,"Milpitas / Morgan Hill / San Jose, CA","Pizza restaurant, delivery, takeout and catering","Parktown Pizza markets delivery, takeout, dine-in and catering across multiple Santa Clara County locations; occasion, catering and location-specific content can be demonstrated directly from its current service mix. The $100 package is useful here because it turns those existing services into clear, reusable customer-facing content without requiring the business to write or design the pieces itself.",70,https://parktownpizza.com/places/santa-clara-county
170,Pinocchio's Pizza Gilroy,"Gilroy, CA",Family pizza restaurant,"Pinocchio's is a family-operated local pizza restaurant; menu, family-meal and order-prep content can strengthen a straightforward local dining path. The $100 package is useful here because it turns those existing services into clear, reusable customer-facing content without requiring the business to write or design the pieces itself.",70,https://visitgilroy.com/listing/pinocchios-pizza/191/
171,Poki Bowl Gilroy,"Gilroy, CA","Restaurant, pickup, delivery and party trays","The Gilroy location offers customizable bowls, pickup/delivery and party trays; ordering and group-meal content can make the local purchase path clearer. The $100 package is useful here because it turns those existing services into clear, reusable customer-facing content without requiring the business to write or design the pieces itself.",70,https://pokibowl.com/gilroy/
172,PrintPapa,"Santa Clara, CA",Commercial printing and marketing production,"PrintPapa currently promotes print, signage and promotional products from a Santa Clara production location; a compact 'what to use when' campaign can help small-business buyers choose the right print format faster. The $100 package is useful here because it turns those existing services into clear, reusable customer-facing content without requiring the business to write or design the pieces itself.",70,https://www.printpapa.com/eshop/pc/privacy-policy.asp
173,QOVO Solutions,"Morgan Hill, CA","Video surveillance, access control and networking","QOVO offers video surveillance, access control, wireless networks and mobile surveillance; solution-selector content can help commercial/public buyers understand where each service fits. The $100 package is useful here because it turns those existing services into clear, reusable customer-facing content without requiring the business to write or design the pieces itself.",70,https://www.qovoinc.com/contact-us/
174,Remnant World Carpets,"San Jose, CA",Carpet and flooring retail,"Remnant World emphasizes carpet remnants plus commercial/residential flooring choices; content explaining remnants, room-size use cases and material selection can help shoppers understand where the value fits. The $100 package is useful here because it turns those existing services into clear, reusable customer-facing content without requiring the business to write or design the pieces itself.",70,https://remnantworldcarpets.com/
175,"San Jose Mailing, Inc.","San Jose, CA","Direct mail, printing and data processing","San Jose Mailing combines direct mail, printing and data processing, so buyer-facing content can explain how a campaign moves from list/data preparation through print and delivery. The $100 package is useful here because it turns those existing services into clear, reusable customer-facing content without requiring the business to write or design the pieces itself.",70,https://www.svcentralchamber.com/expanded-directory/
176,Shiroi Sushi,"Los Gatos, CA",Restaurant and catering,"Shiroi Sushi supports restaurant and catering use cases; dining-vs-catering and occasion-based content can clarify those purchase paths. The $100 package is useful here because it turns those existing services into clear, reusable customer-facing content without requiring the business to write or design the pieces itself.",70,https://shirois.com/
177,Silicon Valley Conservatory of Music,"Sunnyvale, CA",Music school,"Current owned site offers on-site and virtual music lessons across multiple instruments; lesson selection, faculty/program highlights and enrollment guidance are strong reusable content angles. The $100 package is useful here because it turns those existing services into clear, reusable customer-facing content without requiring the business to write or design the pieces itself.",70,https://www.svcm.us.com/contact-location
178,SynerG Coworking,"Gilroy, CA","Coworking, meeting rooms and business community","SynerG offers coworking, private meeting rooms, printing/scanning and workshops; membership-vs-room and first-visit content can help remote workers and small businesses choose a path. The $100 package is useful here because it turns those existing services into clear, reusable customer-facing content without requiring the business to write or design the pieces itself.",70,https://visitgilroy.com/listing/synerg-coworking/289/
179,The Bakehouse US,"San Jose, CA","Bakery, preorder and catering","The Bakehouse combines baked goods with preorder and catering paths; product, occasion and ordering guidance can make those purchase choices easier to understand. The $100 package is useful here because it turns those existing services into clear, reusable customer-facing content without requiring the business to write or design the pieces itself.",70,https://thebakehouseus.com/
180,The Midwife and The Baker,"Mountain View, CA","Bakery, retail and wholesale","The bakery supports retail pastry/bread purchases plus broader sales/wholesale paths; product, preorder and wholesale content can clarify distinct buyer needs. The $100 package is useful here because it turns those existing services into clear, reusable customer-facing content without requiring the business to write or design the pieces itself.",70,https://www.themidwifeandthebaker.com/
181,"Vaastu Realty, Inc.","Cupertino, CA","Residential real-estate buying, selling, leasing and relocation","Vaastu presents buying, selling, investing, leasing and relocation as separate service paths; a plain-English service-selector and process-explainer pack could make those options easier to navigate without promising investment or home-sale outcomes. The $100 package is useful here because it turns those existing services into clear, reusable customer-facing content without requiring the business to write or design the pieces itself.",70,https://vaasturealty.com/
182,WorkNetic Systems,"San Jose, CA",Managed IT,"cybersecurity and network support. The $100 package is useful here because it turns those existing services into clear, reusable customer-facing content without requiring the business to write or design the pieces itself.",70,https://workneticit.com/
183,Phamily Peony Garden,"Los Altos, CA","Floral design, events and workshops","Phamily Peony Garden combines floral design with events/workshops; occasion, event and workshop content provides specific visual purchase paths. The $100 package is useful here because it turns those existing services into clear, reusable customer-facing content without requiring the business to write or design the pieces itself.",68,https://phamilypeonygarden.com/
184,4 Paws Professional Pet Care,"Santa Clara / Sunnyvale / Cupertino area, CA",Pet care and mobile vet-tech services,"Current owned site offers pet care plus mobile vet-tech services across Santa Clara County communities; service explainers, onboarding and pet-care education can be made very concrete. The $100 package is useful here because it turns those existing services into clear, reusable customer-facing content without requiring the business to write or design the pieces itself.",66,https://www.4pawsprocare.com/
185,Advaya Holistic Wellness,"San Jose / Santa Clara County service area, CA",Prenatal yoga and postpartum wellness education,"Advaya publishes distinct prenatal-yoga, birth-preparation and postpartum service paths plus a no-pressure discovery call; strictly non-medical service-selection, first-session and scheduling content could clarify those options without making health-outcome claims. The $100 package is useful here because it turns those existing services into clear, reusable customer-facing content without requiring the business to write or design the pieces itself.",66,https://www.advayawellness.com/
186,Artemex Gilroy,"Gilroy, CA",Specialty retail and Mexican artisan goods,"Artemex has a downtown Gilroy retail presence; collection, gift and local-shopping content can make specialty inventory easier to discover. The $100 package is useful here because it turns those existing services into clear, reusable customer-facing content without requiring the business to write or design the pieces itself.",66,https://visitgilroy.com/listing/artemex/312/
187,BuB's Comics & Cards,"Gilroy, CA","Comics, trading cards and collectibles retail","BuB's carries comics, sports cards, figures and collectibles; category guides, new-arrival and collector-entry content can help different shopper types navigate inventory. The $100 package is useful here because it turns those existing services into clear, reusable customer-facing content without requiring the business to write or design the pieces itself.",66,https://visitgilroy.com/listing/bubs-comics-%26-cards/204/
188,Copenhagen Crown Bakery,"Santa Clara, CA",Bakery and custom cakes,"Copenhagen Crown Bakery supports everyday bakery purchases plus custom/occasion cake decisions; cake-selection and ordering-timeline content. The $100 package is useful here because it turns those existing services into clear, reusable customer-facing content without requiring the business to write or design the pieces itself.",66,https://www.sjcake.com/
189,Dough & Batter,"Morgan Hill / Santa Clara County, CA",Bakery and delivery,"Dough & Batter publishes fresh-baked ordering, delivery windows, sourdough preorder guidance and special-order contact details; ordering education and product highlights can reduce friction for customers. The $100 package is useful here because it turns those existing services into clear, reusable customer-facing content without requiring the business to write or design the pieces itself.",66,https://www.doughandbatterca.com/
190,Grupo Folklorico Los Laureles / Los Laureles Academy,"San Jose, CA",Folklorico dance school and cultural arts,"Los Laureles is registering for Fall 2026 and offers more than 25 classes; class-level, registration and cultural-program content can make the academy easier for families to explore. The $100 package is useful here because it turns those existing services into clear, reusable customer-facing content without requiring the business to write or design the pieces itself.",66,https://www.loslaureles.org/
191,La Corneta Taqueria Palo Alto,"Palo Alto, CA",Restaurant and catering,"La Corneta's Palo Alto location supports restaurant and catering decisions; menu, occasion and catering-order guidance provide concrete. The $100 package is useful here because it turns those existing services into clear, reusable customer-facing content without requiring the business to write or design the pieces itself.",66,https://lacorneta.com/
192,Lawza Moroccan Bakery,"Palo Alto / Santa Clara County delivery, CA",Bakery and catering,"Lawza makes Moroccan sweets fresh to order and offers custom orders, catering and delivery to Palo Alto, Mountain View, Sunnyvale, Los Altos, Cupertino and Santa Clara; product, occasion and catering content has strong visual potential. The $100 package is useful here because it turns those existing services into clear, reusable customer-facing content without requiring the business to write or design the pieces itself.",66,https://lawzabakery.com/collections/all
193,Lopez Taqueria,"Sunnyvale / San Jose / Gilroy, CA",Restaurant and catering,"Lopez Taqueria operates multiple Santa Clara County locations and offers catering with delivery rules and dietary-accommodation guidance; menu, catering and location-specific content has direct customer utility. The $100 package is useful here because it turns those existing services into clear, reusable customer-facing content without requiring the business to write or design the pieces itself.",66,https://lopeztaquerias.com/catering
194,Nola Street Kitchen,"Gilroy, CA",Louisiana-inspired restaurant and takeout,"Nola Street Kitchen serves scratch-made Southern food with dine-in and online-order paths; signature-dish and takeout content can make a distinctive local menu easier to discover. The $100 package is useful here because it turns those existing services into clear, reusable customer-facing content without requiring the business to write or design the pieces itself.",66,https://www.nolastreetkitchen.com/contact-us/
195,Pintello Comedy Theater,"Gilroy, CA",Live theater and ticketed events,"Pintello has an active 2026 performance calendar at Gilroy Grange Hall; show-preview, first-visit and ticket-planning content can support current attendance paths. The $100 package is useful here because it turns those existing services into clear, reusable customer-facing content without requiring the business to write or design the pieces itself.",66,https://www.pintellocomedy.com/
196,RG Handyman SV,"Gilroy, CA",Handyman,"maintenance and remodeling. The $100 package is useful here because it turns those existing services into clear, reusable customer-facing content without requiring the business to write or design the pieces itself.",66,https://rghandymansv.com/
197,Super Taqueria Gilroy,"Gilroy, CA",Mexican restaurant and group dining,"Super Taqueria offers a focused authentic Mexican menu with indoor/outdoor group dining; signature-item and ordering content can support local discovery. The $100 package is useful here because it turns those existing services into clear, reusable customer-facing content without requiring the business to write or design the pieces itself.",66,https://visitgilroy.com/listing/super-taqueria/39/
198,The Barn at Hoey Ranch,"Gilroy, CA","Weekend antique, art and shopping destination","The Barn operates year-round on weekends with art, antiques and local shopping; what-to-expect and seasonal-feature content can support destination visits. The $100 package is useful here because it turns those existing services into clear, reusable customer-facing content without requiring the business to write or design the pieces itself.",66,https://visitgilroy.com/listing/the-barn-at-hoey-ranch/113/
199,The Oaks Motel,"Gilroy, CA",Motel and lodging,"The Oaks Motel provides simple local lodging with parking and in-room amenities; direct-stay and local-visitor content can clarify a basic purchase path. The $100 package is useful here because it turns those existing services into clear, reusable customer-facing content without requiring the business to write or design the pieces itself.",66,https://visitgilroy.com/listing/the-oaks-motel/153/
200,Urban Flora,"San Jose, CA",Florist,"Urban Flora sells fresh seasonal flower arrangements in San Jose and explains how availability can affect color selection; occasion-based, seasonal and designer-choice content can make the buying process easier to understand. The $100 package is useful here because it turns those existing services into clear, reusable customer-facing content without requiring the business to write or design the pieces itself.",66,https://www.urbanflora.store/
