Version,VersionRank,MasterRank,Business,City,Industry,HitScore,ForecastReplyWindow,Email,Website,Phone,SourceURL,CheckDate,EvidenceNote,ServiceFocus,Observation,WhyFit,Subject,InitialEmail,GraphicFilename,EMLFilename,InterestedReply,PriceReply,ProofReply,MoreInfoReply,LaterReply,Followup,BounceFallback,PaidReply,FulfillmentReply,Status,LastContact,NextFollowup,Notes
V6,1,2,"Best Electrical Co., Inc","San Jose, CA",Electrical,93,Prioritize first; timing is not guaranteed,ruthg@besteleco.com,,,https://www.cusdk8.org/fs/resource-manager/view/ce90e6dd-ad5b-4546-8e73-3f3e726a2b0a,2026-09-13,Accepted in the canonical seed gate from the current 2026 contractor source; public business email retained exactly as published.,electrical,"The current contractor source lists Best Electrical Co., Inc in San Jose, CA for Electrical; a concise capability and project-readiness content set can help prospective buyers understand what the business handles before an inquiry.","The current contractor source lists Best Electrical Co., Inc in San Jose, CA for Electrical; a concise capability and project-readiness content set can help prospective buyers understand what the business handles before an inquiry. The $100 package is useful here because it turns those existing services into clear, reusable customer-facing content without requiring the business to write or design the pieces itself.","Made this electrical preview for Best Electrical Co., Inc","Hi Best Electrical Co., Inc team,

I came across your business and noticed the current contractor source lists Best Electrical Co., Inc in San Jose, CA for Electrical; a concise capability and project-readiness content set can help prospective buyers understand what the business handles before an inquiry. I made the attached private preview specifically around that part of the business.

If you like the direction, the full package is $100 one time. It includes 10 ready-to-post business posts, custom graphics, customer follow-up messages, review/customer-message replies, stronger calls-to-action, and content organized around your real services. Everything is delivered ready to use; there’s no subscription or contract.

For Best Electrical Co., Inc, I’d start with service explainers, project/repair education, and estimate or consultation CTAs.

You can choose whatever is easiest:
1. Reply YES and I’ll finish the $100 package.
2. Ask me anything first.
3. If you already know you want it, you can use the PayPal invoice here: https://www.paypal.com/invoice/p/#7T6DC9A6WFH3XXCT

If it isn’t useful, that’s completely fine — reply “no thanks” and I won’t follow up again.

Thanks,
Anastaysia",001-v6-best-electrical-co-inc.jpg,001-v6-best-electrical-co-inc.eml,"Absolutely — I can finish the full electrical content package for Best Electrical Co., Inc. It’s $100 one time, with no subscription or contract. PayPal invoice: https://www.paypal.com/invoice/p/#7T6DC9A6WFH3XXCT

Once payment is confirmed, I’ll build the complete set around service explainers, project/repair education, and estimate or consultation CTAs unless you want me to prioritize something else.

– Anastaysia","It’s $100 total, one time — not per post and not monthly. You keep the 10 posts, custom graphics, customer follow-up messages, review/message replies and CTA copy.","The attached sample was made specifically for Best Electrical Co., Inc around electrical. That is the direction I’d use for the finished set, and I’ll keep every piece tied to the actual services rather than generic filler.","I’d make the finished set around service explainers, project/repair education, and estimate or consultation CTAs. You receive the words + graphics ready to copy, post or reuse, so you do not have to design or write them yourself.","No problem. I’ll leave the sample with you. If timing changes, reply here and I can pick it back up. I won’t keep chasing you.","Hi Best Electrical Co., Inc team — one quick follow-up on the private electrical sample I attached. If you want me to finish the full $100 set, reply YES. If not, no worries and I won’t follow up again.

– Anastaysia","Hi — I made a private electrical sample for Best Electrical Co., Inc, but the public email I tried bounced. What business email should I send the preview to?

– Anastaysia","Thanks — payment is confirmed. I’m building the Best Electrical Co., Inc package around service explainers, project/repair education, and estimate or consultation CTAs. I’ll send the finished files in this email thread when they’re ready.

– Anastaysia","Hi Best Electrical Co., Inc team — your finished $100 content package is ready. I’ve organized the posts, graphics, follow-up copy, review/message replies and CTAs so they’re easy to reuse. If you want a different service emphasized in a future set, reply here.

– Anastaysia",New,,,
V6,2,4,"Bosco Construction Services, Inc.","San Jose, CA",Construction Services,93,Prioritize first; timing is not guaranteed,info4@boscoco.com,,,https://www.cusdk8.org/fs/resource-manager/view/ce90e6dd-ad5b-4546-8e73-3f3e726a2b0a,2026-09-13,Accepted in the canonical seed gate from the current 2026 contractor source; public business email retained exactly as published.,construction services,"The current contractor source lists Bosco Construction Services, Inc. in San Jose, CA for Construction Services; a concise capability and project-readiness content set can help prospective buyers understand what the business handles before an inquiry.","The current contractor source lists Bosco Construction Services, Inc. in San Jose, CA for Construction Services; a concise capability and project-readiness content set can help prospective buyers understand what the business handles before an inquiry. The $100 package is useful here because it turns those existing services into clear, reusable customer-facing content without requiring the business to write or design the pieces itself.","Made this construction services preview for Bosco Construction Services, Inc.","Hi Bosco Construction Services, Inc. team,

I came across your business and noticed the current contractor source lists Bosco Construction Services, Inc. in San Jose, CA for Construction Services; a concise capability and project-readiness content set can help prospective buyers understand what the business handles before an inquiry. I made the attached private preview specifically around that part of the business.

If you like the direction, the full package is $100 one time. It includes 10 ready-to-post business posts, custom graphics, customer follow-up messages, review/customer-message replies, stronger calls-to-action, and content organized around your real services. Everything is delivered ready to use; there’s no subscription or contract.

For Bosco Construction Services, Inc., I’d start with service explainers, project/repair education, and estimate or consultation CTAs.

You can choose whatever is easiest:
1. Reply YES and I’ll finish the $100 package.
2. Ask me anything first.
3. If you already know you want it, you can use the PayPal invoice here: https://www.paypal.com/invoice/p/#7T6DC9A6WFH3XXCT

If it isn’t useful, that’s completely fine — reply “no thanks” and I won’t follow up again.

Thanks,
Anastaysia",002-v6-bosco-construction-services-inc.jpg,002-v6-bosco-construction-services-inc.eml,"Absolutely — I can finish the full construction services content package for Bosco Construction Services, Inc.. It’s $100 one time, with no subscription or contract. PayPal invoice: https://www.paypal.com/invoice/p/#7T6DC9A6WFH3XXCT

Once payment is confirmed, I’ll build the complete set around service explainers, project/repair education, and estimate or consultation CTAs unless you want me to prioritize something else.

– Anastaysia","It’s $100 total, one time — not per post and not monthly. You keep the 10 posts, custom graphics, customer follow-up messages, review/message replies and CTA copy.","The attached sample was made specifically for Bosco Construction Services, Inc. around construction services. That is the direction I’d use for the finished set, and I’ll keep every piece tied to the actual services rather than generic filler.","I’d make the finished set around service explainers, project/repair education, and estimate or consultation CTAs. You receive the words + graphics ready to copy, post or reuse, so you do not have to design or write them yourself.","No problem. I’ll leave the sample with you. If timing changes, reply here and I can pick it back up. I won’t keep chasing you.","Hi Bosco Construction Services, Inc. team — one quick follow-up on the private construction services sample I attached. If you want me to finish the full $100 set, reply YES. If not, no worries and I won’t follow up again.

– Anastaysia","Hi — I made a private construction services sample for Bosco Construction Services, Inc., but the public email I tried bounced. What business email should I send the preview to?

– Anastaysia","Thanks — payment is confirmed. I’m building the Bosco Construction Services, Inc. package around service explainers, project/repair education, and estimate or consultation CTAs. I’ll send the finished files in this email thread when they’re ready.

– Anastaysia","Hi Bosco Construction Services, Inc. team — your finished $100 content package is ready. I’ve organized the posts, graphics, follow-up copy, review/message replies and CTAs so they’re easy to reuse. If you want a different service emphasized in a future set, reply here.

– Anastaysia",New,,,
V6,3,6,Chilton Auto Body Santa Clara,"Santa Clara, CA",Collision repair and auto body,93,Prioritize first; timing is not guaranteed,chilton-santaclara@carstarusa.com,https://chiltonautobody.com/locations/certified-collision-repair-santa-clara/,408-988-9800,https://chiltonautobody.com/locations/certified-collision-repair-santa-clara/,2026-09-16,"Current owned location page lists Santa Clara address, phone and active repair/estimate services; current local business evidence publishes location email.",collision repair and auto body,"The Santa Clara shop handles conventional, EV/hybrid and certified collision repair with estimate/appointment paths; process and certification explainers can reduce uncertainty after an accident.","The Santa Clara shop handles conventional, EV/hybrid and certified collision repair with estimate/appointment paths; process and certification explainers can reduce uncertainty after an accident. The $100 package is useful here because it turns those existing services into clear, reusable customer-facing content without requiring the business to write or design the pieces itself.",Made this collision repair and auto body preview for Chilton Auto Body Santa Clara,"Hi Chilton Auto Body Santa Clara team,

I came across your business and noticed the Santa Clara shop handles conventional, EV/hybrid and certified collision repair with estimate/appointment paths; process and certification explainers can reduce uncertainty after an accident. I made the attached private preview specifically around that part of the business.

If you like the direction, the full package is $100 one time. It includes 10 ready-to-post business posts, custom graphics, customer follow-up messages, review/customer-message replies, stronger calls-to-action, and content organized around your real services. Everything is delivered ready to use; there’s no subscription or contract.

For Chilton Auto Body Santa Clara, I’d start with service comparisons, before/after project content, and estimate or booking CTAs.

You can choose whatever is easiest:
1. Reply YES and I’ll finish the $100 package.
2. Ask me anything first.
3. If you already know you want it, you can use the PayPal invoice here: https://www.paypal.com/invoice/p/#7T6DC9A6WFH3XXCT

If it isn’t useful, that’s completely fine — reply “no thanks” and I won’t follow up again.

Thanks,
Anastaysia",003-v6-chilton-auto-body-santa-clara.jpg,003-v6-chilton-auto-body-santa-clara.eml,"Absolutely — I can finish the full collision repair and auto body content package for Chilton Auto Body Santa Clara. It’s $100 one time, with no subscription or contract. PayPal invoice: https://www.paypal.com/invoice/p/#7T6DC9A6WFH3XXCT

Once payment is confirmed, I’ll build the complete set around service comparisons, before/after project content, and estimate or booking CTAs unless you want me to prioritize something else.

– Anastaysia","It’s $100 total, one time — not per post and not monthly. You keep the 10 posts, custom graphics, customer follow-up messages, review/message replies and CTA copy.","The attached sample was made specifically for Chilton Auto Body Santa Clara around collision repair and auto body. That is the direction I’d use for the finished set, and I’ll keep every piece tied to the actual services rather than generic filler.","I’d make the finished set around service comparisons, before/after project content, and estimate or booking CTAs. You receive the words + graphics ready to copy, post or reuse, so you do not have to design or write them yourself.","No problem. I’ll leave the sample with you. If timing changes, reply here and I can pick it back up. I won’t keep chasing you.","Hi Chilton Auto Body Santa Clara team — one quick follow-up on the private collision repair and auto body sample I attached. If you want me to finish the full $100 set, reply YES. If not, no worries and I won’t follow up again.

– Anastaysia","Hi — I made a private collision repair and auto body sample for Chilton Auto Body Santa Clara, but the public email I tried bounced. What business email should I send the preview to?

– Anastaysia","Thanks — payment is confirmed. I’m building the Chilton Auto Body Santa Clara package around service comparisons, before/after project content, and estimate or booking CTAs. I’ll send the finished files in this email thread when they’re ready.

– Anastaysia","Hi Chilton Auto Body Santa Clara team — your finished $100 content package is ready. I’ve organized the posts, graphics, follow-up copy, review/message replies and CTAs so they’re easy to reuse. If you want a different service emphasized in a future set, reply here.

– Anastaysia",New,,,
V6,4,8,Commercial Tree Care,"San Jose, CA",Tree Service,93,Prioritize first; timing is not guaranteed,melissa@commercialtree.com,,,https://www.cusdk8.org/fs/resource-manager/view/ce90e6dd-ad5b-4546-8e73-3f3e726a2b0a,2026-09-13,Accepted in the canonical seed gate from the current 2026 contractor source; public business email retained exactly as published.,tree service,"The current contractor source lists Commercial Tree Care in San Jose, CA for Tree Service; a concise capability and project-readiness content set can help prospective buyers understand what the business handles before an inquiry.","The current contractor source lists Commercial Tree Care in San Jose, CA for Tree Service; a concise capability and project-readiness content set can help prospective buyers understand what the business handles before an inquiry. The $100 package is useful here because it turns those existing services into clear, reusable customer-facing content without requiring the business to write or design the pieces itself.",Made this tree service preview for Commercial Tree Care,"Hi Commercial Tree Care team,

I came across your business and noticed the current contractor source lists Commercial Tree Care in San Jose, CA for Tree Service; a concise capability and project-readiness content set can help prospective buyers understand what the business handles before an inquiry. I made the attached private preview specifically around that part of the business.

If you like the direction, the full package is $100 one time. It includes 10 ready-to-post business posts, custom graphics, customer follow-up messages, review/customer-message replies, stronger calls-to-action, and content organized around your real services. Everything is delivered ready to use; there’s no subscription or contract.

For Commercial Tree Care, I’d start with before/after process content, service-selection guidance, and quote CTAs.

You can choose whatever is easiest:
1. Reply YES and I’ll finish the $100 package.
2. Ask me anything first.
3. If you already know you want it, you can use the PayPal invoice here: https://www.paypal.com/invoice/p/#7T6DC9A6WFH3XXCT

If it isn’t useful, that’s completely fine — reply “no thanks” and I won’t follow up again.

Thanks,
Anastaysia",004-v6-commercial-tree-care.jpg,004-v6-commercial-tree-care.eml,"Absolutely — I can finish the full tree service content package for Commercial Tree Care. It’s $100 one time, with no subscription or contract. PayPal invoice: https://www.paypal.com/invoice/p/#7T6DC9A6WFH3XXCT

Once payment is confirmed, I’ll build the complete set around before/after process content, service-selection guidance, and quote CTAs unless you want me to prioritize something else.

– Anastaysia","It’s $100 total, one time — not per post and not monthly. You keep the 10 posts, custom graphics, customer follow-up messages, review/message replies and CTA copy.","The attached sample was made specifically for Commercial Tree Care around tree service. That is the direction I’d use for the finished set, and I’ll keep every piece tied to the actual services rather than generic filler.","I’d make the finished set around before/after process content, service-selection guidance, and quote CTAs. You receive the words + graphics ready to copy, post or reuse, so you do not have to design or write them yourself.","No problem. I’ll leave the sample with you. If timing changes, reply here and I can pick it back up. I won’t keep chasing you.","Hi Commercial Tree Care team — one quick follow-up on the private tree service sample I attached. If you want me to finish the full $100 set, reply YES. If not, no worries and I won’t follow up again.

– Anastaysia","Hi — I made a private tree service sample for Commercial Tree Care, but the public email I tried bounced. What business email should I send the preview to?

– Anastaysia","Thanks — payment is confirmed. I’m building the Commercial Tree Care package around before/after process content, service-selection guidance, and quote CTAs. I’ll send the finished files in this email thread when they’re ready.

– Anastaysia","Hi Commercial Tree Care team — your finished $100 content package is ready. I’ve organized the posts, graphics, follow-up copy, review/message replies and CTAs so they’re easy to reuse. If you want a different service emphasized in a future set, reply here.

– Anastaysia",New,,,
V6,5,10,De Mattei Construction,"San Jose, CA",Residential construction and remodeling,93,Prioritize first; timing is not guaranteed,jimw@demattei.com,https://demattei.com/,408-350-4200,https://demattei.com/,2026-09-15,Current owned site confirms San Jose office and construction services; a 2026 City of San Jose public program lists the business contact used here.,residential construction and remodeling,"De Mattei has a substantial design/build project model; project-readiness, process and consultation content can help prospective clients understand the journey without promising project outcomes.","De Mattei has a substantial design/build project model; project-readiness, process and consultation content can help prospective clients understand the journey without promising project outcomes. The $100 package is useful here because it turns those existing services into clear, reusable customer-facing content without requiring the business to write or design the pieces itself.",Made this residential construction and remodeling preview for De Mattei Construction,"Hi De Mattei Construction team,

I came across your business and noticed de Mattei has a substantial design/build project model; project-readiness, process and consultation content can help prospective clients understand the journey without promising project outcomes. I made the attached private preview specifically around that part of the business.

If you like the direction, the full package is $100 one time. It includes 10 ready-to-post business posts, custom graphics, customer follow-up messages, review/customer-message replies, stronger calls-to-action, and content organized around your real services. Everything is delivered ready to use; there’s no subscription or contract.

For De Mattei Construction, I’d start with service explainers, project/repair education, and estimate or consultation CTAs.

You can choose whatever is easiest:
1. Reply YES and I’ll finish the $100 package.
2. Ask me anything first.
3. If you already know you want it, you can use the PayPal invoice here: https://www.paypal.com/invoice/p/#7T6DC9A6WFH3XXCT

If it isn’t useful, that’s completely fine — reply “no thanks” and I won’t follow up again.

Thanks,
Anastaysia",005-v6-de-mattei-construction.jpg,005-v6-de-mattei-construction.eml,"Absolutely — I can finish the full residential construction and remodeling content package for De Mattei Construction. It’s $100 one time, with no subscription or contract. PayPal invoice: https://www.paypal.com/invoice/p/#7T6DC9A6WFH3XXCT

Once payment is confirmed, I’ll build the complete set around service explainers, project/repair education, and estimate or consultation CTAs unless you want me to prioritize something else.

– Anastaysia","It’s $100 total, one time — not per post and not monthly. You keep the 10 posts, custom graphics, customer follow-up messages, review/message replies and CTA copy.","The attached sample was made specifically for De Mattei Construction around residential construction and remodeling. That is the direction I’d use for the finished set, and I’ll keep every piece tied to the actual services rather than generic filler.","I’d make the finished set around service explainers, project/repair education, and estimate or consultation CTAs. You receive the words + graphics ready to copy, post or reuse, so you do not have to design or write them yourself.","No problem. I’ll leave the sample with you. If timing changes, reply here and I can pick it back up. I won’t keep chasing you.","Hi De Mattei Construction team — one quick follow-up on the private residential construction and remodeling sample I attached. If you want me to finish the full $100 set, reply YES. If not, no worries and I won’t follow up again.

– Anastaysia","Hi — I made a private residential construction and remodeling sample for De Mattei Construction, but the public email I tried bounced. What business email should I send the preview to?

– Anastaysia","Thanks — payment is confirmed. I’m building the De Mattei Construction package around service explainers, project/repair education, and estimate or consultation CTAs. I’ll send the finished files in this email thread when they’re ready.

– Anastaysia","Hi De Mattei Construction team — your finished $100 content package is ready. I’ve organized the posts, graphics, follow-up copy, review/message replies and CTAs so they’re easy to reuse. If you want a different service emphasized in a future set, reply here.

– Anastaysia",New,,,
V6,6,12,"Duran and Venables, Inc.","Milpitas, CA",General Engineering,93,Prioritize first; timing is not guaranteed,ela@dvpave.com,,,https://www.cusdk8.org/fs/resource-manager/view/ce90e6dd-ad5b-4546-8e73-3f3e726a2b0a,2026-09-13,Accepted in the canonical seed gate from the current 2026 contractor source; public business email retained exactly as published.,general engineering,"The current contractor source lists Duran and Venables, Inc. in Milpitas, CA for General Engineering; a concise capability and project-readiness content set can help prospective buyers understand what the business handles before an inquiry.","The current contractor source lists Duran and Venables, Inc. in Milpitas, CA for General Engineering; a concise capability and project-readiness content set can help prospective buyers understand what the business handles before an inquiry. The $100 package is useful here because it turns those existing services into clear, reusable customer-facing content without requiring the business to write or design the pieces itself.","Made this general engineering preview for Duran and Venables, Inc.","Hi Duran and Venables, Inc. team,

I came across your business and noticed the current contractor source lists Duran and Venables, Inc. in Milpitas, CA for General Engineering; a concise capability and project-readiness content set can help prospective buyers understand what the business handles before an inquiry. I made the attached private preview specifically around that part of the business.

If you like the direction, the full package is $100 one time. It includes 10 ready-to-post business posts, custom graphics, customer follow-up messages, review/customer-message replies, stronger calls-to-action, and content organized around your real services. Everything is delivered ready to use; there’s no subscription or contract.

For Duran and Venables, Inc., I’d start with service explainers, project/repair education, and estimate or consultation CTAs.

You can choose whatever is easiest:
1. Reply YES and I’ll finish the $100 package.
2. Ask me anything first.
3. If you already know you want it, you can use the PayPal invoice here: https://www.paypal.com/invoice/p/#7T6DC9A6WFH3XXCT

If it isn’t useful, that’s completely fine — reply “no thanks” and I won’t follow up again.

Thanks,
Anastaysia",006-v6-duran-and-venables-inc.jpg,006-v6-duran-and-venables-inc.eml,"Absolutely — I can finish the full general engineering content package for Duran and Venables, Inc.. It’s $100 one time, with no subscription or contract. PayPal invoice: https://www.paypal.com/invoice/p/#7T6DC9A6WFH3XXCT

Once payment is confirmed, I’ll build the complete set around service explainers, project/repair education, and estimate or consultation CTAs unless you want me to prioritize something else.

– Anastaysia","It’s $100 total, one time — not per post and not monthly. You keep the 10 posts, custom graphics, customer follow-up messages, review/message replies and CTA copy.","The attached sample was made specifically for Duran and Venables, Inc. around general engineering. That is the direction I’d use for the finished set, and I’ll keep every piece tied to the actual services rather than generic filler.","I’d make the finished set around service explainers, project/repair education, and estimate or consultation CTAs. You receive the words + graphics ready to copy, post or reuse, so you do not have to design or write them yourself.","No problem. I’ll leave the sample with you. If timing changes, reply here and I can pick it back up. I won’t keep chasing you.","Hi Duran and Venables, Inc. team — one quick follow-up on the private general engineering sample I attached. If you want me to finish the full $100 set, reply YES. If not, no worries and I won’t follow up again.

– Anastaysia","Hi — I made a private general engineering sample for Duran and Venables, Inc., but the public email I tried bounced. What business email should I send the preview to?

– Anastaysia","Thanks — payment is confirmed. I’m building the Duran and Venables, Inc. package around service explainers, project/repair education, and estimate or consultation CTAs. I’ll send the finished files in this email thread when they’re ready.

– Anastaysia","Hi Duran and Venables, Inc. team — your finished $100 content package is ready. I’ve organized the posts, graphics, follow-up copy, review/message replies and CTAs so they’re easy to reuse. If you want a different service emphasized in a future set, reply here.

– Anastaysia",New,,,
V6,7,14,"General Lighting Service, Inc.","Santa Clara, CA",Electrical,93,Prioritize first; timing is not guaranteed,connie@gls-inc.net,,,https://www.cusdk8.org/fs/resource-manager/view/ce90e6dd-ad5b-4546-8e73-3f3e726a2b0a,2026-09-13,Accepted in the canonical seed gate from the current 2026 contractor source; public business email retained exactly as published.,electrical,"The current contractor source lists General Lighting Service, Inc. in Santa Clara, CA for Electrical; a concise capability and project-readiness content set can help prospective buyers understand what the business handles before an inquiry.","The current contractor source lists General Lighting Service, Inc. in Santa Clara, CA for Electrical; a concise capability and project-readiness content set can help prospective buyers understand what the business handles before an inquiry. The $100 package is useful here because it turns those existing services into clear, reusable customer-facing content without requiring the business to write or design the pieces itself.","Made this electrical preview for General Lighting Service, Inc.","Hi General Lighting Service, Inc. team,

I came across your business and noticed the current contractor source lists General Lighting Service, Inc. in Santa Clara, CA for Electrical; a concise capability and project-readiness content set can help prospective buyers understand what the business handles before an inquiry. I made the attached private preview specifically around that part of the business.

If you like the direction, the full package is $100 one time. It includes 10 ready-to-post business posts, custom graphics, customer follow-up messages, review/customer-message replies, stronger calls-to-action, and content organized around your real services. Everything is delivered ready to use; there’s no subscription or contract.

For General Lighting Service, Inc., I’d start with service explainers, project/repair education, and estimate or consultation CTAs.

You can choose whatever is easiest:
1. Reply YES and I’ll finish the $100 package.
2. Ask me anything first.
3. If you already know you want it, you can use the PayPal invoice here: https://www.paypal.com/invoice/p/#7T6DC9A6WFH3XXCT

If it isn’t useful, that’s completely fine — reply “no thanks” and I won’t follow up again.

Thanks,
Anastaysia",007-v6-general-lighting-service-inc.jpg,007-v6-general-lighting-service-inc.eml,"Absolutely — I can finish the full electrical content package for General Lighting Service, Inc.. It’s $100 one time, with no subscription or contract. PayPal invoice: https://www.paypal.com/invoice/p/#7T6DC9A6WFH3XXCT

Once payment is confirmed, I’ll build the complete set around service explainers, project/repair education, and estimate or consultation CTAs unless you want me to prioritize something else.

– Anastaysia","It’s $100 total, one time — not per post and not monthly. You keep the 10 posts, custom graphics, customer follow-up messages, review/message replies and CTA copy.","The attached sample was made specifically for General Lighting Service, Inc. around electrical. That is the direction I’d use for the finished set, and I’ll keep every piece tied to the actual services rather than generic filler.","I’d make the finished set around service explainers, project/repair education, and estimate or consultation CTAs. You receive the words + graphics ready to copy, post or reuse, so you do not have to design or write them yourself.","No problem. I’ll leave the sample with you. If timing changes, reply here and I can pick it back up. I won’t keep chasing you.","Hi General Lighting Service, Inc. team — one quick follow-up on the private electrical sample I attached. If you want me to finish the full $100 set, reply YES. If not, no worries and I won’t follow up again.

– Anastaysia","Hi — I made a private electrical sample for General Lighting Service, Inc., but the public email I tried bounced. What business email should I send the preview to?

– Anastaysia","Thanks — payment is confirmed. I’m building the General Lighting Service, Inc. package around service explainers, project/repair education, and estimate or consultation CTAs. I’ll send the finished files in this email thread when they’re ready.

– Anastaysia","Hi General Lighting Service, Inc. team — your finished $100 content package is ready. I’ve organized the posts, graphics, follow-up copy, review/message replies and CTAs so they’re easy to reuse. If you want a different service emphasized in a future set, reply here.

– Anastaysia",New,,,
V6,8,16,JC Relocation,"Santa Clara, CA",Moving and relocation,93,Prioritize first; timing is not guaranteed,staff@jcrelocation.com,https://www.jcrelocation.com/,(408) 687-5490,https://www.jcrelocation.com/movers,2026-09-16,Current owned site publishes staff@jcrelocation.com and Santa Clara base.,moving and relocation,"Current owned site promotes same-day and last-minute moving plus residential, commercial, packing and long-distance services across Santa Clara County; quote-prep and service-selection content fits a high-intent buyer journey.","Current owned site promotes same-day and last-minute moving plus residential, commercial, packing and long-distance services across Santa Clara County; quote-prep and service-selection content fits a high-intent buyer journey. The $100 package is useful here because it turns those existing services into clear, reusable customer-facing content without requiring the business to write or design the pieces itself.",Made this moving and relocation preview for JC Relocation,"Hi JC Relocation team,

I came across your business and noticed current owned site promotes same-day and last-minute moving plus residential, commercial, packing and long-distance services across Santa Clara County; quote-prep and service-selection content fits a high-intent buyer journey. I made the attached private preview specifically around that part of the business.

If you like the direction, the full package is $100 one time. It includes 10 ready-to-post business posts, custom graphics, customer follow-up messages, review/customer-message replies, stronger calls-to-action, and content organized around your real services. Everything is delivered ready to use; there’s no subscription or contract.

For JC Relocation, I’d start with before/after process content, service-selection guidance, and quote CTAs.

You can choose whatever is easiest:
1. Reply YES and I’ll finish the $100 package.
2. Ask me anything first.
3. If you already know you want it, you can use the PayPal invoice here: https://www.paypal.com/invoice/p/#7T6DC9A6WFH3XXCT

If it isn’t useful, that’s completely fine — reply “no thanks” and I won’t follow up again.

Thanks,
Anastaysia",008-v6-jc-relocation.jpg,008-v6-jc-relocation.eml,"Absolutely — I can finish the full moving and relocation content package for JC Relocation. It’s $100 one time, with no subscription or contract. PayPal invoice: https://www.paypal.com/invoice/p/#7T6DC9A6WFH3XXCT

Once payment is confirmed, I’ll build the complete set around before/after process content, service-selection guidance, and quote CTAs unless you want me to prioritize something else.

– Anastaysia","It’s $100 total, one time — not per post and not monthly. You keep the 10 posts, custom graphics, customer follow-up messages, review/message replies and CTA copy.","The attached sample was made specifically for JC Relocation around moving and relocation. That is the direction I’d use for the finished set, and I’ll keep every piece tied to the actual services rather than generic filler.","I’d make the finished set around before/after process content, service-selection guidance, and quote CTAs. You receive the words + graphics ready to copy, post or reuse, so you do not have to design or write them yourself.","No problem. I’ll leave the sample with you. If timing changes, reply here and I can pick it back up. I won’t keep chasing you.","Hi JC Relocation team — one quick follow-up on the private moving and relocation sample I attached. If you want me to finish the full $100 set, reply YES. If not, no worries and I won’t follow up again.

– Anastaysia","Hi — I made a private moving and relocation sample for JC Relocation, but the public email I tried bounced. What business email should I send the preview to?

– Anastaysia","Thanks — payment is confirmed. I’m building the JC Relocation package around before/after process content, service-selection guidance, and quote CTAs. I’ll send the finished files in this email thread when they’re ready.

– Anastaysia","Hi JC Relocation team — your finished $100 content package is ready. I’ve organized the posts, graphics, follow-up copy, review/message replies and CTAs so they’re easy to reuse. If you want a different service emphasized in a future set, reply here.

– Anastaysia",New,,,
V6,9,18,Michael Venosta Plumbing and Mechanical Inc.,"Gilroy, CA",Plumbing / HVAC,93,Prioritize first; timing is not guaranteed,kelly@michaelvenostaplumbing.com,,,https://www.cusdk8.org/fs/resource-manager/view/ce90e6dd-ad5b-4546-8e73-3f3e726a2b0a,2026-09-13,Accepted in the canonical seed gate from the current 2026 contractor source; public business email retained exactly as published.,plumbing / hvac,"The current contractor source lists Michael Venosta Plumbing and Mechanical Inc. in Gilroy, CA for Plumbing / HVAC; a concise capability and project-readiness content set can help prospective buyers understand what the business handles before an inquiry.","The current contractor source lists Michael Venosta Plumbing and Mechanical Inc. in Gilroy, CA for Plumbing / HVAC; a concise capability and project-readiness content set can help prospective buyers understand what the business handles before an inquiry. The $100 package is useful here because it turns those existing services into clear, reusable customer-facing content without requiring the business to write or design the pieces itself.",Made this plumbing / hvac preview for Michael Venosta Plumbing and Mechanical Inc.,"Hi Michael Venosta Plumbing and Mechanical Inc. team,

I came across your business and noticed the current contractor source lists Michael Venosta Plumbing and Mechanical Inc. in Gilroy, CA for Plumbing / HVAC; a concise capability and project-readiness content set can help prospective buyers understand what the business handles before an inquiry. I made the attached private preview specifically around that part of the business.

If you like the direction, the full package is $100 one time. It includes 10 ready-to-post business posts, custom graphics, customer follow-up messages, review/customer-message replies, stronger calls-to-action, and content organized around your real services. Everything is delivered ready to use; there’s no subscription or contract.

For Michael Venosta Plumbing and Mechanical Inc., I’d start with service explainers, project/repair education, and estimate or consultation CTAs.

You can choose whatever is easiest:
1. Reply YES and I’ll finish the $100 package.
2. Ask me anything first.
3. If you already know you want it, you can use the PayPal invoice here: https://www.paypal.com/invoice/p/#7T6DC9A6WFH3XXCT

If it isn’t useful, that’s completely fine — reply “no thanks” and I won’t follow up again.

Thanks,
Anastaysia",009-v6-michael-venosta-plumbing-and-mechanical-inc.jpg,009-v6-michael-venosta-plumbing-and-mechanical-inc.eml,"Absolutely — I can finish the full plumbing / hvac content package for Michael Venosta Plumbing and Mechanical Inc.. It’s $100 one time, with no subscription or contract. PayPal invoice: https://www.paypal.com/invoice/p/#7T6DC9A6WFH3XXCT

Once payment is confirmed, I’ll build the complete set around service explainers, project/repair education, and estimate or consultation CTAs unless you want me to prioritize something else.

– Anastaysia","It’s $100 total, one time — not per post and not monthly. You keep the 10 posts, custom graphics, customer follow-up messages, review/message replies and CTA copy.","The attached sample was made specifically for Michael Venosta Plumbing and Mechanical Inc. around plumbing / hvac. That is the direction I’d use for the finished set, and I’ll keep every piece tied to the actual services rather than generic filler.","I’d make the finished set around service explainers, project/repair education, and estimate or consultation CTAs. You receive the words + graphics ready to copy, post or reuse, so you do not have to design or write them yourself.","No problem. I’ll leave the sample with you. If timing changes, reply here and I can pick it back up. I won’t keep chasing you.","Hi Michael Venosta Plumbing and Mechanical Inc. team — one quick follow-up on the private plumbing / hvac sample I attached. If you want me to finish the full $100 set, reply YES. If not, no worries and I won’t follow up again.

– Anastaysia","Hi — I made a private plumbing / hvac sample for Michael Venosta Plumbing and Mechanical Inc., but the public email I tried bounced. What business email should I send the preview to?

– Anastaysia","Thanks — payment is confirmed. I’m building the Michael Venosta Plumbing and Mechanical Inc. package around service explainers, project/repair education, and estimate or consultation CTAs. I’ll send the finished files in this email thread when they’re ready.

– Anastaysia","Hi Michael Venosta Plumbing and Mechanical Inc. team — your finished $100 content package is ready. I’ve organized the posts, graphics, follow-up copy, review/message replies and CTAs so they’re easy to reuse. If you want a different service emphasized in a future set, reply here.

– Anastaysia",New,,,
V6,10,20,Preston Pipelines Infrastructure LLC,"Milpitas, CA",General Engineering / Fire Protection,93,Prioritize first; timing is not guaranteed,mcostanza@prestonpipelines.com,,,https://www.cusdk8.org/fs/resource-manager/view/ce90e6dd-ad5b-4546-8e73-3f3e726a2b0a,2026-09-13,Accepted in the canonical seed gate from the current 2026 contractor source; public business email retained exactly as published.,general engineering / fire protection,"The current contractor source lists Preston Pipelines Infrastructure LLC in Milpitas, CA for General Engineering / Fire Protection; a concise capability and project-readiness content set can help prospective buyers understand what the business handles before an inquiry.","The current contractor source lists Preston Pipelines Infrastructure LLC in Milpitas, CA for General Engineering / Fire Protection; a concise capability and project-readiness content set can help prospective buyers understand what the business handles before an inquiry. The $100 package is useful here because it turns those existing services into clear, reusable customer-facing content without requiring the business to write or design the pieces itself.",Made this general engineering / fire protection preview for Preston Pipelines Infrastructure LLC,"Hi Preston Pipelines Infrastructure LLC team,

I came across your business and noticed the current contractor source lists Preston Pipelines Infrastructure LLC in Milpitas, CA for General Engineering / Fire Protection; a concise capability and project-readiness content set can help prospective buyers understand what the business handles before an inquiry. I made the attached private preview specifically around that part of the business.

If you like the direction, the full package is $100 one time. It includes 10 ready-to-post business posts, custom graphics, customer follow-up messages, review/customer-message replies, stronger calls-to-action, and content organized around your real services. Everything is delivered ready to use; there’s no subscription or contract.

For Preston Pipelines Infrastructure LLC, I’d start with service explainers, project/repair education, and estimate or consultation CTAs.

You can choose whatever is easiest:
1. Reply YES and I’ll finish the $100 package.
2. Ask me anything first.
3. If you already know you want it, you can use the PayPal invoice here: https://www.paypal.com/invoice/p/#7T6DC9A6WFH3XXCT

If it isn’t useful, that’s completely fine — reply “no thanks” and I won’t follow up again.

Thanks,
Anastaysia",010-v6-preston-pipelines-infrastructure-llc.jpg,010-v6-preston-pipelines-infrastructure-llc.eml,"Absolutely — I can finish the full general engineering / fire protection content package for Preston Pipelines Infrastructure LLC. It’s $100 one time, with no subscription or contract. PayPal invoice: https://www.paypal.com/invoice/p/#7T6DC9A6WFH3XXCT

Once payment is confirmed, I’ll build the complete set around service explainers, project/repair education, and estimate or consultation CTAs unless you want me to prioritize something else.

– Anastaysia","It’s $100 total, one time — not per post and not monthly. You keep the 10 posts, custom graphics, customer follow-up messages, review/message replies and CTA copy.","The attached sample was made specifically for Preston Pipelines Infrastructure LLC around general engineering / fire protection. That is the direction I’d use for the finished set, and I’ll keep every piece tied to the actual services rather than generic filler.","I’d make the finished set around service explainers, project/repair education, and estimate or consultation CTAs. You receive the words + graphics ready to copy, post or reuse, so you do not have to design or write them yourself.","No problem. I’ll leave the sample with you. If timing changes, reply here and I can pick it back up. I won’t keep chasing you.","Hi Preston Pipelines Infrastructure LLC team — one quick follow-up on the private general engineering / fire protection sample I attached. If you want me to finish the full $100 set, reply YES. If not, no worries and I won’t follow up again.

– Anastaysia","Hi — I made a private general engineering / fire protection sample for Preston Pipelines Infrastructure LLC, but the public email I tried bounced. What business email should I send the preview to?

– Anastaysia","Thanks — payment is confirmed. I’m building the Preston Pipelines Infrastructure LLC package around service explainers, project/repair education, and estimate or consultation CTAs. I’ll send the finished files in this email thread when they’re ready.

– Anastaysia","Hi Preston Pipelines Infrastructure LLC team — your finished $100 content package is ready. I’ve organized the posts, graphics, follow-up copy, review/message replies and CTAs so they’re easy to reuse. If you want a different service emphasized in a future set, reply here.

– Anastaysia",New,,,
V6,11,22,PurpleFox Electrical,"Campbell, CA",Electrical,93,Prioritize first; timing is not guaranteed,mattia@purplefoxelectrical.com,,,https://www.cusdk8.org/fs/resource-manager/view/ce90e6dd-ad5b-4546-8e73-3f3e726a2b0a,2026-09-13,Accepted in the canonical seed gate from the current 2026 contractor source; public business email retained exactly as published.,electrical,"The current contractor source lists PurpleFox Electrical in Campbell, CA for Electrical; a concise capability and project-readiness content set can help prospective buyers understand what the business handles before an inquiry.","The current contractor source lists PurpleFox Electrical in Campbell, CA for Electrical; a concise capability and project-readiness content set can help prospective buyers understand what the business handles before an inquiry. The $100 package is useful here because it turns those existing services into clear, reusable customer-facing content without requiring the business to write or design the pieces itself.",Made this electrical preview for PurpleFox Electrical,"Hi PurpleFox Electrical team,

I came across your business and noticed the current contractor source lists PurpleFox Electrical in Campbell, CA for Electrical; a concise capability and project-readiness content set can help prospective buyers understand what the business handles before an inquiry. I made the attached private preview specifically around that part of the business.

If you like the direction, the full package is $100 one time. It includes 10 ready-to-post business posts, custom graphics, customer follow-up messages, review/customer-message replies, stronger calls-to-action, and content organized around your real services. Everything is delivered ready to use; there’s no subscription or contract.

For PurpleFox Electrical, I’d start with service explainers, project/repair education, and estimate or consultation CTAs.

You can choose whatever is easiest:
1. Reply YES and I’ll finish the $100 package.
2. Ask me anything first.
3. If you already know you want it, you can use the PayPal invoice here: https://www.paypal.com/invoice/p/#7T6DC9A6WFH3XXCT

If it isn’t useful, that’s completely fine — reply “no thanks” and I won’t follow up again.

Thanks,
Anastaysia",011-v6-purplefox-electrical.jpg,011-v6-purplefox-electrical.eml,"Absolutely — I can finish the full electrical content package for PurpleFox Electrical. It’s $100 one time, with no subscription or contract. PayPal invoice: https://www.paypal.com/invoice/p/#7T6DC9A6WFH3XXCT

Once payment is confirmed, I’ll build the complete set around service explainers, project/repair education, and estimate or consultation CTAs unless you want me to prioritize something else.

– Anastaysia","It’s $100 total, one time — not per post and not monthly. You keep the 10 posts, custom graphics, customer follow-up messages, review/message replies and CTA copy.","The attached sample was made specifically for PurpleFox Electrical around electrical. That is the direction I’d use for the finished set, and I’ll keep every piece tied to the actual services rather than generic filler.","I’d make the finished set around service explainers, project/repair education, and estimate or consultation CTAs. You receive the words + graphics ready to copy, post or reuse, so you do not have to design or write them yourself.","No problem. I’ll leave the sample with you. If timing changes, reply here and I can pick it back up. I won’t keep chasing you.","Hi PurpleFox Electrical team — one quick follow-up on the private electrical sample I attached. If you want me to finish the full $100 set, reply YES. If not, no worries and I won’t follow up again.

– Anastaysia","Hi — I made a private electrical sample for PurpleFox Electrical, but the public email I tried bounced. What business email should I send the preview to?

– Anastaysia","Thanks — payment is confirmed. I’m building the PurpleFox Electrical package around service explainers, project/repair education, and estimate or consultation CTAs. I’ll send the finished files in this email thread when they’re ready.

– Anastaysia","Hi PurpleFox Electrical team — your finished $100 content package is ready. I’ve organized the posts, graphics, follow-up copy, review/message replies and CTAs so they’re easy to reuse. If you want a different service emphasized in a future set, reply here.

– Anastaysia",New,,,
V6,12,24,Schaaf & Wheeler Consulting Civil Engineers,"Santa Clara, CA",Civil and water-resources engineering,93,Prioritize first; timing is not guaranteed,canderson@swsv.com,https://www.schaafandwheeler.com/,408-246-4848,https://www.schaafandwheeler.com/contact/,2026-09-16,Current owned site lists Santa Clara office and service portfolio; current/recent public agency records publish canderson@swsv.com.,civil and water-resources engineering,"The firm handles stormwater, water, wastewater, floodplain and restoration work; a capability map can help public/private project owners understand where the firm fits before an inquiry.","The firm handles stormwater, water, wastewater, floodplain and restoration work; a capability map can help public/private project owners understand where the firm fits before an inquiry. The $100 package is useful here because it turns those existing services into clear, reusable customer-facing content without requiring the business to write or design the pieces itself.",Made this civil and water-resources engineering preview for Schaaf & Wheeler Consulting Civil Engineers,"Hi Schaaf & Wheeler Consulting Civil Engineers team,

I came across your business and noticed the firm handles stormwater, water, wastewater, floodplain and restoration work; a capability map can help public/private project owners understand where the firm fits before an inquiry. I made the attached private preview specifically around that part of the business.

If you like the direction, the full package is $100 one time. It includes 10 ready-to-post business posts, custom graphics, customer follow-up messages, review/customer-message replies, stronger calls-to-action, and content organized around your real services. Everything is delivered ready to use; there’s no subscription or contract.

For Schaaf & Wheeler Consulting Civil Engineers, I’d start with service explainers, project/repair education, and estimate or consultation CTAs.

You can choose whatever is easiest:
1. Reply YES and I’ll finish the $100 package.
2. Ask me anything first.
3. If you already know you want it, you can use the PayPal invoice here: https://www.paypal.com/invoice/p/#7T6DC9A6WFH3XXCT

If it isn’t useful, that’s completely fine — reply “no thanks” and I won’t follow up again.

Thanks,
Anastaysia",012-v6-schaaf-wheeler-consulting-civil-engineers.jpg,012-v6-schaaf-wheeler-consulting-civil-engineers.eml,"Absolutely — I can finish the full civil and water-resources engineering content package for Schaaf & Wheeler Consulting Civil Engineers. It’s $100 one time, with no subscription or contract. PayPal invoice: https://www.paypal.com/invoice/p/#7T6DC9A6WFH3XXCT

Once payment is confirmed, I’ll build the complete set around service explainers, project/repair education, and estimate or consultation CTAs unless you want me to prioritize something else.

– Anastaysia","It’s $100 total, one time — not per post and not monthly. You keep the 10 posts, custom graphics, customer follow-up messages, review/message replies and CTA copy.","The attached sample was made specifically for Schaaf & Wheeler Consulting Civil Engineers around civil and water-resources engineering. That is the direction I’d use for the finished set, and I’ll keep every piece tied to the actual services rather than generic filler.","I’d make the finished set around service explainers, project/repair education, and estimate or consultation CTAs. You receive the words + graphics ready to copy, post or reuse, so you do not have to design or write them yourself.","No problem. I’ll leave the sample with you. If timing changes, reply here and I can pick it back up. I won’t keep chasing you.","Hi Schaaf & Wheeler Consulting Civil Engineers team — one quick follow-up on the private civil and water-resources engineering sample I attached. If you want me to finish the full $100 set, reply YES. If not, no worries and I won’t follow up again.

– Anastaysia","Hi — I made a private civil and water-resources engineering sample for Schaaf & Wheeler Consulting Civil Engineers, but the public email I tried bounced. What business email should I send the preview to?

– Anastaysia","Thanks — payment is confirmed. I’m building the Schaaf & Wheeler Consulting Civil Engineers package around service explainers, project/repair education, and estimate or consultation CTAs. I’ll send the finished files in this email thread when they’re ready.

– Anastaysia","Hi Schaaf & Wheeler Consulting Civil Engineers team — your finished $100 content package is ready. I’ve organized the posts, graphics, follow-up copy, review/message replies and CTAs so they’re easy to reuse. If you want a different service emphasized in a future set, reply here.

– Anastaysia",New,,,
V6,13,26,"WOLFE MECHANICAL, INC.","Campbell, CA",HVAC,93,Prioritize first; timing is not guaranteed,rebecca@wolfemechanical.com,,,https://www.cusdk8.org/fs/resource-manager/view/ce90e6dd-ad5b-4546-8e73-3f3e726a2b0a,2026-09-13,Accepted in the canonical seed gate from the current 2026 contractor source; public business email retained exactly as published.,hvac,"The current contractor source lists WOLFE MECHANICAL, INC. in Campbell, CA for HVAC; a concise capability and project-readiness content set can help prospective buyers understand what the business handles before an inquiry.","The current contractor source lists WOLFE MECHANICAL, INC. in Campbell, CA for HVAC; a concise capability and project-readiness content set can help prospective buyers understand what the business handles before an inquiry. The $100 package is useful here because it turns those existing services into clear, reusable customer-facing content without requiring the business to write or design the pieces itself.","Made this hvac preview for WOLFE MECHANICAL, INC.","Hi WOLFE MECHANICAL, INC. team,

I came across your business and noticed the current contractor source lists WOLFE MECHANICAL, INC. in Campbell, CA for HVAC; a concise capability and project-readiness content set can help prospective buyers understand what the business handles before an inquiry. I made the attached private preview specifically around that part of the business.

If you like the direction, the full package is $100 one time. It includes 10 ready-to-post business posts, custom graphics, customer follow-up messages, review/customer-message replies, stronger calls-to-action, and content organized around your real services. Everything is delivered ready to use; there’s no subscription or contract.

For WOLFE MECHANICAL, INC., I’d start with service explainers, project/repair education, and estimate or consultation CTAs.

You can choose whatever is easiest:
1. Reply YES and I’ll finish the $100 package.
2. Ask me anything first.
3. If you already know you want it, you can use the PayPal invoice here: https://www.paypal.com/invoice/p/#7T6DC9A6WFH3XXCT

If it isn’t useful, that’s completely fine — reply “no thanks” and I won’t follow up again.

Thanks,
Anastaysia",013-v6-wolfe-mechanical-inc.jpg,013-v6-wolfe-mechanical-inc.eml,"Absolutely — I can finish the full hvac content package for WOLFE MECHANICAL, INC.. It’s $100 one time, with no subscription or contract. PayPal invoice: https://www.paypal.com/invoice/p/#7T6DC9A6WFH3XXCT

Once payment is confirmed, I’ll build the complete set around service explainers, project/repair education, and estimate or consultation CTAs unless you want me to prioritize something else.

– Anastaysia","It’s $100 total, one time — not per post and not monthly. You keep the 10 posts, custom graphics, customer follow-up messages, review/message replies and CTA copy.","The attached sample was made specifically for WOLFE MECHANICAL, INC. around hvac. That is the direction I’d use for the finished set, and I’ll keep every piece tied to the actual services rather than generic filler.","I’d make the finished set around service explainers, project/repair education, and estimate or consultation CTAs. You receive the words + graphics ready to copy, post or reuse, so you do not have to design or write them yourself.","No problem. I’ll leave the sample with you. If timing changes, reply here and I can pick it back up. I won’t keep chasing you.","Hi WOLFE MECHANICAL, INC. team — one quick follow-up on the private hvac sample I attached. If you want me to finish the full $100 set, reply YES. If not, no worries and I won’t follow up again.

– Anastaysia","Hi — I made a private hvac sample for WOLFE MECHANICAL, INC., but the public email I tried bounced. What business email should I send the preview to?

– Anastaysia","Thanks — payment is confirmed. I’m building the WOLFE MECHANICAL, INC. package around service explainers, project/repair education, and estimate or consultation CTAs. I’ll send the finished files in this email thread when they’re ready.

– Anastaysia","Hi WOLFE MECHANICAL, INC. team — your finished $100 content package is ready. I’ve organized the posts, graphics, follow-up copy, review/message replies and CTAs so they’re easy to reuse. If you want a different service emphasized in a future set, reply here.

– Anastaysia",New,,,
V6,14,28,Club Auto Sport,"San Jose, CA",Event venue and automotive club,87,Priority-ranked; timing is not guaranteed,events@clubautosport.net,https://clubautosport.net/,408-428-0428,https://clubautosport.net/,2026-09-15,"Current owned site lists 521 Charcot Ave, San Jose and a current event-specific inbox.",event venue and automotive club,"Club Auto Sport publishes corporate and social event use cases; venue-layout, event-type and inquiry-prep content can support its booking path without centering unrelated memorabilia.","Club Auto Sport publishes corporate and social event use cases; venue-layout, event-type and inquiry-prep content can support its booking path without centering unrelated memorabilia. The $100 package is useful here because it turns those existing services into clear, reusable customer-facing content without requiring the business to write or design the pieces itself.",Made this event venue and automotive club preview for Club Auto Sport,"Hi Club Auto Sport team,

I came across your business and noticed club Auto Sport publishes corporate and social event use cases; venue-layout, event-type and inquiry-prep content can support its booking path without centering unrelated memorabilia. I made the attached private preview specifically around that part of the business.

If you like the direction, the full package is $100 one time. It includes 10 ready-to-post business posts, custom graphics, customer follow-up messages, review/customer-message replies, stronger calls-to-action, and content organized around your real services. Everything is delivered ready to use; there’s no subscription or contract.

For Club Auto Sport, I’d start with service comparisons, before/after project content, and estimate or booking CTAs.

You can choose whatever is easiest:
1. Reply YES and I’ll finish the $100 package.
2. Ask me anything first.
3. If you already know you want it, you can use the PayPal invoice here: https://www.paypal.com/invoice/p/#7T6DC9A6WFH3XXCT

If it isn’t useful, that’s completely fine — reply “no thanks” and I won’t follow up again.

Thanks,
Anastaysia",014-v6-club-auto-sport.jpg,014-v6-club-auto-sport.eml,"Absolutely — I can finish the full event venue and automotive club content package for Club Auto Sport. It’s $100 one time, with no subscription or contract. PayPal invoice: https://www.paypal.com/invoice/p/#7T6DC9A6WFH3XXCT

Once payment is confirmed, I’ll build the complete set around service comparisons, before/after project content, and estimate or booking CTAs unless you want me to prioritize something else.

– Anastaysia","It’s $100 total, one time — not per post and not monthly. You keep the 10 posts, custom graphics, customer follow-up messages, review/message replies and CTA copy.","The attached sample was made specifically for Club Auto Sport around event venue and automotive club. That is the direction I’d use for the finished set, and I’ll keep every piece tied to the actual services rather than generic filler.","I’d make the finished set around service comparisons, before/after project content, and estimate or booking CTAs. You receive the words + graphics ready to copy, post or reuse, so you do not have to design or write them yourself.","No problem. I’ll leave the sample with you. If timing changes, reply here and I can pick it back up. I won’t keep chasing you.","Hi Club Auto Sport team — one quick follow-up on the private event venue and automotive club sample I attached. If you want me to finish the full $100 set, reply YES. If not, no worries and I won’t follow up again.

– Anastaysia","Hi — I made a private event venue and automotive club sample for Club Auto Sport, but the public email I tried bounced. What business email should I send the preview to?

– Anastaysia","Thanks — payment is confirmed. I’m building the Club Auto Sport package around service comparisons, before/after project content, and estimate or booking CTAs. I’ll send the finished files in this email thread when they’re ready.

– Anastaysia","Hi Club Auto Sport team — your finished $100 content package is ready. I’ve organized the posts, graphics, follow-up copy, review/message replies and CTAs so they’re easy to reuse. If you want a different service emphasized in a future set, reply here.

– Anastaysia",New,,,
V6,15,30,Custom Innovations,"Morgan Hill, CA","Home automation, audio, lighting, networking and security",87,Priority-ranked; timing is not guaranteed,info@custom-innovations.com,https://custom-innovations.com/,408-239-6824,https://custom-innovations.com/,2026-09-15,"Current owned site/contact evidence identifies the Morgan Hill business and public info@ inbox; current service pages describe automation, audio, lighting, networking and security.","home automation, audio, lighting, networking and security","Custom Innovations presents several integrated residential technology paths; a service-selection and project-planning content pack can clarify how automation, networking, lighting and security fit together.","Custom Innovations presents several integrated residential technology paths; a service-selection and project-planning content pack can clarify how automation, networking, lighting and security fit together. The $100 package is useful here because it turns those existing services into clear, reusable customer-facing content without requiring the business to write or design the pieces itself.","Made this home automation, audio, lighting, networking and security preview for Custom Innovations","Hi Custom Innovations team,

I came across your business and noticed custom Innovations presents several integrated residential technology paths; a service-selection and project-planning content pack can clarify how automation, networking, lighting and security fit together. I made the attached private preview specifically around that part of the business.

If you like the direction, the full package is $100 one time. It includes 10 ready-to-post business posts, custom graphics, customer follow-up messages, review/customer-message replies, stronger calls-to-action, and content organized around your real services. Everything is delivered ready to use; there’s no subscription or contract.

For Custom Innovations, I’d start with service comparisons, before/after project content, and estimate or booking CTAs.

You can choose whatever is easiest:
1. Reply YES and I’ll finish the $100 package.
2. Ask me anything first.
3. If you already know you want it, you can use the PayPal invoice here: https://www.paypal.com/invoice/p/#7T6DC9A6WFH3XXCT

If it isn’t useful, that’s completely fine — reply “no thanks” and I won’t follow up again.

Thanks,
Anastaysia",015-v6-custom-innovations.jpg,015-v6-custom-innovations.eml,"Absolutely — I can finish the full home automation, audio, lighting, networking and security content package for Custom Innovations. It’s $100 one time, with no subscription or contract. PayPal invoice: https://www.paypal.com/invoice/p/#7T6DC9A6WFH3XXCT

Once payment is confirmed, I’ll build the complete set around service comparisons, before/after project content, and estimate or booking CTAs unless you want me to prioritize something else.

– Anastaysia","It’s $100 total, one time — not per post and not monthly. You keep the 10 posts, custom graphics, customer follow-up messages, review/message replies and CTA copy.","The attached sample was made specifically for Custom Innovations around home automation, audio, lighting, networking and security. That is the direction I’d use for the finished set, and I’ll keep every piece tied to the actual services rather than generic filler.","I’d make the finished set around service comparisons, before/after project content, and estimate or booking CTAs. You receive the words + graphics ready to copy, post or reuse, so you do not have to design or write them yourself.","No problem. I’ll leave the sample with you. If timing changes, reply here and I can pick it back up. I won’t keep chasing you.","Hi Custom Innovations team — one quick follow-up on the private home automation, audio, lighting, networking and security sample I attached. If you want me to finish the full $100 set, reply YES. If not, no worries and I won’t follow up again.

– Anastaysia","Hi — I made a private home automation, audio, lighting, networking and security sample for Custom Innovations, but the public email I tried bounced. What business email should I send the preview to?

– Anastaysia","Thanks — payment is confirmed. I’m building the Custom Innovations package around service comparisons, before/after project content, and estimate or booking CTAs. I’ll send the finished files in this email thread when they’re ready.

– Anastaysia","Hi Custom Innovations team — your finished $100 content package is ready. I’ve organized the posts, graphics, follow-up copy, review/message replies and CTAs so they’re easy to reuse. If you want a different service emphasized in a future set, reply here.

– Anastaysia",New,,,
V6,16,32,Design Loft Company,"Palo Alto, CA",Interior design and remodeling,87,Priority-ranked; timing is not guaranteed,info@designloftcompany.com,https://designloftcompany.com/,650-938-8885,https://designloftcompany.com/,2026-09-15,"Current owned site identifies the Palo Alto business, public contact route and design/remodel service mix.",interior design and remodeling,"Design Loft combines design and remodeling services, creating a useful project-type and process-education angle for homeowners deciding where to start.","Design Loft combines design and remodeling services, creating a useful project-type and process-education angle for homeowners deciding where to start. The $100 package is useful here because it turns those existing services into clear, reusable customer-facing content without requiring the business to write or design the pieces itself.",Made this interior design and remodeling preview for Design Loft Company,"Hi Design Loft Company team,

I came across your business and noticed design Loft combines design and remodeling services, creating a useful project-type and process-education angle for homeowners deciding where to start. I made the attached private preview specifically around that part of the business.

If you like the direction, the full package is $100 one time. It includes 10 ready-to-post business posts, custom graphics, customer follow-up messages, review/customer-message replies, stronger calls-to-action, and content organized around your real services. Everything is delivered ready to use; there’s no subscription or contract.

For Design Loft Company, I’d start with before/after process content, service-selection guidance, and quote CTAs.

You can choose whatever is easiest:
1. Reply YES and I’ll finish the $100 package.
2. Ask me anything first.
3. If you already know you want it, you can use the PayPal invoice here: https://www.paypal.com/invoice/p/#7T6DC9A6WFH3XXCT

If it isn’t useful, that’s completely fine — reply “no thanks” and I won’t follow up again.

Thanks,
Anastaysia",016-v6-design-loft-company.jpg,016-v6-design-loft-company.eml,"Absolutely — I can finish the full interior design and remodeling content package for Design Loft Company. It’s $100 one time, with no subscription or contract. PayPal invoice: https://www.paypal.com/invoice/p/#7T6DC9A6WFH3XXCT

Once payment is confirmed, I’ll build the complete set around before/after process content, service-selection guidance, and quote CTAs unless you want me to prioritize something else.

– Anastaysia","It’s $100 total, one time — not per post and not monthly. You keep the 10 posts, custom graphics, customer follow-up messages, review/message replies and CTA copy.","The attached sample was made specifically for Design Loft Company around interior design and remodeling. That is the direction I’d use for the finished set, and I’ll keep every piece tied to the actual services rather than generic filler.","I’d make the finished set around before/after process content, service-selection guidance, and quote CTAs. You receive the words + graphics ready to copy, post or reuse, so you do not have to design or write them yourself.","No problem. I’ll leave the sample with you. If timing changes, reply here and I can pick it back up. I won’t keep chasing you.","Hi Design Loft Company team — one quick follow-up on the private interior design and remodeling sample I attached. If you want me to finish the full $100 set, reply YES. If not, no worries and I won’t follow up again.

– Anastaysia","Hi — I made a private interior design and remodeling sample for Design Loft Company, but the public email I tried bounced. What business email should I send the preview to?

– Anastaysia","Thanks — payment is confirmed. I’m building the Design Loft Company package around before/after process content, service-selection guidance, and quote CTAs. I’ll send the finished files in this email thread when they’re ready.

– Anastaysia","Hi Design Loft Company team — your finished $100 content package is ready. I’ve organized the posts, graphics, follow-up copy, review/message replies and CTAs so they’re easy to reuse. If you want a different service emphasized in a future set, reply here.

– Anastaysia",New,,,
V6,17,34,Elcor Electric Inc.,"Santa Clara, CA",Electrical contracting,87,Priority-ranked; timing is not guaranteed,info@elcorelectric.com,https://elcorelectric.com/,408-986-1320,https://elcorelectric.com/contact-us/,2026-09-13,"Official contact page lists info@elcorelectric.com and 3310 Bassett Street, Santa Clara; current 2026 school-district prequalification results also list the firm as an approved C-10 contractor.",electrical contracting,Elcor presents itself as a Bay Area electrical contractor with a Santa Clara office and direct inquiry channel; a project-capability/when-to-call explainer could make complex electrical services easier for buyers to understand.,"Elcor presents itself as a Bay Area electrical contractor with a Santa Clara office and direct inquiry channel; a project-capability/when-to-call explainer could make complex electrical services easier for buyers to understand. The $100 package is useful here because it turns those existing services into clear, reusable customer-facing content without requiring the business to write or design the pieces itself.",Made this electrical contracting preview for Elcor Electric Inc.,"Hi Elcor Electric Inc. team,

I came across your business and noticed elcor presents itself as a Bay Area electrical contractor with a Santa Clara office and direct inquiry channel; a project-capability/when-to-call explainer could make complex electrical services easier for buyers to understand. I made the attached private preview specifically around that part of the business.

If you like the direction, the full package is $100 one time. It includes 10 ready-to-post business posts, custom graphics, customer follow-up messages, review/customer-message replies, stronger calls-to-action, and content organized around your real services. Everything is delivered ready to use; there’s no subscription or contract.

For Elcor Electric Inc., I’d start with service explainers, project/repair education, and estimate or consultation CTAs.

You can choose whatever is easiest:
1. Reply YES and I’ll finish the $100 package.
2. Ask me anything first.
3. If you already know you want it, you can use the PayPal invoice here: https://www.paypal.com/invoice/p/#7T6DC9A6WFH3XXCT

If it isn’t useful, that’s completely fine — reply “no thanks” and I won’t follow up again.

Thanks,
Anastaysia",017-v6-elcor-electric-inc.jpg,017-v6-elcor-electric-inc.eml,"Absolutely — I can finish the full electrical contracting content package for Elcor Electric Inc.. It’s $100 one time, with no subscription or contract. PayPal invoice: https://www.paypal.com/invoice/p/#7T6DC9A6WFH3XXCT

Once payment is confirmed, I’ll build the complete set around service explainers, project/repair education, and estimate or consultation CTAs unless you want me to prioritize something else.

– Anastaysia","It’s $100 total, one time — not per post and not monthly. You keep the 10 posts, custom graphics, customer follow-up messages, review/message replies and CTA copy.","The attached sample was made specifically for Elcor Electric Inc. around electrical contracting. That is the direction I’d use for the finished set, and I’ll keep every piece tied to the actual services rather than generic filler.","I’d make the finished set around service explainers, project/repair education, and estimate or consultation CTAs. You receive the words + graphics ready to copy, post or reuse, so you do not have to design or write them yourself.","No problem. I’ll leave the sample with you. If timing changes, reply here and I can pick it back up. I won’t keep chasing you.","Hi Elcor Electric Inc. team — one quick follow-up on the private electrical contracting sample I attached. If you want me to finish the full $100 set, reply YES. If not, no worries and I won’t follow up again.

– Anastaysia","Hi — I made a private electrical contracting sample for Elcor Electric Inc., but the public email I tried bounced. What business email should I send the preview to?

– Anastaysia","Thanks — payment is confirmed. I’m building the Elcor Electric Inc. package around service explainers, project/repair education, and estimate or consultation CTAs. I’ll send the finished files in this email thread when they’re ready.

– Anastaysia","Hi Elcor Electric Inc. team — your finished $100 content package is ready. I’ve organized the posts, graphics, follow-up copy, review/message replies and CTAs so they’re easy to reuse. If you want a different service emphasized in a future set, reply here.

– Anastaysia",New,,,
V6,18,36,GB Landscape Services,"Gilroy, CA",Residential and commercial landscape construction,87,Priority-ranked; timing is not guaranteed,info@gblandscapes.net,https://www.gblandscapes.net/,408-847-0900,https://www.gblandscapes.net/,2026-09-16,"Current owned site publishes 5950 Rossi Ln, Gilroy, info@GBLandscapes.net and active South Bay services.",residential and commercial landscape construction,"GB combines residential/commercial landscaping, water management, hardscape and value engineering; project-type and planning content can clarify which service path fits.","GB combines residential/commercial landscaping, water management, hardscape and value engineering; project-type and planning content can clarify which service path fits. The $100 package is useful here because it turns those existing services into clear, reusable customer-facing content without requiring the business to write or design the pieces itself.",Made this residential and commercial landscape construction preview for GB Landscape Services,"Hi GB Landscape Services team,

I came across your business and noticed gB combines residential/commercial landscaping, water management, hardscape and value engineering; project-type and planning content can clarify which service path fits. I made the attached private preview specifically around that part of the business.

If you like the direction, the full package is $100 one time. It includes 10 ready-to-post business posts, custom graphics, customer follow-up messages, review/customer-message replies, stronger calls-to-action, and content organized around your real services. Everything is delivered ready to use; there’s no subscription or contract.

For GB Landscape Services, I’d start with service explainers, project/repair education, and estimate or consultation CTAs.

You can choose whatever is easiest:
1. Reply YES and I’ll finish the $100 package.
2. Ask me anything first.
3. If you already know you want it, you can use the PayPal invoice here: https://www.paypal.com/invoice/p/#7T6DC9A6WFH3XXCT

If it isn’t useful, that’s completely fine — reply “no thanks” and I won’t follow up again.

Thanks,
Anastaysia",018-v6-gb-landscape-services.jpg,018-v6-gb-landscape-services.eml,"Absolutely — I can finish the full residential and commercial landscape construction content package for GB Landscape Services. It’s $100 one time, with no subscription or contract. PayPal invoice: https://www.paypal.com/invoice/p/#7T6DC9A6WFH3XXCT

Once payment is confirmed, I’ll build the complete set around service explainers, project/repair education, and estimate or consultation CTAs unless you want me to prioritize something else.

– Anastaysia","It’s $100 total, one time — not per post and not monthly. You keep the 10 posts, custom graphics, customer follow-up messages, review/message replies and CTA copy.","The attached sample was made specifically for GB Landscape Services around residential and commercial landscape construction. That is the direction I’d use for the finished set, and I’ll keep every piece tied to the actual services rather than generic filler.","I’d make the finished set around service explainers, project/repair education, and estimate or consultation CTAs. You receive the words + graphics ready to copy, post or reuse, so you do not have to design or write them yourself.","No problem. I’ll leave the sample with you. If timing changes, reply here and I can pick it back up. I won’t keep chasing you.","Hi GB Landscape Services team — one quick follow-up on the private residential and commercial landscape construction sample I attached. If you want me to finish the full $100 set, reply YES. If not, no worries and I won’t follow up again.

– Anastaysia","Hi — I made a private residential and commercial landscape construction sample for GB Landscape Services, but the public email I tried bounced. What business email should I send the preview to?

– Anastaysia","Thanks — payment is confirmed. I’m building the GB Landscape Services package around service explainers, project/repair education, and estimate or consultation CTAs. I’ll send the finished files in this email thread when they’re ready.

– Anastaysia","Hi GB Landscape Services team — your finished $100 content package is ready. I’ve organized the posts, graphics, follow-up copy, review/message replies and CTAs so they’re easy to reuse. If you want a different service emphasized in a future set, reply here.

– Anastaysia",New,,,
V6,19,38,Harrell Design + Build,"Palo Alto / Mountain View, CA",Residential design and remodeling,87,Priority-ranked; timing is not guaranteed,info@harrell-remodeling.com,https://www.harrelldesignbuild.com/,650-230-2900,https://www.harrelldesignbuild.com/palo-alto-remodeling/,2026-09-15,,residential design and remodeling,"Harrell publishes a full design-build remodeling process; project-type, planning and consultation content can help homeowners understand.","Harrell publishes a full design-build remodeling process; project-type, planning and consultation content can help homeowners understand. The $100 package is useful here because it turns those existing services into clear, reusable customer-facing content without requiring the business to write or design the pieces itself.",Made this residential design and remodeling preview for Harrell Design + Build,"Hi Harrell Design + Build team,

I came across your business and noticed harrell publishes a full design-build remodeling process; project-type, planning and consultation content can help homeowners understand. I made the attached private preview specifically around that part of the business.

If you like the direction, the full package is $100 one time. It includes 10 ready-to-post business posts, custom graphics, customer follow-up messages, review/customer-message replies, stronger calls-to-action, and content organized around your real services. Everything is delivered ready to use; there’s no subscription or contract.

For Harrell Design + Build, I’d start with service highlights, FAQ-style education, and a clear next-step CTA.

You can choose whatever is easiest:
1. Reply YES and I’ll finish the $100 package.
2. Ask me anything first.
3. If you already know you want it, you can use the PayPal invoice here: https://www.paypal.com/invoice/p/#7T6DC9A6WFH3XXCT

If it isn’t useful, that’s completely fine — reply “no thanks” and I won’t follow up again.

Thanks,
Anastaysia",019-v6-harrell-design-build.jpg,019-v6-harrell-design-build.eml,"Absolutely — I can finish the full residential design and remodeling content package for Harrell Design + Build. It’s $100 one time, with no subscription or contract. PayPal invoice: https://www.paypal.com/invoice/p/#7T6DC9A6WFH3XXCT

Once payment is confirmed, I’ll build the complete set around service highlights, FAQ-style education, and a clear next-step CTA unless you want me to prioritize something else.

– Anastaysia","It’s $100 total, one time — not per post and not monthly. You keep the 10 posts, custom graphics, customer follow-up messages, review/message replies and CTA copy.","The attached sample was made specifically for Harrell Design + Build around residential design and remodeling. That is the direction I’d use for the finished set, and I’ll keep every piece tied to the actual services rather than generic filler.","I’d make the finished set around service highlights, FAQ-style education, and a clear next-step CTA. You receive the words + graphics ready to copy, post or reuse, so you do not have to design or write them yourself.","No problem. I’ll leave the sample with you. If timing changes, reply here and I can pick it back up. I won’t keep chasing you.","Hi Harrell Design + Build team — one quick follow-up on the private residential design and remodeling sample I attached. If you want me to finish the full $100 set, reply YES. If not, no worries and I won’t follow up again.

– Anastaysia","Hi — I made a private residential design and remodeling sample for Harrell Design + Build, but the public email I tried bounced. What business email should I send the preview to?

– Anastaysia","Thanks — payment is confirmed. I’m building the Harrell Design + Build package around service highlights, FAQ-style education, and a clear next-step CTA. I’ll send the finished files in this email thread when they’re ready.

– Anastaysia","Hi Harrell Design + Build team — your finished $100 content package is ready. I’ve organized the posts, graphics, follow-up copy, review/message replies and CTAs so they’re easy to reuse. If you want a different service emphasized in a future set, reply here.

– Anastaysia",New,,,
V6,20,40,J Romero Bros Construction dba J Romero Bros Concrete Construction,"San Jose, CA",Concrete,87,Priority-ranked; timing is not guaranteed,admin@jromerobros.com,,,https://www.cusdk8.org/fs/resource-manager/view/ce90e6dd-ad5b-4546-8e73-3f3e726a2b0a,2026-09-13,Accepted in the canonical seed gate from the current 2026 contractor source; public business email retained exactly as published.,concrete,"The current contractor source lists J Romero Bros Construction dba J Romero Bros Concrete Construction in San Jose, CA for Concrete; a concise capability and project-readiness content set can help prospective buyers understand what the business handles before an inquiry.","The current contractor source lists J Romero Bros Construction dba J Romero Bros Concrete Construction in San Jose, CA for Concrete; a concise capability and project-readiness content set can help prospective buyers understand what the business handles before an inquiry. The $100 package is useful here because it turns those existing services into clear, reusable customer-facing content without requiring the business to write or design the pieces itself.",Made this concrete preview for J Romero Bros Construction dba J Romero Bros Concrete Construction,"Hi J Romero Bros Construction dba J Romero Bros Concrete Construction team,

I came across your business and noticed the current contractor source lists J Romero Bros Construction dba J Romero Bros Concrete Construction in San Jose, CA for Concrete; a concise capability and project-readiness content set can help prospective buyers understand what the business handles before an inquiry. I made the attached private preview specifically around that part of the business.

If you like the direction, the full package is $100 one time. It includes 10 ready-to-post business posts, custom graphics, customer follow-up messages, review/customer-message replies, stronger calls-to-action, and content organized around your real services. Everything is delivered ready to use; there’s no subscription or contract.

For J Romero Bros Construction dba J Romero Bros Concrete Construction, I’d start with service explainers, project/repair education, and estimate or consultation CTAs.

You can choose whatever is easiest:
1. Reply YES and I’ll finish the $100 package.
2. Ask me anything first.
3. If you already know you want it, you can use the PayPal invoice here: https://www.paypal.com/invoice/p/#7T6DC9A6WFH3XXCT

If it isn’t useful, that’s completely fine — reply “no thanks” and I won’t follow up again.

Thanks,
Anastaysia",020-v6-j-romero-bros-construction-dba-j-romero-bros-concrete-constructi.jpg,020-v6-j-romero-bros-construction-dba-j-romero-bros-concrete-constructi.eml,"Absolutely — I can finish the full concrete content package for J Romero Bros Construction dba J Romero Bros Concrete Construction. It’s $100 one time, with no subscription or contract. PayPal invoice: https://www.paypal.com/invoice/p/#7T6DC9A6WFH3XXCT

Once payment is confirmed, I’ll build the complete set around service explainers, project/repair education, and estimate or consultation CTAs unless you want me to prioritize something else.

– Anastaysia","It’s $100 total, one time — not per post and not monthly. You keep the 10 posts, custom graphics, customer follow-up messages, review/message replies and CTA copy.","The attached sample was made specifically for J Romero Bros Construction dba J Romero Bros Concrete Construction around concrete. That is the direction I’d use for the finished set, and I’ll keep every piece tied to the actual services rather than generic filler.","I’d make the finished set around service explainers, project/repair education, and estimate or consultation CTAs. You receive the words + graphics ready to copy, post or reuse, so you do not have to design or write them yourself.","No problem. I’ll leave the sample with you. If timing changes, reply here and I can pick it back up. I won’t keep chasing you.","Hi J Romero Bros Construction dba J Romero Bros Concrete Construction team — one quick follow-up on the private concrete sample I attached. If you want me to finish the full $100 set, reply YES. If not, no worries and I won’t follow up again.

– Anastaysia","Hi — I made a private concrete sample for J Romero Bros Construction dba J Romero Bros Concrete Construction, but the public email I tried bounced. What business email should I send the preview to?

– Anastaysia","Thanks — payment is confirmed. I’m building the J Romero Bros Construction dba J Romero Bros Concrete Construction package around service explainers, project/repair education, and estimate or consultation CTAs. I’ll send the finished files in this email thread when they’re ready.

– Anastaysia","Hi J Romero Bros Construction dba J Romero Bros Concrete Construction team — your finished $100 content package is ready. I’ve organized the posts, graphics, follow-up copy, review/message replies and CTAs so they’re easy to reuse. If you want a different service emphasized in a future set, reply here.

– Anastaysia",New,,,
V6,21,42,K & D Landscaping Inc.,"Gilroy / Santa Clara County service area, CA","Landscape design, installation and maintenance",87,Priority-ranked; timing is not guaranteed,info@kndlandscaping.com,https://kndlandscaping.com/,831-728-4018,https://kndlandscaping.com/landscaping-services-in-gilroy/,2026-09-16,Current owned site explicitly states it serves Gilroy and Santa Clara County and publishes info@kndlandscaping.com.,"landscape design, installation and maintenance","K&D explicitly markets landscape design, residential/commercial installation, maintenance, irrigation and weed-abatement services to Gilroy and Santa Clara County; service-selector content can simplify project inquiries.","K&D explicitly markets landscape design, residential/commercial installation, maintenance, irrigation and weed-abatement services to Gilroy and Santa Clara County; service-selector content can simplify project inquiries. The $100 package is useful here because it turns those existing services into clear, reusable customer-facing content without requiring the business to write or design the pieces itself.","Made this landscape design, installation and maintenance preview for K & D Landscaping Inc.","Hi K & D Landscaping Inc. team,

I came across your business and noticed k&D explicitly markets landscape design, residential/commercial installation, maintenance, irrigation and weed-abatement services to Gilroy and Santa Clara County; service-selector content can simplify project inquiries. I made the attached private preview specifically around that part of the business.

If you like the direction, the full package is $100 one time. It includes 10 ready-to-post business posts, custom graphics, customer follow-up messages, review/customer-message replies, stronger calls-to-action, and content organized around your real services. Everything is delivered ready to use; there’s no subscription or contract.

For K & D Landscaping Inc., I’d start with before/after process content, service-selection guidance, and quote CTAs.

You can choose whatever is easiest:
1. Reply YES and I’ll finish the $100 package.
2. Ask me anything first.
3. If you already know you want it, you can use the PayPal invoice here: https://www.paypal.com/invoice/p/#7T6DC9A6WFH3XXCT

If it isn’t useful, that’s completely fine — reply “no thanks” and I won’t follow up again.

Thanks,
Anastaysia",021-v6-k-d-landscaping-inc.jpg,021-v6-k-d-landscaping-inc.eml,"Absolutely — I can finish the full landscape design, installation and maintenance content package for K & D Landscaping Inc.. It’s $100 one time, with no subscription or contract. PayPal invoice: https://www.paypal.com/invoice/p/#7T6DC9A6WFH3XXCT

Once payment is confirmed, I’ll build the complete set around before/after process content, service-selection guidance, and quote CTAs unless you want me to prioritize something else.

– Anastaysia","It’s $100 total, one time — not per post and not monthly. You keep the 10 posts, custom graphics, customer follow-up messages, review/message replies and CTA copy.","The attached sample was made specifically for K & D Landscaping Inc. around landscape design, installation and maintenance. That is the direction I’d use for the finished set, and I’ll keep every piece tied to the actual services rather than generic filler.","I’d make the finished set around before/after process content, service-selection guidance, and quote CTAs. You receive the words + graphics ready to copy, post or reuse, so you do not have to design or write them yourself.","No problem. I’ll leave the sample with you. If timing changes, reply here and I can pick it back up. I won’t keep chasing you.","Hi K & D Landscaping Inc. team — one quick follow-up on the private landscape design, installation and maintenance sample I attached. If you want me to finish the full $100 set, reply YES. If not, no worries and I won’t follow up again.

– Anastaysia","Hi — I made a private landscape design, installation and maintenance sample for K & D Landscaping Inc., but the public email I tried bounced. What business email should I send the preview to?

– Anastaysia","Thanks — payment is confirmed. I’m building the K & D Landscaping Inc. package around before/after process content, service-selection guidance, and quote CTAs. I’ll send the finished files in this email thread when they’re ready.

– Anastaysia","Hi K & D Landscaping Inc. team — your finished $100 content package is ready. I’ve organized the posts, graphics, follow-up copy, review/message replies and CTAs so they’re easy to reuse. If you want a different service emphasized in a future set, reply here.

– Anastaysia",New,,,
V6,22,44,LWG Construction,"Morgan Hill, CA",Commercial construction,87,Priority-ranked; timing is not guaranteed,info@lwginc.net,https://lwginc.net/,408-463-6676,https://lwginc.net/contact/,2026-09-13,"Current official contact page lists the Morgan Hill address, CA license, phone and info@lwginc.net.",commercial construction,"LWG invites prospective clients to discuss launching new projects and emphasizes project work and building spaces; project-type, process and portfolio content can make that buying conversation easier to enter.","LWG invites prospective clients to discuss launching new projects and emphasizes project work and building spaces; project-type, process and portfolio content can make that buying conversation easier to enter. The $100 package is useful here because it turns those existing services into clear, reusable customer-facing content without requiring the business to write or design the pieces itself.",Made this commercial construction preview for LWG Construction,"Hi LWG Construction team,

I came across your business and noticed lWG invites prospective clients to discuss launching new projects and emphasizes project work and building spaces; project-type, process and portfolio content can make that buying conversation easier to enter. I made the attached private preview specifically around that part of the business.

If you like the direction, the full package is $100 one time. It includes 10 ready-to-post business posts, custom graphics, customer follow-up messages, review/customer-message replies, stronger calls-to-action, and content organized around your real services. Everything is delivered ready to use; there’s no subscription or contract.

For LWG Construction, I’d start with service explainers, project/repair education, and estimate or consultation CTAs.

You can choose whatever is easiest:
1. Reply YES and I’ll finish the $100 package.
2. Ask me anything first.
3. If you already know you want it, you can use the PayPal invoice here: https://www.paypal.com/invoice/p/#7T6DC9A6WFH3XXCT

If it isn’t useful, that’s completely fine — reply “no thanks” and I won’t follow up again.

Thanks,
Anastaysia",022-v6-lwg-construction.jpg,022-v6-lwg-construction.eml,"Absolutely — I can finish the full commercial construction content package for LWG Construction. It’s $100 one time, with no subscription or contract. PayPal invoice: https://www.paypal.com/invoice/p/#7T6DC9A6WFH3XXCT

Once payment is confirmed, I’ll build the complete set around service explainers, project/repair education, and estimate or consultation CTAs unless you want me to prioritize something else.

– Anastaysia","It’s $100 total, one time — not per post and not monthly. You keep the 10 posts, custom graphics, customer follow-up messages, review/message replies and CTA copy.","The attached sample was made specifically for LWG Construction around commercial construction. That is the direction I’d use for the finished set, and I’ll keep every piece tied to the actual services rather than generic filler.","I’d make the finished set around service explainers, project/repair education, and estimate or consultation CTAs. You receive the words + graphics ready to copy, post or reuse, so you do not have to design or write them yourself.","No problem. I’ll leave the sample with you. If timing changes, reply here and I can pick it back up. I won’t keep chasing you.","Hi LWG Construction team — one quick follow-up on the private commercial construction sample I attached. If you want me to finish the full $100 set, reply YES. If not, no worries and I won’t follow up again.

– Anastaysia","Hi — I made a private commercial construction sample for LWG Construction, but the public email I tried bounced. What business email should I send the preview to?

– Anastaysia","Thanks — payment is confirmed. I’m building the LWG Construction package around service explainers, project/repair education, and estimate or consultation CTAs. I’ll send the finished files in this email thread when they’re ready.

– Anastaysia","Hi LWG Construction team — your finished $100 content package is ready. I’ve organized the posts, graphics, follow-up copy, review/message replies and CTAs so they’re easy to reuse. If you want a different service emphasized in a future set, reply here.

– Anastaysia",New,,,
V6,23,46,MG Constructors & Engineers Inc.,"Morgan Hill, CA","Engineering, structural inspection and construction",87,Priority-ranked; timing is not guaranteed,info@mgconstructors.net,https://www.mgconstructors.net/,408-842-5599,https://www.mgconstructors.net/,2026-09-13,"Current owned site lists Morgan Hill address, public email/phone, license and active engineering/construction services.","engineering, structural inspection and construction","MG combines civil/structural engineering with residential, commercial and industrial construction; capability and project-type explainers could make its broad technical scope easier for property owners and project partners to understand.","MG combines civil/structural engineering with residential, commercial and industrial construction; capability and project-type explainers could make its broad technical scope easier for property owners and project partners to understand. The $100 package is useful here because it turns those existing services into clear, reusable customer-facing content without requiring the business to write or design the pieces itself.","Made this engineering, structural inspection and construction preview for MG Constructors & Engineers Inc.","Hi MG Constructors & Engineers Inc. team,

I came across your business and noticed mG combines civil/structural engineering with residential, commercial and industrial construction; capability and project-type explainers could make its broad technical scope easier for property owners and project partners to understand. I made the attached private preview specifically around that part of the business.

If you like the direction, the full package is $100 one time. It includes 10 ready-to-post business posts, custom graphics, customer follow-up messages, review/customer-message replies, stronger calls-to-action, and content organized around your real services. Everything is delivered ready to use; there’s no subscription or contract.

For MG Constructors & Engineers Inc., I’d start with service explainers, project/repair education, and estimate or consultation CTAs.

You can choose whatever is easiest:
1. Reply YES and I’ll finish the $100 package.
2. Ask me anything first.
3. If you already know you want it, you can use the PayPal invoice here: https://www.paypal.com/invoice/p/#7T6DC9A6WFH3XXCT

If it isn’t useful, that’s completely fine — reply “no thanks” and I won’t follow up again.

Thanks,
Anastaysia",023-v6-mg-constructors-engineers-inc.jpg,023-v6-mg-constructors-engineers-inc.eml,"Absolutely — I can finish the full engineering, structural inspection and construction content package for MG Constructors & Engineers Inc.. It’s $100 one time, with no subscription or contract. PayPal invoice: https://www.paypal.com/invoice/p/#7T6DC9A6WFH3XXCT

Once payment is confirmed, I’ll build the complete set around service explainers, project/repair education, and estimate or consultation CTAs unless you want me to prioritize something else.

– Anastaysia","It’s $100 total, one time — not per post and not monthly. You keep the 10 posts, custom graphics, customer follow-up messages, review/message replies and CTA copy.","The attached sample was made specifically for MG Constructors & Engineers Inc. around engineering, structural inspection and construction. That is the direction I’d use for the finished set, and I’ll keep every piece tied to the actual services rather than generic filler.","I’d make the finished set around service explainers, project/repair education, and estimate or consultation CTAs. You receive the words + graphics ready to copy, post or reuse, so you do not have to design or write them yourself.","No problem. I’ll leave the sample with you. If timing changes, reply here and I can pick it back up. I won’t keep chasing you.","Hi MG Constructors & Engineers Inc. team — one quick follow-up on the private engineering, structural inspection and construction sample I attached. If you want me to finish the full $100 set, reply YES. If not, no worries and I won’t follow up again.

– Anastaysia","Hi — I made a private engineering, structural inspection and construction sample for MG Constructors & Engineers Inc., but the public email I tried bounced. What business email should I send the preview to?

– Anastaysia","Thanks — payment is confirmed. I’m building the MG Constructors & Engineers Inc. package around service explainers, project/repair education, and estimate or consultation CTAs. I’ll send the finished files in this email thread when they’re ready.

– Anastaysia","Hi MG Constructors & Engineers Inc. team — your finished $100 content package is ready. I’ve organized the posts, graphics, follow-up copy, review/message replies and CTAs so they’re easy to reuse. If you want a different service emphasized in a future set, reply here.

– Anastaysia",New,,,
V6,24,48,Nevarez Moving Company,"Campbell / Santa Clara County, CA","Moving, packing, storage, cleaning and junk removal",87,Priority-ranked; timing is not guaranteed,info@nevarezmovingco.com,https://www.nevarezmovingco.com/,408-859-1106,https://www.nevarezmovingco.com/services/cleaning,2026-09-13,"Current owned service page publishes info@nevarezmovingco.com, 408-859-1106 and active cleaning, storage, hauling and setup add-ons around its moving service.","moving, packing, storage, cleaning and junk removal","Nevarez combines moving with packing, storage, move-in/out cleaning, hauling and furniture setup; a move-stage checklist and add-on explainer pack could help customers understand the full service path without implying guaranteed timing or damage-free outcomes.","Nevarez combines moving with packing, storage, move-in/out cleaning, hauling and furniture setup; a move-stage checklist and add-on explainer pack could help customers understand the full service path without implying guaranteed timing or damage-free outcomes. The $100 package is useful here because it turns those existing services into clear, reusable customer-facing content without requiring the business to write or design the pieces itself.","Made this moving, packing, storage, cleaning and junk removal preview for Nevarez Moving Company","Hi Nevarez Moving Company team,

I came across your business and noticed nevarez combines moving with packing, storage, move-in/out cleaning, hauling and furniture setup; a move-stage checklist and add-on explainer pack could help customers understand the full service path without implying guaranteed timing or damage-free outcomes. I made the attached private preview specifically around that part of the business.

If you like the direction, the full package is $100 one time. It includes 10 ready-to-post business posts, custom graphics, customer follow-up messages, review/customer-message replies, stronger calls-to-action, and content organized around your real services. Everything is delivered ready to use; there’s no subscription or contract.

For Nevarez Moving Company, I’d start with before/after process content, service-selection guidance, and quote CTAs.

You can choose whatever is easiest:
1. Reply YES and I’ll finish the $100 package.
2. Ask me anything first.
3. If you already know you want it, you can use the PayPal invoice here: https://www.paypal.com/invoice/p/#7T6DC9A6WFH3XXCT

If it isn’t useful, that’s completely fine — reply “no thanks” and I won’t follow up again.

Thanks,
Anastaysia",024-v6-nevarez-moving-company.jpg,024-v6-nevarez-moving-company.eml,"Absolutely — I can finish the full moving, packing, storage, cleaning and junk removal content package for Nevarez Moving Company. It’s $100 one time, with no subscription or contract. PayPal invoice: https://www.paypal.com/invoice/p/#7T6DC9A6WFH3XXCT

Once payment is confirmed, I’ll build the complete set around before/after process content, service-selection guidance, and quote CTAs unless you want me to prioritize something else.

– Anastaysia","It’s $100 total, one time — not per post and not monthly. You keep the 10 posts, custom graphics, customer follow-up messages, review/message replies and CTA copy.","The attached sample was made specifically for Nevarez Moving Company around moving, packing, storage, cleaning and junk removal. That is the direction I’d use for the finished set, and I’ll keep every piece tied to the actual services rather than generic filler.","I’d make the finished set around before/after process content, service-selection guidance, and quote CTAs. You receive the words + graphics ready to copy, post or reuse, so you do not have to design or write them yourself.","No problem. I’ll leave the sample with you. If timing changes, reply here and I can pick it back up. I won’t keep chasing you.","Hi Nevarez Moving Company team — one quick follow-up on the private moving, packing, storage, cleaning and junk removal sample I attached. If you want me to finish the full $100 set, reply YES. If not, no worries and I won’t follow up again.

– Anastaysia","Hi — I made a private moving, packing, storage, cleaning and junk removal sample for Nevarez Moving Company, but the public email I tried bounced. What business email should I send the preview to?

– Anastaysia","Thanks — payment is confirmed. I’m building the Nevarez Moving Company package around before/after process content, service-selection guidance, and quote CTAs. I’ll send the finished files in this email thread when they’re ready.

– Anastaysia","Hi Nevarez Moving Company team — your finished $100 content package is ready. I’ve organized the posts, graphics, follow-up copy, review/message replies and CTAs so they’re easy to reuse. If you want a different service emphasized in a future set, reply here.

– Anastaysia",New,,,
V6,25,50,PoolSky Cupertino Pool Service,"Cupertino / Santa Clara, CA",Pool cleaning and equipment service,87,Priority-ranked; timing is not guaranteed,support@cupertinopoolservices.com,https://www.cupertinopoolservices.com/,669-328-2160,https://www.cupertinopoolservices.com/service-areas/santa-clara,2026-09-16,"Current owned Santa Clara service page publishes support@cupertinopoolservices.com, 669-328-2160, Cupertino address and free-quote workflow.",pool cleaning and equipment service,"PoolSky offers weekly cleaning, deep cleaning, algae treatment, equipment repair and free pool evaluations, with urgent calls often prioritized for same-day response; service-selection and evaluation-prep content is a strong fit.","PoolSky offers weekly cleaning, deep cleaning, algae treatment, equipment repair and free pool evaluations, with urgent calls often prioritized for same-day response; service-selection and evaluation-prep content is a strong fit. The $100 package is useful here because it turns those existing services into clear, reusable customer-facing content without requiring the business to write or design the pieces itself.",Made this pool cleaning and equipment service preview for PoolSky Cupertino Pool Service,"Hi PoolSky Cupertino Pool Service team,

I came across your business and noticed poolSky offers weekly cleaning, deep cleaning, algae treatment, equipment repair and free pool evaluations, with urgent calls often prioritized for same-day response; service-selection and evaluation-prep content is a strong fit. I made the attached private preview specifically around that part of the business.

If you like the direction, the full package is $100 one time. It includes 10 ready-to-post business posts, custom graphics, customer follow-up messages, review/customer-message replies, stronger calls-to-action, and content organized around your real services. Everything is delivered ready to use; there’s no subscription or contract.

For PoolSky Cupertino Pool Service, I’d start with before/after process content, service-selection guidance, and quote CTAs.

You can choose whatever is easiest:
1. Reply YES and I’ll finish the $100 package.
2. Ask me anything first.
3. If you already know you want it, you can use the PayPal invoice here: https://www.paypal.com/invoice/p/#7T6DC9A6WFH3XXCT

If it isn’t useful, that’s completely fine — reply “no thanks” and I won’t follow up again.

Thanks,
Anastaysia",025-v6-poolsky-cupertino-pool-service.jpg,025-v6-poolsky-cupertino-pool-service.eml,"Absolutely — I can finish the full pool cleaning and equipment service content package for PoolSky Cupertino Pool Service. It’s $100 one time, with no subscription or contract. PayPal invoice: https://www.paypal.com/invoice/p/#7T6DC9A6WFH3XXCT

Once payment is confirmed, I’ll build the complete set around before/after process content, service-selection guidance, and quote CTAs unless you want me to prioritize something else.

– Anastaysia","It’s $100 total, one time — not per post and not monthly. You keep the 10 posts, custom graphics, customer follow-up messages, review/message replies and CTA copy.","The attached sample was made specifically for PoolSky Cupertino Pool Service around pool cleaning and equipment service. That is the direction I’d use for the finished set, and I’ll keep every piece tied to the actual services rather than generic filler.","I’d make the finished set around before/after process content, service-selection guidance, and quote CTAs. You receive the words + graphics ready to copy, post or reuse, so you do not have to design or write them yourself.","No problem. I’ll leave the sample with you. If timing changes, reply here and I can pick it back up. I won’t keep chasing you.","Hi PoolSky Cupertino Pool Service team — one quick follow-up on the private pool cleaning and equipment service sample I attached. If you want me to finish the full $100 set, reply YES. If not, no worries and I won’t follow up again.

– Anastaysia","Hi — I made a private pool cleaning and equipment service sample for PoolSky Cupertino Pool Service, but the public email I tried bounced. What business email should I send the preview to?

– Anastaysia","Thanks — payment is confirmed. I’m building the PoolSky Cupertino Pool Service package around before/after process content, service-selection guidance, and quote CTAs. I’ll send the finished files in this email thread when they’re ready.

– Anastaysia","Hi PoolSky Cupertino Pool Service team — your finished $100 content package is ready. I’ve organized the posts, graphics, follow-up copy, review/message replies and CTAs so they’re easy to reuse. If you want a different service emphasized in a future set, reply here.

– Anastaysia",New,,,
V6,26,52,Urbanism Designs,"Santa Clara County / Bay Area project footprint, CA","Interior design, construction and renovation",87,Priority-ranked; timing is not guaranteed,hello@urbanismdesigns.com,https://www.urbanismdesigns.com/,,https://www.urbanismdesigns.com/,2026-09-13,"Current owned site publishes hello@urbanismdesigns.com and an active Bay Area construction/design portfolio; its approach page documents full construction/design services, one-off onsite consultations and project imagery tied to San Jose/Los Altos-area work.","interior design, construction and renovation","Urbanism combines in-house design with medium-to-large new construction, renovation, furnishing and one-off consultations; project-fit, consultation-vs-full-project and design-build process content could help high-value prospects understand where to start.","Urbanism combines in-house design with medium-to-large new construction, renovation, furnishing and one-off consultations; project-fit, consultation-vs-full-project and design-build process content could help high-value prospects understand where to start. The $100 package is useful here because it turns those existing services into clear, reusable customer-facing content without requiring the business to write or design the pieces itself.","Made this interior design, construction and renovation preview for Urbanism Designs","Hi Urbanism Designs team,

I came across your business and noticed urbanism combines in-house design with medium-to-large new construction, renovation, furnishing and one-off consultations; project-fit, consultation-vs-full-project and design-build process content could help high-value prospects understand where to start. I made the attached private preview specifically around that part of the business.

If you like the direction, the full package is $100 one time. It includes 10 ready-to-post business posts, custom graphics, customer follow-up messages, review/customer-message replies, stronger calls-to-action, and content organized around your real services. Everything is delivered ready to use; there’s no subscription or contract.

For Urbanism Designs, I’d start with service explainers, project/repair education, and estimate or consultation CTAs.

You can choose whatever is easiest:
1. Reply YES and I’ll finish the $100 package.
2. Ask me anything first.
3. If you already know you want it, you can use the PayPal invoice here: https://www.paypal.com/invoice/p/#7T6DC9A6WFH3XXCT

If it isn’t useful, that’s completely fine — reply “no thanks” and I won’t follow up again.

Thanks,
Anastaysia",026-v6-urbanism-designs.jpg,026-v6-urbanism-designs.eml,"Absolutely — I can finish the full interior design, construction and renovation content package for Urbanism Designs. It’s $100 one time, with no subscription or contract. PayPal invoice: https://www.paypal.com/invoice/p/#7T6DC9A6WFH3XXCT

Once payment is confirmed, I’ll build the complete set around service explainers, project/repair education, and estimate or consultation CTAs unless you want me to prioritize something else.

– Anastaysia","It’s $100 total, one time — not per post and not monthly. You keep the 10 posts, custom graphics, customer follow-up messages, review/message replies and CTA copy.","The attached sample was made specifically for Urbanism Designs around interior design, construction and renovation. That is the direction I’d use for the finished set, and I’ll keep every piece tied to the actual services rather than generic filler.","I’d make the finished set around service explainers, project/repair education, and estimate or consultation CTAs. You receive the words + graphics ready to copy, post or reuse, so you do not have to design or write them yourself.","No problem. I’ll leave the sample with you. If timing changes, reply here and I can pick it back up. I won’t keep chasing you.","Hi Urbanism Designs team — one quick follow-up on the private interior design, construction and renovation sample I attached. If you want me to finish the full $100 set, reply YES. If not, no worries and I won’t follow up again.

– Anastaysia","Hi — I made a private interior design, construction and renovation sample for Urbanism Designs, but the public email I tried bounced. What business email should I send the preview to?

– Anastaysia","Thanks — payment is confirmed. I’m building the Urbanism Designs package around service explainers, project/repair education, and estimate or consultation CTAs. I’ll send the finished files in this email thread when they’re ready.

– Anastaysia","Hi Urbanism Designs team — your finished $100 content package is ready. I’ve organized the posts, graphics, follow-up copy, review/message replies and CTAs so they’re easy to reuse. If you want a different service emphasized in a future set, reply here.

– Anastaysia",New,,,
V6,27,54,SERVPRO of Santa Clara,"Santa Clara, CA","Restoration, cleanup and construction",86,Priority-ranked; timing is not guaranteed,vdandrea@servproofsantaclara.com,https://www.servpro.com/locations/ca/servpro-of-santa-clara,408-392-9700,https://www.servpro.com/locations/ca/servpro-of-santa-clara/contact,2026-09-16,Current official location page lists Santa Clara address/phone and service area; current Chamber directory publishes vdandrea@servproofsantaclara.com.,"restoration, cleanup and construction","The Santa Clara franchise offers water, fire, mold, storm, construction and commercial services; a service-selector and emergency-prep content set can clarify when each service applies without inventing urgency.","The Santa Clara franchise offers water, fire, mold, storm, construction and commercial services; a service-selector and emergency-prep content set can clarify when each service applies without inventing urgency. The $100 package is useful here because it turns those existing services into clear, reusable customer-facing content without requiring the business to write or design the pieces itself.","Made this restoration, cleanup and construction preview for SERVPRO of Santa Clara","Hi SERVPRO of Santa Clara team,

I came across your business and noticed the Santa Clara franchise offers water, fire, mold, storm, construction and commercial services; a service-selector and emergency-prep content set can clarify when each service applies without inventing urgency. I made the attached private preview specifically around that part of the business.

If you like the direction, the full package is $100 one time. It includes 10 ready-to-post business posts, custom graphics, customer follow-up messages, review/customer-message replies, stronger calls-to-action, and content organized around your real services. Everything is delivered ready to use; there’s no subscription or contract.

For SERVPRO of Santa Clara, I’d start with service explainers, project/repair education, and estimate or consultation CTAs.

You can choose whatever is easiest:
1. Reply YES and I’ll finish the $100 package.
2. Ask me anything first.
3. If you already know you want it, you can use the PayPal invoice here: https://www.paypal.com/invoice/p/#7T6DC9A6WFH3XXCT

If it isn’t useful, that’s completely fine — reply “no thanks” and I won’t follow up again.

Thanks,
Anastaysia",027-v6-servpro-of-santa-clara.jpg,027-v6-servpro-of-santa-clara.eml,"Absolutely — I can finish the full restoration, cleanup and construction content package for SERVPRO of Santa Clara. It’s $100 one time, with no subscription or contract. PayPal invoice: https://www.paypal.com/invoice/p/#7T6DC9A6WFH3XXCT

Once payment is confirmed, I’ll build the complete set around service explainers, project/repair education, and estimate or consultation CTAs unless you want me to prioritize something else.

– Anastaysia","It’s $100 total, one time — not per post and not monthly. You keep the 10 posts, custom graphics, customer follow-up messages, review/message replies and CTA copy.","The attached sample was made specifically for SERVPRO of Santa Clara around restoration, cleanup and construction. That is the direction I’d use for the finished set, and I’ll keep every piece tied to the actual services rather than generic filler.","I’d make the finished set around service explainers, project/repair education, and estimate or consultation CTAs. You receive the words + graphics ready to copy, post or reuse, so you do not have to design or write them yourself.","No problem. I’ll leave the sample with you. If timing changes, reply here and I can pick it back up. I won’t keep chasing you.","Hi SERVPRO of Santa Clara team — one quick follow-up on the private restoration, cleanup and construction sample I attached. If you want me to finish the full $100 set, reply YES. If not, no worries and I won’t follow up again.

– Anastaysia","Hi — I made a private restoration, cleanup and construction sample for SERVPRO of Santa Clara, but the public email I tried bounced. What business email should I send the preview to?

– Anastaysia","Thanks — payment is confirmed. I’m building the SERVPRO of Santa Clara package around service explainers, project/repair education, and estimate or consultation CTAs. I’ll send the finished files in this email thread when they’re ready.

– Anastaysia","Hi SERVPRO of Santa Clara team — your finished $100 content package is ready. I’ve organized the posts, graphics, follow-up copy, review/message replies and CTAs so they’re easy to reuse. If you want a different service emphasized in a future set, reply here.

– Anastaysia",New,,,
V6,28,56,5 Star School for Music,"Sunnyvale / Silicon Valley, CA",Music lessons,83,Priority-ranked; timing is not guaranteed,markssg@5starmusic.com,https://5starmusic.com/,(408) 737-1888,https://5starmusic.com/getting-started/,2026-09-16,Current owned site publishes markssg@5starmusic.com and Sunnyvale service details.,music lessons,"Current owned site offers private lessons and a free introductory lesson across Silicon Valley; instrument-choice, first-lesson and program content can support an easy inquiry path.","Current owned site offers private lessons and a free introductory lesson across Silicon Valley; instrument-choice, first-lesson and program content can support an easy inquiry path. The $100 package is useful here because it turns those existing services into clear, reusable customer-facing content without requiring the business to write or design the pieces itself.",Made this music lessons preview for 5 Star School for Music,"Hi 5 Star School for Music team,

I came across your business and noticed current owned site offers private lessons and a free introductory lesson across Silicon Valley; instrument-choice, first-lesson and program content can support an easy inquiry path. I made the attached private preview specifically around that part of the business.

If you like the direction, the full package is $100 one time. It includes 10 ready-to-post business posts, custom graphics, customer follow-up messages, review/customer-message replies, stronger calls-to-action, and content organized around your real services. Everything is delivered ready to use; there’s no subscription or contract.

For 5 Star School for Music, I’d start with program/service selection, first-visit guidance, and booking CTAs.

You can choose whatever is easiest:
1. Reply YES and I’ll finish the $100 package.
2. Ask me anything first.
3. If you already know you want it, you can use the PayPal invoice here: https://www.paypal.com/invoice/p/#7T6DC9A6WFH3XXCT

If it isn’t useful, that’s completely fine — reply “no thanks” and I won’t follow up again.

Thanks,
Anastaysia",028-v6-5-star-school-for-music.jpg,028-v6-5-star-school-for-music.eml,"Absolutely — I can finish the full music lessons content package for 5 Star School for Music. It’s $100 one time, with no subscription or contract. PayPal invoice: https://www.paypal.com/invoice/p/#7T6DC9A6WFH3XXCT

Once payment is confirmed, I’ll build the complete set around program/service selection, first-visit guidance, and booking CTAs unless you want me to prioritize something else.

– Anastaysia","It’s $100 total, one time — not per post and not monthly. You keep the 10 posts, custom graphics, customer follow-up messages, review/message replies and CTA copy.","The attached sample was made specifically for 5 Star School for Music around music lessons. That is the direction I’d use for the finished set, and I’ll keep every piece tied to the actual services rather than generic filler.","I’d make the finished set around program/service selection, first-visit guidance, and booking CTAs. You receive the words + graphics ready to copy, post or reuse, so you do not have to design or write them yourself.","No problem. I’ll leave the sample with you. If timing changes, reply here and I can pick it back up. I won’t keep chasing you.","Hi 5 Star School for Music team — one quick follow-up on the private music lessons sample I attached. If you want me to finish the full $100 set, reply YES. If not, no worries and I won’t follow up again.

– Anastaysia","Hi — I made a private music lessons sample for 5 Star School for Music, but the public email I tried bounced. What business email should I send the preview to?

– Anastaysia","Thanks — payment is confirmed. I’m building the 5 Star School for Music package around program/service selection, first-visit guidance, and booking CTAs. I’ll send the finished files in this email thread when they’re ready.

– Anastaysia","Hi 5 Star School for Music team — your finished $100 content package is ready. I’ve organized the posts, graphics, follow-up copy, review/message replies and CTAs so they’re easy to reuse. If you want a different service emphasized in a future set, reply here.

– Anastaysia",New,,,
V6,29,58,AJ Auto Detailing,"San Jose, CA",Auto detailing,83,Priority-ranked; timing is not guaranteed,ajautodetailingservice@gmail.com,https://ajautodetailingser.wixsite.com/aj-auto-detailing,210-701-0583,https://ajautodetailingser.wixsite.com/aj-auto-detailing,2026-09-16,Current owned Wix site publishes service packages and public email; current local directory places AJ Auto Detailing in San Jose/Santa Clara County.,auto detailing,AJ publishes tiered exterior/interior detailing and paint-correction packages; a package-comparison and vehicle-prep guide can make booking choices clearer.,"AJ publishes tiered exterior/interior detailing and paint-correction packages; a package-comparison and vehicle-prep guide can make booking choices clearer. The $100 package is useful here because it turns those existing services into clear, reusable customer-facing content without requiring the business to write or design the pieces itself.",Made this auto detailing preview for AJ Auto Detailing,"Hi AJ Auto Detailing team,

I came across your business and noticed aJ publishes tiered exterior/interior detailing and paint-correction packages; a package-comparison and vehicle-prep guide can make booking choices clearer. I made the attached private preview specifically around that part of the business.

If you like the direction, the full package is $100 one time. It includes 10 ready-to-post business posts, custom graphics, customer follow-up messages, review/customer-message replies, stronger calls-to-action, and content organized around your real services. Everything is delivered ready to use; there’s no subscription or contract.

For AJ Auto Detailing, I’d start with service comparisons, before/after project content, and estimate or booking CTAs.

You can choose whatever is easiest:
1. Reply YES and I’ll finish the $100 package.
2. Ask me anything first.
3. If you already know you want it, you can use the PayPal invoice here: https://www.paypal.com/invoice/p/#7T6DC9A6WFH3XXCT

If it isn’t useful, that’s completely fine — reply “no thanks” and I won’t follow up again.

Thanks,
Anastaysia",029-v6-aj-auto-detailing.jpg,029-v6-aj-auto-detailing.eml,"Absolutely — I can finish the full auto detailing content package for AJ Auto Detailing. It’s $100 one time, with no subscription or contract. PayPal invoice: https://www.paypal.com/invoice/p/#7T6DC9A6WFH3XXCT

Once payment is confirmed, I’ll build the complete set around service comparisons, before/after project content, and estimate or booking CTAs unless you want me to prioritize something else.

– Anastaysia","It’s $100 total, one time — not per post and not monthly. You keep the 10 posts, custom graphics, customer follow-up messages, review/message replies and CTA copy.","The attached sample was made specifically for AJ Auto Detailing around auto detailing. That is the direction I’d use for the finished set, and I’ll keep every piece tied to the actual services rather than generic filler.","I’d make the finished set around service comparisons, before/after project content, and estimate or booking CTAs. You receive the words + graphics ready to copy, post or reuse, so you do not have to design or write them yourself.","No problem. I’ll leave the sample with you. If timing changes, reply here and I can pick it back up. I won’t keep chasing you.","Hi AJ Auto Detailing team — one quick follow-up on the private auto detailing sample I attached. If you want me to finish the full $100 set, reply YES. If not, no worries and I won’t follow up again.

– Anastaysia","Hi — I made a private auto detailing sample for AJ Auto Detailing, but the public email I tried bounced. What business email should I send the preview to?

– Anastaysia","Thanks — payment is confirmed. I’m building the AJ Auto Detailing package around service comparisons, before/after project content, and estimate or booking CTAs. I’ll send the finished files in this email thread when they’re ready.

– Anastaysia","Hi AJ Auto Detailing team — your finished $100 content package is ready. I’ve organized the posts, graphics, follow-up copy, review/message replies and CTAs so they’re easy to reuse. If you want a different service emphasized in a future set, reply here.

– Anastaysia",New,,,
V6,30,60,Almaden Press,"Santa Clara, CA",Commercial printing,83,Priority-ranked; timing is not guaranteed,jason@almadenpress.com,https://almadenpress.com/,408-450-7910,https://www.svcentralchamber.com/expanded-directory/,2026-09-16,"Current Chamber directory publishes public Jason inbox/site; current business data places headquarters at 2549 Scott Blvd, Santa Clara.",commercial printing,"Almaden Press is a Santa Clara commercial printer; format, production and ordering guidance can help business buyers scope print jobs before requesting a quote.","Almaden Press is a Santa Clara commercial printer; format, production and ordering guidance can help business buyers scope print jobs before requesting a quote. The $100 package is useful here because it turns those existing services into clear, reusable customer-facing content without requiring the business to write or design the pieces itself.",Made this commercial printing preview for Almaden Press,"Hi Almaden Press team,

I came across your business and noticed almaden Press is a Santa Clara commercial printer; format, production and ordering guidance can help business buyers scope print jobs before requesting a quote. I made the attached private preview specifically around that part of the business.

If you like the direction, the full package is $100 one time. It includes 10 ready-to-post business posts, custom graphics, customer follow-up messages, review/customer-message replies, stronger calls-to-action, and content organized around your real services. Everything is delivered ready to use; there’s no subscription or contract.

For Almaden Press, I’d start with service highlights, FAQ-style education, and a clear next-step CTA.

You can choose whatever is easiest:
1. Reply YES and I’ll finish the $100 package.
2. Ask me anything first.
3. If you already know you want it, you can use the PayPal invoice here: https://www.paypal.com/invoice/p/#7T6DC9A6WFH3XXCT

If it isn’t useful, that’s completely fine — reply “no thanks” and I won’t follow up again.

Thanks,
Anastaysia",030-v6-almaden-press.jpg,030-v6-almaden-press.eml,"Absolutely — I can finish the full commercial printing content package for Almaden Press. It’s $100 one time, with no subscription or contract. PayPal invoice: https://www.paypal.com/invoice/p/#7T6DC9A6WFH3XXCT

Once payment is confirmed, I’ll build the complete set around service highlights, FAQ-style education, and a clear next-step CTA unless you want me to prioritize something else.

– Anastaysia","It’s $100 total, one time — not per post and not monthly. You keep the 10 posts, custom graphics, customer follow-up messages, review/message replies and CTA copy.","The attached sample was made specifically for Almaden Press around commercial printing. That is the direction I’d use for the finished set, and I’ll keep every piece tied to the actual services rather than generic filler.","I’d make the finished set around service highlights, FAQ-style education, and a clear next-step CTA. You receive the words + graphics ready to copy, post or reuse, so you do not have to design or write them yourself.","No problem. I’ll leave the sample with you. If timing changes, reply here and I can pick it back up. I won’t keep chasing you.","Hi Almaden Press team — one quick follow-up on the private commercial printing sample I attached. If you want me to finish the full $100 set, reply YES. If not, no worries and I won’t follow up again.

– Anastaysia","Hi — I made a private commercial printing sample for Almaden Press, but the public email I tried bounced. What business email should I send the preview to?

– Anastaysia","Thanks — payment is confirmed. I’m building the Almaden Press package around service highlights, FAQ-style education, and a clear next-step CTA. I’ll send the finished files in this email thread when they’re ready.

– Anastaysia","Hi Almaden Press team — your finished $100 content package is ready. I’ve organized the posts, graphics, follow-up copy, review/message replies and CTAs so they’re easy to reuse. If you want a different service emphasized in a future set, reply here.

– Anastaysia",New,,,
V6,31,62,Barry Johnson Design,"Palo Alto, CA",Interior design,83,Priority-ranked; timing is not guaranteed,barry@barryjohnsondesign.com,https://www.barryjohnsondesign.com/,650-473-9699,https://www.barryjohnsondesign.com/,2026-09-15,,interior design,"Barry Johnson Design has a visual project portfolio and consultation path suited to project-selection, process and before/after storytelling.","Barry Johnson Design has a visual project portfolio and consultation path suited to project-selection, process and before/after storytelling. The $100 package is useful here because it turns those existing services into clear, reusable customer-facing content without requiring the business to write or design the pieces itself.",Made this interior design preview for Barry Johnson Design,"Hi Barry Johnson Design team,

I came across your business and noticed barry Johnson Design has a visual project portfolio and consultation path suited to project-selection, process and before/after storytelling. I made the attached private preview specifically around that part of the business.

If you like the direction, the full package is $100 one time. It includes 10 ready-to-post business posts, custom graphics, customer follow-up messages, review/customer-message replies, stronger calls-to-action, and content organized around your real services. Everything is delivered ready to use; there’s no subscription or contract.

For Barry Johnson Design, I’d start with before/after process content, service-selection guidance, and quote CTAs.

You can choose whatever is easiest:
1. Reply YES and I’ll finish the $100 package.
2. Ask me anything first.
3. If you already know you want it, you can use the PayPal invoice here: https://www.paypal.com/invoice/p/#7T6DC9A6WFH3XXCT

If it isn’t useful, that’s completely fine — reply “no thanks” and I won’t follow up again.

Thanks,
Anastaysia",031-v6-barry-johnson-design.jpg,031-v6-barry-johnson-design.eml,"Absolutely — I can finish the full interior design content package for Barry Johnson Design. It’s $100 one time, with no subscription or contract. PayPal invoice: https://www.paypal.com/invoice/p/#7T6DC9A6WFH3XXCT

Once payment is confirmed, I’ll build the complete set around before/after process content, service-selection guidance, and quote CTAs unless you want me to prioritize something else.

– Anastaysia","It’s $100 total, one time — not per post and not monthly. You keep the 10 posts, custom graphics, customer follow-up messages, review/message replies and CTA copy.","The attached sample was made specifically for Barry Johnson Design around interior design. That is the direction I’d use for the finished set, and I’ll keep every piece tied to the actual services rather than generic filler.","I’d make the finished set around before/after process content, service-selection guidance, and quote CTAs. You receive the words + graphics ready to copy, post or reuse, so you do not have to design or write them yourself.","No problem. I’ll leave the sample with you. If timing changes, reply here and I can pick it back up. I won’t keep chasing you.","Hi Barry Johnson Design team — one quick follow-up on the private interior design sample I attached. If you want me to finish the full $100 set, reply YES. If not, no worries and I won’t follow up again.

– Anastaysia","Hi — I made a private interior design sample for Barry Johnson Design, but the public email I tried bounced. What business email should I send the preview to?

– Anastaysia","Thanks — payment is confirmed. I’m building the Barry Johnson Design package around before/after process content, service-selection guidance, and quote CTAs. I’ll send the finished files in this email thread when they’re ready.

– Anastaysia","Hi Barry Johnson Design team — your finished $100 content package is ready. I’ve organized the posts, graphics, follow-up copy, review/message replies and CTAs so they’re easy to reuse. If you want a different service emphasized in a future set, reply here.

– Anastaysia",New,,,
V6,32,64,Blossom Hill Crafts / Blossom Hill Ceramics,"Los Gatos, CA","Pottery studio, classes and private events",83,Priority-ranked; timing is not guaranteed,teambhc@blossomhillcrafts.com,https://www.blossomhillcrafts.com/,408-402-5020,https://www.blossomhillcrafts.com/contact-us.html,2026-09-13,"Current owned pages list 15900 Blossom Hill Rd, Los Gatos, teambhc@blossomhillcrafts.com, 408-402-5020, 200+ artists, broad studio access and private events.","pottery studio, classes and private events","BHC combines beginner classes, memberships, workshops and private events in one large studio; a simple class-vs-membership-vs-event guide could make the first choice easier for new customers.","BHC combines beginner classes, memberships, workshops and private events in one large studio; a simple class-vs-membership-vs-event guide could make the first choice easier for new customers. The $100 package is useful here because it turns those existing services into clear, reusable customer-facing content without requiring the business to write or design the pieces itself.","Made this pottery studio, classes and private events preview for Blossom Hill Crafts / Blossom Hill Ceramics","Hi Blossom Hill Crafts / Blossom Hill Ceramics team,

I came across your business and noticed bHC combines beginner classes, memberships, workshops and private events in one large studio; a simple class-vs-membership-vs-event guide could make the first choice easier for new customers. I made the attached private preview specifically around that part of the business.

If you like the direction, the full package is $100 one time. It includes 10 ready-to-post business posts, custom graphics, customer follow-up messages, review/customer-message replies, stronger calls-to-action, and content organized around your real services. Everything is delivered ready to use; there’s no subscription or contract.

For Blossom Hill Crafts / Blossom Hill Ceramics, I’d start with service highlights, FAQ-style education, and a clear next-step CTA.

You can choose whatever is easiest:
1. Reply YES and I’ll finish the $100 package.
2. Ask me anything first.
3. If you already know you want it, you can use the PayPal invoice here: https://www.paypal.com/invoice/p/#7T6DC9A6WFH3XXCT

If it isn’t useful, that’s completely fine — reply “no thanks” and I won’t follow up again.

Thanks,
Anastaysia",032-v6-blossom-hill-crafts-blossom-hill-ceramics.jpg,032-v6-blossom-hill-crafts-blossom-hill-ceramics.eml,"Absolutely — I can finish the full pottery studio, classes and private events content package for Blossom Hill Crafts / Blossom Hill Ceramics. It’s $100 one time, with no subscription or contract. PayPal invoice: https://www.paypal.com/invoice/p/#7T6DC9A6WFH3XXCT

Once payment is confirmed, I’ll build the complete set around service highlights, FAQ-style education, and a clear next-step CTA unless you want me to prioritize something else.

– Anastaysia","It’s $100 total, one time — not per post and not monthly. You keep the 10 posts, custom graphics, customer follow-up messages, review/message replies and CTA copy.","The attached sample was made specifically for Blossom Hill Crafts / Blossom Hill Ceramics around pottery studio, classes and private events. That is the direction I’d use for the finished set, and I’ll keep every piece tied to the actual services rather than generic filler.","I’d make the finished set around service highlights, FAQ-style education, and a clear next-step CTA. You receive the words + graphics ready to copy, post or reuse, so you do not have to design or write them yourself.","No problem. I’ll leave the sample with you. If timing changes, reply here and I can pick it back up. I won’t keep chasing you.","Hi Blossom Hill Crafts / Blossom Hill Ceramics team — one quick follow-up on the private pottery studio, classes and private events sample I attached. If you want me to finish the full $100 set, reply YES. If not, no worries and I won’t follow up again.

– Anastaysia","Hi — I made a private pottery studio, classes and private events sample for Blossom Hill Crafts / Blossom Hill Ceramics, but the public email I tried bounced. What business email should I send the preview to?

– Anastaysia","Thanks — payment is confirmed. I’m building the Blossom Hill Crafts / Blossom Hill Ceramics package around service highlights, FAQ-style education, and a clear next-step CTA. I’ll send the finished files in this email thread when they’re ready.

– Anastaysia","Hi Blossom Hill Crafts / Blossom Hill Ceramics team — your finished $100 content package is ready. I’ve organized the posts, graphics, follow-up copy, review/message replies and CTAs so they’re easy to reuse. If you want a different service emphasized in a future set, reply here.

– Anastaysia",New,,,
V6,33,66,BYOC Auto Repair,"Milpitas, CA",Auto repair and maintenance,83,Priority-ranked; timing is not guaranteed,byoc2019@gmail.com,https://byocauto.com/,408-262-0114,https://byocauto.com/,2026-09-13,"Current 2026 owned site lists 312 S. Main Street #5, Milpitas, byoc2019@gmail.com, 408-262-0114 and active auto-repair services.",auto repair and maintenance,"BYOC handles routine maintenance through larger repairs; plain-English maintenance-vs-repair, appointment-prep and service-category content can help drivers understand what to expect without promising savings or mechanical outcomes.","BYOC handles routine maintenance through larger repairs; plain-English maintenance-vs-repair, appointment-prep and service-category content can help drivers understand what to expect without promising savings or mechanical outcomes. The $100 package is useful here because it turns those existing services into clear, reusable customer-facing content without requiring the business to write or design the pieces itself.",Made this auto repair and maintenance preview for BYOC Auto Repair,"Hi BYOC Auto Repair team,

I came across your business and noticed bYOC handles routine maintenance through larger repairs; plain-English maintenance-vs-repair, appointment-prep and service-category content can help drivers understand what to expect without promising savings or mechanical outcomes. I made the attached private preview specifically around that part of the business.

If you like the direction, the full package is $100 one time. It includes 10 ready-to-post business posts, custom graphics, customer follow-up messages, review/customer-message replies, stronger calls-to-action, and content organized around your real services. Everything is delivered ready to use; there’s no subscription or contract.

For BYOC Auto Repair, I’d start with service comparisons, before/after project content, and estimate or booking CTAs.

You can choose whatever is easiest:
1. Reply YES and I’ll finish the $100 package.
2. Ask me anything first.
3. If you already know you want it, you can use the PayPal invoice here: https://www.paypal.com/invoice/p/#7T6DC9A6WFH3XXCT

If it isn’t useful, that’s completely fine — reply “no thanks” and I won’t follow up again.

Thanks,
Anastaysia",033-v6-byoc-auto-repair.jpg,033-v6-byoc-auto-repair.eml,"Absolutely — I can finish the full auto repair and maintenance content package for BYOC Auto Repair. It’s $100 one time, with no subscription or contract. PayPal invoice: https://www.paypal.com/invoice/p/#7T6DC9A6WFH3XXCT

Once payment is confirmed, I’ll build the complete set around service comparisons, before/after project content, and estimate or booking CTAs unless you want me to prioritize something else.

– Anastaysia","It’s $100 total, one time — not per post and not monthly. You keep the 10 posts, custom graphics, customer follow-up messages, review/message replies and CTA copy.","The attached sample was made specifically for BYOC Auto Repair around auto repair and maintenance. That is the direction I’d use for the finished set, and I’ll keep every piece tied to the actual services rather than generic filler.","I’d make the finished set around service comparisons, before/after project content, and estimate or booking CTAs. You receive the words + graphics ready to copy, post or reuse, so you do not have to design or write them yourself.","No problem. I’ll leave the sample with you. If timing changes, reply here and I can pick it back up. I won’t keep chasing you.","Hi BYOC Auto Repair team — one quick follow-up on the private auto repair and maintenance sample I attached. If you want me to finish the full $100 set, reply YES. If not, no worries and I won’t follow up again.

– Anastaysia","Hi — I made a private auto repair and maintenance sample for BYOC Auto Repair, but the public email I tried bounced. What business email should I send the preview to?

– Anastaysia","Thanks — payment is confirmed. I’m building the BYOC Auto Repair package around service comparisons, before/after project content, and estimate or booking CTAs. I’ll send the finished files in this email thread when they’re ready.

– Anastaysia","Hi BYOC Auto Repair team — your finished $100 content package is ready. I’ve organized the posts, graphics, follow-up copy, review/message replies and CTAs so they’re easy to reuse. If you want a different service emphasized in a future set, reply here.

– Anastaysia",New,,,
V6,34,68,"CB Tint, Inc.","Campbell, CA",Specialty Services,83,Priority-ranked; timing is not guaranteed,matt@cbtint.net,,,https://www.cusdk8.org/fs/resource-manager/view/ce90e6dd-ad5b-4546-8e73-3f3e726a2b0a,2026-09-13,Accepted in the canonical seed gate from the current 2026 contractor source; public business email retained exactly as published.,specialty services,"The current contractor source lists CB Tint, Inc. in Campbell, CA for Specialty Services; a concise capability and project-readiness content set can help prospective buyers understand what the business handles before an inquiry.","The current contractor source lists CB Tint, Inc. in Campbell, CA for Specialty Services; a concise capability and project-readiness content set can help prospective buyers understand what the business handles before an inquiry. The $100 package is useful here because it turns those existing services into clear, reusable customer-facing content without requiring the business to write or design the pieces itself.","Made this specialty services preview for CB Tint, Inc.","Hi CB Tint, Inc. team,

I came across your business and noticed the current contractor source lists CB Tint, Inc. in Campbell, CA for Specialty Services; a concise capability and project-readiness content set can help prospective buyers understand what the business handles before an inquiry. I made the attached private preview specifically around that part of the business.

If you like the direction, the full package is $100 one time. It includes 10 ready-to-post business posts, custom graphics, customer follow-up messages, review/customer-message replies, stronger calls-to-action, and content organized around your real services. Everything is delivered ready to use; there’s no subscription or contract.

For CB Tint, Inc., I’d start with service highlights, FAQ-style education, and a clear next-step CTA.

You can choose whatever is easiest:
1. Reply YES and I’ll finish the $100 package.
2. Ask me anything first.
3. If you already know you want it, you can use the PayPal invoice here: https://www.paypal.com/invoice/p/#7T6DC9A6WFH3XXCT

If it isn’t useful, that’s completely fine — reply “no thanks” and I won’t follow up again.

Thanks,
Anastaysia",034-v6-cb-tint-inc.jpg,034-v6-cb-tint-inc.eml,"Absolutely — I can finish the full specialty services content package for CB Tint, Inc.. It’s $100 one time, with no subscription or contract. PayPal invoice: https://www.paypal.com/invoice/p/#7T6DC9A6WFH3XXCT

Once payment is confirmed, I’ll build the complete set around service highlights, FAQ-style education, and a clear next-step CTA unless you want me to prioritize something else.

– Anastaysia","It’s $100 total, one time — not per post and not monthly. You keep the 10 posts, custom graphics, customer follow-up messages, review/message replies and CTA copy.","The attached sample was made specifically for CB Tint, Inc. around specialty services. That is the direction I’d use for the finished set, and I’ll keep every piece tied to the actual services rather than generic filler.","I’d make the finished set around service highlights, FAQ-style education, and a clear next-step CTA. You receive the words + graphics ready to copy, post or reuse, so you do not have to design or write them yourself.","No problem. I’ll leave the sample with you. If timing changes, reply here and I can pick it back up. I won’t keep chasing you.","Hi CB Tint, Inc. team — one quick follow-up on the private specialty services sample I attached. If you want me to finish the full $100 set, reply YES. If not, no worries and I won’t follow up again.

– Anastaysia","Hi — I made a private specialty services sample for CB Tint, Inc., but the public email I tried bounced. What business email should I send the preview to?

– Anastaysia","Thanks — payment is confirmed. I’m building the CB Tint, Inc. package around service highlights, FAQ-style education, and a clear next-step CTA. I’ll send the finished files in this email thread when they’re ready.

– Anastaysia","Hi CB Tint, Inc. team — your finished $100 content package is ready. I’ve organized the posts, graphics, follow-up copy, review/message replies and CTAs so they’re easy to reuse. If you want a different service emphasized in a future set, reply here.

– Anastaysia",New,,,
V6,35,70,Color Me Mine Palo Alto,"Palo Alto, CA",Pottery painting studio and parties,83,Priority-ranked; timing is not guaranteed,paloalto@colormemine.com,https://paloalto.colormemine.com/,650-550-1111,https://paloalto.colormemine.com/,2026-09-15,,pottery painting studio and parties,Color Me Mine Palo Alto combines walk-in pottery painting with parties and events; visit-vs-party guides and event planning content can make.,"Color Me Mine Palo Alto combines walk-in pottery painting with parties and events; visit-vs-party guides and event planning content can make. The $100 package is useful here because it turns those existing services into clear, reusable customer-facing content without requiring the business to write or design the pieces itself.",Made this pottery painting studio and parties preview for Color Me Mine Palo Alto,"Hi Color Me Mine Palo Alto team,

I came across your business and noticed color Me Mine Palo Alto combines walk-in pottery painting with parties and events; visit-vs-party guides and event planning content can make. I made the attached private preview specifically around that part of the business.

If you like the direction, the full package is $100 one time. It includes 10 ready-to-post business posts, custom graphics, customer follow-up messages, review/customer-message replies, stronger calls-to-action, and content organized around your real services. Everything is delivered ready to use; there’s no subscription or contract.

For Color Me Mine Palo Alto, I’d start with service highlights, FAQ-style education, and a clear next-step CTA.

You can choose whatever is easiest:
1. Reply YES and I’ll finish the $100 package.
2. Ask me anything first.
3. If you already know you want it, you can use the PayPal invoice here: https://www.paypal.com/invoice/p/#7T6DC9A6WFH3XXCT

If it isn’t useful, that’s completely fine — reply “no thanks” and I won’t follow up again.

Thanks,
Anastaysia",035-v6-color-me-mine-palo-alto.jpg,035-v6-color-me-mine-palo-alto.eml,"Absolutely — I can finish the full pottery painting studio and parties content package for Color Me Mine Palo Alto. It’s $100 one time, with no subscription or contract. PayPal invoice: https://www.paypal.com/invoice/p/#7T6DC9A6WFH3XXCT

Once payment is confirmed, I’ll build the complete set around service highlights, FAQ-style education, and a clear next-step CTA unless you want me to prioritize something else.

– Anastaysia","It’s $100 total, one time — not per post and not monthly. You keep the 10 posts, custom graphics, customer follow-up messages, review/message replies and CTA copy.","The attached sample was made specifically for Color Me Mine Palo Alto around pottery painting studio and parties. That is the direction I’d use for the finished set, and I’ll keep every piece tied to the actual services rather than generic filler.","I’d make the finished set around service highlights, FAQ-style education, and a clear next-step CTA. You receive the words + graphics ready to copy, post or reuse, so you do not have to design or write them yourself.","No problem. I’ll leave the sample with you. If timing changes, reply here and I can pick it back up. I won’t keep chasing you.","Hi Color Me Mine Palo Alto team — one quick follow-up on the private pottery painting studio and parties sample I attached. If you want me to finish the full $100 set, reply YES. If not, no worries and I won’t follow up again.

– Anastaysia","Hi — I made a private pottery painting studio and parties sample for Color Me Mine Palo Alto, but the public email I tried bounced. What business email should I send the preview to?

– Anastaysia","Thanks — payment is confirmed. I’m building the Color Me Mine Palo Alto package around service highlights, FAQ-style education, and a clear next-step CTA. I’ll send the finished files in this email thread when they’re ready.

– Anastaysia","Hi Color Me Mine Palo Alto team — your finished $100 content package is ready. I’ve organized the posts, graphics, follow-up copy, review/message replies and CTAs so they’re easy to reuse. If you want a different service emphasized in a future set, reply here.

– Anastaysia",New,,,
V6,36,72,Coyote Creek Golf Club - Weddings & Events,"Morgan Hill, CA","Wedding, private-event and golf venue",83,Priority-ranked; timing is not guaranteed,mgonzales@coyotecreekgolf.com,https://www.coyotecreekweddingsandevents.com/,408-458-7990,https://www.coyotecreekweddingsandevents.com/,2026-09-13,"Current owned event site lists 1 Coyote Creek Golf Dr, Morgan Hill, mgonzales@coyotecreekgolf.com and 408-458-7990; the parent golf site shows current September/October 2026 events.","wedding, private-event and golf venue","Coyote Creek actively markets weddings, corporate gatherings, school events, tournaments and private celebrations; event-type, venue-space and planning FAQ content can make those options easier to compare.","Coyote Creek actively markets weddings, corporate gatherings, school events, tournaments and private celebrations; event-type, venue-space and planning FAQ content can make those options easier to compare. The $100 package is useful here because it turns those existing services into clear, reusable customer-facing content without requiring the business to write or design the pieces itself.","Made this wedding, private-event and golf venue preview for Coyote Creek Golf Club - Weddings & Events","Hi Coyote Creek Golf Club - Weddings & Events team,

I came across your business and noticed coyote Creek actively markets weddings, corporate gatherings, school events, tournaments and private celebrations; event-type, venue-space and planning FAQ content can make those options easier to compare. I made the attached private preview specifically around that part of the business.

If you like the direction, the full package is $100 one time. It includes 10 ready-to-post business posts, custom graphics, customer follow-up messages, review/customer-message replies, stronger calls-to-action, and content organized around your real services. Everything is delivered ready to use; there’s no subscription or contract.

For Coyote Creek Golf Club - Weddings & Events, I’d start with service highlights, FAQ-style education, and a clear next-step CTA.

You can choose whatever is easiest:
1. Reply YES and I’ll finish the $100 package.
2. Ask me anything first.
3. If you already know you want it, you can use the PayPal invoice here: https://www.paypal.com/invoice/p/#7T6DC9A6WFH3XXCT

If it isn’t useful, that’s completely fine — reply “no thanks” and I won’t follow up again.

Thanks,
Anastaysia",036-v6-coyote-creek-golf-club-weddings-events.jpg,036-v6-coyote-creek-golf-club-weddings-events.eml,"Absolutely — I can finish the full wedding, private-event and golf venue content package for Coyote Creek Golf Club - Weddings & Events. It’s $100 one time, with no subscription or contract. PayPal invoice: https://www.paypal.com/invoice/p/#7T6DC9A6WFH3XXCT

Once payment is confirmed, I’ll build the complete set around service highlights, FAQ-style education, and a clear next-step CTA unless you want me to prioritize something else.

– Anastaysia","It’s $100 total, one time — not per post and not monthly. You keep the 10 posts, custom graphics, customer follow-up messages, review/message replies and CTA copy.","The attached sample was made specifically for Coyote Creek Golf Club - Weddings & Events around wedding, private-event and golf venue. That is the direction I’d use for the finished set, and I’ll keep every piece tied to the actual services rather than generic filler.","I’d make the finished set around service highlights, FAQ-style education, and a clear next-step CTA. You receive the words + graphics ready to copy, post or reuse, so you do not have to design or write them yourself.","No problem. I’ll leave the sample with you. If timing changes, reply here and I can pick it back up. I won’t keep chasing you.","Hi Coyote Creek Golf Club - Weddings & Events team — one quick follow-up on the private wedding, private-event and golf venue sample I attached. If you want me to finish the full $100 set, reply YES. If not, no worries and I won’t follow up again.

– Anastaysia","Hi — I made a private wedding, private-event and golf venue sample for Coyote Creek Golf Club - Weddings & Events, but the public email I tried bounced. What business email should I send the preview to?

– Anastaysia","Thanks — payment is confirmed. I’m building the Coyote Creek Golf Club - Weddings & Events package around service highlights, FAQ-style education, and a clear next-step CTA. I’ll send the finished files in this email thread when they’re ready.

– Anastaysia","Hi Coyote Creek Golf Club - Weddings & Events team — your finished $100 content package is ready. I’ve organized the posts, graphics, follow-up copy, review/message replies and CTAs so they’re easy to reuse. If you want a different service emphasized in a future set, reply here.

– Anastaysia",New,,,
V6,37,74,Engenius Learning - Los Gatos Center,"Los Gatos, CA",Tutoring and academic enrichment,83,Priority-ranked; timing is not guaranteed,losgatos@engeniuslearning.com,https://www.engeniuslearning.com/,408-399-9765,https://www.engeniuslearning.com/contact-us,2026-09-13,"Current owned contact page lists the Los Gatos center at 291 E. Main Street #B-2, LosGatos@EngeniusLearning.com and 408-399-9765.",tutoring and academic enrichment,"The Los Gatos center offers tutoring and a free three-session trial; subject, trial and first-visit explainers can make the service easier for parents to evaluate without promising grades or test-score outcomes.","The Los Gatos center offers tutoring and a free three-session trial; subject, trial and first-visit explainers can make the service easier for parents to evaluate without promising grades or test-score outcomes. The $100 package is useful here because it turns those existing services into clear, reusable customer-facing content without requiring the business to write or design the pieces itself.",Made this tutoring and academic enrichment preview for Engenius Learning - Los Gatos Center,"Hi Engenius Learning - Los Gatos Center team,

I came across your business and noticed the Los Gatos center offers tutoring and a free three-session trial; subject, trial and first-visit explainers can make the service easier for parents to evaluate without promising grades or test-score outcomes. I made the attached private preview specifically around that part of the business.

If you like the direction, the full package is $100 one time. It includes 10 ready-to-post business posts, custom graphics, customer follow-up messages, review/customer-message replies, stronger calls-to-action, and content organized around your real services. Everything is delivered ready to use; there’s no subscription or contract.

For Engenius Learning - Los Gatos Center, I’d start with program/service selection, first-visit guidance, and booking CTAs.

You can choose whatever is easiest:
1. Reply YES and I’ll finish the $100 package.
2. Ask me anything first.
3. If you already know you want it, you can use the PayPal invoice here: https://www.paypal.com/invoice/p/#7T6DC9A6WFH3XXCT

If it isn’t useful, that’s completely fine — reply “no thanks” and I won’t follow up again.

Thanks,
Anastaysia",037-v6-engenius-learning-los-gatos-center.jpg,037-v6-engenius-learning-los-gatos-center.eml,"Absolutely — I can finish the full tutoring and academic enrichment content package for Engenius Learning - Los Gatos Center. It’s $100 one time, with no subscription or contract. PayPal invoice: https://www.paypal.com/invoice/p/#7T6DC9A6WFH3XXCT

Once payment is confirmed, I’ll build the complete set around program/service selection, first-visit guidance, and booking CTAs unless you want me to prioritize something else.

– Anastaysia","It’s $100 total, one time — not per post and not monthly. You keep the 10 posts, custom graphics, customer follow-up messages, review/message replies and CTA copy.","The attached sample was made specifically for Engenius Learning - Los Gatos Center around tutoring and academic enrichment. That is the direction I’d use for the finished set, and I’ll keep every piece tied to the actual services rather than generic filler.","I’d make the finished set around program/service selection, first-visit guidance, and booking CTAs. You receive the words + graphics ready to copy, post or reuse, so you do not have to design or write them yourself.","No problem. I’ll leave the sample with you. If timing changes, reply here and I can pick it back up. I won’t keep chasing you.","Hi Engenius Learning - Los Gatos Center team — one quick follow-up on the private tutoring and academic enrichment sample I attached. If you want me to finish the full $100 set, reply YES. If not, no worries and I won’t follow up again.

– Anastaysia","Hi — I made a private tutoring and academic enrichment sample for Engenius Learning - Los Gatos Center, but the public email I tried bounced. What business email should I send the preview to?

– Anastaysia","Thanks — payment is confirmed. I’m building the Engenius Learning - Los Gatos Center package around program/service selection, first-visit guidance, and booking CTAs. I’ll send the finished files in this email thread when they’re ready.

– Anastaysia","Hi Engenius Learning - Los Gatos Center team — your finished $100 content package is ready. I’ve organized the posts, graphics, follow-up copy, review/message replies and CTAs so they’re easy to reuse. If you want a different service emphasized in a future set, reply here.

– Anastaysia",New,,,
V6,38,76,Falafel Fresh,"Santa Clara County, CA",Mediterranean catering and food service,83,Priority-ranked; timing is not guaranteed,ihamamjy@comcast.net,https://falafelfresh.org/,408-893-7333,https://www.santaclaraca.gov/our-city/departments-g-z/parks-recreation/reservations-and-permits,2026-09-13,Current City approved-caterer list publishes the public email/phone; the public business site provides catering/service context. The owned website supplies the business-domain identity because the email uses a free/ISP domain.,mediterranean catering and food service,Falafel Fresh has a direct Mediterranean/falafel catering proposition; event-menu and dietary-choice explainers can make the offering easier for local organizers to evaluate.,"Falafel Fresh has a direct Mediterranean/falafel catering proposition; event-menu and dietary-choice explainers can make the offering easier for local organizers to evaluate. The $100 package is useful here because it turns those existing services into clear, reusable customer-facing content without requiring the business to write or design the pieces itself.",Made this mediterranean catering and food service preview for Falafel Fresh,"Hi Falafel Fresh team,

I came across your business and noticed falafel Fresh has a direct Mediterranean/falafel catering proposition; event-menu and dietary-choice explainers can make the offering easier for local organizers to evaluate. I made the attached private preview specifically around that part of the business.

If you like the direction, the full package is $100 one time. It includes 10 ready-to-post business posts, custom graphics, customer follow-up messages, review/customer-message replies, stronger calls-to-action, and content organized around your real services. Everything is delivered ready to use; there’s no subscription or contract.

For Falafel Fresh, I’d start with menu/service highlights, event or ordering guidance, and local customer CTAs.

You can choose whatever is easiest:
1. Reply YES and I’ll finish the $100 package.
2. Ask me anything first.
3. If you already know you want it, you can use the PayPal invoice here: https://www.paypal.com/invoice/p/#7T6DC9A6WFH3XXCT

If it isn’t useful, that’s completely fine — reply “no thanks” and I won’t follow up again.

Thanks,
Anastaysia",038-v6-falafel-fresh.jpg,038-v6-falafel-fresh.eml,"Absolutely — I can finish the full mediterranean catering and food service content package for Falafel Fresh. It’s $100 one time, with no subscription or contract. PayPal invoice: https://www.paypal.com/invoice/p/#7T6DC9A6WFH3XXCT

Once payment is confirmed, I’ll build the complete set around menu/service highlights, event or ordering guidance, and local customer CTAs unless you want me to prioritize something else.

– Anastaysia","It’s $100 total, one time — not per post and not monthly. You keep the 10 posts, custom graphics, customer follow-up messages, review/message replies and CTA copy.","The attached sample was made specifically for Falafel Fresh around mediterranean catering and food service. That is the direction I’d use for the finished set, and I’ll keep every piece tied to the actual services rather than generic filler.","I’d make the finished set around menu/service highlights, event or ordering guidance, and local customer CTAs. You receive the words + graphics ready to copy, post or reuse, so you do not have to design or write them yourself.","No problem. I’ll leave the sample with you. If timing changes, reply here and I can pick it back up. I won’t keep chasing you.","Hi Falafel Fresh team — one quick follow-up on the private mediterranean catering and food service sample I attached. If you want me to finish the full $100 set, reply YES. If not, no worries and I won’t follow up again.

– Anastaysia","Hi — I made a private mediterranean catering and food service sample for Falafel Fresh, but the public email I tried bounced. What business email should I send the preview to?

– Anastaysia","Thanks — payment is confirmed. I’m building the Falafel Fresh package around menu/service highlights, event or ordering guidance, and local customer CTAs. I’ll send the finished files in this email thread when they’re ready.

– Anastaysia","Hi Falafel Fresh team — your finished $100 content package is ready. I’ve organized the posts, graphics, follow-up copy, review/message replies and CTAs so they’re easy to reuse. If you want a different service emphasized in a future set, reply here.

– Anastaysia",New,,,
V6,39,78,Freedom Pool Services,"San Jose / Santa Clara County, CA",Pool repair installation and maintenance,83,Priority-ranked; timing is not guaranteed,freedompoolservices@gmail.com,https://www.freedompoolservices.com/,408-394-8707,https://www.freedompoolservices.com/,2026-09-16,"Current owned site publishes freedompoolservices@gmail.com, 408-394-8707 and San Jose contact details.",pool repair installation and maintenance,"Freedom Pool Services specializes in pool equipment installation, repair, troubleshooting and maintenance and offers energy-efficient equipment options; repair-versus-upgrade and equipment-education content can support high-value inquiries.","Freedom Pool Services specializes in pool equipment installation, repair, troubleshooting and maintenance and offers energy-efficient equipment options; repair-versus-upgrade and equipment-education content can support high-value inquiries. The $100 package is useful here because it turns those existing services into clear, reusable customer-facing content without requiring the business to write or design the pieces itself.",Made this pool repair installation and maintenance preview for Freedom Pool Services,"Hi Freedom Pool Services team,

I came across your business and noticed freedom Pool Services specializes in pool equipment installation, repair, troubleshooting and maintenance and offers energy-efficient equipment options; repair-versus-upgrade and equipment-education content can support high-value inquiries. I made the attached private preview specifically around that part of the business.

If you like the direction, the full package is $100 one time. It includes 10 ready-to-post business posts, custom graphics, customer follow-up messages, review/customer-message replies, stronger calls-to-action, and content organized around your real services. Everything is delivered ready to use; there’s no subscription or contract.

For Freedom Pool Services, I’d start with service highlights, FAQ-style education, and a clear next-step CTA.

You can choose whatever is easiest:
1. Reply YES and I’ll finish the $100 package.
2. Ask me anything first.
3. If you already know you want it, you can use the PayPal invoice here: https://www.paypal.com/invoice/p/#7T6DC9A6WFH3XXCT

If it isn’t useful, that’s completely fine — reply “no thanks” and I won’t follow up again.

Thanks,
Anastaysia",039-v6-freedom-pool-services.jpg,039-v6-freedom-pool-services.eml,"Absolutely — I can finish the full pool repair installation and maintenance content package for Freedom Pool Services. It’s $100 one time, with no subscription or contract. PayPal invoice: https://www.paypal.com/invoice/p/#7T6DC9A6WFH3XXCT

Once payment is confirmed, I’ll build the complete set around service highlights, FAQ-style education, and a clear next-step CTA unless you want me to prioritize something else.

– Anastaysia","It’s $100 total, one time — not per post and not monthly. You keep the 10 posts, custom graphics, customer follow-up messages, review/message replies and CTA copy.","The attached sample was made specifically for Freedom Pool Services around pool repair installation and maintenance. That is the direction I’d use for the finished set, and I’ll keep every piece tied to the actual services rather than generic filler.","I’d make the finished set around service highlights, FAQ-style education, and a clear next-step CTA. You receive the words + graphics ready to copy, post or reuse, so you do not have to design or write them yourself.","No problem. I’ll leave the sample with you. If timing changes, reply here and I can pick it back up. I won’t keep chasing you.","Hi Freedom Pool Services team — one quick follow-up on the private pool repair installation and maintenance sample I attached. If you want me to finish the full $100 set, reply YES. If not, no worries and I won’t follow up again.

– Anastaysia","Hi — I made a private pool repair installation and maintenance sample for Freedom Pool Services, but the public email I tried bounced. What business email should I send the preview to?

– Anastaysia","Thanks — payment is confirmed. I’m building the Freedom Pool Services package around service highlights, FAQ-style education, and a clear next-step CTA. I’ll send the finished files in this email thread when they’re ready.

– Anastaysia","Hi Freedom Pool Services team — your finished $100 content package is ready. I’ve organized the posts, graphics, follow-up copy, review/message replies and CTAs so they’re easy to reuse. If you want a different service emphasized in a future set, reply here.

– Anastaysia",New,,,
V6,40,80,Goodeye Photography,"San Jose / Los Gatos service area, CA",Event and corporate photography,83,Priority-ranked; timing is not guaranteed,chris@goodeyephotography.com,https://goodeyephotography.com/,408-431-4808,https://goodeyephotography.com/,2026-09-15,"Current owned booking/contact pages publish chris@goodeyephotography.com and phone, with documented San Jose/Los Gatos event and corporate service footprint.",event and corporate photography,"Goodeye publishes event/corporate photography work in the South Bay; session-use-case, preparation and booking content can make the service easier to evaluate.","Goodeye publishes event/corporate photography work in the South Bay; session-use-case, preparation and booking content can make the service easier to evaluate. The $100 package is useful here because it turns those existing services into clear, reusable customer-facing content without requiring the business to write or design the pieces itself.",Made this event and corporate photography preview for Goodeye Photography,"Hi Goodeye Photography team,

I came across your business and noticed goodeye publishes event/corporate photography work in the South Bay; session-use-case, preparation and booking content can make the service easier to evaluate. I made the attached private preview specifically around that part of the business.

If you like the direction, the full package is $100 one time. It includes 10 ready-to-post business posts, custom graphics, customer follow-up messages, review/customer-message replies, stronger calls-to-action, and content organized around your real services. Everything is delivered ready to use; there’s no subscription or contract.

For Goodeye Photography, I’d start with service highlights, FAQ-style education, and a clear next-step CTA.

You can choose whatever is easiest:
1. Reply YES and I’ll finish the $100 package.
2. Ask me anything first.
3. If you already know you want it, you can use the PayPal invoice here: https://www.paypal.com/invoice/p/#7T6DC9A6WFH3XXCT

If it isn’t useful, that’s completely fine — reply “no thanks” and I won’t follow up again.

Thanks,
Anastaysia",040-v6-goodeye-photography.jpg,040-v6-goodeye-photography.eml,"Absolutely — I can finish the full event and corporate photography content package for Goodeye Photography. It’s $100 one time, with no subscription or contract. PayPal invoice: https://www.paypal.com/invoice/p/#7T6DC9A6WFH3XXCT

Once payment is confirmed, I’ll build the complete set around service highlights, FAQ-style education, and a clear next-step CTA unless you want me to prioritize something else.

– Anastaysia","It’s $100 total, one time — not per post and not monthly. You keep the 10 posts, custom graphics, customer follow-up messages, review/message replies and CTA copy.","The attached sample was made specifically for Goodeye Photography around event and corporate photography. That is the direction I’d use for the finished set, and I’ll keep every piece tied to the actual services rather than generic filler.","I’d make the finished set around service highlights, FAQ-style education, and a clear next-step CTA. You receive the words + graphics ready to copy, post or reuse, so you do not have to design or write them yourself.","No problem. I’ll leave the sample with you. If timing changes, reply here and I can pick it back up. I won’t keep chasing you.","Hi Goodeye Photography team — one quick follow-up on the private event and corporate photography sample I attached. If you want me to finish the full $100 set, reply YES. If not, no worries and I won’t follow up again.

– Anastaysia","Hi — I made a private event and corporate photography sample for Goodeye Photography, but the public email I tried bounced. What business email should I send the preview to?

– Anastaysia","Thanks — payment is confirmed. I’m building the Goodeye Photography package around service highlights, FAQ-style education, and a clear next-step CTA. I’ll send the finished files in this email thread when they’re ready.

– Anastaysia","Hi Goodeye Photography team — your finished $100 content package is ready. I’ve organized the posts, graphics, follow-up copy, review/message replies and CTAs so they’re easy to reuse. If you want a different service emphasized in a future set, reply here.

– Anastaysia",New,,,
V6,41,82,HanaHaus Palo Alto,"Palo Alto, CA",Coworking and venue rental,83,Priority-ranked; timing is not guaranteed,paloalto@hanahaus.com,https://www.hanahaus.com/,650-326-1263,https://www.hanahaus.com/,2026-09-15,,coworking and venue rental,"HanaHaus combines coworking with venue rental; workspace-vs-event use cases, booking preparation and venue-feature content can make the.","HanaHaus combines coworking with venue rental; workspace-vs-event use cases, booking preparation and venue-feature content can make the. The $100 package is useful here because it turns those existing services into clear, reusable customer-facing content without requiring the business to write or design the pieces itself.",Made this coworking and venue rental preview for HanaHaus Palo Alto,"Hi HanaHaus Palo Alto team,

I came across your business and noticed hanaHaus combines coworking with venue rental; workspace-vs-event use cases, booking preparation and venue-feature content can make the. I made the attached private preview specifically around that part of the business.

If you like the direction, the full package is $100 one time. It includes 10 ready-to-post business posts, custom graphics, customer follow-up messages, review/customer-message replies, stronger calls-to-action, and content organized around your real services. Everything is delivered ready to use; there’s no subscription or contract.

For HanaHaus Palo Alto, I’d start with service highlights, FAQ-style education, and a clear next-step CTA.

You can choose whatever is easiest:
1. Reply YES and I’ll finish the $100 package.
2. Ask me anything first.
3. If you already know you want it, you can use the PayPal invoice here: https://www.paypal.com/invoice/p/#7T6DC9A6WFH3XXCT

If it isn’t useful, that’s completely fine — reply “no thanks” and I won’t follow up again.

Thanks,
Anastaysia",041-v6-hanahaus-palo-alto.jpg,041-v6-hanahaus-palo-alto.eml,"Absolutely — I can finish the full coworking and venue rental content package for HanaHaus Palo Alto. It’s $100 one time, with no subscription or contract. PayPal invoice: https://www.paypal.com/invoice/p/#7T6DC9A6WFH3XXCT

Once payment is confirmed, I’ll build the complete set around service highlights, FAQ-style education, and a clear next-step CTA unless you want me to prioritize something else.

– Anastaysia","It’s $100 total, one time — not per post and not monthly. You keep the 10 posts, custom graphics, customer follow-up messages, review/message replies and CTA copy.","The attached sample was made specifically for HanaHaus Palo Alto around coworking and venue rental. That is the direction I’d use for the finished set, and I’ll keep every piece tied to the actual services rather than generic filler.","I’d make the finished set around service highlights, FAQ-style education, and a clear next-step CTA. You receive the words + graphics ready to copy, post or reuse, so you do not have to design or write them yourself.","No problem. I’ll leave the sample with you. If timing changes, reply here and I can pick it back up. I won’t keep chasing you.","Hi HanaHaus Palo Alto team — one quick follow-up on the private coworking and venue rental sample I attached. If you want me to finish the full $100 set, reply YES. If not, no worries and I won’t follow up again.

– Anastaysia","Hi — I made a private coworking and venue rental sample for HanaHaus Palo Alto, but the public email I tried bounced. What business email should I send the preview to?

– Anastaysia","Thanks — payment is confirmed. I’m building the HanaHaus Palo Alto package around service highlights, FAQ-style education, and a clear next-step CTA. I’ll send the finished files in this email thread when they’re ready.

– Anastaysia","Hi HanaHaus Palo Alto team — your finished $100 content package is ready. I’ve organized the posts, graphics, follow-up copy, review/message replies and CTAs so they’re easy to reuse. If you want a different service emphasized in a future set, reply here.

– Anastaysia",New,,,
V6,42,84,Hilton Santa Clara,"Santa Clara, CA","Hotel, meetings and events",83,Priority-ranked; timing is not guaranteed,SJCSC_Hotel@hilton.com,https://hiltonsantaclara.com/,408-330-0001,https://hiltonsantaclara.com/contact-hilton-santa-clara/,2026-09-16,"Current owned contact page publishes Santa Clara address, phone and SJCSC_Hotel@hilton.com; current meetings pages show group blocks, AV and catering.","hotel, meetings and events","The hotel combines stays, group room blocks, meetings, weddings and on-site catering; a concise stay-vs-event planning guide can clarify several high-value booking paths.","The hotel combines stays, group room blocks, meetings, weddings and on-site catering; a concise stay-vs-event planning guide can clarify several high-value booking paths. The $100 package is useful here because it turns those existing services into clear, reusable customer-facing content without requiring the business to write or design the pieces itself.","Made this hotel, meetings and events preview for Hilton Santa Clara","Hi Hilton Santa Clara team,

I came across your business and noticed the hotel combines stays, group room blocks, meetings, weddings and on-site catering; a concise stay-vs-event planning guide can clarify several high-value booking paths. I made the attached private preview specifically around that part of the business.

If you like the direction, the full package is $100 one time. It includes 10 ready-to-post business posts, custom graphics, customer follow-up messages, review/customer-message replies, stronger calls-to-action, and content organized around your real services. Everything is delivered ready to use; there’s no subscription or contract.

For Hilton Santa Clara, I’d start with service highlights, FAQ-style education, and a clear next-step CTA.

You can choose whatever is easiest:
1. Reply YES and I’ll finish the $100 package.
2. Ask me anything first.
3. If you already know you want it, you can use the PayPal invoice here: https://www.paypal.com/invoice/p/#7T6DC9A6WFH3XXCT

If it isn’t useful, that’s completely fine — reply “no thanks” and I won’t follow up again.

Thanks,
Anastaysia",042-v6-hilton-santa-clara.jpg,042-v6-hilton-santa-clara.eml,"Absolutely — I can finish the full hotel, meetings and events content package for Hilton Santa Clara. It’s $100 one time, with no subscription or contract. PayPal invoice: https://www.paypal.com/invoice/p/#7T6DC9A6WFH3XXCT

Once payment is confirmed, I’ll build the complete set around service highlights, FAQ-style education, and a clear next-step CTA unless you want me to prioritize something else.

– Anastaysia","It’s $100 total, one time — not per post and not monthly. You keep the 10 posts, custom graphics, customer follow-up messages, review/message replies and CTA copy.","The attached sample was made specifically for Hilton Santa Clara around hotel, meetings and events. That is the direction I’d use for the finished set, and I’ll keep every piece tied to the actual services rather than generic filler.","I’d make the finished set around service highlights, FAQ-style education, and a clear next-step CTA. You receive the words + graphics ready to copy, post or reuse, so you do not have to design or write them yourself.","No problem. I’ll leave the sample with you. If timing changes, reply here and I can pick it back up. I won’t keep chasing you.","Hi Hilton Santa Clara team — one quick follow-up on the private hotel, meetings and events sample I attached. If you want me to finish the full $100 set, reply YES. If not, no worries and I won’t follow up again.

– Anastaysia","Hi — I made a private hotel, meetings and events sample for Hilton Santa Clara, but the public email I tried bounced. What business email should I send the preview to?

– Anastaysia","Thanks — payment is confirmed. I’m building the Hilton Santa Clara package around service highlights, FAQ-style education, and a clear next-step CTA. I’ll send the finished files in this email thread when they’re ready.

– Anastaysia","Hi Hilton Santa Clara team — your finished $100 content package is ready. I’ve organized the posts, graphics, follow-up copy, review/message replies and CTAs so they’re easy to reuse. If you want a different service emphasized in a future set, reply here.

– Anastaysia",New,,,
V6,43,86,Holiday Inn Express Santa Clara,"Santa Clara, CA",Hotel and group travel,83,Priority-ranked; timing is not guaranteed,agm.hiesantaclara@engagehospitality.com,https://www.ihg.com/,408-241-0100,https://www.ihg.com/,2026-09-15,Current official IHG property contact publishes the Santa Clara location and the current Engage Hospitality inbox; older Chamber email was not retained.,hotel and group travel,"The Santa Clara hotel has a location-specific stay and group-travel path; local-area, meeting and booking-prep content can make the property easier to evaluate.","The Santa Clara hotel has a location-specific stay and group-travel path; local-area, meeting and booking-prep content can make the property easier to evaluate. The $100 package is useful here because it turns those existing services into clear, reusable customer-facing content without requiring the business to write or design the pieces itself.",Made this hotel and group travel preview for Holiday Inn Express Santa Clara,"Hi Holiday Inn Express Santa Clara team,

I came across your business and noticed the Santa Clara hotel has a location-specific stay and group-travel path; local-area, meeting and booking-prep content can make the property easier to evaluate. I made the attached private preview specifically around that part of the business.

If you like the direction, the full package is $100 one time. It includes 10 ready-to-post business posts, custom graphics, customer follow-up messages, review/customer-message replies, stronger calls-to-action, and content organized around your real services. Everything is delivered ready to use; there’s no subscription or contract.

For Holiday Inn Express Santa Clara, I’d start with service highlights, FAQ-style education, and a clear next-step CTA.

You can choose whatever is easiest:
1. Reply YES and I’ll finish the $100 package.
2. Ask me anything first.
3. If you already know you want it, you can use the PayPal invoice here: https://www.paypal.com/invoice/p/#7T6DC9A6WFH3XXCT

If it isn’t useful, that’s completely fine — reply “no thanks” and I won’t follow up again.

Thanks,
Anastaysia",043-v6-holiday-inn-express-santa-clara.jpg,043-v6-holiday-inn-express-santa-clara.eml,"Absolutely — I can finish the full hotel and group travel content package for Holiday Inn Express Santa Clara. It’s $100 one time, with no subscription or contract. PayPal invoice: https://www.paypal.com/invoice/p/#7T6DC9A6WFH3XXCT

Once payment is confirmed, I’ll build the complete set around service highlights, FAQ-style education, and a clear next-step CTA unless you want me to prioritize something else.

– Anastaysia","It’s $100 total, one time — not per post and not monthly. You keep the 10 posts, custom graphics, customer follow-up messages, review/message replies and CTA copy.","The attached sample was made specifically for Holiday Inn Express Santa Clara around hotel and group travel. That is the direction I’d use for the finished set, and I’ll keep every piece tied to the actual services rather than generic filler.","I’d make the finished set around service highlights, FAQ-style education, and a clear next-step CTA. You receive the words + graphics ready to copy, post or reuse, so you do not have to design or write them yourself.","No problem. I’ll leave the sample with you. If timing changes, reply here and I can pick it back up. I won’t keep chasing you.","Hi Holiday Inn Express Santa Clara team — one quick follow-up on the private hotel and group travel sample I attached. If you want me to finish the full $100 set, reply YES. If not, no worries and I won’t follow up again.

– Anastaysia","Hi — I made a private hotel and group travel sample for Holiday Inn Express Santa Clara, but the public email I tried bounced. What business email should I send the preview to?

– Anastaysia","Thanks — payment is confirmed. I’m building the Holiday Inn Express Santa Clara package around service highlights, FAQ-style education, and a clear next-step CTA. I’ll send the finished files in this email thread when they’re ready.

– Anastaysia","Hi Holiday Inn Express Santa Clara team — your finished $100 content package is ready. I’ve organized the posts, graphics, follow-up copy, review/message replies and CTAs so they’re easy to reuse. If you want a different service emphasized in a future set, reply here.

– Anastaysia",New,,,
V6,44,88,Illusive Comics & Games,"Santa Clara, CA","Comic and game retail, events",83,Priority-ranked; timing is not guaranteed,anna@illusivecomics.com,https://illusivecomics.com/,408-985-7481,https://illusivecomics.com/,2026-09-15,Current owned site is active with 2026 products/events; current Chamber evidence publishes the business-intended Anna inbox and Santa Clara location.,"comic and game retail, events","Illusive combines comics, games, collectibles and in-store events; beginner guides, event previews and product-discovery content can turn a broad catalog into clearer customer paths.","Illusive combines comics, games, collectibles and in-store events; beginner guides, event previews and product-discovery content can turn a broad catalog into clearer customer paths. The $100 package is useful here because it turns those existing services into clear, reusable customer-facing content without requiring the business to write or design the pieces itself.","Made this comic and game retail, events preview for Illusive Comics & Games","Hi Illusive Comics & Games team,

I came across your business and noticed illusive combines comics, games, collectibles and in-store events; beginner guides, event previews and product-discovery content can turn a broad catalog into clearer customer paths. I made the attached private preview specifically around that part of the business.

If you like the direction, the full package is $100 one time. It includes 10 ready-to-post business posts, custom graphics, customer follow-up messages, review/customer-message replies, stronger calls-to-action, and content organized around your real services. Everything is delivered ready to use; there’s no subscription or contract.

For Illusive Comics & Games, I’d start with service highlights, FAQ-style education, and a clear next-step CTA.

You can choose whatever is easiest:
1. Reply YES and I’ll finish the $100 package.
2. Ask me anything first.
3. If you already know you want it, you can use the PayPal invoice here: https://www.paypal.com/invoice/p/#7T6DC9A6WFH3XXCT

If it isn’t useful, that’s completely fine — reply “no thanks” and I won’t follow up again.

Thanks,
Anastaysia",044-v6-illusive-comics-games.jpg,044-v6-illusive-comics-games.eml,"Absolutely — I can finish the full comic and game retail, events content package for Illusive Comics & Games. It’s $100 one time, with no subscription or contract. PayPal invoice: https://www.paypal.com/invoice/p/#7T6DC9A6WFH3XXCT

Once payment is confirmed, I’ll build the complete set around service highlights, FAQ-style education, and a clear next-step CTA unless you want me to prioritize something else.

– Anastaysia","It’s $100 total, one time — not per post and not monthly. You keep the 10 posts, custom graphics, customer follow-up messages, review/message replies and CTA copy.","The attached sample was made specifically for Illusive Comics & Games around comic and game retail, events. That is the direction I’d use for the finished set, and I’ll keep every piece tied to the actual services rather than generic filler.","I’d make the finished set around service highlights, FAQ-style education, and a clear next-step CTA. You receive the words + graphics ready to copy, post or reuse, so you do not have to design or write them yourself.","No problem. I’ll leave the sample with you. If timing changes, reply here and I can pick it back up. I won’t keep chasing you.","Hi Illusive Comics & Games team — one quick follow-up on the private comic and game retail, events sample I attached. If you want me to finish the full $100 set, reply YES. If not, no worries and I won’t follow up again.

– Anastaysia","Hi — I made a private comic and game retail, events sample for Illusive Comics & Games, but the public email I tried bounced. What business email should I send the preview to?

– Anastaysia","Thanks — payment is confirmed. I’m building the Illusive Comics & Games package around service highlights, FAQ-style education, and a clear next-step CTA. I’ll send the finished files in this email thread when they’re ready.

– Anastaysia","Hi Illusive Comics & Games team — your finished $100 content package is ready. I’ve organized the posts, graphics, follow-up copy, review/message replies and CTAs so they’re easy to reuse. If you want a different service emphasized in a future set, reply here.

– Anastaysia",New,,,
V6,45,90,Kijero LLC,"Morgan Hill, CA",IT hardware and B2B procurement,83,Priority-ranked; timing is not guaranteed,marketing@kijero.com,https://kijero.com/,669-244-0333,https://kijero.com/contact,2026-09-13,"Official contact page lists Morgan Hill address plus marketing@kijero.com for Commercial; official site copyright is 2026 and presents federal, commercial, volume-order and quote channels.",it hardware and b2b procurement,"The site separates commercial and federal sales, offers volume-order support and a quick-quote workflow; a plain-English product/procurement content pack can make those buying paths easier to understand.","The site separates commercial and federal sales, offers volume-order support and a quick-quote workflow; a plain-English product/procurement content pack can make those buying paths easier to understand. The $100 package is useful here because it turns those existing services into clear, reusable customer-facing content without requiring the business to write or design the pieces itself.",Made this it hardware and b2b procurement preview for Kijero LLC,"Hi Kijero LLC team,

I came across your business and noticed the site separates commercial and federal sales, offers volume-order support and a quick-quote workflow; a plain-English product/procurement content pack can make those buying paths easier to understand. I made the attached private preview specifically around that part of the business.

If you like the direction, the full package is $100 one time. It includes 10 ready-to-post business posts, custom graphics, customer follow-up messages, review/customer-message replies, stronger calls-to-action, and content organized around your real services. Everything is delivered ready to use; there’s no subscription or contract.

For Kijero LLC, I’d start with service highlights, FAQ-style education, and a clear next-step CTA.

You can choose whatever is easiest:
1. Reply YES and I’ll finish the $100 package.
2. Ask me anything first.
3. If you already know you want it, you can use the PayPal invoice here: https://www.paypal.com/invoice/p/#7T6DC9A6WFH3XXCT

If it isn’t useful, that’s completely fine — reply “no thanks” and I won’t follow up again.

Thanks,
Anastaysia",045-v6-kijero-llc.jpg,045-v6-kijero-llc.eml,"Absolutely — I can finish the full it hardware and b2b procurement content package for Kijero LLC. It’s $100 one time, with no subscription or contract. PayPal invoice: https://www.paypal.com/invoice/p/#7T6DC9A6WFH3XXCT

Once payment is confirmed, I’ll build the complete set around service highlights, FAQ-style education, and a clear next-step CTA unless you want me to prioritize something else.

– Anastaysia","It’s $100 total, one time — not per post and not monthly. You keep the 10 posts, custom graphics, customer follow-up messages, review/message replies and CTA copy.","The attached sample was made specifically for Kijero LLC around it hardware and b2b procurement. That is the direction I’d use for the finished set, and I’ll keep every piece tied to the actual services rather than generic filler.","I’d make the finished set around service highlights, FAQ-style education, and a clear next-step CTA. You receive the words + graphics ready to copy, post or reuse, so you do not have to design or write them yourself.","No problem. I’ll leave the sample with you. If timing changes, reply here and I can pick it back up. I won’t keep chasing you.","Hi Kijero LLC team — one quick follow-up on the private it hardware and b2b procurement sample I attached. If you want me to finish the full $100 set, reply YES. If not, no worries and I won’t follow up again.

– Anastaysia","Hi — I made a private it hardware and b2b procurement sample for Kijero LLC, but the public email I tried bounced. What business email should I send the preview to?

– Anastaysia","Thanks — payment is confirmed. I’m building the Kijero LLC package around service highlights, FAQ-style education, and a clear next-step CTA. I’ll send the finished files in this email thread when they’re ready.

– Anastaysia","Hi Kijero LLC team — your finished $100 content package is ready. I’ve organized the posts, graphics, follow-up copy, review/message replies and CTAs so they’re easy to reuse. If you want a different service emphasized in a future set, reply here.

– Anastaysia",New,,,
V6,46,92,La Patisserie Cupertino,"Cupertino, CA",Bakery and custom cakes,83,Priority-ranked; timing is not guaranteed,cakes@lapatisserie.net,https://lapatisserie.net/,408-446-4744,https://lapatisserie.net/,2026-09-15,,bakery and custom cakes,"La Patisserie sells custom cakes and bakery products through occasion-driven purchases; cake-selection, ordering timeline and event content.","La Patisserie sells custom cakes and bakery products through occasion-driven purchases; cake-selection, ordering timeline and event content. The $100 package is useful here because it turns those existing services into clear, reusable customer-facing content without requiring the business to write or design the pieces itself.",Made this bakery and custom cakes preview for La Patisserie Cupertino,"Hi La Patisserie Cupertino team,

I came across your business and noticed la Patisserie sells custom cakes and bakery products through occasion-driven purchases; cake-selection, ordering timeline and event content. I made the attached private preview specifically around that part of the business.

If you like the direction, the full package is $100 one time. It includes 10 ready-to-post business posts, custom graphics, customer follow-up messages, review/customer-message replies, stronger calls-to-action, and content organized around your real services. Everything is delivered ready to use; there’s no subscription or contract.

For La Patisserie Cupertino, I’d start with menu/service highlights, event or ordering guidance, and local customer CTAs.

You can choose whatever is easiest:
1. Reply YES and I’ll finish the $100 package.
2. Ask me anything first.
3. If you already know you want it, you can use the PayPal invoice here: https://www.paypal.com/invoice/p/#7T6DC9A6WFH3XXCT

If it isn’t useful, that’s completely fine — reply “no thanks” and I won’t follow up again.

Thanks,
Anastaysia",046-v6-la-patisserie-cupertino.jpg,046-v6-la-patisserie-cupertino.eml,"Absolutely — I can finish the full bakery and custom cakes content package for La Patisserie Cupertino. It’s $100 one time, with no subscription or contract. PayPal invoice: https://www.paypal.com/invoice/p/#7T6DC9A6WFH3XXCT

Once payment is confirmed, I’ll build the complete set around menu/service highlights, event or ordering guidance, and local customer CTAs unless you want me to prioritize something else.

– Anastaysia","It’s $100 total, one time — not per post and not monthly. You keep the 10 posts, custom graphics, customer follow-up messages, review/message replies and CTA copy.","The attached sample was made specifically for La Patisserie Cupertino around bakery and custom cakes. That is the direction I’d use for the finished set, and I’ll keep every piece tied to the actual services rather than generic filler.","I’d make the finished set around menu/service highlights, event or ordering guidance, and local customer CTAs. You receive the words + graphics ready to copy, post or reuse, so you do not have to design or write them yourself.","No problem. I’ll leave the sample with you. If timing changes, reply here and I can pick it back up. I won’t keep chasing you.","Hi La Patisserie Cupertino team — one quick follow-up on the private bakery and custom cakes sample I attached. If you want me to finish the full $100 set, reply YES. If not, no worries and I won’t follow up again.

– Anastaysia","Hi — I made a private bakery and custom cakes sample for La Patisserie Cupertino, but the public email I tried bounced. What business email should I send the preview to?

– Anastaysia","Thanks — payment is confirmed. I’m building the La Patisserie Cupertino package around menu/service highlights, event or ordering guidance, and local customer CTAs. I’ll send the finished files in this email thread when they’re ready.

– Anastaysia","Hi La Patisserie Cupertino team — your finished $100 content package is ready. I’ve organized the posts, graphics, follow-up copy, review/message replies and CTAs so they’re easy to reuse. If you want a different service emphasized in a future set, reply here.

– Anastaysia",New,,,
V6,47,94,"Larry S. Kent, Inc. dba Kent Construction","Gilroy, CA",General Building,83,Priority-ranked; timing is not guaranteed,lkent@kentconstruction.com,,,https://www.cusdk8.org/fs/resource-manager/view/ce90e6dd-ad5b-4546-8e73-3f3e726a2b0a,2026-09-13,Accepted in the canonical seed gate from the current 2026 contractor source; public business email retained exactly as published.,general building,"The current contractor source lists Larry S. Kent, Inc. dba Kent Construction in Gilroy, CA for General Building; a concise capability and project-readiness content set can help prospective buyers understand what the business handles before an inquiry.","The current contractor source lists Larry S. Kent, Inc. dba Kent Construction in Gilroy, CA for General Building; a concise capability and project-readiness content set can help prospective buyers understand what the business handles before an inquiry. The $100 package is useful here because it turns those existing services into clear, reusable customer-facing content without requiring the business to write or design the pieces itself.","Made this general building preview for Larry S. Kent, Inc. dba Kent Construction","Hi Larry S. Kent, Inc. dba Kent Construction team,

I came across your business and noticed the current contractor source lists Larry S. Kent, Inc. dba Kent Construction in Gilroy, CA for General Building; a concise capability and project-readiness content set can help prospective buyers understand what the business handles before an inquiry. I made the attached private preview specifically around that part of the business.

If you like the direction, the full package is $100 one time. It includes 10 ready-to-post business posts, custom graphics, customer follow-up messages, review/customer-message replies, stronger calls-to-action, and content organized around your real services. Everything is delivered ready to use; there’s no subscription or contract.

For Larry S. Kent, Inc. dba Kent Construction, I’d start with service highlights, FAQ-style education, and a clear next-step CTA.

You can choose whatever is easiest:
1. Reply YES and I’ll finish the $100 package.
2. Ask me anything first.
3. If you already know you want it, you can use the PayPal invoice here: https://www.paypal.com/invoice/p/#7T6DC9A6WFH3XXCT

If it isn’t useful, that’s completely fine — reply “no thanks” and I won’t follow up again.

Thanks,
Anastaysia",047-v6-larry-s-kent-inc-dba-kent-construction.jpg,047-v6-larry-s-kent-inc-dba-kent-construction.eml,"Absolutely — I can finish the full general building content package for Larry S. Kent, Inc. dba Kent Construction. It’s $100 one time, with no subscription or contract. PayPal invoice: https://www.paypal.com/invoice/p/#7T6DC9A6WFH3XXCT

Once payment is confirmed, I’ll build the complete set around service highlights, FAQ-style education, and a clear next-step CTA unless you want me to prioritize something else.

– Anastaysia","It’s $100 total, one time — not per post and not monthly. You keep the 10 posts, custom graphics, customer follow-up messages, review/message replies and CTA copy.","The attached sample was made specifically for Larry S. Kent, Inc. dba Kent Construction around general building. That is the direction I’d use for the finished set, and I’ll keep every piece tied to the actual services rather than generic filler.","I’d make the finished set around service highlights, FAQ-style education, and a clear next-step CTA. You receive the words + graphics ready to copy, post or reuse, so you do not have to design or write them yourself.","No problem. I’ll leave the sample with you. If timing changes, reply here and I can pick it back up. I won’t keep chasing you.","Hi Larry S. Kent, Inc. dba Kent Construction team — one quick follow-up on the private general building sample I attached. If you want me to finish the full $100 set, reply YES. If not, no worries and I won’t follow up again.

– Anastaysia","Hi — I made a private general building sample for Larry S. Kent, Inc. dba Kent Construction, but the public email I tried bounced. What business email should I send the preview to?

– Anastaysia","Thanks — payment is confirmed. I’m building the Larry S. Kent, Inc. dba Kent Construction package around service highlights, FAQ-style education, and a clear next-step CTA. I’ll send the finished files in this email thread when they’re ready.

– Anastaysia","Hi Larry S. Kent, Inc. dba Kent Construction team — your finished $100 content package is ready. I’ve organized the posts, graphics, follow-up copy, review/message replies and CTAs so they’re easy to reuse. If you want a different service emphasized in a future set, reply here.

– Anastaysia",New,,,
V6,48,96,Mainstream Boutique Morgan Hill,"Morgan Hill, CA",Women's boutique and styling,83,Priority-ranked; timing is not guaranteed,morganhill@mainstreamboutique.com,https://mainstreamboutiquemorganhill.com/,408-612-8594,https://mainstreamboutique.com/pages/morganhill,2026-09-15,"Current official location page lists 1049 Cochrane Rd Suite 100, owner Karen France, location email/phone and current store services.",women's boutique and styling,"The locally owned Morgan Hill boutique offers styling, private shopping parties and closet audits in addition to retail; service and event content can highlight those local paths.","The locally owned Morgan Hill boutique offers styling, private shopping parties and closet audits in addition to retail; service and event content can highlight those local paths. The $100 package is useful here because it turns those existing services into clear, reusable customer-facing content without requiring the business to write or design the pieces itself.",Made this women's boutique and styling preview for Mainstream Boutique Morgan Hill,"Hi Mainstream Boutique Morgan Hill team,

I came across your business and noticed the locally owned Morgan Hill boutique offers styling, private shopping parties and closet audits in addition to retail; service and event content can highlight those local paths. I made the attached private preview specifically around that part of the business.

If you like the direction, the full package is $100 one time. It includes 10 ready-to-post business posts, custom graphics, customer follow-up messages, review/customer-message replies, stronger calls-to-action, and content organized around your real services. Everything is delivered ready to use; there’s no subscription or contract.

For Mainstream Boutique Morgan Hill, I’d start with service highlights, FAQ-style education, and a clear next-step CTA.

You can choose whatever is easiest:
1. Reply YES and I’ll finish the $100 package.
2. Ask me anything first.
3. If you already know you want it, you can use the PayPal invoice here: https://www.paypal.com/invoice/p/#7T6DC9A6WFH3XXCT

If it isn’t useful, that’s completely fine — reply “no thanks” and I won’t follow up again.

Thanks,
Anastaysia",048-v6-mainstream-boutique-morgan-hill.jpg,048-v6-mainstream-boutique-morgan-hill.eml,"Absolutely — I can finish the full women's boutique and styling content package for Mainstream Boutique Morgan Hill. It’s $100 one time, with no subscription or contract. PayPal invoice: https://www.paypal.com/invoice/p/#7T6DC9A6WFH3XXCT

Once payment is confirmed, I’ll build the complete set around service highlights, FAQ-style education, and a clear next-step CTA unless you want me to prioritize something else.

– Anastaysia","It’s $100 total, one time — not per post and not monthly. You keep the 10 posts, custom graphics, customer follow-up messages, review/message replies and CTA copy.","The attached sample was made specifically for Mainstream Boutique Morgan Hill around women's boutique and styling. That is the direction I’d use for the finished set, and I’ll keep every piece tied to the actual services rather than generic filler.","I’d make the finished set around service highlights, FAQ-style education, and a clear next-step CTA. You receive the words + graphics ready to copy, post or reuse, so you do not have to design or write them yourself.","No problem. I’ll leave the sample with you. If timing changes, reply here and I can pick it back up. I won’t keep chasing you.","Hi Mainstream Boutique Morgan Hill team — one quick follow-up on the private women's boutique and styling sample I attached. If you want me to finish the full $100 set, reply YES. If not, no worries and I won’t follow up again.

– Anastaysia","Hi — I made a private women's boutique and styling sample for Mainstream Boutique Morgan Hill, but the public email I tried bounced. What business email should I send the preview to?

– Anastaysia","Thanks — payment is confirmed. I’m building the Mainstream Boutique Morgan Hill package around service highlights, FAQ-style education, and a clear next-step CTA. I’ll send the finished files in this email thread when they’re ready.

– Anastaysia","Hi Mainstream Boutique Morgan Hill team — your finished $100 content package is ready. I’ve organized the posts, graphics, follow-up copy, review/message replies and CTAs so they’re easy to reuse. If you want a different service emphasized in a future set, reply here.

– Anastaysia",New,,,
V6,49,98,Mirapath,"Cupertino, CA",Data center and IT infrastructure,83,Priority-ranked; timing is not guaranteed,solutions@mirapath.com,https://mirapath.com/,877-647-2728,https://mirapath.com/,2026-09-15,,data center and it infrastructure,"Mirapath publishes AI-ready data-center, infrastructure and lifecycle services; solution-comparison and project-readiness content can clarify.","Mirapath publishes AI-ready data-center, infrastructure and lifecycle services; solution-comparison and project-readiness content can clarify. The $100 package is useful here because it turns those existing services into clear, reusable customer-facing content without requiring the business to write or design the pieces itself.",Made this data center and it infrastructure preview for Mirapath,"Hi Mirapath team,

I came across your business and noticed mirapath publishes AI-ready data-center, infrastructure and lifecycle services; solution-comparison and project-readiness content can clarify. I made the attached private preview specifically around that part of the business.

If you like the direction, the full package is $100 one time. It includes 10 ready-to-post business posts, custom graphics, customer follow-up messages, review/customer-message replies, stronger calls-to-action, and content organized around your real services. Everything is delivered ready to use; there’s no subscription or contract.

For Mirapath, I’d start with service highlights, FAQ-style education, and a clear next-step CTA.

You can choose whatever is easiest:
1. Reply YES and I’ll finish the $100 package.
2. Ask me anything first.
3. If you already know you want it, you can use the PayPal invoice here: https://www.paypal.com/invoice/p/#7T6DC9A6WFH3XXCT

If it isn’t useful, that’s completely fine — reply “no thanks” and I won’t follow up again.

Thanks,
Anastaysia",049-v6-mirapath.jpg,049-v6-mirapath.eml,"Absolutely — I can finish the full data center and it infrastructure content package for Mirapath. It’s $100 one time, with no subscription or contract. PayPal invoice: https://www.paypal.com/invoice/p/#7T6DC9A6WFH3XXCT

Once payment is confirmed, I’ll build the complete set around service highlights, FAQ-style education, and a clear next-step CTA unless you want me to prioritize something else.

– Anastaysia","It’s $100 total, one time — not per post and not monthly. You keep the 10 posts, custom graphics, customer follow-up messages, review/message replies and CTA copy.","The attached sample was made specifically for Mirapath around data center and it infrastructure. That is the direction I’d use for the finished set, and I’ll keep every piece tied to the actual services rather than generic filler.","I’d make the finished set around service highlights, FAQ-style education, and a clear next-step CTA. You receive the words + graphics ready to copy, post or reuse, so you do not have to design or write them yourself.","No problem. I’ll leave the sample with you. If timing changes, reply here and I can pick it back up. I won’t keep chasing you.","Hi Mirapath team — one quick follow-up on the private data center and it infrastructure sample I attached. If you want me to finish the full $100 set, reply YES. If not, no worries and I won’t follow up again.

– Anastaysia","Hi — I made a private data center and it infrastructure sample for Mirapath, but the public email I tried bounced. What business email should I send the preview to?

– Anastaysia","Thanks — payment is confirmed. I’m building the Mirapath package around service highlights, FAQ-style education, and a clear next-step CTA. I’ll send the finished files in this email thread when they’re ready.

– Anastaysia","Hi Mirapath team — your finished $100 content package is ready. I’ve organized the posts, graphics, follow-up copy, review/message replies and CTAs so they’re easy to reuse. If you want a different service emphasized in a future set, reply here.

– Anastaysia",New,,,
V6,50,100,Pacific Ballet Academy,"Mountain View, CA",Ballet school and performances,83,Priority-ranked; timing is not guaranteed,director@pacificballet.org,https://www.pacificballet.org/,650-969-4614,https://www.pacificballet.org/,2026-09-15,,ballet school and performances,"Pacific Ballet Academy publishes classes, trials and 2026 performance activity; level-selection, first-class and performance-preview content.","Pacific Ballet Academy publishes classes, trials and 2026 performance activity; level-selection, first-class and performance-preview content. The $100 package is useful here because it turns those existing services into clear, reusable customer-facing content without requiring the business to write or design the pieces itself.",Made this ballet school and performances preview for Pacific Ballet Academy,"Hi Pacific Ballet Academy team,

I came across your business and noticed pacific Ballet Academy publishes classes, trials and 2026 performance activity; level-selection, first-class and performance-preview content. I made the attached private preview specifically around that part of the business.

If you like the direction, the full package is $100 one time. It includes 10 ready-to-post business posts, custom graphics, customer follow-up messages, review/customer-message replies, stronger calls-to-action, and content organized around your real services. Everything is delivered ready to use; there’s no subscription or contract.

For Pacific Ballet Academy, I’d start with service highlights, FAQ-style education, and a clear next-step CTA.

You can choose whatever is easiest:
1. Reply YES and I’ll finish the $100 package.
2. Ask me anything first.
3. If you already know you want it, you can use the PayPal invoice here: https://www.paypal.com/invoice/p/#7T6DC9A6WFH3XXCT

If it isn’t useful, that’s completely fine — reply “no thanks” and I won’t follow up again.

Thanks,
Anastaysia",050-v6-pacific-ballet-academy.jpg,050-v6-pacific-ballet-academy.eml,"Absolutely — I can finish the full ballet school and performances content package for Pacific Ballet Academy. It’s $100 one time, with no subscription or contract. PayPal invoice: https://www.paypal.com/invoice/p/#7T6DC9A6WFH3XXCT

Once payment is confirmed, I’ll build the complete set around service highlights, FAQ-style education, and a clear next-step CTA unless you want me to prioritize something else.

– Anastaysia","It’s $100 total, one time — not per post and not monthly. You keep the 10 posts, custom graphics, customer follow-up messages, review/message replies and CTA copy.","The attached sample was made specifically for Pacific Ballet Academy around ballet school and performances. That is the direction I’d use for the finished set, and I’ll keep every piece tied to the actual services rather than generic filler.","I’d make the finished set around service highlights, FAQ-style education, and a clear next-step CTA. You receive the words + graphics ready to copy, post or reuse, so you do not have to design or write them yourself.","No problem. I’ll leave the sample with you. If timing changes, reply here and I can pick it back up. I won’t keep chasing you.","Hi Pacific Ballet Academy team — one quick follow-up on the private ballet school and performances sample I attached. If you want me to finish the full $100 set, reply YES. If not, no worries and I won’t follow up again.

– Anastaysia","Hi — I made a private ballet school and performances sample for Pacific Ballet Academy, but the public email I tried bounced. What business email should I send the preview to?

– Anastaysia","Thanks — payment is confirmed. I’m building the Pacific Ballet Academy package around service highlights, FAQ-style education, and a clear next-step CTA. I’ll send the finished files in this email thread when they’re ready.

– Anastaysia","Hi Pacific Ballet Academy team — your finished $100 content package is ready. I’ve organized the posts, graphics, follow-up copy, review/message replies and CTAs so they’re easy to reuse. If you want a different service emphasized in a future set, reply here.

– Anastaysia",New,,,
V6,51,102,Preligen Artisan Bakery,San Jose CA,Artisan bakery and event catering,83,Priority-ranked; timing is not guaranteed,preligen@preligen.com,https://preligen.com/,669-287-9316,https://preligen.com/catering,2026-09-13,"Official catering and contact pages were published in 2026 and list the San Jose bakery, preligen@preligen.com, catering delivery terms and recurring-order options.",artisan bakery and event catering,"Preligen launched a 2026 catering page for French pastries, corporate meetings and special events, with delivery minimums and recurring-order terms that are ideal for simple buyer-facing content.","Preligen launched a 2026 catering page for French pastries, corporate meetings and special events, with delivery minimums and recurring-order terms that are ideal for simple buyer-facing content. The $100 package is useful here because it turns those existing services into clear, reusable customer-facing content without requiring the business to write or design the pieces itself.",Made this artisan bakery and event catering preview for Preligen Artisan Bakery,"Hi Preligen Artisan Bakery team,

I came across your business and noticed preligen launched a 2026 catering page for French pastries, corporate meetings and special events, with delivery minimums and recurring-order terms that are ideal for simple buyer-facing content. I made the attached private preview specifically around that part of the business.

If you like the direction, the full package is $100 one time. It includes 10 ready-to-post business posts, custom graphics, customer follow-up messages, review/customer-message replies, stronger calls-to-action, and content organized around your real services. Everything is delivered ready to use; there’s no subscription or contract.

For Preligen Artisan Bakery, I’d start with menu/service highlights, event or ordering guidance, and local customer CTAs.

You can choose whatever is easiest:
1. Reply YES and I’ll finish the $100 package.
2. Ask me anything first.
3. If you already know you want it, you can use the PayPal invoice here: https://www.paypal.com/invoice/p/#7T6DC9A6WFH3XXCT

If it isn’t useful, that’s completely fine — reply “no thanks” and I won’t follow up again.

Thanks,
Anastaysia",051-v6-preligen-artisan-bakery.jpg,051-v6-preligen-artisan-bakery.eml,"Absolutely — I can finish the full artisan bakery and event catering content package for Preligen Artisan Bakery. It’s $100 one time, with no subscription or contract. PayPal invoice: https://www.paypal.com/invoice/p/#7T6DC9A6WFH3XXCT

Once payment is confirmed, I’ll build the complete set around menu/service highlights, event or ordering guidance, and local customer CTAs unless you want me to prioritize something else.

– Anastaysia","It’s $100 total, one time — not per post and not monthly. You keep the 10 posts, custom graphics, customer follow-up messages, review/message replies and CTA copy.","The attached sample was made specifically for Preligen Artisan Bakery around artisan bakery and event catering. That is the direction I’d use for the finished set, and I’ll keep every piece tied to the actual services rather than generic filler.","I’d make the finished set around menu/service highlights, event or ordering guidance, and local customer CTAs. You receive the words + graphics ready to copy, post or reuse, so you do not have to design or write them yourself.","No problem. I’ll leave the sample with you. If timing changes, reply here and I can pick it back up. I won’t keep chasing you.","Hi Preligen Artisan Bakery team — one quick follow-up on the private artisan bakery and event catering sample I attached. If you want me to finish the full $100 set, reply YES. If not, no worries and I won’t follow up again.

– Anastaysia","Hi — I made a private artisan bakery and event catering sample for Preligen Artisan Bakery, but the public email I tried bounced. What business email should I send the preview to?

– Anastaysia","Thanks — payment is confirmed. I’m building the Preligen Artisan Bakery package around menu/service highlights, event or ordering guidance, and local customer CTAs. I’ll send the finished files in this email thread when they’re ready.

– Anastaysia","Hi Preligen Artisan Bakery team — your finished $100 content package is ready. I’ve organized the posts, graphics, follow-up copy, review/message replies and CTAs so they’re easy to reuse. If you want a different service emphasized in a future set, reply here.

– Anastaysia",New,,,
V6,52,104,Pump It Up Santa Clara,"Santa Clara, CA",Kids parties and group events,83,Priority-ranked; timing is not guaranteed,ca.santaclara@pumpitupparty.com,https://www.pumpitupparty.com/santa-clara-ca/,,https://www.pumpitupparty.com/santa-clara-ca/,2026-09-15,Current official Santa Clara location page publishes 2919 Mead Ave and the location-specific inbox.,kids parties and group events,"Pump It Up offers birthday and group-event packages; party-type, planning and first-visit content can make package selection easier for families.","Pump It Up offers birthday and group-event packages; party-type, planning and first-visit content can make package selection easier for families. The $100 package is useful here because it turns those existing services into clear, reusable customer-facing content without requiring the business to write or design the pieces itself.",Made this kids parties and group events preview for Pump It Up Santa Clara,"Hi Pump It Up Santa Clara team,

I came across your business and noticed pump It Up offers birthday and group-event packages; party-type, planning and first-visit content can make package selection easier for families. I made the attached private preview specifically around that part of the business.

If you like the direction, the full package is $100 one time. It includes 10 ready-to-post business posts, custom graphics, customer follow-up messages, review/customer-message replies, stronger calls-to-action, and content organized around your real services. Everything is delivered ready to use; there’s no subscription or contract.

For Pump It Up Santa Clara, I’d start with service highlights, FAQ-style education, and a clear next-step CTA.

You can choose whatever is easiest:
1. Reply YES and I’ll finish the $100 package.
2. Ask me anything first.
3. If you already know you want it, you can use the PayPal invoice here: https://www.paypal.com/invoice/p/#7T6DC9A6WFH3XXCT

If it isn’t useful, that’s completely fine — reply “no thanks” and I won’t follow up again.

Thanks,
Anastaysia",052-v6-pump-it-up-santa-clara.jpg,052-v6-pump-it-up-santa-clara.eml,"Absolutely — I can finish the full kids parties and group events content package for Pump It Up Santa Clara. It’s $100 one time, with no subscription or contract. PayPal invoice: https://www.paypal.com/invoice/p/#7T6DC9A6WFH3XXCT

Once payment is confirmed, I’ll build the complete set around service highlights, FAQ-style education, and a clear next-step CTA unless you want me to prioritize something else.

– Anastaysia","It’s $100 total, one time — not per post and not monthly. You keep the 10 posts, custom graphics, customer follow-up messages, review/message replies and CTA copy.","The attached sample was made specifically for Pump It Up Santa Clara around kids parties and group events. That is the direction I’d use for the finished set, and I’ll keep every piece tied to the actual services rather than generic filler.","I’d make the finished set around service highlights, FAQ-style education, and a clear next-step CTA. You receive the words + graphics ready to copy, post or reuse, so you do not have to design or write them yourself.","No problem. I’ll leave the sample with you. If timing changes, reply here and I can pick it back up. I won’t keep chasing you.","Hi Pump It Up Santa Clara team — one quick follow-up on the private kids parties and group events sample I attached. If you want me to finish the full $100 set, reply YES. If not, no worries and I won’t follow up again.

– Anastaysia","Hi — I made a private kids parties and group events sample for Pump It Up Santa Clara, but the public email I tried bounced. What business email should I send the preview to?

– Anastaysia","Thanks — payment is confirmed. I’m building the Pump It Up Santa Clara package around service highlights, FAQ-style education, and a clear next-step CTA. I’ll send the finished files in this email thread when they’re ready.

– Anastaysia","Hi Pump It Up Santa Clara team — your finished $100 content package is ready. I’ve organized the posts, graphics, follow-up copy, review/message replies and CTAs so they’re easy to reuse. If you want a different service emphasized in a future set, reply here.

– Anastaysia",New,,,
V6,53,106,Radonich Corp DBA Cal Coast Telecom,"San Jose, CA",Low Voltage,83,Priority-ranked; timing is not guaranteed,contracts@cctcom.net,,,https://www.cusdk8.org/fs/resource-manager/view/ce90e6dd-ad5b-4546-8e73-3f3e726a2b0a,2026-09-13,Accepted in the canonical seed gate from the current 2026 contractor source; public business email retained exactly as published.,low voltage,"The current contractor source lists Radonich Corp DBA Cal Coast Telecom in San Jose, CA for Low Voltage; a concise capability and project-readiness content set can help prospective buyers understand what the business handles before an inquiry.","The current contractor source lists Radonich Corp DBA Cal Coast Telecom in San Jose, CA for Low Voltage; a concise capability and project-readiness content set can help prospective buyers understand what the business handles before an inquiry. The $100 package is useful here because it turns those existing services into clear, reusable customer-facing content without requiring the business to write or design the pieces itself.",Made this low voltage preview for Radonich Corp DBA Cal Coast Telecom,"Hi Radonich Corp DBA Cal Coast Telecom team,

I came across your business and noticed the current contractor source lists Radonich Corp DBA Cal Coast Telecom in San Jose, CA for Low Voltage; a concise capability and project-readiness content set can help prospective buyers understand what the business handles before an inquiry. I made the attached private preview specifically around that part of the business.

If you like the direction, the full package is $100 one time. It includes 10 ready-to-post business posts, custom graphics, customer follow-up messages, review/customer-message replies, stronger calls-to-action, and content organized around your real services. Everything is delivered ready to use; there’s no subscription or contract.

For Radonich Corp DBA Cal Coast Telecom, I’d start with service highlights, FAQ-style education, and a clear next-step CTA.

You can choose whatever is easiest:
1. Reply YES and I’ll finish the $100 package.
2. Ask me anything first.
3. If you already know you want it, you can use the PayPal invoice here: https://www.paypal.com/invoice/p/#7T6DC9A6WFH3XXCT

If it isn’t useful, that’s completely fine — reply “no thanks” and I won’t follow up again.

Thanks,
Anastaysia",053-v6-radonich-corp-dba-cal-coast-telecom.jpg,053-v6-radonich-corp-dba-cal-coast-telecom.eml,"Absolutely — I can finish the full low voltage content package for Radonich Corp DBA Cal Coast Telecom. It’s $100 one time, with no subscription or contract. PayPal invoice: https://www.paypal.com/invoice/p/#7T6DC9A6WFH3XXCT

Once payment is confirmed, I’ll build the complete set around service highlights, FAQ-style education, and a clear next-step CTA unless you want me to prioritize something else.

– Anastaysia","It’s $100 total, one time — not per post and not monthly. You keep the 10 posts, custom graphics, customer follow-up messages, review/message replies and CTA copy.","The attached sample was made specifically for Radonich Corp DBA Cal Coast Telecom around low voltage. That is the direction I’d use for the finished set, and I’ll keep every piece tied to the actual services rather than generic filler.","I’d make the finished set around service highlights, FAQ-style education, and a clear next-step CTA. You receive the words + graphics ready to copy, post or reuse, so you do not have to design or write them yourself.","No problem. I’ll leave the sample with you. If timing changes, reply here and I can pick it back up. I won’t keep chasing you.","Hi Radonich Corp DBA Cal Coast Telecom team — one quick follow-up on the private low voltage sample I attached. If you want me to finish the full $100 set, reply YES. If not, no worries and I won’t follow up again.

– Anastaysia","Hi — I made a private low voltage sample for Radonich Corp DBA Cal Coast Telecom, but the public email I tried bounced. What business email should I send the preview to?

– Anastaysia","Thanks — payment is confirmed. I’m building the Radonich Corp DBA Cal Coast Telecom package around service highlights, FAQ-style education, and a clear next-step CTA. I’ll send the finished files in this email thread when they’re ready.

– Anastaysia","Hi Radonich Corp DBA Cal Coast Telecom team — your finished $100 content package is ready. I’ve organized the posts, graphics, follow-up copy, review/message replies and CTAs so they’re easy to reuse. If you want a different service emphasized in a future set, reply here.

– Anastaysia",New,,,
V6,54,108,RPM Productions,"San Jose / Silicon Valley, CA","DJ, photo booth and event entertainment",83,Priority-ranked; timing is not guaranteed,randy@rpmpro.com,https://rpmpro.com/,408-569-0127,https://rpmpro.com/,2026-09-16,"Current indexed owned site identifies San Jose/Silicon Valley service, public email/phone and active wedding/event services.","dj, photo booth and event entertainment","RPM combines DJ, lighting, photo booth and planning support for weddings and events; package-comparison and planning-timeline content can clarify booking choices.","RPM combines DJ, lighting, photo booth and planning support for weddings and events; package-comparison and planning-timeline content can clarify booking choices. The $100 package is useful here because it turns those existing services into clear, reusable customer-facing content without requiring the business to write or design the pieces itself.","Made this dj, photo booth and event entertainment preview for RPM Productions","Hi RPM Productions team,

I came across your business and noticed rPM combines DJ, lighting, photo booth and planning support for weddings and events; package-comparison and planning-timeline content can clarify booking choices. I made the attached private preview specifically around that part of the business.

If you like the direction, the full package is $100 one time. It includes 10 ready-to-post business posts, custom graphics, customer follow-up messages, review/customer-message replies, stronger calls-to-action, and content organized around your real services. Everything is delivered ready to use; there’s no subscription or contract.

For RPM Productions, I’d start with service highlights, FAQ-style education, and a clear next-step CTA.

You can choose whatever is easiest:
1. Reply YES and I’ll finish the $100 package.
2. Ask me anything first.
3. If you already know you want it, you can use the PayPal invoice here: https://www.paypal.com/invoice/p/#7T6DC9A6WFH3XXCT

If it isn’t useful, that’s completely fine — reply “no thanks” and I won’t follow up again.

Thanks,
Anastaysia",054-v6-rpm-productions.jpg,054-v6-rpm-productions.eml,"Absolutely — I can finish the full dj, photo booth and event entertainment content package for RPM Productions. It’s $100 one time, with no subscription or contract. PayPal invoice: https://www.paypal.com/invoice/p/#7T6DC9A6WFH3XXCT

Once payment is confirmed, I’ll build the complete set around service highlights, FAQ-style education, and a clear next-step CTA unless you want me to prioritize something else.

– Anastaysia","It’s $100 total, one time — not per post and not monthly. You keep the 10 posts, custom graphics, customer follow-up messages, review/message replies and CTA copy.","The attached sample was made specifically for RPM Productions around dj, photo booth and event entertainment. That is the direction I’d use for the finished set, and I’ll keep every piece tied to the actual services rather than generic filler.","I’d make the finished set around service highlights, FAQ-style education, and a clear next-step CTA. You receive the words + graphics ready to copy, post or reuse, so you do not have to design or write them yourself.","No problem. I’ll leave the sample with you. If timing changes, reply here and I can pick it back up. I won’t keep chasing you.","Hi RPM Productions team — one quick follow-up on the private dj, photo booth and event entertainment sample I attached. If you want me to finish the full $100 set, reply YES. If not, no worries and I won’t follow up again.

– Anastaysia","Hi — I made a private dj, photo booth and event entertainment sample for RPM Productions, but the public email I tried bounced. What business email should I send the preview to?

– Anastaysia","Thanks — payment is confirmed. I’m building the RPM Productions package around service highlights, FAQ-style education, and a clear next-step CTA. I’ll send the finished files in this email thread when they’re ready.

– Anastaysia","Hi RPM Productions team — your finished $100 content package is ready. I’ve organized the posts, graphics, follow-up copy, review/message replies and CTAs so they’re easy to reuse. If you want a different service emphasized in a future set, reply here.

– Anastaysia",New,,,
V6,55,110,Smart Auto Service,"Santa Clara, CA",Automotive repair and service,83,Priority-ranked; timing is not guaranteed,chenmingzhi1970@gmail.com,http://www.smart-auto-service.com,408-829-7328,https://www.svcentralchamber.com/expanded-directory/,2026-09-16,"Current local business evidence places operation on Laurelwood Rd, Santa Clara; current Chamber directory publishes exact email/site/phone.",automotive repair and service,Smart Auto Service has a current Santa Clara location and public business inbox; maintenance-vs-repair and appointment-prep content can simplify the service decision.,"Smart Auto Service has a current Santa Clara location and public business inbox; maintenance-vs-repair and appointment-prep content can simplify the service decision. The $100 package is useful here because it turns those existing services into clear, reusable customer-facing content without requiring the business to write or design the pieces itself.",Made this automotive repair and service preview for Smart Auto Service,"Hi Smart Auto Service team,

I came across your business and noticed smart Auto Service has a current Santa Clara location and public business inbox; maintenance-vs-repair and appointment-prep content can simplify the service decision. I made the attached private preview specifically around that part of the business.

If you like the direction, the full package is $100 one time. It includes 10 ready-to-post business posts, custom graphics, customer follow-up messages, review/customer-message replies, stronger calls-to-action, and content organized around your real services. Everything is delivered ready to use; there’s no subscription or contract.

For Smart Auto Service, I’d start with service comparisons, before/after project content, and estimate or booking CTAs.

You can choose whatever is easiest:
1. Reply YES and I’ll finish the $100 package.
2. Ask me anything first.
3. If you already know you want it, you can use the PayPal invoice here: https://www.paypal.com/invoice/p/#7T6DC9A6WFH3XXCT

If it isn’t useful, that’s completely fine — reply “no thanks” and I won’t follow up again.

Thanks,
Anastaysia",055-v6-smart-auto-service.jpg,055-v6-smart-auto-service.eml,"Absolutely — I can finish the full automotive repair and service content package for Smart Auto Service. It’s $100 one time, with no subscription or contract. PayPal invoice: https://www.paypal.com/invoice/p/#7T6DC9A6WFH3XXCT

Once payment is confirmed, I’ll build the complete set around service comparisons, before/after project content, and estimate or booking CTAs unless you want me to prioritize something else.

– Anastaysia","It’s $100 total, one time — not per post and not monthly. You keep the 10 posts, custom graphics, customer follow-up messages, review/message replies and CTA copy.","The attached sample was made specifically for Smart Auto Service around automotive repair and service. That is the direction I’d use for the finished set, and I’ll keep every piece tied to the actual services rather than generic filler.","I’d make the finished set around service comparisons, before/after project content, and estimate or booking CTAs. You receive the words + graphics ready to copy, post or reuse, so you do not have to design or write them yourself.","No problem. I’ll leave the sample with you. If timing changes, reply here and I can pick it back up. I won’t keep chasing you.","Hi Smart Auto Service team — one quick follow-up on the private automotive repair and service sample I attached. If you want me to finish the full $100 set, reply YES. If not, no worries and I won’t follow up again.

– Anastaysia","Hi — I made a private automotive repair and service sample for Smart Auto Service, but the public email I tried bounced. What business email should I send the preview to?

– Anastaysia","Thanks — payment is confirmed. I’m building the Smart Auto Service package around service comparisons, before/after project content, and estimate or booking CTAs. I’ll send the finished files in this email thread when they’re ready.

– Anastaysia","Hi Smart Auto Service team — your finished $100 content package is ready. I’ve organized the posts, graphics, follow-up copy, review/message replies and CTAs so they’re easy to reuse. If you want a different service emphasized in a future set, reply here.

– Anastaysia",New,,,
V6,56,112,Sushi Confidential,"Campbell / San Jose / Morgan Hill, CA","Restaurant, catering, private events and team building",83,Priority-ranked; timing is not guaranteed,catering@sushiconfidential.com,https://sushiconfidential.com/,408-766-3422,https://sushiconfidential.com/catering-from-san-jose/,2026-09-13,"Current owned catering page publishes Catering@sushiconfidential.com, catering phone 408-766-3422, 24-hour ordering guidance and South Bay locations including Campbell, San Jose and Morgan Hill.","restaurant, catering, private events and team building","Sushi Confidential operates multiple South Bay locations and separately sells catering, private events and team-building experiences; event-type and catering-decision content could expose higher-value occasions beyond everyday dining.","Sushi Confidential operates multiple South Bay locations and separately sells catering, private events and team-building experiences; event-type and catering-decision content could expose higher-value occasions beyond everyday dining. The $100 package is useful here because it turns those existing services into clear, reusable customer-facing content without requiring the business to write or design the pieces itself.","Made this restaurant, catering, private events and team building preview for Sushi Confidential","Hi Sushi Confidential team,

I came across your business and noticed sushi Confidential operates multiple South Bay locations and separately sells catering, private events and team-building experiences; event-type and catering-decision content could expose higher-value occasions beyond everyday dining. I made the attached private preview specifically around that part of the business.

If you like the direction, the full package is $100 one time. It includes 10 ready-to-post business posts, custom graphics, customer follow-up messages, review/customer-message replies, stronger calls-to-action, and content organized around your real services. Everything is delivered ready to use; there’s no subscription or contract.

For Sushi Confidential, I’d start with menu/service highlights, event or ordering guidance, and local customer CTAs.

You can choose whatever is easiest:
1. Reply YES and I’ll finish the $100 package.
2. Ask me anything first.
3. If you already know you want it, you can use the PayPal invoice here: https://www.paypal.com/invoice/p/#7T6DC9A6WFH3XXCT

If it isn’t useful, that’s completely fine — reply “no thanks” and I won’t follow up again.

Thanks,
Anastaysia",056-v6-sushi-confidential.jpg,056-v6-sushi-confidential.eml,"Absolutely — I can finish the full restaurant, catering, private events and team building content package for Sushi Confidential. It’s $100 one time, with no subscription or contract. PayPal invoice: https://www.paypal.com/invoice/p/#7T6DC9A6WFH3XXCT

Once payment is confirmed, I’ll build the complete set around menu/service highlights, event or ordering guidance, and local customer CTAs unless you want me to prioritize something else.

– Anastaysia","It’s $100 total, one time — not per post and not monthly. You keep the 10 posts, custom graphics, customer follow-up messages, review/message replies and CTA copy.","The attached sample was made specifically for Sushi Confidential around restaurant, catering, private events and team building. That is the direction I’d use for the finished set, and I’ll keep every piece tied to the actual services rather than generic filler.","I’d make the finished set around menu/service highlights, event or ordering guidance, and local customer CTAs. You receive the words + graphics ready to copy, post or reuse, so you do not have to design or write them yourself.","No problem. I’ll leave the sample with you. If timing changes, reply here and I can pick it back up. I won’t keep chasing you.","Hi Sushi Confidential team — one quick follow-up on the private restaurant, catering, private events and team building sample I attached. If you want me to finish the full $100 set, reply YES. If not, no worries and I won’t follow up again.

– Anastaysia","Hi — I made a private restaurant, catering, private events and team building sample for Sushi Confidential, but the public email I tried bounced. What business email should I send the preview to?

– Anastaysia","Thanks — payment is confirmed. I’m building the Sushi Confidential package around menu/service highlights, event or ordering guidance, and local customer CTAs. I’ll send the finished files in this email thread when they’re ready.

– Anastaysia","Hi Sushi Confidential team — your finished $100 content package is ready. I’ve organized the posts, graphics, follow-up copy, review/message replies and CTAs so they’re easy to reuse. If you want a different service emphasized in a future set, reply here.

– Anastaysia",New,,,
V6,57,114,The Cats Restaurant,"Los Gatos, CA","Restaurant, catering, private events and live music",83,Priority-ranked; timing is not guaranteed,thecats@chefcentury.com,https://www.thecatslosgatos.com/,408-354-3060,https://www.thecatslosgatos.com/contact-us/,2026-09-13,"Current owned contact page lists 17533 Santa Cruz Hwy, Los Gatos, thecats@chefcentury.com and 408-354-3060; current site publishes September 2026 live-music dates and active catering/private-event pages.","restaurant, catering, private events and live music","The Cats combines BBQ dining, catering, private-event rooms and live music; event-type, catering and reservation content can explain the venue's options while keeping alcohol ancillary rather than the campaign focus.","The Cats combines BBQ dining, catering, private-event rooms and live music; event-type, catering and reservation content can explain the venue's options while keeping alcohol ancillary rather than the campaign focus. The $100 package is useful here because it turns those existing services into clear, reusable customer-facing content without requiring the business to write or design the pieces itself.","Made this restaurant, catering, private events and live music preview for The Cats Restaurant","Hi The Cats Restaurant team,

I came across your business and noticed the Cats combines BBQ dining, catering, private-event rooms and live music; event-type, catering and reservation content can explain the venue's options while keeping alcohol ancillary rather than the campaign focus. I made the attached private preview specifically around that part of the business.

If you like the direction, the full package is $100 one time. It includes 10 ready-to-post business posts, custom graphics, customer follow-up messages, review/customer-message replies, stronger calls-to-action, and content organized around your real services. Everything is delivered ready to use; there’s no subscription or contract.

For The Cats Restaurant, I’d start with menu/service highlights, event or ordering guidance, and local customer CTAs.

You can choose whatever is easiest:
1. Reply YES and I’ll finish the $100 package.
2. Ask me anything first.
3. If you already know you want it, you can use the PayPal invoice here: https://www.paypal.com/invoice/p/#7T6DC9A6WFH3XXCT

If it isn’t useful, that’s completely fine — reply “no thanks” and I won’t follow up again.

Thanks,
Anastaysia",057-v6-the-cats-restaurant.jpg,057-v6-the-cats-restaurant.eml,"Absolutely — I can finish the full restaurant, catering, private events and live music content package for The Cats Restaurant. It’s $100 one time, with no subscription or contract. PayPal invoice: https://www.paypal.com/invoice/p/#7T6DC9A6WFH3XXCT

Once payment is confirmed, I’ll build the complete set around menu/service highlights, event or ordering guidance, and local customer CTAs unless you want me to prioritize something else.

– Anastaysia","It’s $100 total, one time — not per post and not monthly. You keep the 10 posts, custom graphics, customer follow-up messages, review/message replies and CTA copy.","The attached sample was made specifically for The Cats Restaurant around restaurant, catering, private events and live music. That is the direction I’d use for the finished set, and I’ll keep every piece tied to the actual services rather than generic filler.","I’d make the finished set around menu/service highlights, event or ordering guidance, and local customer CTAs. You receive the words + graphics ready to copy, post or reuse, so you do not have to design or write them yourself.","No problem. I’ll leave the sample with you. If timing changes, reply here and I can pick it back up. I won’t keep chasing you.","Hi The Cats Restaurant team — one quick follow-up on the private restaurant, catering, private events and live music sample I attached. If you want me to finish the full $100 set, reply YES. If not, no worries and I won’t follow up again.

– Anastaysia","Hi — I made a private restaurant, catering, private events and live music sample for The Cats Restaurant, but the public email I tried bounced. What business email should I send the preview to?

– Anastaysia","Thanks — payment is confirmed. I’m building the The Cats Restaurant package around menu/service highlights, event or ordering guidance, and local customer CTAs. I’ll send the finished files in this email thread when they’re ready.

– Anastaysia","Hi The Cats Restaurant team — your finished $100 content package is ready. I’ve organized the posts, graphics, follow-up copy, review/message replies and CTAs so they’re easy to reuse. If you want a different service emphasized in a future set, reply here.

– Anastaysia",New,,,
V6,58,116,The UPS Store #6582 San Jose,"San Jose, CA","Shipping, printing and business services",83,Priority-ranked; timing is not guaranteed,store6582@theupsstore.com,,408-474-5000,https://oag.ca.gov/fingerprints/locations?county=Santa+Clara,2026-09-16,"Current California DOJ listing publishes location-specific email, phone and San Jose address.","shipping, printing and business services","This Tasman Drive location serves business and shipping needs; project/task-based content can highlight printing, packing and administrative service paths.","This Tasman Drive location serves business and shipping needs; project/task-based content can highlight printing, packing and administrative service paths. The $100 package is useful here because it turns those existing services into clear, reusable customer-facing content without requiring the business to write or design the pieces itself.","Made this shipping, printing and business services preview for The UPS Store #6582 San Jose","Hi The UPS Store #6582 San Jose team,

I came across your business and noticed this Tasman Drive location serves business and shipping needs; project/task-based content can highlight printing, packing and administrative service paths. I made the attached private preview specifically around that part of the business.

If you like the direction, the full package is $100 one time. It includes 10 ready-to-post business posts, custom graphics, customer follow-up messages, review/customer-message replies, stronger calls-to-action, and content organized around your real services. Everything is delivered ready to use; there’s no subscription or contract.

For The UPS Store #6582 San Jose, I’d start with service highlights, FAQ-style education, and a clear next-step CTA.

You can choose whatever is easiest:
1. Reply YES and I’ll finish the $100 package.
2. Ask me anything first.
3. If you already know you want it, you can use the PayPal invoice here: https://www.paypal.com/invoice/p/#7T6DC9A6WFH3XXCT

If it isn’t useful, that’s completely fine — reply “no thanks” and I won’t follow up again.

Thanks,
Anastaysia",058-v6-the-ups-store-6582-san-jose.jpg,058-v6-the-ups-store-6582-san-jose.eml,"Absolutely — I can finish the full shipping, printing and business services content package for The UPS Store #6582 San Jose. It’s $100 one time, with no subscription or contract. PayPal invoice: https://www.paypal.com/invoice/p/#7T6DC9A6WFH3XXCT

Once payment is confirmed, I’ll build the complete set around service highlights, FAQ-style education, and a clear next-step CTA unless you want me to prioritize something else.

– Anastaysia","It’s $100 total, one time — not per post and not monthly. You keep the 10 posts, custom graphics, customer follow-up messages, review/message replies and CTA copy.","The attached sample was made specifically for The UPS Store #6582 San Jose around shipping, printing and business services. That is the direction I’d use for the finished set, and I’ll keep every piece tied to the actual services rather than generic filler.","I’d make the finished set around service highlights, FAQ-style education, and a clear next-step CTA. You receive the words + graphics ready to copy, post or reuse, so you do not have to design or write them yourself.","No problem. I’ll leave the sample with you. If timing changes, reply here and I can pick it back up. I won’t keep chasing you.","Hi The UPS Store #6582 San Jose team — one quick follow-up on the private shipping, printing and business services sample I attached. If you want me to finish the full $100 set, reply YES. If not, no worries and I won’t follow up again.

– Anastaysia","Hi — I made a private shipping, printing and business services sample for The UPS Store #6582 San Jose, but the public email I tried bounced. What business email should I send the preview to?

– Anastaysia","Thanks — payment is confirmed. I’m building the The UPS Store #6582 San Jose package around service highlights, FAQ-style education, and a clear next-step CTA. I’ll send the finished files in this email thread when they’re ready.

– Anastaysia","Hi The UPS Store #6582 San Jose team — your finished $100 content package is ready. I’ve organized the posts, graphics, follow-up copy, review/message replies and CTAs so they’re easy to reuse. If you want a different service emphasized in a future set, reply here.

– Anastaysia",New,,,
V6,59,118,Upbeat Parade Productions,"San Jose, CA","Parade production, consulting and event logistics",83,Priority-ranked; timing is not guaranteed,raypulver@upbeatparades.com,https://www.upbeatparades.com/,408-629-2520,https://www.upbeatparades.com/services,2026-09-16,Current owned 2026 site identifies San Jose headquarters and publishes raypulver@upbeatparades.com and phone.,"parade production, consulting and event logistics","Upbeat provides full parade production, consulting, logistics, participant coordination and scripts; scope and planning-stage content can clarify a specialized B2B/event service.","Upbeat provides full parade production, consulting, logistics, participant coordination and scripts; scope and planning-stage content can clarify a specialized B2B/event service. The $100 package is useful here because it turns those existing services into clear, reusable customer-facing content without requiring the business to write or design the pieces itself.","Made this parade production, consulting and event logistics preview for Upbeat Parade Productions","Hi Upbeat Parade Productions team,

I came across your business and noticed upbeat provides full parade production, consulting, logistics, participant coordination and scripts; scope and planning-stage content can clarify a specialized B2B/event service. I made the attached private preview specifically around that part of the business.

If you like the direction, the full package is $100 one time. It includes 10 ready-to-post business posts, custom graphics, customer follow-up messages, review/customer-message replies, stronger calls-to-action, and content organized around your real services. Everything is delivered ready to use; there’s no subscription or contract.

For Upbeat Parade Productions, I’d start with service highlights, FAQ-style education, and a clear next-step CTA.

You can choose whatever is easiest:
1. Reply YES and I’ll finish the $100 package.
2. Ask me anything first.
3. If you already know you want it, you can use the PayPal invoice here: https://www.paypal.com/invoice/p/#7T6DC9A6WFH3XXCT

If it isn’t useful, that’s completely fine — reply “no thanks” and I won’t follow up again.

Thanks,
Anastaysia",059-v6-upbeat-parade-productions.jpg,059-v6-upbeat-parade-productions.eml,"Absolutely — I can finish the full parade production, consulting and event logistics content package for Upbeat Parade Productions. It’s $100 one time, with no subscription or contract. PayPal invoice: https://www.paypal.com/invoice/p/#7T6DC9A6WFH3XXCT

Once payment is confirmed, I’ll build the complete set around service highlights, FAQ-style education, and a clear next-step CTA unless you want me to prioritize something else.

– Anastaysia","It’s $100 total, one time — not per post and not monthly. You keep the 10 posts, custom graphics, customer follow-up messages, review/message replies and CTA copy.","The attached sample was made specifically for Upbeat Parade Productions around parade production, consulting and event logistics. That is the direction I’d use for the finished set, and I’ll keep every piece tied to the actual services rather than generic filler.","I’d make the finished set around service highlights, FAQ-style education, and a clear next-step CTA. You receive the words + graphics ready to copy, post or reuse, so you do not have to design or write them yourself.","No problem. I’ll leave the sample with you. If timing changes, reply here and I can pick it back up. I won’t keep chasing you.","Hi Upbeat Parade Productions team — one quick follow-up on the private parade production, consulting and event logistics sample I attached. If you want me to finish the full $100 set, reply YES. If not, no worries and I won’t follow up again.

– Anastaysia","Hi — I made a private parade production, consulting and event logistics sample for Upbeat Parade Productions, but the public email I tried bounced. What business email should I send the preview to?

– Anastaysia","Thanks — payment is confirmed. I’m building the Upbeat Parade Productions package around service highlights, FAQ-style education, and a clear next-step CTA. I’ll send the finished files in this email thread when they’re ready.

– Anastaysia","Hi Upbeat Parade Productions team — your finished $100 content package is ready. I’ve organized the posts, graphics, follow-up copy, review/message replies and CTAs so they’re easy to reuse. If you want a different service emphasized in a future set, reply here.

– Anastaysia",New,,,
V6,60,120,West Coast Self-Storage Santa Clara,"Santa Clara, CA",Self storage and moving supplies,83,Priority-ranked; timing is not guaranteed,wcselfstoragesantaclara@gmail.com,https://www.westcoastselfstorage.com/self-storage/california/storage-santa-clara/,408-235-7777,https://www.westcoastselfstorage.com/self-storage/california/storage-santa-clara/,2026-09-16,Current official location page lists 2490 Lafayette St and current rental options; current Chamber directory supplies location-specific public Gmail.,self storage and moving supplies,"The Santa Clara facility offers multiple unit types, online rental, size guidance and packing supplies; size-selector and first-rental content can reduce confusion before booking.","The Santa Clara facility offers multiple unit types, online rental, size guidance and packing supplies; size-selector and first-rental content can reduce confusion before booking. The $100 package is useful here because it turns those existing services into clear, reusable customer-facing content without requiring the business to write or design the pieces itself.",Made this self storage and moving supplies preview for West Coast Self-Storage Santa Clara,"Hi West Coast Self-Storage Santa Clara team,

I came across your business and noticed the Santa Clara facility offers multiple unit types, online rental, size guidance and packing supplies; size-selector and first-rental content can reduce confusion before booking. I made the attached private preview specifically around that part of the business.

If you like the direction, the full package is $100 one time. It includes 10 ready-to-post business posts, custom graphics, customer follow-up messages, review/customer-message replies, stronger calls-to-action, and content organized around your real services. Everything is delivered ready to use; there’s no subscription or contract.

For West Coast Self-Storage Santa Clara, I’d start with before/after process content, service-selection guidance, and quote CTAs.

You can choose whatever is easiest:
1. Reply YES and I’ll finish the $100 package.
2. Ask me anything first.
3. If you already know you want it, you can use the PayPal invoice here: https://www.paypal.com/invoice/p/#7T6DC9A6WFH3XXCT

If it isn’t useful, that’s completely fine — reply “no thanks” and I won’t follow up again.

Thanks,
Anastaysia",060-v6-west-coast-self-storage-santa-clara.jpg,060-v6-west-coast-self-storage-santa-clara.eml,"Absolutely — I can finish the full self storage and moving supplies content package for West Coast Self-Storage Santa Clara. It’s $100 one time, with no subscription or contract. PayPal invoice: https://www.paypal.com/invoice/p/#7T6DC9A6WFH3XXCT

Once payment is confirmed, I’ll build the complete set around before/after process content, service-selection guidance, and quote CTAs unless you want me to prioritize something else.

– Anastaysia","It’s $100 total, one time — not per post and not monthly. You keep the 10 posts, custom graphics, customer follow-up messages, review/message replies and CTA copy.","The attached sample was made specifically for West Coast Self-Storage Santa Clara around self storage and moving supplies. That is the direction I’d use for the finished set, and I’ll keep every piece tied to the actual services rather than generic filler.","I’d make the finished set around before/after process content, service-selection guidance, and quote CTAs. You receive the words + graphics ready to copy, post or reuse, so you do not have to design or write them yourself.","No problem. I’ll leave the sample with you. If timing changes, reply here and I can pick it back up. I won’t keep chasing you.","Hi West Coast Self-Storage Santa Clara team — one quick follow-up on the private self storage and moving supplies sample I attached. If you want me to finish the full $100 set, reply YES. If not, no worries and I won’t follow up again.

– Anastaysia","Hi — I made a private self storage and moving supplies sample for West Coast Self-Storage Santa Clara, but the public email I tried bounced. What business email should I send the preview to?

– Anastaysia","Thanks — payment is confirmed. I’m building the West Coast Self-Storage Santa Clara package around before/after process content, service-selection guidance, and quote CTAs. I’ll send the finished files in this email thread when they’re ready.

– Anastaysia","Hi West Coast Self-Storage Santa Clara team — your finished $100 content package is ready. I’ve organized the posts, graphics, follow-up copy, review/message replies and CTAs so they’re easy to reuse. If you want a different service emphasized in a future set, reply here.

– Anastaysia",New,,,
V6,61,122,IKB Design & Construction,"Los Altos, CA",Interior design and construction,82,Priority-ranked; timing is not guaranteed,info@ikbinc.com,https://www.ikbinc.com/,650-941-4384,https://www.ikbinc.com/,2026-09-15,,interior design and construction,"IKB combines design and construction, allowing project-fit, process and before/after content to explain how a client moves from concept to.","IKB combines design and construction, allowing project-fit, process and before/after content to explain how a client moves from concept to. The $100 package is useful here because it turns those existing services into clear, reusable customer-facing content without requiring the business to write or design the pieces itself.",Made this interior design and construction preview for IKB Design & Construction,"Hi IKB Design & Construction team,

I came across your business and noticed iKB combines design and construction, allowing project-fit, process and before/after content to explain how a client moves from concept to. I made the attached private preview specifically around that part of the business.

If you like the direction, the full package is $100 one time. It includes 10 ready-to-post business posts, custom graphics, customer follow-up messages, review/customer-message replies, stronger calls-to-action, and content organized around your real services. Everything is delivered ready to use; there’s no subscription or contract.

For IKB Design & Construction, I’d start with service explainers, project/repair education, and estimate or consultation CTAs.

You can choose whatever is easiest:
1. Reply YES and I’ll finish the $100 package.
2. Ask me anything first.
3. If you already know you want it, you can use the PayPal invoice here: https://www.paypal.com/invoice/p/#7T6DC9A6WFH3XXCT

If it isn’t useful, that’s completely fine — reply “no thanks” and I won’t follow up again.

Thanks,
Anastaysia",061-v6-ikb-design-construction.jpg,061-v6-ikb-design-construction.eml,"Absolutely — I can finish the full interior design and construction content package for IKB Design & Construction. It’s $100 one time, with no subscription or contract. PayPal invoice: https://www.paypal.com/invoice/p/#7T6DC9A6WFH3XXCT

Once payment is confirmed, I’ll build the complete set around service explainers, project/repair education, and estimate or consultation CTAs unless you want me to prioritize something else.

– Anastaysia","It’s $100 total, one time — not per post and not monthly. You keep the 10 posts, custom graphics, customer follow-up messages, review/message replies and CTA copy.","The attached sample was made specifically for IKB Design & Construction around interior design and construction. That is the direction I’d use for the finished set, and I’ll keep every piece tied to the actual services rather than generic filler.","I’d make the finished set around service explainers, project/repair education, and estimate or consultation CTAs. You receive the words + graphics ready to copy, post or reuse, so you do not have to design or write them yourself.","No problem. I’ll leave the sample with you. If timing changes, reply here and I can pick it back up. I won’t keep chasing you.","Hi IKB Design & Construction team — one quick follow-up on the private interior design and construction sample I attached. If you want me to finish the full $100 set, reply YES. If not, no worries and I won’t follow up again.

– Anastaysia","Hi — I made a private interior design and construction sample for IKB Design & Construction, but the public email I tried bounced. What business email should I send the preview to?

– Anastaysia","Thanks — payment is confirmed. I’m building the IKB Design & Construction package around service explainers, project/repair education, and estimate or consultation CTAs. I’ll send the finished files in this email thread when they’re ready.

– Anastaysia","Hi IKB Design & Construction team — your finished $100 content package is ready. I’ve organized the posts, graphics, follow-up copy, review/message replies and CTAs so they’re easy to reuse. If you want a different service emphasized in a future set, reply here.

– Anastaysia",New,,,
V6,62,124,Campbell Landscape,"Campbell, CA",Landscape design,80,Priority-ranked; timing is not guaranteed,info@campbell-landscape.com,https://www.campbell-landscape.com/,408-497-8600,https://www.campbell-landscape.com/,pools and outdoor living,"Campbell Landscape combines landscape, pool/spa and outdoor-living design with a portfolio and consultation process; educational before/after and project-planning content can help homeowners understand scope before requesting a consultation.",landscape design,construction,"construction. The $100 package is useful here because it turns those existing services into clear, reusable customer-facing content without requiring the business to write or design the pieces itself.",Made this landscape design preview for Campbell Landscape,"Hi Campbell Landscape team,

I came across your business and noticed construction. I made the attached private preview specifically around that part of the business.

If you like the direction, the full package is $100 one time. It includes 10 ready-to-post business posts, custom graphics, customer follow-up messages, review/customer-message replies, stronger calls-to-action, and content organized around your real services. Everything is delivered ready to use; there’s no subscription or contract.

For Campbell Landscape, I’d start with before/after process content, service-selection guidance, and quote CTAs.

You can choose whatever is easiest:
1. Reply YES and I’ll finish the $100 package.
2. Ask me anything first.
3. If you already know you want it, you can use the PayPal invoice here: https://www.paypal.com/invoice/p/#7T6DC9A6WFH3XXCT

If it isn’t useful, that’s completely fine — reply “no thanks” and I won’t follow up again.

Thanks,
Anastaysia",062-v6-campbell-landscape.jpg,062-v6-campbell-landscape.eml,"Absolutely — I can finish the full landscape design content package for Campbell Landscape. It’s $100 one time, with no subscription or contract. PayPal invoice: https://www.paypal.com/invoice/p/#7T6DC9A6WFH3XXCT

Once payment is confirmed, I’ll build the complete set around before/after process content, service-selection guidance, and quote CTAs unless you want me to prioritize something else.

– Anastaysia","It’s $100 total, one time — not per post and not monthly. You keep the 10 posts, custom graphics, customer follow-up messages, review/message replies and CTA copy.","The attached sample was made specifically for Campbell Landscape around landscape design. That is the direction I’d use for the finished set, and I’ll keep every piece tied to the actual services rather than generic filler.","I’d make the finished set around before/after process content, service-selection guidance, and quote CTAs. You receive the words + graphics ready to copy, post or reuse, so you do not have to design or write them yourself.","No problem. I’ll leave the sample with you. If timing changes, reply here and I can pick it back up. I won’t keep chasing you.","Hi Campbell Landscape team — one quick follow-up on the private landscape design sample I attached. If you want me to finish the full $100 set, reply YES. If not, no worries and I won’t follow up again.

– Anastaysia","Hi — I made a private landscape design sample for Campbell Landscape, but the public email I tried bounced. What business email should I send the preview to?

– Anastaysia","Thanks — payment is confirmed. I’m building the Campbell Landscape package around before/after process content, service-selection guidance, and quote CTAs. I’ll send the finished files in this email thread when they’re ready.

– Anastaysia","Hi Campbell Landscape team — your finished $100 content package is ready. I’ve organized the posts, graphics, follow-up copy, review/message replies and CTAs so they’re easy to reuse. If you want a different service emphasized in a future set, reply here.

– Anastaysia",New,,,
V6,63,126,Daley's Drywall & Taping Inc.,"Campbell, CA","Drywall, framing, ceilings, insulation and commercial construction",80,Priority-ranked; timing is not guaranteed,info@daleysdrywall.com,https://daleysdrywall.com/,408-374-7626,https://daleysdrywall.com/contact/,2026-09-13,"Current owned contact/services pages list Campbell headquarters, public email/phone, license and active Bay Area construction services.","drywall, framing, ceilings, insulation and commercial construction","Daley's is more than a drywall installer, with metal framing, plaster, ceilings, insulation, siding, carpentry, prefab and BIM; a capability map can make that trade scope easier for general contractors and property owners to scan.","Daley's is more than a drywall installer, with metal framing, plaster, ceilings, insulation, siding, carpentry, prefab and BIM; a capability map can make that trade scope easier for general contractors and property owners to scan. The $100 package is useful here because it turns those existing services into clear, reusable customer-facing content without requiring the business to write or design the pieces itself.","Made this drywall, framing, ceilings, insulation and commercial construction preview for Daley's Drywall & Taping Inc.","Hi Daley's Drywall & Taping Inc. team,

I came across your business and noticed daley's is more than a drywall installer, with metal framing, plaster, ceilings, insulation, siding, carpentry, prefab and BIM; a capability map can make that trade scope easier for general contractors and property owners to scan. I made the attached private preview specifically around that part of the business.

If you like the direction, the full package is $100 one time. It includes 10 ready-to-post business posts, custom graphics, customer follow-up messages, review/customer-message replies, stronger calls-to-action, and content organized around your real services. Everything is delivered ready to use; there’s no subscription or contract.

For Daley's Drywall & Taping Inc., I’d start with service explainers, project/repair education, and estimate or consultation CTAs.

You can choose whatever is easiest:
1. Reply YES and I’ll finish the $100 package.
2. Ask me anything first.
3. If you already know you want it, you can use the PayPal invoice here: https://www.paypal.com/invoice/p/#7T6DC9A6WFH3XXCT

If it isn’t useful, that’s completely fine — reply “no thanks” and I won’t follow up again.

Thanks,
Anastaysia",063-v6-daley-s-drywall-taping-inc.jpg,063-v6-daley-s-drywall-taping-inc.eml,"Absolutely — I can finish the full drywall, framing, ceilings, insulation and commercial construction content package for Daley's Drywall & Taping Inc.. It’s $100 one time, with no subscription or contract. PayPal invoice: https://www.paypal.com/invoice/p/#7T6DC9A6WFH3XXCT

Once payment is confirmed, I’ll build the complete set around service explainers, project/repair education, and estimate or consultation CTAs unless you want me to prioritize something else.

– Anastaysia","It’s $100 total, one time — not per post and not monthly. You keep the 10 posts, custom graphics, customer follow-up messages, review/message replies and CTA copy.","The attached sample was made specifically for Daley's Drywall & Taping Inc. around drywall, framing, ceilings, insulation and commercial construction. That is the direction I’d use for the finished set, and I’ll keep every piece tied to the actual services rather than generic filler.","I’d make the finished set around service explainers, project/repair education, and estimate or consultation CTAs. You receive the words + graphics ready to copy, post or reuse, so you do not have to design or write them yourself.","No problem. I’ll leave the sample with you. If timing changes, reply here and I can pick it back up. I won’t keep chasing you.","Hi Daley's Drywall & Taping Inc. team — one quick follow-up on the private drywall, framing, ceilings, insulation and commercial construction sample I attached. If you want me to finish the full $100 set, reply YES. If not, no worries and I won’t follow up again.

– Anastaysia","Hi — I made a private drywall, framing, ceilings, insulation and commercial construction sample for Daley's Drywall & Taping Inc., but the public email I tried bounced. What business email should I send the preview to?

– Anastaysia","Thanks — payment is confirmed. I’m building the Daley's Drywall & Taping Inc. package around service explainers, project/repair education, and estimate or consultation CTAs. I’ll send the finished files in this email thread when they’re ready.

– Anastaysia","Hi Daley's Drywall & Taping Inc. team — your finished $100 content package is ready. I’ve organized the posts, graphics, follow-up copy, review/message replies and CTAs so they’re easy to reuse. If you want a different service emphasized in a future set, reply here.

– Anastaysia",New,,,
V6,64,128,Great West Equipment Inc.,"Gilroy, CA","Paving equipment sales, parts and service",80,Priority-ranked; timing is not guaranteed,info@greatwestequipment.com,https://greatwestequipment.com/,408-848-0885,https://greatwestequipment.com/contact-us/,2026-09-16,"Current owned contact page publishes Gilroy address, info@greatwestequipment.com and active product/service operation.","paving equipment sales, parts and service","Great West combines paving-equipment sales, parts, rentals and repair; buyer-friendly equipment-vs-service content can clarify several high-value B2B paths.","Great West combines paving-equipment sales, parts, rentals and repair; buyer-friendly equipment-vs-service content can clarify several high-value B2B paths. The $100 package is useful here because it turns those existing services into clear, reusable customer-facing content without requiring the business to write or design the pieces itself.","Made this paving equipment sales, parts and service preview for Great West Equipment Inc.","Hi Great West Equipment Inc. team,

I came across your business and noticed great West combines paving-equipment sales, parts, rentals and repair; buyer-friendly equipment-vs-service content can clarify several high-value B2B paths. I made the attached private preview specifically around that part of the business.

If you like the direction, the full package is $100 one time. It includes 10 ready-to-post business posts, custom graphics, customer follow-up messages, review/customer-message replies, stronger calls-to-action, and content organized around your real services. Everything is delivered ready to use; there’s no subscription or contract.

For Great West Equipment Inc., I’d start with service explainers, project/repair education, and estimate or consultation CTAs.

You can choose whatever is easiest:
1. Reply YES and I’ll finish the $100 package.
2. Ask me anything first.
3. If you already know you want it, you can use the PayPal invoice here: https://www.paypal.com/invoice/p/#7T6DC9A6WFH3XXCT

If it isn’t useful, that’s completely fine — reply “no thanks” and I won’t follow up again.

Thanks,
Anastaysia",064-v6-great-west-equipment-inc.jpg,064-v6-great-west-equipment-inc.eml,"Absolutely — I can finish the full paving equipment sales, parts and service content package for Great West Equipment Inc.. It’s $100 one time, with no subscription or contract. PayPal invoice: https://www.paypal.com/invoice/p/#7T6DC9A6WFH3XXCT

Once payment is confirmed, I’ll build the complete set around service explainers, project/repair education, and estimate or consultation CTAs unless you want me to prioritize something else.

– Anastaysia","It’s $100 total, one time — not per post and not monthly. You keep the 10 posts, custom graphics, customer follow-up messages, review/message replies and CTA copy.","The attached sample was made specifically for Great West Equipment Inc. around paving equipment sales, parts and service. That is the direction I’d use for the finished set, and I’ll keep every piece tied to the actual services rather than generic filler.","I’d make the finished set around service explainers, project/repair education, and estimate or consultation CTAs. You receive the words + graphics ready to copy, post or reuse, so you do not have to design or write them yourself.","No problem. I’ll leave the sample with you. If timing changes, reply here and I can pick it back up. I won’t keep chasing you.","Hi Great West Equipment Inc. team — one quick follow-up on the private paving equipment sales, parts and service sample I attached. If you want me to finish the full $100 set, reply YES. If not, no worries and I won’t follow up again.

– Anastaysia","Hi — I made a private paving equipment sales, parts and service sample for Great West Equipment Inc., but the public email I tried bounced. What business email should I send the preview to?

– Anastaysia","Thanks — payment is confirmed. I’m building the Great West Equipment Inc. package around service explainers, project/repair education, and estimate or consultation CTAs. I’ll send the finished files in this email thread when they’re ready.

– Anastaysia","Hi Great West Equipment Inc. team — your finished $100 content package is ready. I’ve organized the posts, graphics, follow-up copy, review/message replies and CTAs so they’re easy to reuse. If you want a different service emphasized in a future set, reply here.

– Anastaysia",New,,,
V6,65,130,O'Grady Paving Inc.,"Mountain View, CA",Asphalt paving and grading,80,Priority-ranked; timing is not guaranteed,estimating@ogradypaving.com,https://www.ogradypavinginc.com/,650-966-1926,https://apps.cupertino.org/details/836,2026-09-13,City of Cupertino planholder page published in 2026 lists estimating@ogradypaving.com and Mountain View address; official site is current and July 2026 San Ramon bid results show active bidding.,asphalt paving and grading,"O'Grady's current site highlights paving, grading, patching, excavation and seal coating, while 2026 bid results show active public-work bidding; maintenance-vs-replacement educational content could clarify which service buyers actually need.","O'Grady's current site highlights paving, grading, patching, excavation and seal coating, while 2026 bid results show active public-work bidding; maintenance-vs-replacement educational content could clarify which service buyers actually need. The $100 package is useful here because it turns those existing services into clear, reusable customer-facing content without requiring the business to write or design the pieces itself.",Made this asphalt paving and grading preview for O'Grady Paving Inc.,"Hi O'Grady Paving Inc. team,

I came across your business and noticed o'Grady's current site highlights paving, grading, patching, excavation and seal coating, while 2026 bid results show active public-work bidding; maintenance-vs-replacement educational content could clarify which service buyers actually need. I made the attached private preview specifically around that part of the business.

If you like the direction, the full package is $100 one time. It includes 10 ready-to-post business posts, custom graphics, customer follow-up messages, review/customer-message replies, stronger calls-to-action, and content organized around your real services. Everything is delivered ready to use; there’s no subscription or contract.

For O'Grady Paving Inc., I’d start with service explainers, project/repair education, and estimate or consultation CTAs.

You can choose whatever is easiest:
1. Reply YES and I’ll finish the $100 package.
2. Ask me anything first.
3. If you already know you want it, you can use the PayPal invoice here: https://www.paypal.com/invoice/p/#7T6DC9A6WFH3XXCT

If it isn’t useful, that’s completely fine — reply “no thanks” and I won’t follow up again.

Thanks,
Anastaysia",065-v6-o-grady-paving-inc.jpg,065-v6-o-grady-paving-inc.eml,"Absolutely — I can finish the full asphalt paving and grading content package for O'Grady Paving Inc.. It’s $100 one time, with no subscription or contract. PayPal invoice: https://www.paypal.com/invoice/p/#7T6DC9A6WFH3XXCT

Once payment is confirmed, I’ll build the complete set around service explainers, project/repair education, and estimate or consultation CTAs unless you want me to prioritize something else.

– Anastaysia","It’s $100 total, one time — not per post and not monthly. You keep the 10 posts, custom graphics, customer follow-up messages, review/message replies and CTA copy.","The attached sample was made specifically for O'Grady Paving Inc. around asphalt paving and grading. That is the direction I’d use for the finished set, and I’ll keep every piece tied to the actual services rather than generic filler.","I’d make the finished set around service explainers, project/repair education, and estimate or consultation CTAs. You receive the words + graphics ready to copy, post or reuse, so you do not have to design or write them yourself.","No problem. I’ll leave the sample with you. If timing changes, reply here and I can pick it back up. I won’t keep chasing you.","Hi O'Grady Paving Inc. team — one quick follow-up on the private asphalt paving and grading sample I attached. If you want me to finish the full $100 set, reply YES. If not, no worries and I won’t follow up again.

– Anastaysia","Hi — I made a private asphalt paving and grading sample for O'Grady Paving Inc., but the public email I tried bounced. What business email should I send the preview to?

– Anastaysia","Thanks — payment is confirmed. I’m building the O'Grady Paving Inc. package around service explainers, project/repair education, and estimate or consultation CTAs. I’ll send the finished files in this email thread when they’re ready.

– Anastaysia","Hi O'Grady Paving Inc. team — your finished $100 content package is ready. I’ve organized the posts, graphics, follow-up copy, review/message replies and CTAs so they’re easy to reuse. If you want a different service emphasized in a future set, reply here.

– Anastaysia",New,,,
V6,66,132,Ventwerx HVAC Heating & Air Conditioning,"San Jose / Morgan Hill, CA",HVAC heating and air conditioning,80,Priority-ranked; timing is not guaranteed,info@ventwerx.com,https://ventwerx.com/,408-710-9595,https://ventwerx.com/contact/,2026-09-13,"Current owned contact page lists Morgan Hill office, San Jose service area, public email/phone, license and 2026 copyright.",hvac heating and air conditioning,"Ventwerx serves San Jose and Morgan Hill from a local office; seasonal maintenance, repair-vs-replacement and homeowner FAQ content can make HVAC decisions easier without inventing emergencies.","Ventwerx serves San Jose and Morgan Hill from a local office; seasonal maintenance, repair-vs-replacement and homeowner FAQ content can make HVAC decisions easier without inventing emergencies. The $100 package is useful here because it turns those existing services into clear, reusable customer-facing content without requiring the business to write or design the pieces itself.",Made this hvac heating and air conditioning preview for Ventwerx HVAC Heating & Air Conditioning,"Hi Ventwerx HVAC Heating & Air Conditioning team,

I came across your business and noticed ventwerx serves San Jose and Morgan Hill from a local office; seasonal maintenance, repair-vs-replacement and homeowner FAQ content can make HVAC decisions easier without inventing emergencies. I made the attached private preview specifically around that part of the business.

If you like the direction, the full package is $100 one time. It includes 10 ready-to-post business posts, custom graphics, customer follow-up messages, review/customer-message replies, stronger calls-to-action, and content organized around your real services. Everything is delivered ready to use; there’s no subscription or contract.

For Ventwerx HVAC Heating & Air Conditioning, I’d start with service explainers, project/repair education, and estimate or consultation CTAs.

You can choose whatever is easiest:
1. Reply YES and I’ll finish the $100 package.
2. Ask me anything first.
3. If you already know you want it, you can use the PayPal invoice here: https://www.paypal.com/invoice/p/#7T6DC9A6WFH3XXCT

If it isn’t useful, that’s completely fine — reply “no thanks” and I won’t follow up again.

Thanks,
Anastaysia",066-v6-ventwerx-hvac-heating-air-conditioning.jpg,066-v6-ventwerx-hvac-heating-air-conditioning.eml,"Absolutely — I can finish the full hvac heating and air conditioning content package for Ventwerx HVAC Heating & Air Conditioning. It’s $100 one time, with no subscription or contract. PayPal invoice: https://www.paypal.com/invoice/p/#7T6DC9A6WFH3XXCT

Once payment is confirmed, I’ll build the complete set around service explainers, project/repair education, and estimate or consultation CTAs unless you want me to prioritize something else.

– Anastaysia","It’s $100 total, one time — not per post and not monthly. You keep the 10 posts, custom graphics, customer follow-up messages, review/message replies and CTA copy.","The attached sample was made specifically for Ventwerx HVAC Heating & Air Conditioning around hvac heating and air conditioning. That is the direction I’d use for the finished set, and I’ll keep every piece tied to the actual services rather than generic filler.","I’d make the finished set around service explainers, project/repair education, and estimate or consultation CTAs. You receive the words + graphics ready to copy, post or reuse, so you do not have to design or write them yourself.","No problem. I’ll leave the sample with you. If timing changes, reply here and I can pick it back up. I won’t keep chasing you.","Hi Ventwerx HVAC Heating & Air Conditioning team — one quick follow-up on the private hvac heating and air conditioning sample I attached. If you want me to finish the full $100 set, reply YES. If not, no worries and I won’t follow up again.

– Anastaysia","Hi — I made a private hvac heating and air conditioning sample for Ventwerx HVAC Heating & Air Conditioning, but the public email I tried bounced. What business email should I send the preview to?

– Anastaysia","Thanks — payment is confirmed. I’m building the Ventwerx HVAC Heating & Air Conditioning package around service explainers, project/repair education, and estimate or consultation CTAs. I’ll send the finished files in this email thread when they’re ready.

– Anastaysia","Hi Ventwerx HVAC Heating & Air Conditioning team — your finished $100 content package is ready. I’ve organized the posts, graphics, follow-up copy, review/message replies and CTAs so they’re easy to reuse. If you want a different service emphasized in a future set, reply here.

– Anastaysia",New,,,
V6,67,134,CordeValle Resort and Golf,"San Martin, CA","Resort, golf and events",78,Priority-ranked; timing is not guaranteed,concierge@cordevalle.com,https://www.cordevalle.com/,408-695-4500,https://www.cordevalle.com/,2026-09-15,"Current owned site lists One CordeValle Club Dr, San Martin, concierge inbox and active resort/golf/event paths.","resort, golf and events","CordeValle combines resort stays, golf and event experiences; itinerary, golf/stay and event-planning content can explain real customer choices without centering alcohol.","CordeValle combines resort stays, golf and event experiences; itinerary, golf/stay and event-planning content can explain real customer choices without centering alcohol. The $100 package is useful here because it turns those existing services into clear, reusable customer-facing content without requiring the business to write or design the pieces itself.","Made this resort, golf and events preview for CordeValle Resort and Golf","Hi CordeValle Resort and Golf team,

I came across your business and noticed cordeValle combines resort stays, golf and event experiences; itinerary, golf/stay and event-planning content can explain real customer choices without centering alcohol. I made the attached private preview specifically around that part of the business.

If you like the direction, the full package is $100 one time. It includes 10 ready-to-post business posts, custom graphics, customer follow-up messages, review/customer-message replies, stronger calls-to-action, and content organized around your real services. Everything is delivered ready to use; there’s no subscription or contract.

For CordeValle Resort and Golf, I’d start with service highlights, FAQ-style education, and a clear next-step CTA.

You can choose whatever is easiest:
1. Reply YES and I’ll finish the $100 package.
2. Ask me anything first.
3. If you already know you want it, you can use the PayPal invoice here: https://www.paypal.com/invoice/p/#7T6DC9A6WFH3XXCT

If it isn’t useful, that’s completely fine — reply “no thanks” and I won’t follow up again.

Thanks,
Anastaysia",067-v6-cordevalle-resort-and-golf.jpg,067-v6-cordevalle-resort-and-golf.eml,"Absolutely — I can finish the full resort, golf and events content package for CordeValle Resort and Golf. It’s $100 one time, with no subscription or contract. PayPal invoice: https://www.paypal.com/invoice/p/#7T6DC9A6WFH3XXCT

Once payment is confirmed, I’ll build the complete set around service highlights, FAQ-style education, and a clear next-step CTA unless you want me to prioritize something else.

– Anastaysia","It’s $100 total, one time — not per post and not monthly. You keep the 10 posts, custom graphics, customer follow-up messages, review/message replies and CTA copy.","The attached sample was made specifically for CordeValle Resort and Golf around resort, golf and events. That is the direction I’d use for the finished set, and I’ll keep every piece tied to the actual services rather than generic filler.","I’d make the finished set around service highlights, FAQ-style education, and a clear next-step CTA. You receive the words + graphics ready to copy, post or reuse, so you do not have to design or write them yourself.","No problem. I’ll leave the sample with you. If timing changes, reply here and I can pick it back up. I won’t keep chasing you.","Hi CordeValle Resort and Golf team — one quick follow-up on the private resort, golf and events sample I attached. If you want me to finish the full $100 set, reply YES. If not, no worries and I won’t follow up again.

– Anastaysia","Hi — I made a private resort, golf and events sample for CordeValle Resort and Golf, but the public email I tried bounced. What business email should I send the preview to?

– Anastaysia","Thanks — payment is confirmed. I’m building the CordeValle Resort and Golf package around service highlights, FAQ-style education, and a clear next-step CTA. I’ll send the finished files in this email thread when they’re ready.

– Anastaysia","Hi CordeValle Resort and Golf team — your finished $100 content package is ready. I’ve organized the posts, graphics, follow-up copy, review/message replies and CTAs so they’re easy to reuse. If you want a different service emphasized in a future set, reply here.

– Anastaysia",New,,,
V6,68,136,3 Hermanos Mexican Grill,San Jose CA,"Mexican restaurant, catering and food truck",77,Priority-ranked; timing is not guaranteed,hello@lostreshermanosmexicangrill.com,https://lostreshermanosmexicangrill.com/,669-342-7337,https://www.lostreshermanosmexicangrill.com/,2026-09-13,"Official site lists the downtown San Jose location, catering and hello@lostreshermanosmexicangrill.com; current City of Santa Clara vendor list independently lists 3 Hermanos as an approved caterer.","mexican restaurant, catering and food truck","The restaurant promotes catering, food-truck service and taquizas alongside its downtown restaurant menu, which lends itself to event-format explainers and signature-dish content.","The restaurant promotes catering, food-truck service and taquizas alongside its downtown restaurant menu, which lends itself to event-format explainers and signature-dish content. The $100 package is useful here because it turns those existing services into clear, reusable customer-facing content without requiring the business to write or design the pieces itself.","Made this mexican restaurant, catering and food truck preview for 3 Hermanos Mexican Grill","Hi 3 Hermanos Mexican Grill team,

I came across your business and noticed the restaurant promotes catering, food-truck service and taquizas alongside its downtown restaurant menu, which lends itself to event-format explainers and signature-dish content. I made the attached private preview specifically around that part of the business.

If you like the direction, the full package is $100 one time. It includes 10 ready-to-post business posts, custom graphics, customer follow-up messages, review/customer-message replies, stronger calls-to-action, and content organized around your real services. Everything is delivered ready to use; there’s no subscription or contract.

For 3 Hermanos Mexican Grill, I’d start with menu/service highlights, event or ordering guidance, and local customer CTAs.

You can choose whatever is easiest:
1. Reply YES and I’ll finish the $100 package.
2. Ask me anything first.
3. If you already know you want it, you can use the PayPal invoice here: https://www.paypal.com/invoice/p/#7T6DC9A6WFH3XXCT

If it isn’t useful, that’s completely fine — reply “no thanks” and I won’t follow up again.

Thanks,
Anastaysia",068-v6-3-hermanos-mexican-grill.jpg,068-v6-3-hermanos-mexican-grill.eml,"Absolutely — I can finish the full mexican restaurant, catering and food truck content package for 3 Hermanos Mexican Grill. It’s $100 one time, with no subscription or contract. PayPal invoice: https://www.paypal.com/invoice/p/#7T6DC9A6WFH3XXCT

Once payment is confirmed, I’ll build the complete set around menu/service highlights, event or ordering guidance, and local customer CTAs unless you want me to prioritize something else.

– Anastaysia","It’s $100 total, one time — not per post and not monthly. You keep the 10 posts, custom graphics, customer follow-up messages, review/message replies and CTA copy.","The attached sample was made specifically for 3 Hermanos Mexican Grill around mexican restaurant, catering and food truck. That is the direction I’d use for the finished set, and I’ll keep every piece tied to the actual services rather than generic filler.","I’d make the finished set around menu/service highlights, event or ordering guidance, and local customer CTAs. You receive the words + graphics ready to copy, post or reuse, so you do not have to design or write them yourself.","No problem. I’ll leave the sample with you. If timing changes, reply here and I can pick it back up. I won’t keep chasing you.","Hi 3 Hermanos Mexican Grill team — one quick follow-up on the private mexican restaurant, catering and food truck sample I attached. If you want me to finish the full $100 set, reply YES. If not, no worries and I won’t follow up again.

– Anastaysia","Hi — I made a private mexican restaurant, catering and food truck sample for 3 Hermanos Mexican Grill, but the public email I tried bounced. What business email should I send the preview to?

– Anastaysia","Thanks — payment is confirmed. I’m building the 3 Hermanos Mexican Grill package around menu/service highlights, event or ordering guidance, and local customer CTAs. I’ll send the finished files in this email thread when they’re ready.

– Anastaysia","Hi 3 Hermanos Mexican Grill team — your finished $100 content package is ready. I’ve organized the posts, graphics, follow-up copy, review/message replies and CTAs so they’re easy to reuse. If you want a different service emphasized in a future set, reply here.

– Anastaysia",New,,,
V6,69,138,Anna Olivia Bakes LLC,"San Jose, CA",Bakery and event catering,77,Priority-ranked; timing is not guaranteed,hello@annaoliviabakes.com,https://annaoliviabakes.com/,408-609-2068,https://annaoliviabakes.com/pages/about,2026-09-13,"Official about page lists hello@annaoliviabakes.com, San Jose kitchen and catering; Santa Clara County's daily caterer directory shows a permit through 04/30/2027.",bakery and event catering,"The bakery specializes in British-style scones plus cakes and pastries, sells through local farmers markets and caters events; seasonal preorder and catering content could turn that variety into a clearer buying path.","The bakery specializes in British-style scones plus cakes and pastries, sells through local farmers markets and caters events; seasonal preorder and catering content could turn that variety into a clearer buying path. The $100 package is useful here because it turns those existing services into clear, reusable customer-facing content without requiring the business to write or design the pieces itself.",Made this bakery and event catering preview for Anna Olivia Bakes LLC,"Hi Anna Olivia Bakes LLC team,

I came across your business and noticed the bakery specializes in British-style scones plus cakes and pastries, sells through local farmers markets and caters events; seasonal preorder and catering content could turn that variety into a clearer buying path. I made the attached private preview specifically around that part of the business.

If you like the direction, the full package is $100 one time. It includes 10 ready-to-post business posts, custom graphics, customer follow-up messages, review/customer-message replies, stronger calls-to-action, and content organized around your real services. Everything is delivered ready to use; there’s no subscription or contract.

For Anna Olivia Bakes LLC, I’d start with menu/service highlights, event or ordering guidance, and local customer CTAs.

You can choose whatever is easiest:
1. Reply YES and I’ll finish the $100 package.
2. Ask me anything first.
3. If you already know you want it, you can use the PayPal invoice here: https://www.paypal.com/invoice/p/#7T6DC9A6WFH3XXCT

If it isn’t useful, that’s completely fine — reply “no thanks” and I won’t follow up again.

Thanks,
Anastaysia",069-v6-anna-olivia-bakes-llc.jpg,069-v6-anna-olivia-bakes-llc.eml,"Absolutely — I can finish the full bakery and event catering content package for Anna Olivia Bakes LLC. It’s $100 one time, with no subscription or contract. PayPal invoice: https://www.paypal.com/invoice/p/#7T6DC9A6WFH3XXCT

Once payment is confirmed, I’ll build the complete set around menu/service highlights, event or ordering guidance, and local customer CTAs unless you want me to prioritize something else.

– Anastaysia","It’s $100 total, one time — not per post and not monthly. You keep the 10 posts, custom graphics, customer follow-up messages, review/message replies and CTA copy.","The attached sample was made specifically for Anna Olivia Bakes LLC around bakery and event catering. That is the direction I’d use for the finished set, and I’ll keep every piece tied to the actual services rather than generic filler.","I’d make the finished set around menu/service highlights, event or ordering guidance, and local customer CTAs. You receive the words + graphics ready to copy, post or reuse, so you do not have to design or write them yourself.","No problem. I’ll leave the sample with you. If timing changes, reply here and I can pick it back up. I won’t keep chasing you.","Hi Anna Olivia Bakes LLC team — one quick follow-up on the private bakery and event catering sample I attached. If you want me to finish the full $100 set, reply YES. If not, no worries and I won’t follow up again.

– Anastaysia","Hi — I made a private bakery and event catering sample for Anna Olivia Bakes LLC, but the public email I tried bounced. What business email should I send the preview to?

– Anastaysia","Thanks — payment is confirmed. I’m building the Anna Olivia Bakes LLC package around menu/service highlights, event or ordering guidance, and local customer CTAs. I’ll send the finished files in this email thread when they’re ready.

– Anastaysia","Hi Anna Olivia Bakes LLC team — your finished $100 content package is ready. I’ve organized the posts, graphics, follow-up copy, review/message replies and CTAs so they’re easy to reuse. If you want a different service emphasized in a future set, reply here.

– Anastaysia",New,,,
V6,70,140,Asma's Kitchen,"Campbell, CA","Mediterranean restaurant, catering and events",77,Priority-ranked; timing is not guaranteed,info@asmas.kitchen,https://asmas.kitchen/,650-542-9059,https://asmas.kitchen/,2026-09-15,"Current owned site lists Campbell location, public business email/phone and active restaurant/catering information.","mediterranean restaurant, catering and events",Asma's Kitchen combines restaurant service with catering/event options; occasion and service-selector content can make those paths clearer.,"Asma's Kitchen combines restaurant service with catering/event options; occasion and service-selector content can make those paths clearer. The $100 package is useful here because it turns those existing services into clear, reusable customer-facing content without requiring the business to write or design the pieces itself.","Made this mediterranean restaurant, catering and events preview for Asma's Kitchen","Hi Asma's Kitchen team,

I came across your business and noticed asma's Kitchen combines restaurant service with catering/event options; occasion and service-selector content can make those paths clearer. I made the attached private preview specifically around that part of the business.

If you like the direction, the full package is $100 one time. It includes 10 ready-to-post business posts, custom graphics, customer follow-up messages, review/customer-message replies, stronger calls-to-action, and content organized around your real services. Everything is delivered ready to use; there’s no subscription or contract.

For Asma's Kitchen, I’d start with menu/service highlights, event or ordering guidance, and local customer CTAs.

You can choose whatever is easiest:
1. Reply YES and I’ll finish the $100 package.
2. Ask me anything first.
3. If you already know you want it, you can use the PayPal invoice here: https://www.paypal.com/invoice/p/#7T6DC9A6WFH3XXCT

If it isn’t useful, that’s completely fine — reply “no thanks” and I won’t follow up again.

Thanks,
Anastaysia",070-v6-asma-s-kitchen.jpg,070-v6-asma-s-kitchen.eml,"Absolutely — I can finish the full mediterranean restaurant, catering and events content package for Asma's Kitchen. It’s $100 one time, with no subscription or contract. PayPal invoice: https://www.paypal.com/invoice/p/#7T6DC9A6WFH3XXCT

Once payment is confirmed, I’ll build the complete set around menu/service highlights, event or ordering guidance, and local customer CTAs unless you want me to prioritize something else.

– Anastaysia","It’s $100 total, one time — not per post and not monthly. You keep the 10 posts, custom graphics, customer follow-up messages, review/message replies and CTA copy.","The attached sample was made specifically for Asma's Kitchen around mediterranean restaurant, catering and events. That is the direction I’d use for the finished set, and I’ll keep every piece tied to the actual services rather than generic filler.","I’d make the finished set around menu/service highlights, event or ordering guidance, and local customer CTAs. You receive the words + graphics ready to copy, post or reuse, so you do not have to design or write them yourself.","No problem. I’ll leave the sample with you. If timing changes, reply here and I can pick it back up. I won’t keep chasing you.","Hi Asma's Kitchen team — one quick follow-up on the private mediterranean restaurant, catering and events sample I attached. If you want me to finish the full $100 set, reply YES. If not, no worries and I won’t follow up again.

– Anastaysia","Hi — I made a private mediterranean restaurant, catering and events sample for Asma's Kitchen, but the public email I tried bounced. What business email should I send the preview to?

– Anastaysia","Thanks — payment is confirmed. I’m building the Asma's Kitchen package around menu/service highlights, event or ordering guidance, and local customer CTAs. I’ll send the finished files in this email thread when they’re ready.

– Anastaysia","Hi Asma's Kitchen team — your finished $100 content package is ready. I’ve organized the posts, graphics, follow-up copy, review/message replies and CTAs so they’re easy to reuse. If you want a different service emphasized in a future set, reply here.

– Anastaysia",New,,,
V6,71,142,Barefoot Coffee Roasters,"Santa Clara, CA","Coffee roastery, wholesale and events",77,Priority-ranked; timing is not guaranteed,events@barefootcoffee.com,https://www.barefootcoffee.com/,408-293-7200,https://www.barefootcoffee.com/pages/contact-us,2026-09-16,"Current owned contact page lists Santa Clara roastery and events@barefootcoffee.com; wholesale page documents office, cafe, retail and team-building programs.","coffee roastery, wholesale and events","Barefoot operates a Santa Clara roastery plus wholesale, office-coffee, training and catered coffee-event paths; a service-selector can expose B2B and event revenue paths beyond retail bags.","Barefoot operates a Santa Clara roastery plus wholesale, office-coffee, training and catered coffee-event paths; a service-selector can expose B2B and event revenue paths beyond retail bags. The $100 package is useful here because it turns those existing services into clear, reusable customer-facing content without requiring the business to write or design the pieces itself.","Made this coffee roastery, wholesale and events preview for Barefoot Coffee Roasters","Hi Barefoot Coffee Roasters team,

I came across your business and noticed barefoot operates a Santa Clara roastery plus wholesale, office-coffee, training and catered coffee-event paths; a service-selector can expose B2B and event revenue paths beyond retail bags. I made the attached private preview specifically around that part of the business.

If you like the direction, the full package is $100 one time. It includes 10 ready-to-post business posts, custom graphics, customer follow-up messages, review/customer-message replies, stronger calls-to-action, and content organized around your real services. Everything is delivered ready to use; there’s no subscription or contract.

For Barefoot Coffee Roasters, I’d start with menu/service highlights, event or ordering guidance, and local customer CTAs.

You can choose whatever is easiest:
1. Reply YES and I’ll finish the $100 package.
2. Ask me anything first.
3. If you already know you want it, you can use the PayPal invoice here: https://www.paypal.com/invoice/p/#7T6DC9A6WFH3XXCT

If it isn’t useful, that’s completely fine — reply “no thanks” and I won’t follow up again.

Thanks,
Anastaysia",071-v6-barefoot-coffee-roasters.jpg,071-v6-barefoot-coffee-roasters.eml,"Absolutely — I can finish the full coffee roastery, wholesale and events content package for Barefoot Coffee Roasters. It’s $100 one time, with no subscription or contract. PayPal invoice: https://www.paypal.com/invoice/p/#7T6DC9A6WFH3XXCT

Once payment is confirmed, I’ll build the complete set around menu/service highlights, event or ordering guidance, and local customer CTAs unless you want me to prioritize something else.

– Anastaysia","It’s $100 total, one time — not per post and not monthly. You keep the 10 posts, custom graphics, customer follow-up messages, review/message replies and CTA copy.","The attached sample was made specifically for Barefoot Coffee Roasters around coffee roastery, wholesale and events. That is the direction I’d use for the finished set, and I’ll keep every piece tied to the actual services rather than generic filler.","I’d make the finished set around menu/service highlights, event or ordering guidance, and local customer CTAs. You receive the words + graphics ready to copy, post or reuse, so you do not have to design or write them yourself.","No problem. I’ll leave the sample with you. If timing changes, reply here and I can pick it back up. I won’t keep chasing you.","Hi Barefoot Coffee Roasters team — one quick follow-up on the private coffee roastery, wholesale and events sample I attached. If you want me to finish the full $100 set, reply YES. If not, no worries and I won’t follow up again.

– Anastaysia","Hi — I made a private coffee roastery, wholesale and events sample for Barefoot Coffee Roasters, but the public email I tried bounced. What business email should I send the preview to?

– Anastaysia","Thanks — payment is confirmed. I’m building the Barefoot Coffee Roasters package around menu/service highlights, event or ordering guidance, and local customer CTAs. I’ll send the finished files in this email thread when they’re ready.

– Anastaysia","Hi Barefoot Coffee Roasters team — your finished $100 content package is ready. I’ve organized the posts, graphics, follow-up copy, review/message replies and CTAs so they’re easy to reuse. If you want a different service emphasized in a future set, reply here.

– Anastaysia",New,,,
V6,72,144,Bull's Glass and Screen Center,"San Jose, CA",Glazing,77,Priority-ranked; timing is not guaranteed,info@bullsglass.com,,,https://www.cusdk8.org/fs/resource-manager/view/ce90e6dd-ad5b-4546-8e73-3f3e726a2b0a,2026-09-13,Accepted in the canonical seed gate from the current 2026 contractor source; public business email retained exactly as published.,glazing,"The current contractor source lists Bull's Glass and Screen Center in San Jose, CA for Glazing; a concise capability and project-readiness content set can help prospective buyers understand what the business handles before an inquiry.","The current contractor source lists Bull's Glass and Screen Center in San Jose, CA for Glazing; a concise capability and project-readiness content set can help prospective buyers understand what the business handles before an inquiry. The $100 package is useful here because it turns those existing services into clear, reusable customer-facing content without requiring the business to write or design the pieces itself.",Made this glazing preview for Bull's Glass and Screen Center,"Hi Bull's Glass and Screen Center team,

I came across your business and noticed the current contractor source lists Bull's Glass and Screen Center in San Jose, CA for Glazing; a concise capability and project-readiness content set can help prospective buyers understand what the business handles before an inquiry. I made the attached private preview specifically around that part of the business.

If you like the direction, the full package is $100 one time. It includes 10 ready-to-post business posts, custom graphics, customer follow-up messages, review/customer-message replies, stronger calls-to-action, and content organized around your real services. Everything is delivered ready to use; there’s no subscription or contract.

For Bull's Glass and Screen Center, I’d start with service highlights, FAQ-style education, and a clear next-step CTA.

You can choose whatever is easiest:
1. Reply YES and I’ll finish the $100 package.
2. Ask me anything first.
3. If you already know you want it, you can use the PayPal invoice here: https://www.paypal.com/invoice/p/#7T6DC9A6WFH3XXCT

If it isn’t useful, that’s completely fine — reply “no thanks” and I won’t follow up again.

Thanks,
Anastaysia",072-v6-bull-s-glass-and-screen-center.jpg,072-v6-bull-s-glass-and-screen-center.eml,"Absolutely — I can finish the full glazing content package for Bull's Glass and Screen Center. It’s $100 one time, with no subscription or contract. PayPal invoice: https://www.paypal.com/invoice/p/#7T6DC9A6WFH3XXCT

Once payment is confirmed, I’ll build the complete set around service highlights, FAQ-style education, and a clear next-step CTA unless you want me to prioritize something else.

– Anastaysia","It’s $100 total, one time — not per post and not monthly. You keep the 10 posts, custom graphics, customer follow-up messages, review/message replies and CTA copy.","The attached sample was made specifically for Bull's Glass and Screen Center around glazing. That is the direction I’d use for the finished set, and I’ll keep every piece tied to the actual services rather than generic filler.","I’d make the finished set around service highlights, FAQ-style education, and a clear next-step CTA. You receive the words + graphics ready to copy, post or reuse, so you do not have to design or write them yourself.","No problem. I’ll leave the sample with you. If timing changes, reply here and I can pick it back up. I won’t keep chasing you.","Hi Bull's Glass and Screen Center team — one quick follow-up on the private glazing sample I attached. If you want me to finish the full $100 set, reply YES. If not, no worries and I won’t follow up again.

– Anastaysia","Hi — I made a private glazing sample for Bull's Glass and Screen Center, but the public email I tried bounced. What business email should I send the preview to?

– Anastaysia","Thanks — payment is confirmed. I’m building the Bull's Glass and Screen Center package around service highlights, FAQ-style education, and a clear next-step CTA. I’ll send the finished files in this email thread when they’re ready.

– Anastaysia","Hi Bull's Glass and Screen Center team — your finished $100 content package is ready. I’ve organized the posts, graphics, follow-up copy, review/message replies and CTAs so they’re easy to reuse. If you want a different service emphasized in a future set, reply here.

– Anastaysia",New,,,
V6,73,146,Capybara Clay & Art Studio,"Cupertino, CA","Pottery, clay classes, memberships and private events",77,Priority-ranked; timing is not guaranteed,info@capybaraclay.com,https://www.capybaraclay.com/,701-367-0187,https://www.capybaraclay.com/,2026-09-13,"Current owned site lists 10268 Bandley Dr #103, Cupertino, info@capybaraclay.com, current studio hours and active classes/events/membership offerings.","pottery, clay classes, memberships and private events","Capybara offers birthday parties, courses, memberships, private events, hand sculpting, pottery wheel sessions, day passes and pottery painting; a clear activity-selector and event-content pack could make the many entry points easier to choose.","Capybara offers birthday parties, courses, memberships, private events, hand sculpting, pottery wheel sessions, day passes and pottery painting; a clear activity-selector and event-content pack could make the many entry points easier to choose. The $100 package is useful here because it turns those existing services into clear, reusable customer-facing content without requiring the business to write or design the pieces itself.","Made this pottery, clay classes, memberships and private events preview for Capybara Clay & Art Studio","Hi Capybara Clay & Art Studio team,

I came across your business and noticed capybara offers birthday parties, courses, memberships, private events, hand sculpting, pottery wheel sessions, day passes and pottery painting; a clear activity-selector and event-content pack could make the many entry points easier to choose. I made the attached private preview specifically around that part of the business.

If you like the direction, the full package is $100 one time. It includes 10 ready-to-post business posts, custom graphics, customer follow-up messages, review/customer-message replies, stronger calls-to-action, and content organized around your real services. Everything is delivered ready to use; there’s no subscription or contract.

For Capybara Clay & Art Studio, I’d start with service highlights, FAQ-style education, and a clear next-step CTA.

You can choose whatever is easiest:
1. Reply YES and I’ll finish the $100 package.
2. Ask me anything first.
3. If you already know you want it, you can use the PayPal invoice here: https://www.paypal.com/invoice/p/#7T6DC9A6WFH3XXCT

If it isn’t useful, that’s completely fine — reply “no thanks” and I won’t follow up again.

Thanks,
Anastaysia",073-v6-capybara-clay-art-studio.jpg,073-v6-capybara-clay-art-studio.eml,"Absolutely — I can finish the full pottery, clay classes, memberships and private events content package for Capybara Clay & Art Studio. It’s $100 one time, with no subscription or contract. PayPal invoice: https://www.paypal.com/invoice/p/#7T6DC9A6WFH3XXCT

Once payment is confirmed, I’ll build the complete set around service highlights, FAQ-style education, and a clear next-step CTA unless you want me to prioritize something else.

– Anastaysia","It’s $100 total, one time — not per post and not monthly. You keep the 10 posts, custom graphics, customer follow-up messages, review/message replies and CTA copy.","The attached sample was made specifically for Capybara Clay & Art Studio around pottery, clay classes, memberships and private events. That is the direction I’d use for the finished set, and I’ll keep every piece tied to the actual services rather than generic filler.","I’d make the finished set around service highlights, FAQ-style education, and a clear next-step CTA. You receive the words + graphics ready to copy, post or reuse, so you do not have to design or write them yourself.","No problem. I’ll leave the sample with you. If timing changes, reply here and I can pick it back up. I won’t keep chasing you.","Hi Capybara Clay & Art Studio team — one quick follow-up on the private pottery, clay classes, memberships and private events sample I attached. If you want me to finish the full $100 set, reply YES. If not, no worries and I won’t follow up again.

– Anastaysia","Hi — I made a private pottery, clay classes, memberships and private events sample for Capybara Clay & Art Studio, but the public email I tried bounced. What business email should I send the preview to?

– Anastaysia","Thanks — payment is confirmed. I’m building the Capybara Clay & Art Studio package around service highlights, FAQ-style education, and a clear next-step CTA. I’ll send the finished files in this email thread when they’re ready.

– Anastaysia","Hi Capybara Clay & Art Studio team — your finished $100 content package is ready. I’ve organized the posts, graphics, follow-up copy, review/message replies and CTAs so they’re easy to reuse. If you want a different service emphasized in a future set, reply here.

– Anastaysia",New,,,
V6,74,148,Century Graphics,"Sunnyvale, CA","Apparel printing, embroidery and promotional products",77,Priority-ranked; timing is not guaranteed,sales@cgshirts.com,https://www.cgshirts.com/,408-616-7700,https://www.cgshirts.com/,2026-09-13,"Current owned site lists 170 Commercial Street, Sunnyvale, sales@cgshirts.com and 408-616-7700, with in-house apparel printing and embroidery.","apparel printing, embroidery and promotional products","Century Graphics serves schools, teams, companies and events with printing, embroidery and promotional products; product-format and use-case guides can simplify a wide catalog for buyers.","Century Graphics serves schools, teams, companies and events with printing, embroidery and promotional products; product-format and use-case guides can simplify a wide catalog for buyers. The $100 package is useful here because it turns those existing services into clear, reusable customer-facing content without requiring the business to write or design the pieces itself.","Made this apparel printing, embroidery and promotional products preview for Century Graphics","Hi Century Graphics team,

I came across your business and noticed century Graphics serves schools, teams, companies and events with printing, embroidery and promotional products; product-format and use-case guides can simplify a wide catalog for buyers. I made the attached private preview specifically around that part of the business.

If you like the direction, the full package is $100 one time. It includes 10 ready-to-post business posts, custom graphics, customer follow-up messages, review/customer-message replies, stronger calls-to-action, and content organized around your real services. Everything is delivered ready to use; there’s no subscription or contract.

For Century Graphics, I’d start with service highlights, FAQ-style education, and a clear next-step CTA.

You can choose whatever is easiest:
1. Reply YES and I’ll finish the $100 package.
2. Ask me anything first.
3. If you already know you want it, you can use the PayPal invoice here: https://www.paypal.com/invoice/p/#7T6DC9A6WFH3XXCT

If it isn’t useful, that’s completely fine — reply “no thanks” and I won’t follow up again.

Thanks,
Anastaysia",074-v6-century-graphics.jpg,074-v6-century-graphics.eml,"Absolutely — I can finish the full apparel printing, embroidery and promotional products content package for Century Graphics. It’s $100 one time, with no subscription or contract. PayPal invoice: https://www.paypal.com/invoice/p/#7T6DC9A6WFH3XXCT

Once payment is confirmed, I’ll build the complete set around service highlights, FAQ-style education, and a clear next-step CTA unless you want me to prioritize something else.

– Anastaysia","It’s $100 total, one time — not per post and not monthly. You keep the 10 posts, custom graphics, customer follow-up messages, review/message replies and CTA copy.","The attached sample was made specifically for Century Graphics around apparel printing, embroidery and promotional products. That is the direction I’d use for the finished set, and I’ll keep every piece tied to the actual services rather than generic filler.","I’d make the finished set around service highlights, FAQ-style education, and a clear next-step CTA. You receive the words + graphics ready to copy, post or reuse, so you do not have to design or write them yourself.","No problem. I’ll leave the sample with you. If timing changes, reply here and I can pick it back up. I won’t keep chasing you.","Hi Century Graphics team — one quick follow-up on the private apparel printing, embroidery and promotional products sample I attached. If you want me to finish the full $100 set, reply YES. If not, no worries and I won’t follow up again.

– Anastaysia","Hi — I made a private apparel printing, embroidery and promotional products sample for Century Graphics, but the public email I tried bounced. What business email should I send the preview to?

– Anastaysia","Thanks — payment is confirmed. I’m building the Century Graphics package around service highlights, FAQ-style education, and a clear next-step CTA. I’ll send the finished files in this email thread when they’re ready.

– Anastaysia","Hi Century Graphics team — your finished $100 content package is ready. I’ve organized the posts, graphics, follow-up copy, review/message replies and CTAs so they’re easy to reuse. If you want a different service emphasized in a future set, reply here.

– Anastaysia",New,,,
V6,75,150,Clara's Junction,"Santa Clara, CA","Restaurant, group dining and private events",77,Priority-ranked; timing is not guaranteed,events@clarasjunction.com,https://www.clarasjunction.com/,408-335-7788,https://www.clarasjunction.com/private-events/,2026-09-15,Current owned site lists 2221 Tasman Dr and current private-event offerings; booking provider publishes the event-team inbox.,"restaurant, group dining and private events","Clara's Junction combines dining with flexible indoor/outdoor private events; group-size, space and event-use-case content can support its booking funnel without centering alcohol.","Clara's Junction combines dining with flexible indoor/outdoor private events; group-size, space and event-use-case content can support its booking funnel without centering alcohol. The $100 package is useful here because it turns those existing services into clear, reusable customer-facing content without requiring the business to write or design the pieces itself.","Made this restaurant, group dining and private events preview for Clara's Junction","Hi Clara's Junction team,

I came across your business and noticed clara's Junction combines dining with flexible indoor/outdoor private events; group-size, space and event-use-case content can support its booking funnel without centering alcohol. I made the attached private preview specifically around that part of the business.

If you like the direction, the full package is $100 one time. It includes 10 ready-to-post business posts, custom graphics, customer follow-up messages, review/customer-message replies, stronger calls-to-action, and content organized around your real services. Everything is delivered ready to use; there’s no subscription or contract.

For Clara's Junction, I’d start with menu/service highlights, event or ordering guidance, and local customer CTAs.

You can choose whatever is easiest:
1. Reply YES and I’ll finish the $100 package.
2. Ask me anything first.
3. If you already know you want it, you can use the PayPal invoice here: https://www.paypal.com/invoice/p/#7T6DC9A6WFH3XXCT

If it isn’t useful, that’s completely fine — reply “no thanks” and I won’t follow up again.

Thanks,
Anastaysia",075-v6-clara-s-junction.jpg,075-v6-clara-s-junction.eml,"Absolutely — I can finish the full restaurant, group dining and private events content package for Clara's Junction. It’s $100 one time, with no subscription or contract. PayPal invoice: https://www.paypal.com/invoice/p/#7T6DC9A6WFH3XXCT

Once payment is confirmed, I’ll build the complete set around menu/service highlights, event or ordering guidance, and local customer CTAs unless you want me to prioritize something else.

– Anastaysia","It’s $100 total, one time — not per post and not monthly. You keep the 10 posts, custom graphics, customer follow-up messages, review/message replies and CTA copy.","The attached sample was made specifically for Clara's Junction around restaurant, group dining and private events. That is the direction I’d use for the finished set, and I’ll keep every piece tied to the actual services rather than generic filler.","I’d make the finished set around menu/service highlights, event or ordering guidance, and local customer CTAs. You receive the words + graphics ready to copy, post or reuse, so you do not have to design or write them yourself.","No problem. I’ll leave the sample with you. If timing changes, reply here and I can pick it back up. I won’t keep chasing you.","Hi Clara's Junction team — one quick follow-up on the private restaurant, group dining and private events sample I attached. If you want me to finish the full $100 set, reply YES. If not, no worries and I won’t follow up again.

– Anastaysia","Hi — I made a private restaurant, group dining and private events sample for Clara's Junction, but the public email I tried bounced. What business email should I send the preview to?

– Anastaysia","Thanks — payment is confirmed. I’m building the Clara's Junction package around menu/service highlights, event or ordering guidance, and local customer CTAs. I’ll send the finished files in this email thread when they’re ready.

– Anastaysia","Hi Clara's Junction team — your finished $100 content package is ready. I’ve organized the posts, graphics, follow-up copy, review/message replies and CTAs so they’re easy to reuse. If you want a different service emphasized in a future set, reply here.

– Anastaysia",New,,,
V6,76,152,Cucina Venti,"Mountain View, CA",Restaurant and private events,77,Priority-ranked; timing is not guaranteed,info@cucinaventi.com,https://cucinaventi.com/,650-254-1120,https://cucinaventi.com/,2026-09-15,"Current owned site lists 1390 Pear Ave Ste D, Mountain View and a public info inbox.",restaurant and private events,"Cucina Venti combines dining and private-event booking; occasion, menu and event-planning content can make those revenue paths easier to discover.","Cucina Venti combines dining and private-event booking; occasion, menu and event-planning content can make those revenue paths easier to discover. The $100 package is useful here because it turns those existing services into clear, reusable customer-facing content without requiring the business to write or design the pieces itself.",Made this restaurant and private events preview for Cucina Venti,"Hi Cucina Venti team,

I came across your business and noticed cucina Venti combines dining and private-event booking; occasion, menu and event-planning content can make those revenue paths easier to discover. I made the attached private preview specifically around that part of the business.

If you like the direction, the full package is $100 one time. It includes 10 ready-to-post business posts, custom graphics, customer follow-up messages, review/customer-message replies, stronger calls-to-action, and content organized around your real services. Everything is delivered ready to use; there’s no subscription or contract.

For Cucina Venti, I’d start with menu/service highlights, event or ordering guidance, and local customer CTAs.

You can choose whatever is easiest:
1. Reply YES and I’ll finish the $100 package.
2. Ask me anything first.
3. If you already know you want it, you can use the PayPal invoice here: https://www.paypal.com/invoice/p/#7T6DC9A6WFH3XXCT

If it isn’t useful, that’s completely fine — reply “no thanks” and I won’t follow up again.

Thanks,
Anastaysia",076-v6-cucina-venti.jpg,076-v6-cucina-venti.eml,"Absolutely — I can finish the full restaurant and private events content package for Cucina Venti. It’s $100 one time, with no subscription or contract. PayPal invoice: https://www.paypal.com/invoice/p/#7T6DC9A6WFH3XXCT

Once payment is confirmed, I’ll build the complete set around menu/service highlights, event or ordering guidance, and local customer CTAs unless you want me to prioritize something else.

– Anastaysia","It’s $100 total, one time — not per post and not monthly. You keep the 10 posts, custom graphics, customer follow-up messages, review/message replies and CTA copy.","The attached sample was made specifically for Cucina Venti around restaurant and private events. That is the direction I’d use for the finished set, and I’ll keep every piece tied to the actual services rather than generic filler.","I’d make the finished set around menu/service highlights, event or ordering guidance, and local customer CTAs. You receive the words + graphics ready to copy, post or reuse, so you do not have to design or write them yourself.","No problem. I’ll leave the sample with you. If timing changes, reply here and I can pick it back up. I won’t keep chasing you.","Hi Cucina Venti team — one quick follow-up on the private restaurant and private events sample I attached. If you want me to finish the full $100 set, reply YES. If not, no worries and I won’t follow up again.

– Anastaysia","Hi — I made a private restaurant and private events sample for Cucina Venti, but the public email I tried bounced. What business email should I send the preview to?

– Anastaysia","Thanks — payment is confirmed. I’m building the Cucina Venti package around menu/service highlights, event or ordering guidance, and local customer CTAs. I’ll send the finished files in this email thread when they’re ready.

– Anastaysia","Hi Cucina Venti team — your finished $100 content package is ready. I’ve organized the posts, graphics, follow-up copy, review/message replies and CTAs so they’re easy to reuse. If you want a different service emphasized in a future set, reply here.

– Anastaysia",New,,,
V6,77,154,Dance Identity,"Sunnyvale, CA",Dance and fitness studio,77,Priority-ranked; timing is not guaranteed,info@danceidentity.com,https://danceidentity.com/,408-824-4309,https://danceidentity.com/,2026-09-16,Current owned site publishes info@danceidentity.com and Sunnyvale location.,dance and fitness studio,"Current owned site offers dance classes, fitness, studio rental and a trial-class path in Sunnyvale; class-selection, events and trial conversion content are naturally visual.","Current owned site offers dance classes, fitness, studio rental and a trial-class path in Sunnyvale; class-selection, events and trial conversion content are naturally visual. The $100 package is useful here because it turns those existing services into clear, reusable customer-facing content without requiring the business to write or design the pieces itself.",Made this dance and fitness studio preview for Dance Identity,"Hi Dance Identity team,

I came across your business and noticed current owned site offers dance classes, fitness, studio rental and a trial-class path in Sunnyvale; class-selection, events and trial conversion content are naturally visual. I made the attached private preview specifically around that part of the business.

If you like the direction, the full package is $100 one time. It includes 10 ready-to-post business posts, custom graphics, customer follow-up messages, review/customer-message replies, stronger calls-to-action, and content organized around your real services. Everything is delivered ready to use; there’s no subscription or contract.

For Dance Identity, I’d start with program/service selection, first-visit guidance, and booking CTAs.

You can choose whatever is easiest:
1. Reply YES and I’ll finish the $100 package.
2. Ask me anything first.
3. If you already know you want it, you can use the PayPal invoice here: https://www.paypal.com/invoice/p/#7T6DC9A6WFH3XXCT

If it isn’t useful, that’s completely fine — reply “no thanks” and I won’t follow up again.

Thanks,
Anastaysia",077-v6-dance-identity.jpg,077-v6-dance-identity.eml,"Absolutely — I can finish the full dance and fitness studio content package for Dance Identity. It’s $100 one time, with no subscription or contract. PayPal invoice: https://www.paypal.com/invoice/p/#7T6DC9A6WFH3XXCT

Once payment is confirmed, I’ll build the complete set around program/service selection, first-visit guidance, and booking CTAs unless you want me to prioritize something else.

– Anastaysia","It’s $100 total, one time — not per post and not monthly. You keep the 10 posts, custom graphics, customer follow-up messages, review/message replies and CTA copy.","The attached sample was made specifically for Dance Identity around dance and fitness studio. That is the direction I’d use for the finished set, and I’ll keep every piece tied to the actual services rather than generic filler.","I’d make the finished set around program/service selection, first-visit guidance, and booking CTAs. You receive the words + graphics ready to copy, post or reuse, so you do not have to design or write them yourself.","No problem. I’ll leave the sample with you. If timing changes, reply here and I can pick it back up. I won’t keep chasing you.","Hi Dance Identity team — one quick follow-up on the private dance and fitness studio sample I attached. If you want me to finish the full $100 set, reply YES. If not, no worries and I won’t follow up again.

– Anastaysia","Hi — I made a private dance and fitness studio sample for Dance Identity, but the public email I tried bounced. What business email should I send the preview to?

– Anastaysia","Thanks — payment is confirmed. I’m building the Dance Identity package around program/service selection, first-visit guidance, and booking CTAs. I’ll send the finished files in this email thread when they’re ready.

– Anastaysia","Hi Dance Identity team — your finished $100 content package is ready. I’ve organized the posts, graphics, follow-up copy, review/message replies and CTAs so they’re easy to reuse. If you want a different service emphasized in a future set, reply here.

– Anastaysia",New,,,
V6,78,156,Emerald Art Studio,"Campbell, CA","Art studio, pottery, painting, classes and events",77,Priority-ranked; timing is not guaranteed,info@emeraldartstudio.com,https://emeraldartstudio.com/,408-792-6533,https://emeraldartstudio.com/contact-us,2026-09-13,"Current owned contact page publishes info@emeraldartstudio.com, 408-792-6533 and 267 E Campbell Ave; current classes/events pages show active workshops, corporate packages and weekly events.","art studio, pottery, painting, classes and events","Emerald offers pottery, painting, kids classes, events, rentable workspace and corporate packages; class-vs-event-vs-team-building guides and visual workshop previews fit the $100 package particularly well.","Emerald offers pottery, painting, kids classes, events, rentable workspace and corporate packages; class-vs-event-vs-team-building guides and visual workshop previews fit the $100 package particularly well. The $100 package is useful here because it turns those existing services into clear, reusable customer-facing content without requiring the business to write or design the pieces itself.","Made this art studio, pottery, painting, classes and events preview for Emerald Art Studio","Hi Emerald Art Studio team,

I came across your business and noticed emerald offers pottery, painting, kids classes, events, rentable workspace and corporate packages; class-vs-event-vs-team-building guides and visual workshop previews fit the $100 package particularly well. I made the attached private preview specifically around that part of the business.

If you like the direction, the full package is $100 one time. It includes 10 ready-to-post business posts, custom graphics, customer follow-up messages, review/customer-message replies, stronger calls-to-action, and content organized around your real services. Everything is delivered ready to use; there’s no subscription or contract.

For Emerald Art Studio, I’d start with service highlights, FAQ-style education, and a clear next-step CTA.

You can choose whatever is easiest:
1. Reply YES and I’ll finish the $100 package.
2. Ask me anything first.
3. If you already know you want it, you can use the PayPal invoice here: https://www.paypal.com/invoice/p/#7T6DC9A6WFH3XXCT

If it isn’t useful, that’s completely fine — reply “no thanks” and I won’t follow up again.

Thanks,
Anastaysia",078-v6-emerald-art-studio.jpg,078-v6-emerald-art-studio.eml,"Absolutely — I can finish the full art studio, pottery, painting, classes and events content package for Emerald Art Studio. It’s $100 one time, with no subscription or contract. PayPal invoice: https://www.paypal.com/invoice/p/#7T6DC9A6WFH3XXCT

Once payment is confirmed, I’ll build the complete set around service highlights, FAQ-style education, and a clear next-step CTA unless you want me to prioritize something else.

– Anastaysia","It’s $100 total, one time — not per post and not monthly. You keep the 10 posts, custom graphics, customer follow-up messages, review/message replies and CTA copy.","The attached sample was made specifically for Emerald Art Studio around art studio, pottery, painting, classes and events. That is the direction I’d use for the finished set, and I’ll keep every piece tied to the actual services rather than generic filler.","I’d make the finished set around service highlights, FAQ-style education, and a clear next-step CTA. You receive the words + graphics ready to copy, post or reuse, so you do not have to design or write them yourself.","No problem. I’ll leave the sample with you. If timing changes, reply here and I can pick it back up. I won’t keep chasing you.","Hi Emerald Art Studio team — one quick follow-up on the private art studio, pottery, painting, classes and events sample I attached. If you want me to finish the full $100 set, reply YES. If not, no worries and I won’t follow up again.

– Anastaysia","Hi — I made a private art studio, pottery, painting, classes and events sample for Emerald Art Studio, but the public email I tried bounced. What business email should I send the preview to?

– Anastaysia","Thanks — payment is confirmed. I’m building the Emerald Art Studio package around service highlights, FAQ-style education, and a clear next-step CTA. I’ll send the finished files in this email thread when they’re ready.

– Anastaysia","Hi Emerald Art Studio team — your finished $100 content package is ready. I’ve organized the posts, graphics, follow-up copy, review/message replies and CTAs so they’re easy to reuse. If you want a different service emphasized in a future set, reply here.

– Anastaysia",New,,,
V6,79,158,Ethel's Fancy,"Palo Alto, CA",Restaurant and private events,77,Priority-ranked; timing is not guaranteed,events@ethelsfancypa.com,https://www.ethelsfancypa.com/,,https://www.ethelsfancypa.com/,2026-09-15,,restaurant and private events,"Ethel's Fancy combines dining with private-event bookings; dining-vs-event, occasion and inquiry-prep content can expose multiple revenue paths.","Ethel's Fancy combines dining with private-event bookings; dining-vs-event, occasion and inquiry-prep content can expose multiple revenue paths. The $100 package is useful here because it turns those existing services into clear, reusable customer-facing content without requiring the business to write or design the pieces itself.",Made this restaurant and private events preview for Ethel's Fancy,"Hi Ethel's Fancy team,

I came across your business and noticed ethel's Fancy combines dining with private-event bookings; dining-vs-event, occasion and inquiry-prep content can expose multiple revenue paths. I made the attached private preview specifically around that part of the business.

If you like the direction, the full package is $100 one time. It includes 10 ready-to-post business posts, custom graphics, customer follow-up messages, review/customer-message replies, stronger calls-to-action, and content organized around your real services. Everything is delivered ready to use; there’s no subscription or contract.

For Ethel's Fancy, I’d start with menu/service highlights, event or ordering guidance, and local customer CTAs.

You can choose whatever is easiest:
1. Reply YES and I’ll finish the $100 package.
2. Ask me anything first.
3. If you already know you want it, you can use the PayPal invoice here: https://www.paypal.com/invoice/p/#7T6DC9A6WFH3XXCT

If it isn’t useful, that’s completely fine — reply “no thanks” and I won’t follow up again.

Thanks,
Anastaysia",079-v6-ethel-s-fancy.jpg,079-v6-ethel-s-fancy.eml,"Absolutely — I can finish the full restaurant and private events content package for Ethel's Fancy. It’s $100 one time, with no subscription or contract. PayPal invoice: https://www.paypal.com/invoice/p/#7T6DC9A6WFH3XXCT

Once payment is confirmed, I’ll build the complete set around menu/service highlights, event or ordering guidance, and local customer CTAs unless you want me to prioritize something else.

– Anastaysia","It’s $100 total, one time — not per post and not monthly. You keep the 10 posts, custom graphics, customer follow-up messages, review/message replies and CTA copy.","The attached sample was made specifically for Ethel's Fancy around restaurant and private events. That is the direction I’d use for the finished set, and I’ll keep every piece tied to the actual services rather than generic filler.","I’d make the finished set around menu/service highlights, event or ordering guidance, and local customer CTAs. You receive the words + graphics ready to copy, post or reuse, so you do not have to design or write them yourself.","No problem. I’ll leave the sample with you. If timing changes, reply here and I can pick it back up. I won’t keep chasing you.","Hi Ethel's Fancy team — one quick follow-up on the private restaurant and private events sample I attached. If you want me to finish the full $100 set, reply YES. If not, no worries and I won’t follow up again.

– Anastaysia","Hi — I made a private restaurant and private events sample for Ethel's Fancy, but the public email I tried bounced. What business email should I send the preview to?

– Anastaysia","Thanks — payment is confirmed. I’m building the Ethel's Fancy package around menu/service highlights, event or ordering guidance, and local customer CTAs. I’ll send the finished files in this email thread when they’re ready.

– Anastaysia","Hi Ethel's Fancy team — your finished $100 content package is ready. I’ve organized the posts, graphics, follow-up copy, review/message replies and CTAs so they’re easy to reuse. If you want a different service emphasized in a future set, reply here.

– Anastaysia",New,,,
V6,80,160,Family RV Rentals,"Morgan Hill / Gilroy service area, CA",RV and travel-trailer rentals,77,Priority-ranked; timing is not guaranteed,info@familyrv.com,https://familyrvrentals.net/,408-612-4700,https://familyrvrentals.net/,2026-09-16,"Current owned site lists Santa Clara County operation, public email/phone and active fleet/reservation paths.",rv and travel-trailer rentals,"Family RV publishes a broad fleet and 24/7 reservation path; vehicle-type, trip-fit and rental-prep content can simplify a high-consideration booking.","Family RV publishes a broad fleet and 24/7 reservation path; vehicle-type, trip-fit and rental-prep content can simplify a high-consideration booking. The $100 package is useful here because it turns those existing services into clear, reusable customer-facing content without requiring the business to write or design the pieces itself.",Made this rv and travel-trailer rentals preview for Family RV Rentals,"Hi Family RV Rentals team,

I came across your business and noticed family RV publishes a broad fleet and 24/7 reservation path; vehicle-type, trip-fit and rental-prep content can simplify a high-consideration booking. I made the attached private preview specifically around that part of the business.

If you like the direction, the full package is $100 one time. It includes 10 ready-to-post business posts, custom graphics, customer follow-up messages, review/customer-message replies, stronger calls-to-action, and content organized around your real services. Everything is delivered ready to use; there’s no subscription or contract.

For Family RV Rentals, I’d start with service highlights, FAQ-style education, and a clear next-step CTA.

You can choose whatever is easiest:
1. Reply YES and I’ll finish the $100 package.
2. Ask me anything first.
3. If you already know you want it, you can use the PayPal invoice here: https://www.paypal.com/invoice/p/#7T6DC9A6WFH3XXCT

If it isn’t useful, that’s completely fine — reply “no thanks” and I won’t follow up again.

Thanks,
Anastaysia",080-v6-family-rv-rentals.jpg,080-v6-family-rv-rentals.eml,"Absolutely — I can finish the full rv and travel-trailer rentals content package for Family RV Rentals. It’s $100 one time, with no subscription or contract. PayPal invoice: https://www.paypal.com/invoice/p/#7T6DC9A6WFH3XXCT

Once payment is confirmed, I’ll build the complete set around service highlights, FAQ-style education, and a clear next-step CTA unless you want me to prioritize something else.

– Anastaysia","It’s $100 total, one time — not per post and not monthly. You keep the 10 posts, custom graphics, customer follow-up messages, review/message replies and CTA copy.","The attached sample was made specifically for Family RV Rentals around rv and travel-trailer rentals. That is the direction I’d use for the finished set, and I’ll keep every piece tied to the actual services rather than generic filler.","I’d make the finished set around service highlights, FAQ-style education, and a clear next-step CTA. You receive the words + graphics ready to copy, post or reuse, so you do not have to design or write them yourself.","No problem. I’ll leave the sample with you. If timing changes, reply here and I can pick it back up. I won’t keep chasing you.","Hi Family RV Rentals team — one quick follow-up on the private rv and travel-trailer rentals sample I attached. If you want me to finish the full $100 set, reply YES. If not, no worries and I won’t follow up again.

– Anastaysia","Hi — I made a private rv and travel-trailer rentals sample for Family RV Rentals, but the public email I tried bounced. What business email should I send the preview to?

– Anastaysia","Thanks — payment is confirmed. I’m building the Family RV Rentals package around service highlights, FAQ-style education, and a clear next-step CTA. I’ll send the finished files in this email thread when they’re ready.

– Anastaysia","Hi Family RV Rentals team — your finished $100 content package is ready. I’ve organized the posts, graphics, follow-up copy, review/message replies and CTAs so they’re easy to reuse. If you want a different service emphasized in a future set, reply here.

– Anastaysia",New,,,
V6,81,162,Gallery 1202,"Gilroy, CA","Art gallery, exhibitions and events",77,Priority-ranked; timing is not guaranteed,info@1202contemporary.com,https://1202contemporary.com/,408-206-0018,https://1202contemporary.com/,2026-09-15,Current gallery website/public contact evidence identifies the Gilroy location and business-intended inbox.,"art gallery, exhibitions and events","Gallery 1202 operates around exhibitions, artists and events; event previews, artist spotlights and visit-planning content fit the offer without inventing attendance or sales outcomes.","Gallery 1202 operates around exhibitions, artists and events; event previews, artist spotlights and visit-planning content fit the offer without inventing attendance or sales outcomes. The $100 package is useful here because it turns those existing services into clear, reusable customer-facing content without requiring the business to write or design the pieces itself.","Made this art gallery, exhibitions and events preview for Gallery 1202","Hi Gallery 1202 team,

I came across your business and noticed gallery 1202 operates around exhibitions, artists and events; event previews, artist spotlights and visit-planning content fit the offer without inventing attendance or sales outcomes. I made the attached private preview specifically around that part of the business.

If you like the direction, the full package is $100 one time. It includes 10 ready-to-post business posts, custom graphics, customer follow-up messages, review/customer-message replies, stronger calls-to-action, and content organized around your real services. Everything is delivered ready to use; there’s no subscription or contract.

For Gallery 1202, I’d start with service highlights, FAQ-style education, and a clear next-step CTA.

You can choose whatever is easiest:
1. Reply YES and I’ll finish the $100 package.
2. Ask me anything first.
3. If you already know you want it, you can use the PayPal invoice here: https://www.paypal.com/invoice/p/#7T6DC9A6WFH3XXCT

If it isn’t useful, that’s completely fine — reply “no thanks” and I won’t follow up again.

Thanks,
Anastaysia",081-v6-gallery-1202.jpg,081-v6-gallery-1202.eml,"Absolutely — I can finish the full art gallery, exhibitions and events content package for Gallery 1202. It’s $100 one time, with no subscription or contract. PayPal invoice: https://www.paypal.com/invoice/p/#7T6DC9A6WFH3XXCT

Once payment is confirmed, I’ll build the complete set around service highlights, FAQ-style education, and a clear next-step CTA unless you want me to prioritize something else.

– Anastaysia","It’s $100 total, one time — not per post and not monthly. You keep the 10 posts, custom graphics, customer follow-up messages, review/message replies and CTA copy.","The attached sample was made specifically for Gallery 1202 around art gallery, exhibitions and events. That is the direction I’d use for the finished set, and I’ll keep every piece tied to the actual services rather than generic filler.","I’d make the finished set around service highlights, FAQ-style education, and a clear next-step CTA. You receive the words + graphics ready to copy, post or reuse, so you do not have to design or write them yourself.","No problem. I’ll leave the sample with you. If timing changes, reply here and I can pick it back up. I won’t keep chasing you.","Hi Gallery 1202 team — one quick follow-up on the private art gallery, exhibitions and events sample I attached. If you want me to finish the full $100 set, reply YES. If not, no worries and I won’t follow up again.

– Anastaysia","Hi — I made a private art gallery, exhibitions and events sample for Gallery 1202, but the public email I tried bounced. What business email should I send the preview to?

– Anastaysia","Thanks — payment is confirmed. I’m building the Gallery 1202 package around service highlights, FAQ-style education, and a clear next-step CTA. I’ll send the finished files in this email thread when they’re ready.

– Anastaysia","Hi Gallery 1202 team — your finished $100 content package is ready. I’ve organized the posts, graphics, follow-up copy, review/message replies and CTAs so they’re easy to reuse. If you want a different service emphasized in a future set, reply here.

– Anastaysia",New,,,
V6,82,164,gms Art of Beauty Spa and Salon,"Los Gatos, CA","Hair, nail and beauty salon services",77,Priority-ranked; timing is not guaranteed,info@gmsartofbeauty.com,https://www.gmsartofbeauty.com/,408-354-8691,https://www.gmsartofbeauty.com/contact-us.html,2026-09-13,"Current owned contact page lists 140 W Main St, Los Gatos, info@gmsartofbeauty.com and 408-354-8691; current staff/booking pages show active salon and nail services.","hair, nail and beauty salon services","gms presents multiple hair, nail and beauty professionals plus online booking; service-category and stylist/specialty content could help customers choose whom to book without medical or treatment claims.","gms presents multiple hair, nail and beauty professionals plus online booking; service-category and stylist/specialty content could help customers choose whom to book without medical or treatment claims. The $100 package is useful here because it turns those existing services into clear, reusable customer-facing content without requiring the business to write or design the pieces itself.","Made this hair, nail and beauty salon services preview for gms Art of Beauty Spa and Salon","Hi gms Art of Beauty Spa and Salon team,

I came across your business and noticed gms presents multiple hair, nail and beauty professionals plus online booking; service-category and stylist/specialty content could help customers choose whom to book without medical or treatment claims. I made the attached private preview specifically around that part of the business.

If you like the direction, the full package is $100 one time. It includes 10 ready-to-post business posts, custom graphics, customer follow-up messages, review/customer-message replies, stronger calls-to-action, and content organized around your real services. Everything is delivered ready to use; there’s no subscription or contract.

For gms Art of Beauty Spa and Salon, I’d start with program/service selection, first-visit guidance, and booking CTAs.

You can choose whatever is easiest:
1. Reply YES and I’ll finish the $100 package.
2. Ask me anything first.
3. If you already know you want it, you can use the PayPal invoice here: https://www.paypal.com/invoice/p/#7T6DC9A6WFH3XXCT

If it isn’t useful, that’s completely fine — reply “no thanks” and I won’t follow up again.

Thanks,
Anastaysia",082-v6-gms-art-of-beauty-spa-and-salon.jpg,082-v6-gms-art-of-beauty-spa-and-salon.eml,"Absolutely — I can finish the full hair, nail and beauty salon services content package for gms Art of Beauty Spa and Salon. It’s $100 one time, with no subscription or contract. PayPal invoice: https://www.paypal.com/invoice/p/#7T6DC9A6WFH3XXCT

Once payment is confirmed, I’ll build the complete set around program/service selection, first-visit guidance, and booking CTAs unless you want me to prioritize something else.

– Anastaysia","It’s $100 total, one time — not per post and not monthly. You keep the 10 posts, custom graphics, customer follow-up messages, review/message replies and CTA copy.","The attached sample was made specifically for gms Art of Beauty Spa and Salon around hair, nail and beauty salon services. That is the direction I’d use for the finished set, and I’ll keep every piece tied to the actual services rather than generic filler.","I’d make the finished set around program/service selection, first-visit guidance, and booking CTAs. You receive the words + graphics ready to copy, post or reuse, so you do not have to design or write them yourself.","No problem. I’ll leave the sample with you. If timing changes, reply here and I can pick it back up. I won’t keep chasing you.","Hi gms Art of Beauty Spa and Salon team — one quick follow-up on the private hair, nail and beauty salon services sample I attached. If you want me to finish the full $100 set, reply YES. If not, no worries and I won’t follow up again.

– Anastaysia","Hi — I made a private hair, nail and beauty salon services sample for gms Art of Beauty Spa and Salon, but the public email I tried bounced. What business email should I send the preview to?

– Anastaysia","Thanks — payment is confirmed. I’m building the gms Art of Beauty Spa and Salon package around program/service selection, first-visit guidance, and booking CTAs. I’ll send the finished files in this email thread when they’re ready.

– Anastaysia","Hi gms Art of Beauty Spa and Salon team — your finished $100 content package is ready. I’ve organized the posts, graphics, follow-up copy, review/message replies and CTAs so they’re easy to reuse. If you want a different service emphasized in a future set, reply here.

– Anastaysia",New,,,
V6,83,166,Hagensen Pacific Construction,"San Jose, CA",General Building,77,Priority-ranked; timing is not guaranteed,info@hagensenp.com,,,https://www.hagensenp.com/,2026-09-13,Accepted in the canonical seed gate from the current 2026 contractor source; public business email retained exactly as published.,general building,"The current contractor source lists Hagensen Pacific Construction in San Jose, CA for General Building; a concise capability and project-readiness content set can help prospective buyers understand what the business handles before an inquiry.","The current contractor source lists Hagensen Pacific Construction in San Jose, CA for General Building; a concise capability and project-readiness content set can help prospective buyers understand what the business handles before an inquiry. The $100 package is useful here because it turns those existing services into clear, reusable customer-facing content without requiring the business to write or design the pieces itself.",Made this general building preview for Hagensen Pacific Construction,"Hi Hagensen Pacific Construction team,

I came across your business and noticed the current contractor source lists Hagensen Pacific Construction in San Jose, CA for General Building; a concise capability and project-readiness content set can help prospective buyers understand what the business handles before an inquiry. I made the attached private preview specifically around that part of the business.

If you like the direction, the full package is $100 one time. It includes 10 ready-to-post business posts, custom graphics, customer follow-up messages, review/customer-message replies, stronger calls-to-action, and content organized around your real services. Everything is delivered ready to use; there’s no subscription or contract.

For Hagensen Pacific Construction, I’d start with service highlights, FAQ-style education, and a clear next-step CTA.

You can choose whatever is easiest:
1. Reply YES and I’ll finish the $100 package.
2. Ask me anything first.
3. If you already know you want it, you can use the PayPal invoice here: https://www.paypal.com/invoice/p/#7T6DC9A6WFH3XXCT

If it isn’t useful, that’s completely fine — reply “no thanks” and I won’t follow up again.

Thanks,
Anastaysia",083-v6-hagensen-pacific-construction.jpg,083-v6-hagensen-pacific-construction.eml,"Absolutely — I can finish the full general building content package for Hagensen Pacific Construction. It’s $100 one time, with no subscription or contract. PayPal invoice: https://www.paypal.com/invoice/p/#7T6DC9A6WFH3XXCT

Once payment is confirmed, I’ll build the complete set around service highlights, FAQ-style education, and a clear next-step CTA unless you want me to prioritize something else.

– Anastaysia","It’s $100 total, one time — not per post and not monthly. You keep the 10 posts, custom graphics, customer follow-up messages, review/message replies and CTA copy.","The attached sample was made specifically for Hagensen Pacific Construction around general building. That is the direction I’d use for the finished set, and I’ll keep every piece tied to the actual services rather than generic filler.","I’d make the finished set around service highlights, FAQ-style education, and a clear next-step CTA. You receive the words + graphics ready to copy, post or reuse, so you do not have to design or write them yourself.","No problem. I’ll leave the sample with you. If timing changes, reply here and I can pick it back up. I won’t keep chasing you.","Hi Hagensen Pacific Construction team — one quick follow-up on the private general building sample I attached. If you want me to finish the full $100 set, reply YES. If not, no worries and I won’t follow up again.

– Anastaysia","Hi — I made a private general building sample for Hagensen Pacific Construction, but the public email I tried bounced. What business email should I send the preview to?

– Anastaysia","Thanks — payment is confirmed. I’m building the Hagensen Pacific Construction package around service highlights, FAQ-style education, and a clear next-step CTA. I’ll send the finished files in this email thread when they’re ready.

– Anastaysia","Hi Hagensen Pacific Construction team — your finished $100 content package is ready. I’ve organized the posts, graphics, follow-up copy, review/message replies and CTAs so they’re easy to reuse. If you want a different service emphasized in a future set, reply here.

– Anastaysia",New,,,
V6,84,168,Immaculate Cleaning,"Santa Clara / Silicon Valley, CA","Residential, commercial, deep and organic cleaning",77,Priority-ranked; timing is not guaranteed,info@immaculate-cleaning.org,https://www.immaculate-cleaning.org/,877-696-9322,https://www.immaculate-cleaning.org/services,2026-09-13,"Current owned site lists 3585 The Alameda, Santa Clara, info@immaculate-cleaning.org, 877-696-9322 and active service areas including San Jose, Santa Clara, Sunnyvale, Cupertino, Campbell and Los Gatos.","residential, commercial, deep and organic cleaning","Immaculate Cleaning combines recurring maintenance, deep cleaning, post-construction cleaning and commercial service across Silicon Valley; service-type and frequency-choice content could reduce booking uncertainty.","Immaculate Cleaning combines recurring maintenance, deep cleaning, post-construction cleaning and commercial service across Silicon Valley; service-type and frequency-choice content could reduce booking uncertainty. The $100 package is useful here because it turns those existing services into clear, reusable customer-facing content without requiring the business to write or design the pieces itself.","Made this residential, commercial, deep and organic cleaning preview for Immaculate Cleaning","Hi Immaculate Cleaning team,

I came across your business and noticed immaculate Cleaning combines recurring maintenance, deep cleaning, post-construction cleaning and commercial service across Silicon Valley; service-type and frequency-choice content could reduce booking uncertainty. I made the attached private preview specifically around that part of the business.

If you like the direction, the full package is $100 one time. It includes 10 ready-to-post business posts, custom graphics, customer follow-up messages, review/customer-message replies, stronger calls-to-action, and content organized around your real services. Everything is delivered ready to use; there’s no subscription or contract.

For Immaculate Cleaning, I’d start with before/after process content, service-selection guidance, and quote CTAs.

You can choose whatever is easiest:
1. Reply YES and I’ll finish the $100 package.
2. Ask me anything first.
3. If you already know you want it, you can use the PayPal invoice here: https://www.paypal.com/invoice/p/#7T6DC9A6WFH3XXCT

If it isn’t useful, that’s completely fine — reply “no thanks” and I won’t follow up again.

Thanks,
Anastaysia",084-v6-immaculate-cleaning.jpg,084-v6-immaculate-cleaning.eml,"Absolutely — I can finish the full residential, commercial, deep and organic cleaning content package for Immaculate Cleaning. It’s $100 one time, with no subscription or contract. PayPal invoice: https://www.paypal.com/invoice/p/#7T6DC9A6WFH3XXCT

Once payment is confirmed, I’ll build the complete set around before/after process content, service-selection guidance, and quote CTAs unless you want me to prioritize something else.

– Anastaysia","It’s $100 total, one time — not per post and not monthly. You keep the 10 posts, custom graphics, customer follow-up messages, review/message replies and CTA copy.","The attached sample was made specifically for Immaculate Cleaning around residential, commercial, deep and organic cleaning. That is the direction I’d use for the finished set, and I’ll keep every piece tied to the actual services rather than generic filler.","I’d make the finished set around before/after process content, service-selection guidance, and quote CTAs. You receive the words + graphics ready to copy, post or reuse, so you do not have to design or write them yourself.","No problem. I’ll leave the sample with you. If timing changes, reply here and I can pick it back up. I won’t keep chasing you.","Hi Immaculate Cleaning team — one quick follow-up on the private residential, commercial, deep and organic cleaning sample I attached. If you want me to finish the full $100 set, reply YES. If not, no worries and I won’t follow up again.

– Anastaysia","Hi — I made a private residential, commercial, deep and organic cleaning sample for Immaculate Cleaning, but the public email I tried bounced. What business email should I send the preview to?

– Anastaysia","Thanks — payment is confirmed. I’m building the Immaculate Cleaning package around before/after process content, service-selection guidance, and quote CTAs. I’ll send the finished files in this email thread when they’re ready.

– Anastaysia","Hi Immaculate Cleaning team — your finished $100 content package is ready. I’ve organized the posts, graphics, follow-up copy, review/message replies and CTAs so they’re easy to reuse. If you want a different service emphasized in a future set, reply here.

– Anastaysia",New,,,
V6,85,170,Lawson's Bakery,"Morgan Hill, CA",Bakery cakes events and wholesale,77,Priority-ranked; timing is not guaranteed,info@lawsonsbakery.com,https://lawsonsbakery.com/,408-779-4991,https://lawsonsbakery.com/,2026-09-16,"Current owned site publishes info@lawsonsbakery.com, 408-779-4991 and Morgan Hill address.",bakery cakes events and wholesale,"Lawson's Bakery offers cakes, pastries, pies, event orders and wholesale partnerships from Morgan Hill; celebration, preorder and wholesale content provides visual and high-intent promotional angles.","Lawson's Bakery offers cakes, pastries, pies, event orders and wholesale partnerships from Morgan Hill; celebration, preorder and wholesale content provides visual and high-intent promotional angles. The $100 package is useful here because it turns those existing services into clear, reusable customer-facing content without requiring the business to write or design the pieces itself.",Made this bakery cakes events and wholesale preview for Lawson's Bakery,"Hi Lawson's Bakery team,

I came across your business and noticed lawson's Bakery offers cakes, pastries, pies, event orders and wholesale partnerships from Morgan Hill; celebration, preorder and wholesale content provides visual and high-intent promotional angles. I made the attached private preview specifically around that part of the business.

If you like the direction, the full package is $100 one time. It includes 10 ready-to-post business posts, custom graphics, customer follow-up messages, review/customer-message replies, stronger calls-to-action, and content organized around your real services. Everything is delivered ready to use; there’s no subscription or contract.

For Lawson's Bakery, I’d start with menu/service highlights, event or ordering guidance, and local customer CTAs.

You can choose whatever is easiest:
1. Reply YES and I’ll finish the $100 package.
2. Ask me anything first.
3. If you already know you want it, you can use the PayPal invoice here: https://www.paypal.com/invoice/p/#7T6DC9A6WFH3XXCT

If it isn’t useful, that’s completely fine — reply “no thanks” and I won’t follow up again.

Thanks,
Anastaysia",085-v6-lawson-s-bakery.jpg,085-v6-lawson-s-bakery.eml,"Absolutely — I can finish the full bakery cakes events and wholesale content package for Lawson's Bakery. It’s $100 one time, with no subscription or contract. PayPal invoice: https://www.paypal.com/invoice/p/#7T6DC9A6WFH3XXCT

Once payment is confirmed, I’ll build the complete set around menu/service highlights, event or ordering guidance, and local customer CTAs unless you want me to prioritize something else.

– Anastaysia","It’s $100 total, one time — not per post and not monthly. You keep the 10 posts, custom graphics, customer follow-up messages, review/message replies and CTA copy.","The attached sample was made specifically for Lawson's Bakery around bakery cakes events and wholesale. That is the direction I’d use for the finished set, and I’ll keep every piece tied to the actual services rather than generic filler.","I’d make the finished set around menu/service highlights, event or ordering guidance, and local customer CTAs. You receive the words + graphics ready to copy, post or reuse, so you do not have to design or write them yourself.","No problem. I’ll leave the sample with you. If timing changes, reply here and I can pick it back up. I won’t keep chasing you.","Hi Lawson's Bakery team — one quick follow-up on the private bakery cakes events and wholesale sample I attached. If you want me to finish the full $100 set, reply YES. If not, no worries and I won’t follow up again.

– Anastaysia","Hi — I made a private bakery cakes events and wholesale sample for Lawson's Bakery, but the public email I tried bounced. What business email should I send the preview to?

– Anastaysia","Thanks — payment is confirmed. I’m building the Lawson's Bakery package around menu/service highlights, event or ordering guidance, and local customer CTAs. I’ll send the finished files in this email thread when they’re ready.

– Anastaysia","Hi Lawson's Bakery team — your finished $100 content package is ready. I’ve organized the posts, graphics, follow-up copy, review/message replies and CTAs so they’re easy to reuse. If you want a different service emphasized in a future set, reply here.

– Anastaysia",New,,,
V6,86,172,Los Gatos Garden Inn,"Los Gatos, CA","Hotel, suites and meetings",77,Priority-ranked; timing is not guaranteed,info@losgatosgardeninn.com,https://www.losgatosgardeninn.com/,408-354-6446,https://www.losgatosgardeninn.com/,2026-09-15,"Current owned site lists 46 E Main St, Los Gatos, public email/phone and active lodging/meeting information.","hotel, suites and meetings","The inn offers rooms, executive suites and meeting/event options; stay-type, local-visit and meeting-use-case content can clarify its distinct purchase paths.","The inn offers rooms, executive suites and meeting/event options; stay-type, local-visit and meeting-use-case content can clarify its distinct purchase paths. The $100 package is useful here because it turns those existing services into clear, reusable customer-facing content without requiring the business to write or design the pieces itself.","Made this hotel, suites and meetings preview for Los Gatos Garden Inn","Hi Los Gatos Garden Inn team,

I came across your business and noticed the inn offers rooms, executive suites and meeting/event options; stay-type, local-visit and meeting-use-case content can clarify its distinct purchase paths. I made the attached private preview specifically around that part of the business.

If you like the direction, the full package is $100 one time. It includes 10 ready-to-post business posts, custom graphics, customer follow-up messages, review/customer-message replies, stronger calls-to-action, and content organized around your real services. Everything is delivered ready to use; there’s no subscription or contract.

For Los Gatos Garden Inn, I’d start with service highlights, FAQ-style education, and a clear next-step CTA.

You can choose whatever is easiest:
1. Reply YES and I’ll finish the $100 package.
2. Ask me anything first.
3. If you already know you want it, you can use the PayPal invoice here: https://www.paypal.com/invoice/p/#7T6DC9A6WFH3XXCT

If it isn’t useful, that’s completely fine — reply “no thanks” and I won’t follow up again.

Thanks,
Anastaysia",086-v6-los-gatos-garden-inn.jpg,086-v6-los-gatos-garden-inn.eml,"Absolutely — I can finish the full hotel, suites and meetings content package for Los Gatos Garden Inn. It’s $100 one time, with no subscription or contract. PayPal invoice: https://www.paypal.com/invoice/p/#7T6DC9A6WFH3XXCT

Once payment is confirmed, I’ll build the complete set around service highlights, FAQ-style education, and a clear next-step CTA unless you want me to prioritize something else.

– Anastaysia","It’s $100 total, one time — not per post and not monthly. You keep the 10 posts, custom graphics, customer follow-up messages, review/message replies and CTA copy.","The attached sample was made specifically for Los Gatos Garden Inn around hotel, suites and meetings. That is the direction I’d use for the finished set, and I’ll keep every piece tied to the actual services rather than generic filler.","I’d make the finished set around service highlights, FAQ-style education, and a clear next-step CTA. You receive the words + graphics ready to copy, post or reuse, so you do not have to design or write them yourself.","No problem. I’ll leave the sample with you. If timing changes, reply here and I can pick it back up. I won’t keep chasing you.","Hi Los Gatos Garden Inn team — one quick follow-up on the private hotel, suites and meetings sample I attached. If you want me to finish the full $100 set, reply YES. If not, no worries and I won’t follow up again.

– Anastaysia","Hi — I made a private hotel, suites and meetings sample for Los Gatos Garden Inn, but the public email I tried bounced. What business email should I send the preview to?

– Anastaysia","Thanks — payment is confirmed. I’m building the Los Gatos Garden Inn package around service highlights, FAQ-style education, and a clear next-step CTA. I’ll send the finished files in this email thread when they’re ready.

– Anastaysia","Hi Los Gatos Garden Inn team — your finished $100 content package is ready. I’ve organized the posts, graphics, follow-up copy, review/message replies and CTAs so they’re easy to reuse. If you want a different service emphasized in a future set, reply here.

– Anastaysia",New,,,
V6,87,174,Marino Painting Co.,"Los Gatos, CA",Residential and commercial painting,77,Priority-ranked; timing is not guaranteed,info@marinopainting.com,https://marinopainting.com/,408-472-4324,https://marinopainting.com/,2026-09-15,Current owned site lists Los Gatos contact information and painting services.,residential and commercial painting,"Marino Painting offers a visually demonstrable service where preparation, finish choices and project expectations can be explained with before/after and FAQ-style content.","Marino Painting offers a visually demonstrable service where preparation, finish choices and project expectations can be explained with before/after and FAQ-style content. The $100 package is useful here because it turns those existing services into clear, reusable customer-facing content without requiring the business to write or design the pieces itself.",Made this residential and commercial painting preview for Marino Painting Co.,"Hi Marino Painting Co. team,

I came across your business and noticed marino Painting offers a visually demonstrable service where preparation, finish choices and project expectations can be explained with before/after and FAQ-style content. I made the attached private preview specifically around that part of the business.

If you like the direction, the full package is $100 one time. It includes 10 ready-to-post business posts, custom graphics, customer follow-up messages, review/customer-message replies, stronger calls-to-action, and content organized around your real services. Everything is delivered ready to use; there’s no subscription or contract.

For Marino Painting Co., I’d start with service highlights, FAQ-style education, and a clear next-step CTA.

You can choose whatever is easiest:
1. Reply YES and I’ll finish the $100 package.
2. Ask me anything first.
3. If you already know you want it, you can use the PayPal invoice here: https://www.paypal.com/invoice/p/#7T6DC9A6WFH3XXCT

If it isn’t useful, that’s completely fine — reply “no thanks” and I won’t follow up again.

Thanks,
Anastaysia",087-v6-marino-painting-co.jpg,087-v6-marino-painting-co.eml,"Absolutely — I can finish the full residential and commercial painting content package for Marino Painting Co.. It’s $100 one time, with no subscription or contract. PayPal invoice: https://www.paypal.com/invoice/p/#7T6DC9A6WFH3XXCT

Once payment is confirmed, I’ll build the complete set around service highlights, FAQ-style education, and a clear next-step CTA unless you want me to prioritize something else.

– Anastaysia","It’s $100 total, one time — not per post and not monthly. You keep the 10 posts, custom graphics, customer follow-up messages, review/message replies and CTA copy.","The attached sample was made specifically for Marino Painting Co. around residential and commercial painting. That is the direction I’d use for the finished set, and I’ll keep every piece tied to the actual services rather than generic filler.","I’d make the finished set around service highlights, FAQ-style education, and a clear next-step CTA. You receive the words + graphics ready to copy, post or reuse, so you do not have to design or write them yourself.","No problem. I’ll leave the sample with you. If timing changes, reply here and I can pick it back up. I won’t keep chasing you.","Hi Marino Painting Co. team — one quick follow-up on the private residential and commercial painting sample I attached. If you want me to finish the full $100 set, reply YES. If not, no worries and I won’t follow up again.

– Anastaysia","Hi — I made a private residential and commercial painting sample for Marino Painting Co., but the public email I tried bounced. What business email should I send the preview to?

– Anastaysia","Thanks — payment is confirmed. I’m building the Marino Painting Co. package around service highlights, FAQ-style education, and a clear next-step CTA. I’ll send the finished files in this email thread when they’re ready.

– Anastaysia","Hi Marino Painting Co. team — your finished $100 content package is ready. I’ve organized the posts, graphics, follow-up copy, review/message replies and CTAs so they’re easy to reuse. If you want a different service emphasized in a future set, reply here.

– Anastaysia",New,,,
V6,88,176,"MGM Drywall, Inc.","San Jose, CA",Drywall / Interiors,77,Priority-ranked; timing is not guaranteed,bids@mgmdrywall.com,,,https://mgmdrywall.com/,2026-09-13,Accepted in the canonical seed gate from the current 2026 contractor source; public business email retained exactly as published.,drywall / interiors,"The current contractor source lists MGM Drywall, Inc. in San Jose, CA for Drywall / Interiors; a concise capability and project-readiness content set can help prospective buyers understand what the business handles before an inquiry.","The current contractor source lists MGM Drywall, Inc. in San Jose, CA for Drywall / Interiors; a concise capability and project-readiness content set can help prospective buyers understand what the business handles before an inquiry. The $100 package is useful here because it turns those existing services into clear, reusable customer-facing content without requiring the business to write or design the pieces itself.","Made this drywall / interiors preview for MGM Drywall, Inc.","Hi MGM Drywall, Inc. team,

I came across your business and noticed the current contractor source lists MGM Drywall, Inc. in San Jose, CA for Drywall / Interiors; a concise capability and project-readiness content set can help prospective buyers understand what the business handles before an inquiry. I made the attached private preview specifically around that part of the business.

If you like the direction, the full package is $100 one time. It includes 10 ready-to-post business posts, custom graphics, customer follow-up messages, review/customer-message replies, stronger calls-to-action, and content organized around your real services. Everything is delivered ready to use; there’s no subscription or contract.

For MGM Drywall, Inc., I’d start with before/after process content, service-selection guidance, and quote CTAs.

You can choose whatever is easiest:
1. Reply YES and I’ll finish the $100 package.
2. Ask me anything first.
3. If you already know you want it, you can use the PayPal invoice here: https://www.paypal.com/invoice/p/#7T6DC9A6WFH3XXCT

If it isn’t useful, that’s completely fine — reply “no thanks” and I won’t follow up again.

Thanks,
Anastaysia",088-v6-mgm-drywall-inc.jpg,088-v6-mgm-drywall-inc.eml,"Absolutely — I can finish the full drywall / interiors content package for MGM Drywall, Inc.. It’s $100 one time, with no subscription or contract. PayPal invoice: https://www.paypal.com/invoice/p/#7T6DC9A6WFH3XXCT

Once payment is confirmed, I’ll build the complete set around before/after process content, service-selection guidance, and quote CTAs unless you want me to prioritize something else.

– Anastaysia","It’s $100 total, one time — not per post and not monthly. You keep the 10 posts, custom graphics, customer follow-up messages, review/message replies and CTA copy.","The attached sample was made specifically for MGM Drywall, Inc. around drywall / interiors. That is the direction I’d use for the finished set, and I’ll keep every piece tied to the actual services rather than generic filler.","I’d make the finished set around before/after process content, service-selection guidance, and quote CTAs. You receive the words + graphics ready to copy, post or reuse, so you do not have to design or write them yourself.","No problem. I’ll leave the sample with you. If timing changes, reply here and I can pick it back up. I won’t keep chasing you.","Hi MGM Drywall, Inc. team — one quick follow-up on the private drywall / interiors sample I attached. If you want me to finish the full $100 set, reply YES. If not, no worries and I won’t follow up again.

– Anastaysia","Hi — I made a private drywall / interiors sample for MGM Drywall, Inc., but the public email I tried bounced. What business email should I send the preview to?

– Anastaysia","Thanks — payment is confirmed. I’m building the MGM Drywall, Inc. package around before/after process content, service-selection guidance, and quote CTAs. I’ll send the finished files in this email thread when they’re ready.

– Anastaysia","Hi MGM Drywall, Inc. team — your finished $100 content package is ready. I’ve organized the posts, graphics, follow-up copy, review/message replies and CTAs so they’re easy to reuse. If you want a different service emphasized in a future set, reply here.

– Anastaysia",New,,,
V6,89,178,Morgan Hill Bowl,"Morgan Hill, CA","Bowling, parties and corporate events",77,Priority-ranked; timing is not guaranteed,info@morganhillbowl.com,https://www.morganhillbowl.com/,408-778-0909,https://www.morganhillbowl.com/,2026-09-13,"Current owned site lists 650 Tennant Station, Morgan Hill, info@morganhillbowl.com, 408-778-0909 and active October 2026 event listings.","bowling, parties and corporate events","Morgan Hill Bowl combines 32 lanes, parties, corporate events, leagues, arcade and bocce; occasion-based and event-booking content can help local groups discover more than walk-in bowling.","Morgan Hill Bowl combines 32 lanes, parties, corporate events, leagues, arcade and bocce; occasion-based and event-booking content can help local groups discover more than walk-in bowling. The $100 package is useful here because it turns those existing services into clear, reusable customer-facing content without requiring the business to write or design the pieces itself.","Made this bowling, parties and corporate events preview for Morgan Hill Bowl","Hi Morgan Hill Bowl team,

I came across your business and noticed morgan Hill Bowl combines 32 lanes, parties, corporate events, leagues, arcade and bocce; occasion-based and event-booking content can help local groups discover more than walk-in bowling. I made the attached private preview specifically around that part of the business.

If you like the direction, the full package is $100 one time. It includes 10 ready-to-post business posts, custom graphics, customer follow-up messages, review/customer-message replies, stronger calls-to-action, and content organized around your real services. Everything is delivered ready to use; there’s no subscription or contract.

For Morgan Hill Bowl, I’d start with service highlights, FAQ-style education, and a clear next-step CTA.

You can choose whatever is easiest:
1. Reply YES and I’ll finish the $100 package.
2. Ask me anything first.
3. If you already know you want it, you can use the PayPal invoice here: https://www.paypal.com/invoice/p/#7T6DC9A6WFH3XXCT

If it isn’t useful, that’s completely fine — reply “no thanks” and I won’t follow up again.

Thanks,
Anastaysia",089-v6-morgan-hill-bowl.jpg,089-v6-morgan-hill-bowl.eml,"Absolutely — I can finish the full bowling, parties and corporate events content package for Morgan Hill Bowl. It’s $100 one time, with no subscription or contract. PayPal invoice: https://www.paypal.com/invoice/p/#7T6DC9A6WFH3XXCT

Once payment is confirmed, I’ll build the complete set around service highlights, FAQ-style education, and a clear next-step CTA unless you want me to prioritize something else.

– Anastaysia","It’s $100 total, one time — not per post and not monthly. You keep the 10 posts, custom graphics, customer follow-up messages, review/message replies and CTA copy.","The attached sample was made specifically for Morgan Hill Bowl around bowling, parties and corporate events. That is the direction I’d use for the finished set, and I’ll keep every piece tied to the actual services rather than generic filler.","I’d make the finished set around service highlights, FAQ-style education, and a clear next-step CTA. You receive the words + graphics ready to copy, post or reuse, so you do not have to design or write them yourself.","No problem. I’ll leave the sample with you. If timing changes, reply here and I can pick it back up. I won’t keep chasing you.","Hi Morgan Hill Bowl team — one quick follow-up on the private bowling, parties and corporate events sample I attached. If you want me to finish the full $100 set, reply YES. If not, no worries and I won’t follow up again.

– Anastaysia","Hi — I made a private bowling, parties and corporate events sample for Morgan Hill Bowl, but the public email I tried bounced. What business email should I send the preview to?

– Anastaysia","Thanks — payment is confirmed. I’m building the Morgan Hill Bowl package around service highlights, FAQ-style education, and a clear next-step CTA. I’ll send the finished files in this email thread when they’re ready.

– Anastaysia","Hi Morgan Hill Bowl team — your finished $100 content package is ready. I’ve organized the posts, graphics, follow-up copy, review/message replies and CTAs so they’re easy to reuse. If you want a different service emphasized in a future set, reply here.

– Anastaysia",New,,,
V6,90,180,Morgan Hill Pilates,"Morgan Hill, CA",Pilates and movement studio,77,Priority-ranked; timing is not guaranteed,info@morganhillpilates.com,https://www.morganhillpilates.com/,408-465-9261,https://www.morganhillpilates.com/,2026-09-13,"Current owned site lists 16275 Monterey St Suite M, Morgan Hill, info@morganhillpilates.com and 408-465-9261.",pilates and movement studio,"Morgan Hill Pilates presents a local studio with multi-level movement classes; beginner orientation, class-format and studio-expectation content could make a first booking less confusing without health-outcome promises.","Morgan Hill Pilates presents a local studio with multi-level movement classes; beginner orientation, class-format and studio-expectation content could make a first booking less confusing without health-outcome promises. The $100 package is useful here because it turns those existing services into clear, reusable customer-facing content without requiring the business to write or design the pieces itself.",Made this pilates and movement studio preview for Morgan Hill Pilates,"Hi Morgan Hill Pilates team,

I came across your business and noticed morgan Hill Pilates presents a local studio with multi-level movement classes; beginner orientation, class-format and studio-expectation content could make a first booking less confusing without health-outcome promises. I made the attached private preview specifically around that part of the business.

If you like the direction, the full package is $100 one time. It includes 10 ready-to-post business posts, custom graphics, customer follow-up messages, review/customer-message replies, stronger calls-to-action, and content organized around your real services. Everything is delivered ready to use; there’s no subscription or contract.

For Morgan Hill Pilates, I’d start with service highlights, FAQ-style education, and a clear next-step CTA.

You can choose whatever is easiest:
1. Reply YES and I’ll finish the $100 package.
2. Ask me anything first.
3. If you already know you want it, you can use the PayPal invoice here: https://www.paypal.com/invoice/p/#7T6DC9A6WFH3XXCT

If it isn’t useful, that’s completely fine — reply “no thanks” and I won’t follow up again.

Thanks,
Anastaysia",090-v6-morgan-hill-pilates.jpg,090-v6-morgan-hill-pilates.eml,"Absolutely — I can finish the full pilates and movement studio content package for Morgan Hill Pilates. It’s $100 one time, with no subscription or contract. PayPal invoice: https://www.paypal.com/invoice/p/#7T6DC9A6WFH3XXCT

Once payment is confirmed, I’ll build the complete set around service highlights, FAQ-style education, and a clear next-step CTA unless you want me to prioritize something else.

– Anastaysia","It’s $100 total, one time — not per post and not monthly. You keep the 10 posts, custom graphics, customer follow-up messages, review/message replies and CTA copy.","The attached sample was made specifically for Morgan Hill Pilates around pilates and movement studio. That is the direction I’d use for the finished set, and I’ll keep every piece tied to the actual services rather than generic filler.","I’d make the finished set around service highlights, FAQ-style education, and a clear next-step CTA. You receive the words + graphics ready to copy, post or reuse, so you do not have to design or write them yourself.","No problem. I’ll leave the sample with you. If timing changes, reply here and I can pick it back up. I won’t keep chasing you.","Hi Morgan Hill Pilates team — one quick follow-up on the private pilates and movement studio sample I attached. If you want me to finish the full $100 set, reply YES. If not, no worries and I won’t follow up again.

– Anastaysia","Hi — I made a private pilates and movement studio sample for Morgan Hill Pilates, but the public email I tried bounced. What business email should I send the preview to?

– Anastaysia","Thanks — payment is confirmed. I’m building the Morgan Hill Pilates package around service highlights, FAQ-style education, and a clear next-step CTA. I’ll send the finished files in this email thread when they’re ready.

– Anastaysia","Hi Morgan Hill Pilates team — your finished $100 content package is ready. I’ve organized the posts, graphics, follow-up copy, review/message replies and CTAs so they’re easy to reuse. If you want a different service emphasized in a future set, reply here.

– Anastaysia",New,,,
V6,91,182,Nelson Barber and Salon,"San Jose, CA","Barber, salon, hair, skin and scalp services",77,Priority-ranked; timing is not guaranteed,info@nelsonbarberandsalon.com,https://nelsonbarberandsalon.com/,408-613-2932,https://nelsonbarberandsalon.com/,2026-09-13,"Current owned site lists San Jose address, public email/phone, service menu and 2026 copyright.","barber, salon, hair, skin and scalp services","Nelson offers men's and women's hair services plus color, waxing and skin/scalp care; service-introduction and appointment-prep content can help customers understand the broader menu beyond a basic haircut.","Nelson offers men's and women's hair services plus color, waxing and skin/scalp care; service-introduction and appointment-prep content can help customers understand the broader menu beyond a basic haircut. The $100 package is useful here because it turns those existing services into clear, reusable customer-facing content without requiring the business to write or design the pieces itself.","Made this barber, salon, hair, skin and scalp services preview for Nelson Barber and Salon","Hi Nelson Barber and Salon team,

I came across your business and noticed nelson offers men's and women's hair services plus color, waxing and skin/scalp care; service-introduction and appointment-prep content can help customers understand the broader menu beyond a basic haircut. I made the attached private preview specifically around that part of the business.

If you like the direction, the full package is $100 one time. It includes 10 ready-to-post business posts, custom graphics, customer follow-up messages, review/customer-message replies, stronger calls-to-action, and content organized around your real services. Everything is delivered ready to use; there’s no subscription or contract.

For Nelson Barber and Salon, I’d start with service highlights, FAQ-style education, and a clear next-step CTA.

You can choose whatever is easiest:
1. Reply YES and I’ll finish the $100 package.
2. Ask me anything first.
3. If you already know you want it, you can use the PayPal invoice here: https://www.paypal.com/invoice/p/#7T6DC9A6WFH3XXCT

If it isn’t useful, that’s completely fine — reply “no thanks” and I won’t follow up again.

Thanks,
Anastaysia",091-v6-nelson-barber-and-salon.jpg,091-v6-nelson-barber-and-salon.eml,"Absolutely — I can finish the full barber, salon, hair, skin and scalp services content package for Nelson Barber and Salon. It’s $100 one time, with no subscription or contract. PayPal invoice: https://www.paypal.com/invoice/p/#7T6DC9A6WFH3XXCT

Once payment is confirmed, I’ll build the complete set around service highlights, FAQ-style education, and a clear next-step CTA unless you want me to prioritize something else.

– Anastaysia","It’s $100 total, one time — not per post and not monthly. You keep the 10 posts, custom graphics, customer follow-up messages, review/message replies and CTA copy.","The attached sample was made specifically for Nelson Barber and Salon around barber, salon, hair, skin and scalp services. That is the direction I’d use for the finished set, and I’ll keep every piece tied to the actual services rather than generic filler.","I’d make the finished set around service highlights, FAQ-style education, and a clear next-step CTA. You receive the words + graphics ready to copy, post or reuse, so you do not have to design or write them yourself.","No problem. I’ll leave the sample with you. If timing changes, reply here and I can pick it back up. I won’t keep chasing you.","Hi Nelson Barber and Salon team — one quick follow-up on the private barber, salon, hair, skin and scalp services sample I attached. If you want me to finish the full $100 set, reply YES. If not, no worries and I won’t follow up again.

– Anastaysia","Hi — I made a private barber, salon, hair, skin and scalp services sample for Nelson Barber and Salon, but the public email I tried bounced. What business email should I send the preview to?

– Anastaysia","Thanks — payment is confirmed. I’m building the Nelson Barber and Salon package around service highlights, FAQ-style education, and a clear next-step CTA. I’ll send the finished files in this email thread when they’re ready.

– Anastaysia","Hi Nelson Barber and Salon team — your finished $100 content package is ready. I’ve organized the posts, graphics, follow-up copy, review/message replies and CTAs so they’re easy to reuse. If you want a different service emphasized in a future set, reply here.

– Anastaysia",New,,,
V6,92,184,New Ballet,"San Jose, CA",Ballet school and performances,77,Priority-ranked; timing is not guaranteed,info@newballet.com,https://newballet.com/,408-352-5616,https://newballet.com/,2026-09-15,"Current owned site lists San Jose address, public contact and active school/performance offerings.",ballet school and performances,"New Ballet combines training programs and performances; level/program guides and event previews provide specific, useful content angles.","New Ballet combines training programs and performances; level/program guides and event previews provide specific, useful content angles. The $100 package is useful here because it turns those existing services into clear, reusable customer-facing content without requiring the business to write or design the pieces itself.",Made this ballet school and performances preview for New Ballet,"Hi New Ballet team,

I came across your business and noticed new Ballet combines training programs and performances; level/program guides and event previews provide specific, useful content angles. I made the attached private preview specifically around that part of the business.

If you like the direction, the full package is $100 one time. It includes 10 ready-to-post business posts, custom graphics, customer follow-up messages, review/customer-message replies, stronger calls-to-action, and content organized around your real services. Everything is delivered ready to use; there’s no subscription or contract.

For New Ballet, I’d start with service highlights, FAQ-style education, and a clear next-step CTA.

You can choose whatever is easiest:
1. Reply YES and I’ll finish the $100 package.
2. Ask me anything first.
3. If you already know you want it, you can use the PayPal invoice here: https://www.paypal.com/invoice/p/#7T6DC9A6WFH3XXCT

If it isn’t useful, that’s completely fine — reply “no thanks” and I won’t follow up again.

Thanks,
Anastaysia",092-v6-new-ballet.jpg,092-v6-new-ballet.eml,"Absolutely — I can finish the full ballet school and performances content package for New Ballet. It’s $100 one time, with no subscription or contract. PayPal invoice: https://www.paypal.com/invoice/p/#7T6DC9A6WFH3XXCT

Once payment is confirmed, I’ll build the complete set around service highlights, FAQ-style education, and a clear next-step CTA unless you want me to prioritize something else.

– Anastaysia","It’s $100 total, one time — not per post and not monthly. You keep the 10 posts, custom graphics, customer follow-up messages, review/message replies and CTA copy.","The attached sample was made specifically for New Ballet around ballet school and performances. That is the direction I’d use for the finished set, and I’ll keep every piece tied to the actual services rather than generic filler.","I’d make the finished set around service highlights, FAQ-style education, and a clear next-step CTA. You receive the words + graphics ready to copy, post or reuse, so you do not have to design or write them yourself.","No problem. I’ll leave the sample with you. If timing changes, reply here and I can pick it back up. I won’t keep chasing you.","Hi New Ballet team — one quick follow-up on the private ballet school and performances sample I attached. If you want me to finish the full $100 set, reply YES. If not, no worries and I won’t follow up again.

– Anastaysia","Hi — I made a private ballet school and performances sample for New Ballet, but the public email I tried bounced. What business email should I send the preview to?

– Anastaysia","Thanks — payment is confirmed. I’m building the New Ballet package around service highlights, FAQ-style education, and a clear next-step CTA. I’ll send the finished files in this email thread when they’re ready.

– Anastaysia","Hi New Ballet team — your finished $100 content package is ready. I’ve organized the posts, graphics, follow-up copy, review/message replies and CTAs so they’re easy to reuse. If you want a different service emphasized in a future set, reply here.

– Anastaysia",New,,,
V6,93,186,Oak Method,"Morgan Hill, CA",Lagree fitness studio,77,Priority-ranked; timing is not guaranteed,hello@oakmethod.fit,https://www.oakmethod.fit/,669-219-8504,https://www.oakmethod.fit/,2026-09-13,"Current owned site lists 313 Vineyard Town Center, Morgan Hill, hello@oakmethod.fit and 669-219-8504.",lagree fitness studio,"Oak Method is a small Morgan Hill Lagree studio with first-timer offers and app-based class booking; beginner, class-format and booking content can explain the experience without promising health or body outcomes.","Oak Method is a small Morgan Hill Lagree studio with first-timer offers and app-based class booking; beginner, class-format and booking content can explain the experience without promising health or body outcomes. The $100 package is useful here because it turns those existing services into clear, reusable customer-facing content without requiring the business to write or design the pieces itself.",Made this lagree fitness studio preview for Oak Method,"Hi Oak Method team,

I came across your business and noticed oak Method is a small Morgan Hill Lagree studio with first-timer offers and app-based class booking; beginner, class-format and booking content can explain the experience without promising health or body outcomes. I made the attached private preview specifically around that part of the business.

If you like the direction, the full package is $100 one time. It includes 10 ready-to-post business posts, custom graphics, customer follow-up messages, review/customer-message replies, stronger calls-to-action, and content organized around your real services. Everything is delivered ready to use; there’s no subscription or contract.

For Oak Method, I’d start with program/service selection, first-visit guidance, and booking CTAs.

You can choose whatever is easiest:
1. Reply YES and I’ll finish the $100 package.
2. Ask me anything first.
3. If you already know you want it, you can use the PayPal invoice here: https://www.paypal.com/invoice/p/#7T6DC9A6WFH3XXCT

If it isn’t useful, that’s completely fine — reply “no thanks” and I won’t follow up again.

Thanks,
Anastaysia",093-v6-oak-method.jpg,093-v6-oak-method.eml,"Absolutely — I can finish the full lagree fitness studio content package for Oak Method. It’s $100 one time, with no subscription or contract. PayPal invoice: https://www.paypal.com/invoice/p/#7T6DC9A6WFH3XXCT

Once payment is confirmed, I’ll build the complete set around program/service selection, first-visit guidance, and booking CTAs unless you want me to prioritize something else.

– Anastaysia","It’s $100 total, one time — not per post and not monthly. You keep the 10 posts, custom graphics, customer follow-up messages, review/message replies and CTA copy.","The attached sample was made specifically for Oak Method around lagree fitness studio. That is the direction I’d use for the finished set, and I’ll keep every piece tied to the actual services rather than generic filler.","I’d make the finished set around program/service selection, first-visit guidance, and booking CTAs. You receive the words + graphics ready to copy, post or reuse, so you do not have to design or write them yourself.","No problem. I’ll leave the sample with you. If timing changes, reply here and I can pick it back up. I won’t keep chasing you.","Hi Oak Method team — one quick follow-up on the private lagree fitness studio sample I attached. If you want me to finish the full $100 set, reply YES. If not, no worries and I won’t follow up again.

– Anastaysia","Hi — I made a private lagree fitness studio sample for Oak Method, but the public email I tried bounced. What business email should I send the preview to?

– Anastaysia","Thanks — payment is confirmed. I’m building the Oak Method package around program/service selection, first-visit guidance, and booking CTAs. I’ll send the finished files in this email thread when they’re ready.

– Anastaysia","Hi Oak Method team — your finished $100 content package is ready. I’ve organized the posts, graphics, follow-up copy, review/message replies and CTAs so they’re easy to reuse. If you want a different service emphasized in a future set, reply here.

– Anastaysia",New,,,
V6,94,188,Pacific Art League,"Palo Alto, CA","Art classes, exhibitions and community events",77,Priority-ranked; timing is not guaranteed,info@pacificartleague.org,https://pacificartleague.org/,650-321-3891,https://pacificartleague.org/,2026-09-15,"Current owned site publishes Palo Alto location, public email and active art programs.","art classes, exhibitions and community events","Pacific Art League publishes classes, exhibitions and community programming; class-selection and event-discovery content can clarify real visitor/student choices.","Pacific Art League publishes classes, exhibitions and community programming; class-selection and event-discovery content can clarify real visitor/student choices. The $100 package is useful here because it turns those existing services into clear, reusable customer-facing content without requiring the business to write or design the pieces itself.","Made this art classes, exhibitions and community events preview for Pacific Art League","Hi Pacific Art League team,

I came across your business and noticed pacific Art League publishes classes, exhibitions and community programming; class-selection and event-discovery content can clarify real visitor/student choices. I made the attached private preview specifically around that part of the business.

If you like the direction, the full package is $100 one time. It includes 10 ready-to-post business posts, custom graphics, customer follow-up messages, review/customer-message replies, stronger calls-to-action, and content organized around your real services. Everything is delivered ready to use; there’s no subscription or contract.

For Pacific Art League, I’d start with service highlights, FAQ-style education, and a clear next-step CTA.

You can choose whatever is easiest:
1. Reply YES and I’ll finish the $100 package.
2. Ask me anything first.
3. If you already know you want it, you can use the PayPal invoice here: https://www.paypal.com/invoice/p/#7T6DC9A6WFH3XXCT

If it isn’t useful, that’s completely fine — reply “no thanks” and I won’t follow up again.

Thanks,
Anastaysia",094-v6-pacific-art-league.jpg,094-v6-pacific-art-league.eml,"Absolutely — I can finish the full art classes, exhibitions and community events content package for Pacific Art League. It’s $100 one time, with no subscription or contract. PayPal invoice: https://www.paypal.com/invoice/p/#7T6DC9A6WFH3XXCT

Once payment is confirmed, I’ll build the complete set around service highlights, FAQ-style education, and a clear next-step CTA unless you want me to prioritize something else.

– Anastaysia","It’s $100 total, one time — not per post and not monthly. You keep the 10 posts, custom graphics, customer follow-up messages, review/message replies and CTA copy.","The attached sample was made specifically for Pacific Art League around art classes, exhibitions and community events. That is the direction I’d use for the finished set, and I’ll keep every piece tied to the actual services rather than generic filler.","I’d make the finished set around service highlights, FAQ-style education, and a clear next-step CTA. You receive the words + graphics ready to copy, post or reuse, so you do not have to design or write them yourself.","No problem. I’ll leave the sample with you. If timing changes, reply here and I can pick it back up. I won’t keep chasing you.","Hi Pacific Art League team — one quick follow-up on the private art classes, exhibitions and community events sample I attached. If you want me to finish the full $100 set, reply YES. If not, no worries and I won’t follow up again.

– Anastaysia","Hi — I made a private art classes, exhibitions and community events sample for Pacific Art League, but the public email I tried bounced. What business email should I send the preview to?

– Anastaysia","Thanks — payment is confirmed. I’m building the Pacific Art League package around service highlights, FAQ-style education, and a clear next-step CTA. I’ll send the finished files in this email thread when they’re ready.

– Anastaysia","Hi Pacific Art League team — your finished $100 content package is ready. I’ve organized the posts, graphics, follow-up copy, review/message replies and CTAs so they’re easy to reuse. If you want a different service emphasized in a future set, reply here.

– Anastaysia",New,,,
V6,95,190,Pruneridge Golf Club,"Santa Clara, CA","Golf, instruction and events",77,Priority-ranked; timing is not guaranteed,info@pruneridgegolfclub.com,https://www.pruneridgegolfclub.com/,408-248-4424,https://www.pruneridgegolfclub.com/,2026-09-15,"Current owned site lists 400 N Saratoga Ave, Santa Clara, public phone/email and active golf/event offerings.","golf, instruction and events","Pruneridge combines public golf, range practice, fittings, leagues, camps and corporate events; a service-selector and event-planning content pack can clarify several distinct customer paths.","Pruneridge combines public golf, range practice, fittings, leagues, camps and corporate events; a service-selector and event-planning content pack can clarify several distinct customer paths. The $100 package is useful here because it turns those existing services into clear, reusable customer-facing content without requiring the business to write or design the pieces itself.","Made this golf, instruction and events preview for Pruneridge Golf Club","Hi Pruneridge Golf Club team,

I came across your business and noticed pruneridge combines public golf, range practice, fittings, leagues, camps and corporate events; a service-selector and event-planning content pack can clarify several distinct customer paths. I made the attached private preview specifically around that part of the business.

If you like the direction, the full package is $100 one time. It includes 10 ready-to-post business posts, custom graphics, customer follow-up messages, review/customer-message replies, stronger calls-to-action, and content organized around your real services. Everything is delivered ready to use; there’s no subscription or contract.

For Pruneridge Golf Club, I’d start with service highlights, FAQ-style education, and a clear next-step CTA.

You can choose whatever is easiest:
1. Reply YES and I’ll finish the $100 package.
2. Ask me anything first.
3. If you already know you want it, you can use the PayPal invoice here: https://www.paypal.com/invoice/p/#7T6DC9A6WFH3XXCT

If it isn’t useful, that’s completely fine — reply “no thanks” and I won’t follow up again.

Thanks,
Anastaysia",095-v6-pruneridge-golf-club.jpg,095-v6-pruneridge-golf-club.eml,"Absolutely — I can finish the full golf, instruction and events content package for Pruneridge Golf Club. It’s $100 one time, with no subscription or contract. PayPal invoice: https://www.paypal.com/invoice/p/#7T6DC9A6WFH3XXCT

Once payment is confirmed, I’ll build the complete set around service highlights, FAQ-style education, and a clear next-step CTA unless you want me to prioritize something else.

– Anastaysia","It’s $100 total, one time — not per post and not monthly. You keep the 10 posts, custom graphics, customer follow-up messages, review/message replies and CTA copy.","The attached sample was made specifically for Pruneridge Golf Club around golf, instruction and events. That is the direction I’d use for the finished set, and I’ll keep every piece tied to the actual services rather than generic filler.","I’d make the finished set around service highlights, FAQ-style education, and a clear next-step CTA. You receive the words + graphics ready to copy, post or reuse, so you do not have to design or write them yourself.","No problem. I’ll leave the sample with you. If timing changes, reply here and I can pick it back up. I won’t keep chasing you.","Hi Pruneridge Golf Club team — one quick follow-up on the private golf, instruction and events sample I attached. If you want me to finish the full $100 set, reply YES. If not, no worries and I won’t follow up again.

– Anastaysia","Hi — I made a private golf, instruction and events sample for Pruneridge Golf Club, but the public email I tried bounced. What business email should I send the preview to?

– Anastaysia","Thanks — payment is confirmed. I’m building the Pruneridge Golf Club package around service highlights, FAQ-style education, and a clear next-step CTA. I’ll send the finished files in this email thread when they’re ready.

– Anastaysia","Hi Pruneridge Golf Club team — your finished $100 content package is ready. I’ve organized the posts, graphics, follow-up copy, review/message replies and CTAs so they’re easy to reuse. If you want a different service emphasized in a future set, reply here.

– Anastaysia",New,,,
V6,96,192,"S.J. General Building Maintenance, Inc.","San Jose, CA",Commercial Services,77,Priority-ranked; timing is not guaranteed,office@sjgbminc.com,,,https://www.cusdk8.org/fs/resource-manager/view/ce90e6dd-ad5b-4546-8e73-3f3e726a2b0a,2026-09-13,Accepted in the canonical seed gate from the current 2026 contractor source; public business email retained exactly as published.,commercial services,"The current contractor source lists S.J. General Building Maintenance, Inc. in San Jose, CA for Commercial Services; a concise capability and project-readiness content set can help prospective buyers understand what the business handles before an inquiry.","The current contractor source lists S.J. General Building Maintenance, Inc. in San Jose, CA for Commercial Services; a concise capability and project-readiness content set can help prospective buyers understand what the business handles before an inquiry. The $100 package is useful here because it turns those existing services into clear, reusable customer-facing content without requiring the business to write or design the pieces itself.","Made this commercial services preview for S.J. General Building Maintenance, Inc.","Hi S.J. General Building Maintenance, Inc. team,

I came across your business and noticed the current contractor source lists S.J. General Building Maintenance, Inc. in San Jose, CA for Commercial Services; a concise capability and project-readiness content set can help prospective buyers understand what the business handles before an inquiry. I made the attached private preview specifically around that part of the business.

If you like the direction, the full package is $100 one time. It includes 10 ready-to-post business posts, custom graphics, customer follow-up messages, review/customer-message replies, stronger calls-to-action, and content organized around your real services. Everything is delivered ready to use; there’s no subscription or contract.

For S.J. General Building Maintenance, Inc., I’d start with service highlights, FAQ-style education, and a clear next-step CTA.

You can choose whatever is easiest:
1. Reply YES and I’ll finish the $100 package.
2. Ask me anything first.
3. If you already know you want it, you can use the PayPal invoice here: https://www.paypal.com/invoice/p/#7T6DC9A6WFH3XXCT

If it isn’t useful, that’s completely fine — reply “no thanks” and I won’t follow up again.

Thanks,
Anastaysia",096-v6-s-j-general-building-maintenance-inc.jpg,096-v6-s-j-general-building-maintenance-inc.eml,"Absolutely — I can finish the full commercial services content package for S.J. General Building Maintenance, Inc.. It’s $100 one time, with no subscription or contract. PayPal invoice: https://www.paypal.com/invoice/p/#7T6DC9A6WFH3XXCT

Once payment is confirmed, I’ll build the complete set around service highlights, FAQ-style education, and a clear next-step CTA unless you want me to prioritize something else.

– Anastaysia","It’s $100 total, one time — not per post and not monthly. You keep the 10 posts, custom graphics, customer follow-up messages, review/message replies and CTA copy.","The attached sample was made specifically for S.J. General Building Maintenance, Inc. around commercial services. That is the direction I’d use for the finished set, and I’ll keep every piece tied to the actual services rather than generic filler.","I’d make the finished set around service highlights, FAQ-style education, and a clear next-step CTA. You receive the words + graphics ready to copy, post or reuse, so you do not have to design or write them yourself.","No problem. I’ll leave the sample with you. If timing changes, reply here and I can pick it back up. I won’t keep chasing you.","Hi S.J. General Building Maintenance, Inc. team — one quick follow-up on the private commercial services sample I attached. If you want me to finish the full $100 set, reply YES. If not, no worries and I won’t follow up again.

– Anastaysia","Hi — I made a private commercial services sample for S.J. General Building Maintenance, Inc., but the public email I tried bounced. What business email should I send the preview to?

– Anastaysia","Thanks — payment is confirmed. I’m building the S.J. General Building Maintenance, Inc. package around service highlights, FAQ-style education, and a clear next-step CTA. I’ll send the finished files in this email thread when they’re ready.

– Anastaysia","Hi S.J. General Building Maintenance, Inc. team — your finished $100 content package is ready. I’ve organized the posts, graphics, follow-up copy, review/message replies and CTAs so they’re easy to reuse. If you want a different service emphasized in a future set, reply here.

– Anastaysia",New,,,
V6,97,194,Santa Clara Fine Florals,"Santa Clara, CA","Florist, corporate flowers and workshops",77,Priority-ranked; timing is not guaranteed,info@scfineflorals.com,https://santaclarafineflorals.com/,408-791-4874,https://santaclarafineflorals.com/contact-us,2026-09-13,"Current owned contact page publishes info@scfineflorals.com, 408-791-4874 and its Santa Clara location; current owned site separately promotes corporate events, workshops and occasion ordering.","florist, corporate flowers and workshops","Santa Clara Fine Florals combines occasion arrangements with corporate events and flower-arranging workshops, while its current site explains next-day online ordering; occasion guides and corporate/workshop content could make these buying paths easier to discover.","Santa Clara Fine Florals combines occasion arrangements with corporate events and flower-arranging workshops, while its current site explains next-day online ordering; occasion guides and corporate/workshop content could make these buying paths easier to discover. The $100 package is useful here because it turns those existing services into clear, reusable customer-facing content without requiring the business to write or design the pieces itself.","Made this florist, corporate flowers and workshops preview for Santa Clara Fine Florals","Hi Santa Clara Fine Florals team,

I came across your business and noticed santa Clara Fine Florals combines occasion arrangements with corporate events and flower-arranging workshops, while its current site explains next-day online ordering; occasion guides and corporate/workshop content could make these buying paths easier to discover. I made the attached private preview specifically around that part of the business.

If you like the direction, the full package is $100 one time. It includes 10 ready-to-post business posts, custom graphics, customer follow-up messages, review/customer-message replies, stronger calls-to-action, and content organized around your real services. Everything is delivered ready to use; there’s no subscription or contract.

For Santa Clara Fine Florals, I’d start with service highlights, FAQ-style education, and a clear next-step CTA.

You can choose whatever is easiest:
1. Reply YES and I’ll finish the $100 package.
2. Ask me anything first.
3. If you already know you want it, you can use the PayPal invoice here: https://www.paypal.com/invoice/p/#7T6DC9A6WFH3XXCT

If it isn’t useful, that’s completely fine — reply “no thanks” and I won’t follow up again.

Thanks,
Anastaysia",097-v6-santa-clara-fine-florals.jpg,097-v6-santa-clara-fine-florals.eml,"Absolutely — I can finish the full florist, corporate flowers and workshops content package for Santa Clara Fine Florals. It’s $100 one time, with no subscription or contract. PayPal invoice: https://www.paypal.com/invoice/p/#7T6DC9A6WFH3XXCT

Once payment is confirmed, I’ll build the complete set around service highlights, FAQ-style education, and a clear next-step CTA unless you want me to prioritize something else.

– Anastaysia","It’s $100 total, one time — not per post and not monthly. You keep the 10 posts, custom graphics, customer follow-up messages, review/message replies and CTA copy.","The attached sample was made specifically for Santa Clara Fine Florals around florist, corporate flowers and workshops. That is the direction I’d use for the finished set, and I’ll keep every piece tied to the actual services rather than generic filler.","I’d make the finished set around service highlights, FAQ-style education, and a clear next-step CTA. You receive the words + graphics ready to copy, post or reuse, so you do not have to design or write them yourself.","No problem. I’ll leave the sample with you. If timing changes, reply here and I can pick it back up. I won’t keep chasing you.","Hi Santa Clara Fine Florals team — one quick follow-up on the private florist, corporate flowers and workshops sample I attached. If you want me to finish the full $100 set, reply YES. If not, no worries and I won’t follow up again.

– Anastaysia","Hi — I made a private florist, corporate flowers and workshops sample for Santa Clara Fine Florals, but the public email I tried bounced. What business email should I send the preview to?

– Anastaysia","Thanks — payment is confirmed. I’m building the Santa Clara Fine Florals package around service highlights, FAQ-style education, and a clear next-step CTA. I’ll send the finished files in this email thread when they’re ready.

– Anastaysia","Hi Santa Clara Fine Florals team — your finished $100 content package is ready. I’ve organized the posts, graphics, follow-up copy, review/message replies and CTAs so they’re easy to reuse. If you want a different service emphasized in a future set, reply here.

– Anastaysia",New,,,
V6,98,196,Second Story,"Los Gatos, CA",Private events and hospitality venue,77,Priority-ranked; timing is not guaranteed,info@secondstorylg.com,https://secondstorylg.com/,408-320-6013,https://secondstorylg.com/,2026-09-15,"Current owned venue site lists Los Gatos address, public business contact and private-event information.",private events and hospitality venue,"Second Story is explicitly positioned around private events; event-type, planning and inquiry-prep content can reduce uncertainty before a booking conversation.","Second Story is explicitly positioned around private events; event-type, planning and inquiry-prep content can reduce uncertainty before a booking conversation. The $100 package is useful here because it turns those existing services into clear, reusable customer-facing content without requiring the business to write or design the pieces itself.",Made this private events and hospitality venue preview for Second Story,"Hi Second Story team,

I came across your business and noticed second Story is explicitly positioned around private events; event-type, planning and inquiry-prep content can reduce uncertainty before a booking conversation. I made the attached private preview specifically around that part of the business.

If you like the direction, the full package is $100 one time. It includes 10 ready-to-post business posts, custom graphics, customer follow-up messages, review/customer-message replies, stronger calls-to-action, and content organized around your real services. Everything is delivered ready to use; there’s no subscription or contract.

For Second Story, I’d start with service highlights, FAQ-style education, and a clear next-step CTA.

You can choose whatever is easiest:
1. Reply YES and I’ll finish the $100 package.
2. Ask me anything first.
3. If you already know you want it, you can use the PayPal invoice here: https://www.paypal.com/invoice/p/#7T6DC9A6WFH3XXCT

If it isn’t useful, that’s completely fine — reply “no thanks” and I won’t follow up again.

Thanks,
Anastaysia",098-v6-second-story.jpg,098-v6-second-story.eml,"Absolutely — I can finish the full private events and hospitality venue content package for Second Story. It’s $100 one time, with no subscription or contract. PayPal invoice: https://www.paypal.com/invoice/p/#7T6DC9A6WFH3XXCT

Once payment is confirmed, I’ll build the complete set around service highlights, FAQ-style education, and a clear next-step CTA unless you want me to prioritize something else.

– Anastaysia","It’s $100 total, one time — not per post and not monthly. You keep the 10 posts, custom graphics, customer follow-up messages, review/message replies and CTA copy.","The attached sample was made specifically for Second Story around private events and hospitality venue. That is the direction I’d use for the finished set, and I’ll keep every piece tied to the actual services rather than generic filler.","I’d make the finished set around service highlights, FAQ-style education, and a clear next-step CTA. You receive the words + graphics ready to copy, post or reuse, so you do not have to design or write them yourself.","No problem. I’ll leave the sample with you. If timing changes, reply here and I can pick it back up. I won’t keep chasing you.","Hi Second Story team — one quick follow-up on the private private events and hospitality venue sample I attached. If you want me to finish the full $100 set, reply YES. If not, no worries and I won’t follow up again.

– Anastaysia","Hi — I made a private private events and hospitality venue sample for Second Story, but the public email I tried bounced. What business email should I send the preview to?

– Anastaysia","Thanks — payment is confirmed. I’m building the Second Story package around service highlights, FAQ-style education, and a clear next-step CTA. I’ll send the finished files in this email thread when they’re ready.

– Anastaysia","Hi Second Story team — your finished $100 content package is ready. I’ve organized the posts, graphics, follow-up copy, review/message replies and CTAs so they’re easy to reuse. If you want a different service emphasized in a future set, reply here.

– Anastaysia",New,,,
V6,99,198,Shoreline Golf Links,"Mountain View, CA",Golf and private/corporate events,77,Priority-ranked; timing is not guaranteed,events@shorelinelinks.com,https://www.shorelinelinks.com/,650-903-4653,https://www.shorelinelinks.com/,2026-09-15,Current official site lists 2940 N Shoreline Blvd and current event/general contact paths.,golf and private/corporate events,"Shoreline combines golf with private and corporate events; tee-time, outing and event-use-case content can clarify several customer journeys.","Shoreline combines golf with private and corporate events; tee-time, outing and event-use-case content can clarify several customer journeys. The $100 package is useful here because it turns those existing services into clear, reusable customer-facing content without requiring the business to write or design the pieces itself.",Made this golf and private/corporate events preview for Shoreline Golf Links,"Hi Shoreline Golf Links team,

I came across your business and noticed shoreline combines golf with private and corporate events; tee-time, outing and event-use-case content can clarify several customer journeys. I made the attached private preview specifically around that part of the business.

If you like the direction, the full package is $100 one time. It includes 10 ready-to-post business posts, custom graphics, customer follow-up messages, review/customer-message replies, stronger calls-to-action, and content organized around your real services. Everything is delivered ready to use; there’s no subscription or contract.

For Shoreline Golf Links, I’d start with service highlights, FAQ-style education, and a clear next-step CTA.

You can choose whatever is easiest:
1. Reply YES and I’ll finish the $100 package.
2. Ask me anything first.
3. If you already know you want it, you can use the PayPal invoice here: https://www.paypal.com/invoice/p/#7T6DC9A6WFH3XXCT

If it isn’t useful, that’s completely fine — reply “no thanks” and I won’t follow up again.

Thanks,
Anastaysia",099-v6-shoreline-golf-links.jpg,099-v6-shoreline-golf-links.eml,"Absolutely — I can finish the full golf and private/corporate events content package for Shoreline Golf Links. It’s $100 one time, with no subscription or contract. PayPal invoice: https://www.paypal.com/invoice/p/#7T6DC9A6WFH3XXCT

Once payment is confirmed, I’ll build the complete set around service highlights, FAQ-style education, and a clear next-step CTA unless you want me to prioritize something else.

– Anastaysia","It’s $100 total, one time — not per post and not monthly. You keep the 10 posts, custom graphics, customer follow-up messages, review/message replies and CTA copy.","The attached sample was made specifically for Shoreline Golf Links around golf and private/corporate events. That is the direction I’d use for the finished set, and I’ll keep every piece tied to the actual services rather than generic filler.","I’d make the finished set around service highlights, FAQ-style education, and a clear next-step CTA. You receive the words + graphics ready to copy, post or reuse, so you do not have to design or write them yourself.","No problem. I’ll leave the sample with you. If timing changes, reply here and I can pick it back up. I won’t keep chasing you.","Hi Shoreline Golf Links team — one quick follow-up on the private golf and private/corporate events sample I attached. If you want me to finish the full $100 set, reply YES. If not, no worries and I won’t follow up again.

– Anastaysia","Hi — I made a private golf and private/corporate events sample for Shoreline Golf Links, but the public email I tried bounced. What business email should I send the preview to?

– Anastaysia","Thanks — payment is confirmed. I’m building the Shoreline Golf Links package around service highlights, FAQ-style education, and a clear next-step CTA. I’ll send the finished files in this email thread when they’re ready.

– Anastaysia","Hi Shoreline Golf Links team — your finished $100 content package is ready. I’ve organized the posts, graphics, follow-up copy, review/message replies and CTAs so they’re easy to reuse. If you want a different service emphasized in a future set, reply here.

– Anastaysia",New,,,
V6,100,200,Smashing Dishes,San Jose CA,Full-service catering and event production,77,Priority-ranked; timing is not guaranteed,info@smashingdishes.com,https://smashingdishes.com/,408-263-4366,https://smashingdishes.com/accessibility/,2026-09-13,Current official site lists 5202 N. First Street in San Jose and full-service catering/event production; official accessibility page publishes info@smashingdishes.com.,full-service catering and event production,"Smashing Dishes combines custom menus with staffing, design, rentals, entertainment and vendor coordination, giving prospects a lot to understand before choosing a full-service event partner.","Smashing Dishes combines custom menus with staffing, design, rentals, entertainment and vendor coordination, giving prospects a lot to understand before choosing a full-service event partner. The $100 package is useful here because it turns those existing services into clear, reusable customer-facing content without requiring the business to write or design the pieces itself.",Made this full-service catering and event production preview for Smashing Dishes,"Hi Smashing Dishes team,

I came across your business and noticed smashing Dishes combines custom menus with staffing, design, rentals, entertainment and vendor coordination, giving prospects a lot to understand before choosing a full-service event partner. I made the attached private preview specifically around that part of the business.

If you like the direction, the full package is $100 one time. It includes 10 ready-to-post business posts, custom graphics, customer follow-up messages, review/customer-message replies, stronger calls-to-action, and content organized around your real services. Everything is delivered ready to use; there’s no subscription or contract.

For Smashing Dishes, I’d start with menu/service highlights, event or ordering guidance, and local customer CTAs.

You can choose whatever is easiest:
1. Reply YES and I’ll finish the $100 package.
2. Ask me anything first.
3. If you already know you want it, you can use the PayPal invoice here: https://www.paypal.com/invoice/p/#7T6DC9A6WFH3XXCT

If it isn’t useful, that’s completely fine — reply “no thanks” and I won’t follow up again.

Thanks,
Anastaysia",100-v6-smashing-dishes.jpg,100-v6-smashing-dishes.eml,"Absolutely — I can finish the full full-service catering and event production content package for Smashing Dishes. It’s $100 one time, with no subscription or contract. PayPal invoice: https://www.paypal.com/invoice/p/#7T6DC9A6WFH3XXCT

Once payment is confirmed, I’ll build the complete set around menu/service highlights, event or ordering guidance, and local customer CTAs unless you want me to prioritize something else.

– Anastaysia","It’s $100 total, one time — not per post and not monthly. You keep the 10 posts, custom graphics, customer follow-up messages, review/message replies and CTA copy.","The attached sample was made specifically for Smashing Dishes around full-service catering and event production. That is the direction I’d use for the finished set, and I’ll keep every piece tied to the actual services rather than generic filler.","I’d make the finished set around menu/service highlights, event or ordering guidance, and local customer CTAs. You receive the words + graphics ready to copy, post or reuse, so you do not have to design or write them yourself.","No problem. I’ll leave the sample with you. If timing changes, reply here and I can pick it back up. I won’t keep chasing you.","Hi Smashing Dishes team — one quick follow-up on the private full-service catering and event production sample I attached. If you want me to finish the full $100 set, reply YES. If not, no worries and I won’t follow up again.

– Anastaysia","Hi — I made a private full-service catering and event production sample for Smashing Dishes, but the public email I tried bounced. What business email should I send the preview to?

– Anastaysia","Thanks — payment is confirmed. I’m building the Smashing Dishes package around menu/service highlights, event or ordering guidance, and local customer CTAs. I’ll send the finished files in this email thread when they’re ready.

– Anastaysia","Hi Smashing Dishes team — your finished $100 content package is ready. I’ve organized the posts, graphics, follow-up copy, review/message replies and CTAs so they’re easy to reuse. If you want a different service emphasized in a future set, reply here.

– Anastaysia",New,,,
V6,101,202,Spina Farms Pumpkin Patch,"Morgan Hill, CA",Seasonal farm attraction and family entertainment,77,Priority-ranked; timing is not guaranteed,info@spinafarmspumpkinpatch.com,https://spinafarmspumpkinpatch.com/,650-763-6935,https://spinafarmspumpkinpatch.com/about/,2026-09-13,"Current owned site lists Morgan Hill location, public email/phone, 2026 opening date, calendar and new 2026 attraction information.",seasonal farm attraction and family entertainment,"Spina Farms opens its 2026 season on September 17 and publishes six attractions plus food/family activities; clear attraction, visit-planning and seasonal-event content is unusually timely without inventing urgency.","Spina Farms opens its 2026 season on September 17 and publishes six attractions plus food/family activities; clear attraction, visit-planning and seasonal-event content is unusually timely without inventing urgency. The $100 package is useful here because it turns those existing services into clear, reusable customer-facing content without requiring the business to write or design the pieces itself.",Made this seasonal farm attraction and family entertainment preview for Spina Farms Pumpkin Patch,"Hi Spina Farms Pumpkin Patch team,

I came across your business and noticed spina Farms opens its 2026 season on September 17 and publishes six attractions plus food/family activities; clear attraction, visit-planning and seasonal-event content is unusually timely without inventing urgency. I made the attached private preview specifically around that part of the business.

If you like the direction, the full package is $100 one time. It includes 10 ready-to-post business posts, custom graphics, customer follow-up messages, review/customer-message replies, stronger calls-to-action, and content organized around your real services. Everything is delivered ready to use; there’s no subscription or contract.

For Spina Farms Pumpkin Patch, I’d start with service highlights, FAQ-style education, and a clear next-step CTA.

You can choose whatever is easiest:
1. Reply YES and I’ll finish the $100 package.
2. Ask me anything first.
3. If you already know you want it, you can use the PayPal invoice here: https://www.paypal.com/invoice/p/#7T6DC9A6WFH3XXCT

If it isn’t useful, that’s completely fine — reply “no thanks” and I won’t follow up again.

Thanks,
Anastaysia",101-v6-spina-farms-pumpkin-patch.jpg,101-v6-spina-farms-pumpkin-patch.eml,"Absolutely — I can finish the full seasonal farm attraction and family entertainment content package for Spina Farms Pumpkin Patch. It’s $100 one time, with no subscription or contract. PayPal invoice: https://www.paypal.com/invoice/p/#7T6DC9A6WFH3XXCT

Once payment is confirmed, I’ll build the complete set around service highlights, FAQ-style education, and a clear next-step CTA unless you want me to prioritize something else.

– Anastaysia","It’s $100 total, one time — not per post and not monthly. You keep the 10 posts, custom graphics, customer follow-up messages, review/message replies and CTA copy.","The attached sample was made specifically for Spina Farms Pumpkin Patch around seasonal farm attraction and family entertainment. That is the direction I’d use for the finished set, and I’ll keep every piece tied to the actual services rather than generic filler.","I’d make the finished set around service highlights, FAQ-style education, and a clear next-step CTA. You receive the words + graphics ready to copy, post or reuse, so you do not have to design or write them yourself.","No problem. I’ll leave the sample with you. If timing changes, reply here and I can pick it back up. I won’t keep chasing you.","Hi Spina Farms Pumpkin Patch team — one quick follow-up on the private seasonal farm attraction and family entertainment sample I attached. If you want me to finish the full $100 set, reply YES. If not, no worries and I won’t follow up again.

– Anastaysia","Hi — I made a private seasonal farm attraction and family entertainment sample for Spina Farms Pumpkin Patch, but the public email I tried bounced. What business email should I send the preview to?

– Anastaysia","Thanks — payment is confirmed. I’m building the Spina Farms Pumpkin Patch package around service highlights, FAQ-style education, and a clear next-step CTA. I’ll send the finished files in this email thread when they’re ready.

– Anastaysia","Hi Spina Farms Pumpkin Patch team — your finished $100 content package is ready. I’ve organized the posts, graphics, follow-up copy, review/message replies and CTAs so they’re easy to reuse. If you want a different service emphasized in a future set, reply here.

– Anastaysia",New,,,
V6,102,204,Sri Radha's Veg Cuisine,"Milpitas, CA","Vegetarian restaurant, catering, bakery and event hall",77,Priority-ranked; timing is not guaranteed,info@sriradhas.com,https://www.sriradhas.com/,510-771-7759,https://www.sriradhas.com/contact,2026-09-13,"Current owned site publishes info@sriradhas.com, 510-771-7759 and 680 E Calaveras Blvd, Milpitas; current contact page details catering, cakes, pizza and event-hall request paths.","vegetarian restaurant, catering, bakery and event hall","Sri Radha's combines buffet dining with catering, custom eggless cakes, fresh pizzas and an event hall; service-selector and event-package content could expose high-value offerings that are easy to miss when customers think of it only as a restaurant.","Sri Radha's combines buffet dining with catering, custom eggless cakes, fresh pizzas and an event hall; service-selector and event-package content could expose high-value offerings that are easy to miss when customers think of it only as a restaurant. The $100 package is useful here because it turns those existing services into clear, reusable customer-facing content without requiring the business to write or design the pieces itself.","Made this vegetarian restaurant, catering, bakery and event hall preview for Sri Radha's Veg Cuisine","Hi Sri Radha's Veg Cuisine team,

I came across your business and noticed sri Radha's combines buffet dining with catering, custom eggless cakes, fresh pizzas and an event hall; service-selector and event-package content could expose high-value offerings that are easy to miss when customers think of it only as a restaurant. I made the attached private preview specifically around that part of the business.

If you like the direction, the full package is $100 one time. It includes 10 ready-to-post business posts, custom graphics, customer follow-up messages, review/customer-message replies, stronger calls-to-action, and content organized around your real services. Everything is delivered ready to use; there’s no subscription or contract.

For Sri Radha's Veg Cuisine, I’d start with menu/service highlights, event or ordering guidance, and local customer CTAs.

You can choose whatever is easiest:
1. Reply YES and I’ll finish the $100 package.
2. Ask me anything first.
3. If you already know you want it, you can use the PayPal invoice here: https://www.paypal.com/invoice/p/#7T6DC9A6WFH3XXCT

If it isn’t useful, that’s completely fine — reply “no thanks” and I won’t follow up again.

Thanks,
Anastaysia",102-v6-sri-radha-s-veg-cuisine.jpg,102-v6-sri-radha-s-veg-cuisine.eml,"Absolutely — I can finish the full vegetarian restaurant, catering, bakery and event hall content package for Sri Radha's Veg Cuisine. It’s $100 one time, with no subscription or contract. PayPal invoice: https://www.paypal.com/invoice/p/#7T6DC9A6WFH3XXCT

Once payment is confirmed, I’ll build the complete set around menu/service highlights, event or ordering guidance, and local customer CTAs unless you want me to prioritize something else.

– Anastaysia","It’s $100 total, one time — not per post and not monthly. You keep the 10 posts, custom graphics, customer follow-up messages, review/message replies and CTA copy.","The attached sample was made specifically for Sri Radha's Veg Cuisine around vegetarian restaurant, catering, bakery and event hall. That is the direction I’d use for the finished set, and I’ll keep every piece tied to the actual services rather than generic filler.","I’d make the finished set around menu/service highlights, event or ordering guidance, and local customer CTAs. You receive the words + graphics ready to copy, post or reuse, so you do not have to design or write them yourself.","No problem. I’ll leave the sample with you. If timing changes, reply here and I can pick it back up. I won’t keep chasing you.","Hi Sri Radha's Veg Cuisine team — one quick follow-up on the private vegetarian restaurant, catering, bakery and event hall sample I attached. If you want me to finish the full $100 set, reply YES. If not, no worries and I won’t follow up again.

– Anastaysia","Hi — I made a private vegetarian restaurant, catering, bakery and event hall sample for Sri Radha's Veg Cuisine, but the public email I tried bounced. What business email should I send the preview to?

– Anastaysia","Thanks — payment is confirmed. I’m building the Sri Radha's Veg Cuisine package around menu/service highlights, event or ordering guidance, and local customer CTAs. I’ll send the finished files in this email thread when they’re ready.

– Anastaysia","Hi Sri Radha's Veg Cuisine team — your finished $100 content package is ready. I’ve organized the posts, graphics, follow-up copy, review/message replies and CTAs so they’re easy to reuse. If you want a different service emphasized in a future set, reply here.

– Anastaysia",New,,,
V6,103,206,The Ameswell Hotel,"Mountain View, CA","Hotel, meetings and events",77,Priority-ranked; timing is not guaranteed,info@theameswellhotel.com,https://www.theameswellhotel.com/,650-880-1000,https://www.theameswellhotel.com/,2026-09-15,"Current owned site lists 800 Moffett Blvd, Mountain View, public info inbox and active meetings/events.","hotel, meetings and events","The Ameswell combines lodging with meetings and events; stay, meeting and local-visit content can help guests and planners understand how to use the property.","The Ameswell combines lodging with meetings and events; stay, meeting and local-visit content can help guests and planners understand how to use the property. The $100 package is useful here because it turns those existing services into clear, reusable customer-facing content without requiring the business to write or design the pieces itself.","Made this hotel, meetings and events preview for The Ameswell Hotel","Hi The Ameswell Hotel team,

I came across your business and noticed the Ameswell combines lodging with meetings and events; stay, meeting and local-visit content can help guests and planners understand how to use the property. I made the attached private preview specifically around that part of the business.

If you like the direction, the full package is $100 one time. It includes 10 ready-to-post business posts, custom graphics, customer follow-up messages, review/customer-message replies, stronger calls-to-action, and content organized around your real services. Everything is delivered ready to use; there’s no subscription or contract.

For The Ameswell Hotel, I’d start with service highlights, FAQ-style education, and a clear next-step CTA.

You can choose whatever is easiest:
1. Reply YES and I’ll finish the $100 package.
2. Ask me anything first.
3. If you already know you want it, you can use the PayPal invoice here: https://www.paypal.com/invoice/p/#7T6DC9A6WFH3XXCT

If it isn’t useful, that’s completely fine — reply “no thanks” and I won’t follow up again.

Thanks,
Anastaysia",103-v6-the-ameswell-hotel.jpg,103-v6-the-ameswell-hotel.eml,"Absolutely — I can finish the full hotel, meetings and events content package for The Ameswell Hotel. It’s $100 one time, with no subscription or contract. PayPal invoice: https://www.paypal.com/invoice/p/#7T6DC9A6WFH3XXCT

Once payment is confirmed, I’ll build the complete set around service highlights, FAQ-style education, and a clear next-step CTA unless you want me to prioritize something else.

– Anastaysia","It’s $100 total, one time — not per post and not monthly. You keep the 10 posts, custom graphics, customer follow-up messages, review/message replies and CTA copy.","The attached sample was made specifically for The Ameswell Hotel around hotel, meetings and events. That is the direction I’d use for the finished set, and I’ll keep every piece tied to the actual services rather than generic filler.","I’d make the finished set around service highlights, FAQ-style education, and a clear next-step CTA. You receive the words + graphics ready to copy, post or reuse, so you do not have to design or write them yourself.","No problem. I’ll leave the sample with you. If timing changes, reply here and I can pick it back up. I won’t keep chasing you.","Hi The Ameswell Hotel team — one quick follow-up on the private hotel, meetings and events sample I attached. If you want me to finish the full $100 set, reply YES. If not, no worries and I won’t follow up again.

– Anastaysia","Hi — I made a private hotel, meetings and events sample for The Ameswell Hotel, but the public email I tried bounced. What business email should I send the preview to?

– Anastaysia","Thanks — payment is confirmed. I’m building the The Ameswell Hotel package around service highlights, FAQ-style education, and a clear next-step CTA. I’ll send the finished files in this email thread when they’re ready.

– Anastaysia","Hi The Ameswell Hotel team — your finished $100 content package is ready. I’ve organized the posts, graphics, follow-up copy, review/message replies and CTAs so they’re easy to reuse. If you want a different service emphasized in a future set, reply here.

– Anastaysia",New,,,
V6,104,208,The GlassHouse SJ,"San Jose, CA",Event venue and conference space,77,Priority-ranked; timing is not guaranteed,info@tghsj.com,https://www.tghsj.com/,408-606-8148,https://www.sanjose.org/listings/glass-house,2026-09-15,"Current Visit San Jose listing and current venue sources publish San Jose location, phone and public info inbox.",event venue and conference space,"The GlassHouse supports corporate/private events, launches, weddings, shoots and large gatherings; event-type, capacity and tour-prep content can clarify venue fit.","The GlassHouse supports corporate/private events, launches, weddings, shoots and large gatherings; event-type, capacity and tour-prep content can clarify venue fit. The $100 package is useful here because it turns those existing services into clear, reusable customer-facing content without requiring the business to write or design the pieces itself.",Made this event venue and conference space preview for The GlassHouse SJ,"Hi The GlassHouse SJ team,

I came across your business and noticed the GlassHouse supports corporate/private events, launches, weddings, shoots and large gatherings; event-type, capacity and tour-prep content can clarify venue fit. I made the attached private preview specifically around that part of the business.

If you like the direction, the full package is $100 one time. It includes 10 ready-to-post business posts, custom graphics, customer follow-up messages, review/customer-message replies, stronger calls-to-action, and content organized around your real services. Everything is delivered ready to use; there’s no subscription or contract.

For The GlassHouse SJ, I’d start with service highlights, FAQ-style education, and a clear next-step CTA.

You can choose whatever is easiest:
1. Reply YES and I’ll finish the $100 package.
2. Ask me anything first.
3. If you already know you want it, you can use the PayPal invoice here: https://www.paypal.com/invoice/p/#7T6DC9A6WFH3XXCT

If it isn’t useful, that’s completely fine — reply “no thanks” and I won’t follow up again.

Thanks,
Anastaysia",104-v6-the-glasshouse-sj.jpg,104-v6-the-glasshouse-sj.eml,"Absolutely — I can finish the full event venue and conference space content package for The GlassHouse SJ. It’s $100 one time, with no subscription or contract. PayPal invoice: https://www.paypal.com/invoice/p/#7T6DC9A6WFH3XXCT

Once payment is confirmed, I’ll build the complete set around service highlights, FAQ-style education, and a clear next-step CTA unless you want me to prioritize something else.

– Anastaysia","It’s $100 total, one time — not per post and not monthly. You keep the 10 posts, custom graphics, customer follow-up messages, review/message replies and CTA copy.","The attached sample was made specifically for The GlassHouse SJ around event venue and conference space. That is the direction I’d use for the finished set, and I’ll keep every piece tied to the actual services rather than generic filler.","I’d make the finished set around service highlights, FAQ-style education, and a clear next-step CTA. You receive the words + graphics ready to copy, post or reuse, so you do not have to design or write them yourself.","No problem. I’ll leave the sample with you. If timing changes, reply here and I can pick it back up. I won’t keep chasing you.","Hi The GlassHouse SJ team — one quick follow-up on the private event venue and conference space sample I attached. If you want me to finish the full $100 set, reply YES. If not, no worries and I won’t follow up again.

– Anastaysia","Hi — I made a private event venue and conference space sample for The GlassHouse SJ, but the public email I tried bounced. What business email should I send the preview to?

– Anastaysia","Thanks — payment is confirmed. I’m building the The GlassHouse SJ package around service highlights, FAQ-style education, and a clear next-step CTA. I’ll send the finished files in this email thread when they’re ready.

– Anastaysia","Hi The GlassHouse SJ team — your finished $100 content package is ready. I’ve organized the posts, graphics, follow-up copy, review/message replies and CTAs so they’re easy to reuse. If you want a different service emphasized in a future set, reply here.

– Anastaysia",New,,,
V6,105,210,Tico Coffee Roasters,"Campbell, CA","Coffee roaster, ecommerce and mobile cafe",77,Priority-ranked; timing is not guaranteed,support@ticoroasters.com,https://ticoroasters.com/,408-800-4855,https://ticoroasters.com/pages/contact-us,2026-09-15,Current owned contact/site evidence lists Campbell address and public support inbox; active site promotes ecommerce and mobile cafe service.,"coffee roaster, ecommerce and mobile cafe","Tico combines coffee ecommerce with local/mobile cafe service; product-discovery, brewing and event/mobile-cafe content can expose multiple real purchase paths.","Tico combines coffee ecommerce with local/mobile cafe service; product-discovery, brewing and event/mobile-cafe content can expose multiple real purchase paths. The $100 package is useful here because it turns those existing services into clear, reusable customer-facing content without requiring the business to write or design the pieces itself.","Made this coffee roaster, ecommerce and mobile cafe preview for Tico Coffee Roasters","Hi Tico Coffee Roasters team,

I came across your business and noticed tico combines coffee ecommerce with local/mobile cafe service; product-discovery, brewing and event/mobile-cafe content can expose multiple real purchase paths. I made the attached private preview specifically around that part of the business.

If you like the direction, the full package is $100 one time. It includes 10 ready-to-post business posts, custom graphics, customer follow-up messages, review/customer-message replies, stronger calls-to-action, and content organized around your real services. Everything is delivered ready to use; there’s no subscription or contract.

For Tico Coffee Roasters, I’d start with menu/service highlights, event or ordering guidance, and local customer CTAs.

You can choose whatever is easiest:
1. Reply YES and I’ll finish the $100 package.
2. Ask me anything first.
3. If you already know you want it, you can use the PayPal invoice here: https://www.paypal.com/invoice/p/#7T6DC9A6WFH3XXCT

If it isn’t useful, that’s completely fine — reply “no thanks” and I won’t follow up again.

Thanks,
Anastaysia",105-v6-tico-coffee-roasters.jpg,105-v6-tico-coffee-roasters.eml,"Absolutely — I can finish the full coffee roaster, ecommerce and mobile cafe content package for Tico Coffee Roasters. It’s $100 one time, with no subscription or contract. PayPal invoice: https://www.paypal.com/invoice/p/#7T6DC9A6WFH3XXCT

Once payment is confirmed, I’ll build the complete set around menu/service highlights, event or ordering guidance, and local customer CTAs unless you want me to prioritize something else.

– Anastaysia","It’s $100 total, one time — not per post and not monthly. You keep the 10 posts, custom graphics, customer follow-up messages, review/message replies and CTA copy.","The attached sample was made specifically for Tico Coffee Roasters around coffee roaster, ecommerce and mobile cafe. That is the direction I’d use for the finished set, and I’ll keep every piece tied to the actual services rather than generic filler.","I’d make the finished set around menu/service highlights, event or ordering guidance, and local customer CTAs. You receive the words + graphics ready to copy, post or reuse, so you do not have to design or write them yourself.","No problem. I’ll leave the sample with you. If timing changes, reply here and I can pick it back up. I won’t keep chasing you.","Hi Tico Coffee Roasters team — one quick follow-up on the private coffee roaster, ecommerce and mobile cafe sample I attached. If you want me to finish the full $100 set, reply YES. If not, no worries and I won’t follow up again.

– Anastaysia","Hi — I made a private coffee roaster, ecommerce and mobile cafe sample for Tico Coffee Roasters, but the public email I tried bounced. What business email should I send the preview to?

– Anastaysia","Thanks — payment is confirmed. I’m building the Tico Coffee Roasters package around menu/service highlights, event or ordering guidance, and local customer CTAs. I’ll send the finished files in this email thread when they’re ready.

– Anastaysia","Hi Tico Coffee Roasters team — your finished $100 content package is ready. I’ve organized the posts, graphics, follow-up copy, review/message replies and CTAs so they’re easy to reuse. If you want a different service emphasized in a future set, reply here.

– Anastaysia",New,,,
V6,106,212,Vardy's Jewelers,"Cupertino, CA","Jewelry retail, custom work and repair",77,Priority-ranked; timing is not guaranteed,info@vardys.com,https://vardys.com/,408-446-2900,https://vardys.com/,2026-09-15,Current owned site lists Cupertino contact information and current jewelry/repair service paths.,"jewelry retail, custom work and repair","Vardy's combines jewelry sales with custom and repair services; service-comparison, care and consultation content can clarify several distinct customer journeys.","Vardy's combines jewelry sales with custom and repair services; service-comparison, care and consultation content can clarify several distinct customer journeys. The $100 package is useful here because it turns those existing services into clear, reusable customer-facing content without requiring the business to write or design the pieces itself.","Made this jewelry retail, custom work and repair preview for Vardy's Jewelers","Hi Vardy's Jewelers team,

I came across your business and noticed vardy's combines jewelry sales with custom and repair services; service-comparison, care and consultation content can clarify several distinct customer journeys. I made the attached private preview specifically around that part of the business.

If you like the direction, the full package is $100 one time. It includes 10 ready-to-post business posts, custom graphics, customer follow-up messages, review/customer-message replies, stronger calls-to-action, and content organized around your real services. Everything is delivered ready to use; there’s no subscription or contract.

For Vardy's Jewelers, I’d start with service highlights, FAQ-style education, and a clear next-step CTA.

You can choose whatever is easiest:
1. Reply YES and I’ll finish the $100 package.
2. Ask me anything first.
3. If you already know you want it, you can use the PayPal invoice here: https://www.paypal.com/invoice/p/#7T6DC9A6WFH3XXCT

If it isn’t useful, that’s completely fine — reply “no thanks” and I won’t follow up again.

Thanks,
Anastaysia",106-v6-vardy-s-jewelers.jpg,106-v6-vardy-s-jewelers.eml,"Absolutely — I can finish the full jewelry retail, custom work and repair content package for Vardy's Jewelers. It’s $100 one time, with no subscription or contract. PayPal invoice: https://www.paypal.com/invoice/p/#7T6DC9A6WFH3XXCT

Once payment is confirmed, I’ll build the complete set around service highlights, FAQ-style education, and a clear next-step CTA unless you want me to prioritize something else.

– Anastaysia","It’s $100 total, one time — not per post and not monthly. You keep the 10 posts, custom graphics, customer follow-up messages, review/message replies and CTA copy.","The attached sample was made specifically for Vardy's Jewelers around jewelry retail, custom work and repair. That is the direction I’d use for the finished set, and I’ll keep every piece tied to the actual services rather than generic filler.","I’d make the finished set around service highlights, FAQ-style education, and a clear next-step CTA. You receive the words + graphics ready to copy, post or reuse, so you do not have to design or write them yourself.","No problem. I’ll leave the sample with you. If timing changes, reply here and I can pick it back up. I won’t keep chasing you.","Hi Vardy's Jewelers team — one quick follow-up on the private jewelry retail, custom work and repair sample I attached. If you want me to finish the full $100 set, reply YES. If not, no worries and I won’t follow up again.

– Anastaysia","Hi — I made a private jewelry retail, custom work and repair sample for Vardy's Jewelers, but the public email I tried bounced. What business email should I send the preview to?

– Anastaysia","Thanks — payment is confirmed. I’m building the Vardy's Jewelers package around service highlights, FAQ-style education, and a clear next-step CTA. I’ll send the finished files in this email thread when they’re ready.

– Anastaysia","Hi Vardy's Jewelers team — your finished $100 content package is ready. I’ve organized the posts, graphics, follow-up copy, review/message replies and CTAs so they’re easy to reuse. If you want a different service emphasized in a future set, reply here.

– Anastaysia",New,,,
V6,107,214,Verify Group Inc.,"Campbell, CA",Live Scan fingerprinting and mobile services,77,Priority-ranked; timing is not guaranteed,admin@verifygroup.com,https://verifygroup.com/,408-761-2156,https://oag.ca.gov/fingerprints/locations/verify-group-inc,2026-09-16,"Current DOJ listing and owned site publish Campbell address, admin@verifygroup.com, phone and active same-day/mobile services.",live scan fingerprinting and mobile services,"Verify Group offers walk-in, appointment and mobile fingerprinting for individuals and groups; process, pricing and group-service content can clarify booking choices.","Verify Group offers walk-in, appointment and mobile fingerprinting for individuals and groups; process, pricing and group-service content can clarify booking choices. The $100 package is useful here because it turns those existing services into clear, reusable customer-facing content without requiring the business to write or design the pieces itself.",Made this live scan fingerprinting and mobile services preview for Verify Group Inc.,"Hi Verify Group Inc. team,

I came across your business and noticed verify Group offers walk-in, appointment and mobile fingerprinting for individuals and groups; process, pricing and group-service content can clarify booking choices. I made the attached private preview specifically around that part of the business.

If you like the direction, the full package is $100 one time. It includes 10 ready-to-post business posts, custom graphics, customer follow-up messages, review/customer-message replies, stronger calls-to-action, and content organized around your real services. Everything is delivered ready to use; there’s no subscription or contract.

For Verify Group Inc., I’d start with service highlights, FAQ-style education, and a clear next-step CTA.

You can choose whatever is easiest:
1. Reply YES and I’ll finish the $100 package.
2. Ask me anything first.
3. If you already know you want it, you can use the PayPal invoice here: https://www.paypal.com/invoice/p/#7T6DC9A6WFH3XXCT

If it isn’t useful, that’s completely fine — reply “no thanks” and I won’t follow up again.

Thanks,
Anastaysia",107-v6-verify-group-inc.jpg,107-v6-verify-group-inc.eml,"Absolutely — I can finish the full live scan fingerprinting and mobile services content package for Verify Group Inc.. It’s $100 one time, with no subscription or contract. PayPal invoice: https://www.paypal.com/invoice/p/#7T6DC9A6WFH3XXCT

Once payment is confirmed, I’ll build the complete set around service highlights, FAQ-style education, and a clear next-step CTA unless you want me to prioritize something else.

– Anastaysia","It’s $100 total, one time — not per post and not monthly. You keep the 10 posts, custom graphics, customer follow-up messages, review/message replies and CTA copy.","The attached sample was made specifically for Verify Group Inc. around live scan fingerprinting and mobile services. That is the direction I’d use for the finished set, and I’ll keep every piece tied to the actual services rather than generic filler.","I’d make the finished set around service highlights, FAQ-style education, and a clear next-step CTA. You receive the words + graphics ready to copy, post or reuse, so you do not have to design or write them yourself.","No problem. I’ll leave the sample with you. If timing changes, reply here and I can pick it back up. I won’t keep chasing you.","Hi Verify Group Inc. team — one quick follow-up on the private live scan fingerprinting and mobile services sample I attached. If you want me to finish the full $100 set, reply YES. If not, no worries and I won’t follow up again.

– Anastaysia","Hi — I made a private live scan fingerprinting and mobile services sample for Verify Group Inc., but the public email I tried bounced. What business email should I send the preview to?

– Anastaysia","Thanks — payment is confirmed. I’m building the Verify Group Inc. package around service highlights, FAQ-style education, and a clear next-step CTA. I’ll send the finished files in this email thread when they’re ready.

– Anastaysia","Hi Verify Group Inc. team — your finished $100 content package is ready. I’ve organized the posts, graphics, follow-up copy, review/message replies and CTAs so they’re easy to reuse. If you want a different service emphasized in a future set, reply here.

– Anastaysia",New,,,
V6,108,216,Wagster Pet Care,"Sunnyvale / Campbell / Palo Alto and Santa Clara County service area, CA",Dog walking and pet sitting,77,Priority-ranked; timing is not guaranteed,contact@wagsterpetcare.com,https://www.wagsterpetcare.com/,408-409-4130,https://www.wagsterpetcare.com/request-service,2026-09-13,"Current owned site lists contact@wagsterpetcare.com, 408-409-4130, Sunnyvale and Campbell locations, 2026 copyright and active Los Gatos/San Jose service pages.",dog walking and pet sitting,"Wagster offers dog walking, pet sitting, vacation care and pet taxi across multiple South Bay locations; service-area, visit-length and booking-prep content could help pet owners choose a service without promising pet-health or behavior outcomes.","Wagster offers dog walking, pet sitting, vacation care and pet taxi across multiple South Bay locations; service-area, visit-length and booking-prep content could help pet owners choose a service without promising pet-health or behavior outcomes. The $100 package is useful here because it turns those existing services into clear, reusable customer-facing content without requiring the business to write or design the pieces itself.",Made this dog walking and pet sitting preview for Wagster Pet Care,"Hi Wagster Pet Care team,

I came across your business and noticed wagster offers dog walking, pet sitting, vacation care and pet taxi across multiple South Bay locations; service-area, visit-length and booking-prep content could help pet owners choose a service without promising pet-health or behavior outcomes. I made the attached private preview specifically around that part of the business.

If you like the direction, the full package is $100 one time. It includes 10 ready-to-post business posts, custom graphics, customer follow-up messages, review/customer-message replies, stronger calls-to-action, and content organized around your real services. Everything is delivered ready to use; there’s no subscription or contract.

For Wagster Pet Care, I’d start with service highlights, FAQ-style education, and a clear next-step CTA.

You can choose whatever is easiest:
1. Reply YES and I’ll finish the $100 package.
2. Ask me anything first.
3. If you already know you want it, you can use the PayPal invoice here: https://www.paypal.com/invoice/p/#7T6DC9A6WFH3XXCT

If it isn’t useful, that’s completely fine — reply “no thanks” and I won’t follow up again.

Thanks,
Anastaysia",108-v6-wagster-pet-care.jpg,108-v6-wagster-pet-care.eml,"Absolutely — I can finish the full dog walking and pet sitting content package for Wagster Pet Care. It’s $100 one time, with no subscription or contract. PayPal invoice: https://www.paypal.com/invoice/p/#7T6DC9A6WFH3XXCT

Once payment is confirmed, I’ll build the complete set around service highlights, FAQ-style education, and a clear next-step CTA unless you want me to prioritize something else.

– Anastaysia","It’s $100 total, one time — not per post and not monthly. You keep the 10 posts, custom graphics, customer follow-up messages, review/message replies and CTA copy.","The attached sample was made specifically for Wagster Pet Care around dog walking and pet sitting. That is the direction I’d use for the finished set, and I’ll keep every piece tied to the actual services rather than generic filler.","I’d make the finished set around service highlights, FAQ-style education, and a clear next-step CTA. You receive the words + graphics ready to copy, post or reuse, so you do not have to design or write them yourself.","No problem. I’ll leave the sample with you. If timing changes, reply here and I can pick it back up. I won’t keep chasing you.","Hi Wagster Pet Care team — one quick follow-up on the private dog walking and pet sitting sample I attached. If you want me to finish the full $100 set, reply YES. If not, no worries and I won’t follow up again.

– Anastaysia","Hi — I made a private dog walking and pet sitting sample for Wagster Pet Care, but the public email I tried bounced. What business email should I send the preview to?

– Anastaysia","Thanks — payment is confirmed. I’m building the Wagster Pet Care package around service highlights, FAQ-style education, and a clear next-step CTA. I’ll send the finished files in this email thread when they’re ready.

– Anastaysia","Hi Wagster Pet Care team — your finished $100 content package is ready. I’ve organized the posts, graphics, follow-up copy, review/message replies and CTAs so they’re easy to reuse. If you want a different service emphasized in a future set, reply here.

– Anastaysia",New,,,
V6,109,218,What Coffee & Bakery,"Santa Clara, CA",Coffee shop bakery and catering,77,Priority-ranked; timing is not guaranteed,contact@whatcoffeeandbakery.com,https://www.whatcoffeeandbakery.com/,408-609-3146,https://www.whatcoffeeandbakery.com/,2026-09-16,"Current owned site publishes contact@whatcoffeeandbakery.com, Santa Clara address, hours and catering offer.",coffee shop bakery and catering,"What Coffee roasts coffee in-house, bakes fresh pastries and offers coffee/pastry catering for meetings, parties and events; product, catering and local-visit content is immediately visual.","What Coffee roasts coffee in-house, bakes fresh pastries and offers coffee/pastry catering for meetings, parties and events; product, catering and local-visit content is immediately visual. The $100 package is useful here because it turns those existing services into clear, reusable customer-facing content without requiring the business to write or design the pieces itself.",Made this coffee shop bakery and catering preview for What Coffee & Bakery,"Hi What Coffee & Bakery team,

I came across your business and noticed what Coffee roasts coffee in-house, bakes fresh pastries and offers coffee/pastry catering for meetings, parties and events; product, catering and local-visit content is immediately visual. I made the attached private preview specifically around that part of the business.

If you like the direction, the full package is $100 one time. It includes 10 ready-to-post business posts, custom graphics, customer follow-up messages, review/customer-message replies, stronger calls-to-action, and content organized around your real services. Everything is delivered ready to use; there’s no subscription or contract.

For What Coffee & Bakery, I’d start with menu/service highlights, event or ordering guidance, and local customer CTAs.

You can choose whatever is easiest:
1. Reply YES and I’ll finish the $100 package.
2. Ask me anything first.
3. If you already know you want it, you can use the PayPal invoice here: https://www.paypal.com/invoice/p/#7T6DC9A6WFH3XXCT

If it isn’t useful, that’s completely fine — reply “no thanks” and I won’t follow up again.

Thanks,
Anastaysia",109-v6-what-coffee-bakery.jpg,109-v6-what-coffee-bakery.eml,"Absolutely — I can finish the full coffee shop bakery and catering content package for What Coffee & Bakery. It’s $100 one time, with no subscription or contract. PayPal invoice: https://www.paypal.com/invoice/p/#7T6DC9A6WFH3XXCT

Once payment is confirmed, I’ll build the complete set around menu/service highlights, event or ordering guidance, and local customer CTAs unless you want me to prioritize something else.

– Anastaysia","It’s $100 total, one time — not per post and not monthly. You keep the 10 posts, custom graphics, customer follow-up messages, review/message replies and CTA copy.","The attached sample was made specifically for What Coffee & Bakery around coffee shop bakery and catering. That is the direction I’d use for the finished set, and I’ll keep every piece tied to the actual services rather than generic filler.","I’d make the finished set around menu/service highlights, event or ordering guidance, and local customer CTAs. You receive the words + graphics ready to copy, post or reuse, so you do not have to design or write them yourself.","No problem. I’ll leave the sample with you. If timing changes, reply here and I can pick it back up. I won’t keep chasing you.","Hi What Coffee & Bakery team — one quick follow-up on the private coffee shop bakery and catering sample I attached. If you want me to finish the full $100 set, reply YES. If not, no worries and I won’t follow up again.

– Anastaysia","Hi — I made a private coffee shop bakery and catering sample for What Coffee & Bakery, but the public email I tried bounced. What business email should I send the preview to?

– Anastaysia","Thanks — payment is confirmed. I’m building the What Coffee & Bakery package around menu/service highlights, event or ordering guidance, and local customer CTAs. I’ll send the finished files in this email thread when they’re ready.

– Anastaysia","Hi What Coffee & Bakery team — your finished $100 content package is ready. I’ve organized the posts, graphics, follow-up copy, review/message replies and CTAs so they’re easy to reuse. If you want a different service emphasized in a future set, reply here.

– Anastaysia",New,,,
V6,110,220,Abbott's Pro-Power,"Gilroy, CA","Outdoor power equipment sales, parts and service",76,Priority-ranked; timing is not guaranteed,gabbott@abbottspropower.com,https://abbottspropower.com/,408-847-0472,https://abbottspropower.com/pages/contact,2026-09-16,"Current owned contact/store pages list Gilroy address, gabbott@abbottspropower.com and active product/service inventory.","outdoor power equipment sales, parts and service","Abbott's combines equipment sales, parts, repair and pickup; product-selection and service-vs-replacement content can make a technical purchase easier for local buyers.","Abbott's combines equipment sales, parts, repair and pickup; product-selection and service-vs-replacement content can make a technical purchase easier for local buyers. The $100 package is useful here because it turns those existing services into clear, reusable customer-facing content without requiring the business to write or design the pieces itself.","Made this outdoor power equipment sales, parts and service preview for Abbott's Pro-Power","Hi Abbott's Pro-Power team,

I came across your business and noticed abbott's combines equipment sales, parts, repair and pickup; product-selection and service-vs-replacement content can make a technical purchase easier for local buyers. I made the attached private preview specifically around that part of the business.

If you like the direction, the full package is $100 one time. It includes 10 ready-to-post business posts, custom graphics, customer follow-up messages, review/customer-message replies, stronger calls-to-action, and content organized around your real services. Everything is delivered ready to use; there’s no subscription or contract.

For Abbott's Pro-Power, I’d start with service highlights, FAQ-style education, and a clear next-step CTA.

You can choose whatever is easiest:
1. Reply YES and I’ll finish the $100 package.
2. Ask me anything first.
3. If you already know you want it, you can use the PayPal invoice here: https://www.paypal.com/invoice/p/#7T6DC9A6WFH3XXCT

If it isn’t useful, that’s completely fine — reply “no thanks” and I won’t follow up again.

Thanks,
Anastaysia",110-v6-abbott-s-pro-power.jpg,110-v6-abbott-s-pro-power.eml,"Absolutely — I can finish the full outdoor power equipment sales, parts and service content package for Abbott's Pro-Power. It’s $100 one time, with no subscription or contract. PayPal invoice: https://www.paypal.com/invoice/p/#7T6DC9A6WFH3XXCT

Once payment is confirmed, I’ll build the complete set around service highlights, FAQ-style education, and a clear next-step CTA unless you want me to prioritize something else.

– Anastaysia","It’s $100 total, one time — not per post and not monthly. You keep the 10 posts, custom graphics, customer follow-up messages, review/message replies and CTA copy.","The attached sample was made specifically for Abbott's Pro-Power around outdoor power equipment sales, parts and service. That is the direction I’d use for the finished set, and I’ll keep every piece tied to the actual services rather than generic filler.","I’d make the finished set around service highlights, FAQ-style education, and a clear next-step CTA. You receive the words + graphics ready to copy, post or reuse, so you do not have to design or write them yourself.","No problem. I’ll leave the sample with you. If timing changes, reply here and I can pick it back up. I won’t keep chasing you.","Hi Abbott's Pro-Power team — one quick follow-up on the private outdoor power equipment sales, parts and service sample I attached. If you want me to finish the full $100 set, reply YES. If not, no worries and I won’t follow up again.

– Anastaysia","Hi — I made a private outdoor power equipment sales, parts and service sample for Abbott's Pro-Power, but the public email I tried bounced. What business email should I send the preview to?

– Anastaysia","Thanks — payment is confirmed. I’m building the Abbott's Pro-Power package around service highlights, FAQ-style education, and a clear next-step CTA. I’ll send the finished files in this email thread when they’re ready.

– Anastaysia","Hi Abbott's Pro-Power team — your finished $100 content package is ready. I’ve organized the posts, graphics, follow-up copy, review/message replies and CTAs so they’re easy to reuse. If you want a different service emphasized in a future set, reply here.

– Anastaysia",New,,,
V6,111,222,CineLux Gilroy Cafe & Lounge,"Gilroy, CA","Movie theater, cafe and lounge",76,Priority-ranked; timing is not guaranteed,guestservices@cineluxmovies.com,,408-778-6500,https://visitgilroy.com/listing/cinelux-gilroy-caf%C3%A9-and-lounge/84/,2026-09-16,"Current Visit Gilroy listing publishes exact public email, phone and Gilroy theater location.","movie theater, cafe and lounge","CineLux Gilroy combines current films with recliners, cafe/lounge food and mobile-friendly visits; first-visit and experience content can highlight more than showtimes alone.","CineLux Gilroy combines current films with recliners, cafe/lounge food and mobile-friendly visits; first-visit and experience content can highlight more than showtimes alone. The $100 package is useful here because it turns those existing services into clear, reusable customer-facing content without requiring the business to write or design the pieces itself.","Made this movie theater, cafe and lounge preview for CineLux Gilroy Cafe & Lounge","Hi CineLux Gilroy Cafe & Lounge team,

I came across your business and noticed cineLux Gilroy combines current films with recliners, cafe/lounge food and mobile-friendly visits; first-visit and experience content can highlight more than showtimes alone. I made the attached private preview specifically around that part of the business.

If you like the direction, the full package is $100 one time. It includes 10 ready-to-post business posts, custom graphics, customer follow-up messages, review/customer-message replies, stronger calls-to-action, and content organized around your real services. Everything is delivered ready to use; there’s no subscription or contract.

For CineLux Gilroy Cafe & Lounge, I’d start with service highlights, FAQ-style education, and a clear next-step CTA.

You can choose whatever is easiest:
1. Reply YES and I’ll finish the $100 package.
2. Ask me anything first.
3. If you already know you want it, you can use the PayPal invoice here: https://www.paypal.com/invoice/p/#7T6DC9A6WFH3XXCT

If it isn’t useful, that’s completely fine — reply “no thanks” and I won’t follow up again.

Thanks,
Anastaysia",111-v6-cinelux-gilroy-cafe-lounge.jpg,111-v6-cinelux-gilroy-cafe-lounge.eml,"Absolutely — I can finish the full movie theater, cafe and lounge content package for CineLux Gilroy Cafe & Lounge. It’s $100 one time, with no subscription or contract. PayPal invoice: https://www.paypal.com/invoice/p/#7T6DC9A6WFH3XXCT

Once payment is confirmed, I’ll build the complete set around service highlights, FAQ-style education, and a clear next-step CTA unless you want me to prioritize something else.

– Anastaysia","It’s $100 total, one time — not per post and not monthly. You keep the 10 posts, custom graphics, customer follow-up messages, review/message replies and CTA copy.","The attached sample was made specifically for CineLux Gilroy Cafe & Lounge around movie theater, cafe and lounge. That is the direction I’d use for the finished set, and I’ll keep every piece tied to the actual services rather than generic filler.","I’d make the finished set around service highlights, FAQ-style education, and a clear next-step CTA. You receive the words + graphics ready to copy, post or reuse, so you do not have to design or write them yourself.","No problem. I’ll leave the sample with you. If timing changes, reply here and I can pick it back up. I won’t keep chasing you.","Hi CineLux Gilroy Cafe & Lounge team — one quick follow-up on the private movie theater, cafe and lounge sample I attached. If you want me to finish the full $100 set, reply YES. If not, no worries and I won’t follow up again.

– Anastaysia","Hi — I made a private movie theater, cafe and lounge sample for CineLux Gilroy Cafe & Lounge, but the public email I tried bounced. What business email should I send the preview to?

– Anastaysia","Thanks — payment is confirmed. I’m building the CineLux Gilroy Cafe & Lounge package around service highlights, FAQ-style education, and a clear next-step CTA. I’ll send the finished files in this email thread when they’re ready.

– Anastaysia","Hi CineLux Gilroy Cafe & Lounge team — your finished $100 content package is ready. I’ve organized the posts, graphics, follow-up copy, review/message replies and CTAs so they’re easy to reuse. If you want a different service emphasized in a future set, reply here.

– Anastaysia",New,,,
V6,112,224,Gilroy Bowl,"Gilroy, CA","Bowling, restaurant and group entertainment",76,Priority-ranked; timing is not guaranteed,gm@gilroy-bowl.com,,669-600-6471,https://visitgilroy.com/listing/gilroy-bowl/109/,2026-09-16,"Current Visit Gilroy listing publishes exact GM email, phone and current 2024-renovated operation.","bowling, restaurant and group entertainment","Gilroy Bowl combines renovated bowling lanes, dining, bar and group-friendly entertainment; activity-plus-dining content can make the venue easier to plan.","Gilroy Bowl combines renovated bowling lanes, dining, bar and group-friendly entertainment; activity-plus-dining content can make the venue easier to plan. The $100 package is useful here because it turns those existing services into clear, reusable customer-facing content without requiring the business to write or design the pieces itself.","Made this bowling, restaurant and group entertainment preview for Gilroy Bowl","Hi Gilroy Bowl team,

I came across your business and noticed gilroy Bowl combines renovated bowling lanes, dining, bar and group-friendly entertainment; activity-plus-dining content can make the venue easier to plan. I made the attached private preview specifically around that part of the business.

If you like the direction, the full package is $100 one time. It includes 10 ready-to-post business posts, custom graphics, customer follow-up messages, review/customer-message replies, stronger calls-to-action, and content organized around your real services. Everything is delivered ready to use; there’s no subscription or contract.

For Gilroy Bowl, I’d start with menu/service highlights, event or ordering guidance, and local customer CTAs.

You can choose whatever is easiest:
1. Reply YES and I’ll finish the $100 package.
2. Ask me anything first.
3. If you already know you want it, you can use the PayPal invoice here: https://www.paypal.com/invoice/p/#7T6DC9A6WFH3XXCT

If it isn’t useful, that’s completely fine — reply “no thanks” and I won’t follow up again.

Thanks,
Anastaysia",112-v6-gilroy-bowl.jpg,112-v6-gilroy-bowl.eml,"Absolutely — I can finish the full bowling, restaurant and group entertainment content package for Gilroy Bowl. It’s $100 one time, with no subscription or contract. PayPal invoice: https://www.paypal.com/invoice/p/#7T6DC9A6WFH3XXCT

Once payment is confirmed, I’ll build the complete set around menu/service highlights, event or ordering guidance, and local customer CTAs unless you want me to prioritize something else.

– Anastaysia","It’s $100 total, one time — not per post and not monthly. You keep the 10 posts, custom graphics, customer follow-up messages, review/message replies and CTA copy.","The attached sample was made specifically for Gilroy Bowl around bowling, restaurant and group entertainment. That is the direction I’d use for the finished set, and I’ll keep every piece tied to the actual services rather than generic filler.","I’d make the finished set around menu/service highlights, event or ordering guidance, and local customer CTAs. You receive the words + graphics ready to copy, post or reuse, so you do not have to design or write them yourself.","No problem. I’ll leave the sample with you. If timing changes, reply here and I can pick it back up. I won’t keep chasing you.","Hi Gilroy Bowl team — one quick follow-up on the private bowling, restaurant and group entertainment sample I attached. If you want me to finish the full $100 set, reply YES. If not, no worries and I won’t follow up again.

– Anastaysia","Hi — I made a private bowling, restaurant and group entertainment sample for Gilroy Bowl, but the public email I tried bounced. What business email should I send the preview to?

– Anastaysia","Thanks — payment is confirmed. I’m building the Gilroy Bowl package around menu/service highlights, event or ordering guidance, and local customer CTAs. I’ll send the finished files in this email thread when they’re ready.

– Anastaysia","Hi Gilroy Bowl team — your finished $100 content package is ready. I’ve organized the posts, graphics, follow-up copy, review/message replies and CTAs so they’re easy to reuse. If you want a different service emphasized in a future set, reply here.

– Anastaysia",New,,,
V6,113,226,Hampton Inn & Suites Gilroy,"Gilroy, CA",Hotel and lodging,76,Priority-ranked; timing is not guaranteed,SJCGY_hampton_suites@hilton.com,,669-239-7044,https://visitgilroy.com/listing/hampton-inn-%26-suites/193/,2026-09-16,"Current Visit Gilroy listing publishes location-specific Hilton email, phone and Gilroy address.",hotel and lodging,"The Gilroy Hampton Inn supports direct stays near outlets, wineries, golf and Gilroy Gardens; visitor-purpose content can clarify local stay positioning.","The Gilroy Hampton Inn supports direct stays near outlets, wineries, golf and Gilroy Gardens; visitor-purpose content can clarify local stay positioning. The $100 package is useful here because it turns those existing services into clear, reusable customer-facing content without requiring the business to write or design the pieces itself.",Made this hotel and lodging preview for Hampton Inn & Suites Gilroy,"Hi Hampton Inn & Suites Gilroy team,

I came across your business and noticed the Gilroy Hampton Inn supports direct stays near outlets, wineries, golf and Gilroy Gardens; visitor-purpose content can clarify local stay positioning. I made the attached private preview specifically around that part of the business.

If you like the direction, the full package is $100 one time. It includes 10 ready-to-post business posts, custom graphics, customer follow-up messages, review/customer-message replies, stronger calls-to-action, and content organized around your real services. Everything is delivered ready to use; there’s no subscription or contract.

For Hampton Inn & Suites Gilroy, I’d start with service highlights, FAQ-style education, and a clear next-step CTA.

You can choose whatever is easiest:
1. Reply YES and I’ll finish the $100 package.
2. Ask me anything first.
3. If you already know you want it, you can use the PayPal invoice here: https://www.paypal.com/invoice/p/#7T6DC9A6WFH3XXCT

If it isn’t useful, that’s completely fine — reply “no thanks” and I won’t follow up again.

Thanks,
Anastaysia",113-v6-hampton-inn-suites-gilroy.jpg,113-v6-hampton-inn-suites-gilroy.eml,"Absolutely — I can finish the full hotel and lodging content package for Hampton Inn & Suites Gilroy. It’s $100 one time, with no subscription or contract. PayPal invoice: https://www.paypal.com/invoice/p/#7T6DC9A6WFH3XXCT

Once payment is confirmed, I’ll build the complete set around service highlights, FAQ-style education, and a clear next-step CTA unless you want me to prioritize something else.

– Anastaysia","It’s $100 total, one time — not per post and not monthly. You keep the 10 posts, custom graphics, customer follow-up messages, review/message replies and CTA copy.","The attached sample was made specifically for Hampton Inn & Suites Gilroy around hotel and lodging. That is the direction I’d use for the finished set, and I’ll keep every piece tied to the actual services rather than generic filler.","I’d make the finished set around service highlights, FAQ-style education, and a clear next-step CTA. You receive the words + graphics ready to copy, post or reuse, so you do not have to design or write them yourself.","No problem. I’ll leave the sample with you. If timing changes, reply here and I can pick it back up. I won’t keep chasing you.","Hi Hampton Inn & Suites Gilroy team — one quick follow-up on the private hotel and lodging sample I attached. If you want me to finish the full $100 set, reply YES. If not, no worries and I won’t follow up again.

– Anastaysia","Hi — I made a private hotel and lodging sample for Hampton Inn & Suites Gilroy, but the public email I tried bounced. What business email should I send the preview to?

– Anastaysia","Thanks — payment is confirmed. I’m building the Hampton Inn & Suites Gilroy package around service highlights, FAQ-style education, and a clear next-step CTA. I’ll send the finished files in this email thread when they’re ready.

– Anastaysia","Hi Hampton Inn & Suites Gilroy team — your finished $100 content package is ready. I’ve organized the posts, graphics, follow-up copy, review/message replies and CTAs so they’re easy to reuse. If you want a different service emphasized in a future set, reply here.

– Anastaysia",New,,,
V6,114,228,J.B. Trophies,"Santa Clara, CA","Trophies, awards, engraving and framing",76,Priority-ranked; timing is not guaranteed,uwin@jbtrophies.com,https://jbtrophies.com/,408-727-9500,https://www.svcentralchamber.com/expanded-directory/,2026-09-15,Current Silicon Valley Chamber directory publishes uwin@jbtrophies.com and phone; a 2026 Santa Clara program and current local listing corroborate the Santa Clara address and active trophy/framing business.,"trophies, awards, engraving and framing","J.B. Trophies sells several recognition/customization paths; award-type, occasion and customization guides can simplify purchasing for teams and organizations.","J.B. Trophies sells several recognition/customization paths; award-type, occasion and customization guides can simplify purchasing for teams and organizations. The $100 package is useful here because it turns those existing services into clear, reusable customer-facing content without requiring the business to write or design the pieces itself.","Made this trophies, awards, engraving and framing preview for J.B. Trophies","Hi J.B. Trophies team,

I came across your business and noticed j.B. Trophies sells several recognition/customization paths; award-type, occasion and customization guides can simplify purchasing for teams and organizations. I made the attached private preview specifically around that part of the business.

If you like the direction, the full package is $100 one time. It includes 10 ready-to-post business posts, custom graphics, customer follow-up messages, review/customer-message replies, stronger calls-to-action, and content organized around your real services. Everything is delivered ready to use; there’s no subscription or contract.

For J.B. Trophies, I’d start with service highlights, FAQ-style education, and a clear next-step CTA.

You can choose whatever is easiest:
1. Reply YES and I’ll finish the $100 package.
2. Ask me anything first.
3. If you already know you want it, you can use the PayPal invoice here: https://www.paypal.com/invoice/p/#7T6DC9A6WFH3XXCT

If it isn’t useful, that’s completely fine — reply “no thanks” and I won’t follow up again.

Thanks,
Anastaysia",114-v6-j-b-trophies.jpg,114-v6-j-b-trophies.eml,"Absolutely — I can finish the full trophies, awards, engraving and framing content package for J.B. Trophies. It’s $100 one time, with no subscription or contract. PayPal invoice: https://www.paypal.com/invoice/p/#7T6DC9A6WFH3XXCT

Once payment is confirmed, I’ll build the complete set around service highlights, FAQ-style education, and a clear next-step CTA unless you want me to prioritize something else.

– Anastaysia","It’s $100 total, one time — not per post and not monthly. You keep the 10 posts, custom graphics, customer follow-up messages, review/message replies and CTA copy.","The attached sample was made specifically for J.B. Trophies around trophies, awards, engraving and framing. That is the direction I’d use for the finished set, and I’ll keep every piece tied to the actual services rather than generic filler.","I’d make the finished set around service highlights, FAQ-style education, and a clear next-step CTA. You receive the words + graphics ready to copy, post or reuse, so you do not have to design or write them yourself.","No problem. I’ll leave the sample with you. If timing changes, reply here and I can pick it back up. I won’t keep chasing you.","Hi J.B. Trophies team — one quick follow-up on the private trophies, awards, engraving and framing sample I attached. If you want me to finish the full $100 set, reply YES. If not, no worries and I won’t follow up again.

– Anastaysia","Hi — I made a private trophies, awards, engraving and framing sample for J.B. Trophies, but the public email I tried bounced. What business email should I send the preview to?

– Anastaysia","Thanks — payment is confirmed. I’m building the J.B. Trophies package around service highlights, FAQ-style education, and a clear next-step CTA. I’ll send the finished files in this email thread when they’re ready.

– Anastaysia","Hi J.B. Trophies team — your finished $100 content package is ready. I’ve organized the posts, graphics, follow-up copy, review/message replies and CTAs so they’re easy to reuse. If you want a different service emphasized in a future set, reply here.

– Anastaysia",New,,,
V6,115,230,Manzanita a California Table & Bar,"Milpitas, CA",Restaurant and group dining,76,Priority-ranked; timing is not guaranteed,manzanita@sonesta.com,https://www.manzanitatableandbar.com/,408-570-5470,https://www.manzanitatableandbar.com/,2026-09-16,"Current owned site lists Milpitas address, exact restaurant email and active reservation/menu paths.",restaurant and group dining,Manzanita inside Sonesta Silicon Valley publishes breakfast/dinner plus large-party reservation contact; dining and group-reservation content can clarify when to use the restaurant.,"Manzanita inside Sonesta Silicon Valley publishes breakfast/dinner plus large-party reservation contact; dining and group-reservation content can clarify when to use the restaurant. The $100 package is useful here because it turns those existing services into clear, reusable customer-facing content without requiring the business to write or design the pieces itself.",Made this restaurant and group dining preview for Manzanita a California Table & Bar,"Hi Manzanita a California Table & Bar team,

I came across your business and noticed manzanita inside Sonesta Silicon Valley publishes breakfast/dinner plus large-party reservation contact; dining and group-reservation content can clarify when to use the restaurant. I made the attached private preview specifically around that part of the business.

If you like the direction, the full package is $100 one time. It includes 10 ready-to-post business posts, custom graphics, customer follow-up messages, review/customer-message replies, stronger calls-to-action, and content organized around your real services. Everything is delivered ready to use; there’s no subscription or contract.

For Manzanita a California Table & Bar, I’d start with menu/service highlights, event or ordering guidance, and local customer CTAs.

You can choose whatever is easiest:
1. Reply YES and I’ll finish the $100 package.
2. Ask me anything first.
3. If you already know you want it, you can use the PayPal invoice here: https://www.paypal.com/invoice/p/#7T6DC9A6WFH3XXCT

If it isn’t useful, that’s completely fine — reply “no thanks” and I won’t follow up again.

Thanks,
Anastaysia",115-v6-manzanita-a-california-table-bar.jpg,115-v6-manzanita-a-california-table-bar.eml,"Absolutely — I can finish the full restaurant and group dining content package for Manzanita a California Table & Bar. It’s $100 one time, with no subscription or contract. PayPal invoice: https://www.paypal.com/invoice/p/#7T6DC9A6WFH3XXCT

Once payment is confirmed, I’ll build the complete set around menu/service highlights, event or ordering guidance, and local customer CTAs unless you want me to prioritize something else.

– Anastaysia","It’s $100 total, one time — not per post and not monthly. You keep the 10 posts, custom graphics, customer follow-up messages, review/message replies and CTA copy.","The attached sample was made specifically for Manzanita a California Table & Bar around restaurant and group dining. That is the direction I’d use for the finished set, and I’ll keep every piece tied to the actual services rather than generic filler.","I’d make the finished set around menu/service highlights, event or ordering guidance, and local customer CTAs. You receive the words + graphics ready to copy, post or reuse, so you do not have to design or write them yourself.","No problem. I’ll leave the sample with you. If timing changes, reply here and I can pick it back up. I won’t keep chasing you.","Hi Manzanita a California Table & Bar team — one quick follow-up on the private restaurant and group dining sample I attached. If you want me to finish the full $100 set, reply YES. If not, no worries and I won’t follow up again.

– Anastaysia","Hi — I made a private restaurant and group dining sample for Manzanita a California Table & Bar, but the public email I tried bounced. What business email should I send the preview to?

– Anastaysia","Thanks — payment is confirmed. I’m building the Manzanita a California Table & Bar package around menu/service highlights, event or ordering guidance, and local customer CTAs. I’ll send the finished files in this email thread when they’re ready.

– Anastaysia","Hi Manzanita a California Table & Bar team — your finished $100 content package is ready. I’ve organized the posts, graphics, follow-up copy, review/message replies and CTAs so they’re easy to reuse. If you want a different service emphasized in a future set, reply here.

– Anastaysia",New,,,
V6,116,232,Nothing Bundt Cakes Sunnyvale,"Sunnyvale, CA","Bakery, cakes and catering",76,Priority-ranked; timing is not guaranteed,sunnyvale@nothingbundtcakes.com,https://www.nothingbundtcakes.com/,408-749-7000,https://www.nothingbundtcakes.com/,2026-09-15,"Current official location page lists 939 W El Camino Real, Sunnyvale, location-specific email/phone and active cake/catering paths.","bakery, cakes and catering","The Sunnyvale bakery supports everyday cakes, celebrations, catering and fundraising; occasion, sizing and ordering-timeline content can make those choices easier.","The Sunnyvale bakery supports everyday cakes, celebrations, catering and fundraising; occasion, sizing and ordering-timeline content can make those choices easier. The $100 package is useful here because it turns those existing services into clear, reusable customer-facing content without requiring the business to write or design the pieces itself.","Made this bakery, cakes and catering preview for Nothing Bundt Cakes Sunnyvale","Hi Nothing Bundt Cakes Sunnyvale team,

I came across your business and noticed the Sunnyvale bakery supports everyday cakes, celebrations, catering and fundraising; occasion, sizing and ordering-timeline content can make those choices easier. I made the attached private preview specifically around that part of the business.

If you like the direction, the full package is $100 one time. It includes 10 ready-to-post business posts, custom graphics, customer follow-up messages, review/customer-message replies, stronger calls-to-action, and content organized around your real services. Everything is delivered ready to use; there’s no subscription or contract.

For Nothing Bundt Cakes Sunnyvale, I’d start with menu/service highlights, event or ordering guidance, and local customer CTAs.

You can choose whatever is easiest:
1. Reply YES and I’ll finish the $100 package.
2. Ask me anything first.
3. If you already know you want it, you can use the PayPal invoice here: https://www.paypal.com/invoice/p/#7T6DC9A6WFH3XXCT

If it isn’t useful, that’s completely fine — reply “no thanks” and I won’t follow up again.

Thanks,
Anastaysia",116-v6-nothing-bundt-cakes-sunnyvale.jpg,116-v6-nothing-bundt-cakes-sunnyvale.eml,"Absolutely — I can finish the full bakery, cakes and catering content package for Nothing Bundt Cakes Sunnyvale. It’s $100 one time, with no subscription or contract. PayPal invoice: https://www.paypal.com/invoice/p/#7T6DC9A6WFH3XXCT

Once payment is confirmed, I’ll build the complete set around menu/service highlights, event or ordering guidance, and local customer CTAs unless you want me to prioritize something else.

– Anastaysia","It’s $100 total, one time — not per post and not monthly. You keep the 10 posts, custom graphics, customer follow-up messages, review/message replies and CTA copy.","The attached sample was made specifically for Nothing Bundt Cakes Sunnyvale around bakery, cakes and catering. That is the direction I’d use for the finished set, and I’ll keep every piece tied to the actual services rather than generic filler.","I’d make the finished set around menu/service highlights, event or ordering guidance, and local customer CTAs. You receive the words + graphics ready to copy, post or reuse, so you do not have to design or write them yourself.","No problem. I’ll leave the sample with you. If timing changes, reply here and I can pick it back up. I won’t keep chasing you.","Hi Nothing Bundt Cakes Sunnyvale team — one quick follow-up on the private bakery, cakes and catering sample I attached. If you want me to finish the full $100 set, reply YES. If not, no worries and I won’t follow up again.

– Anastaysia","Hi — I made a private bakery, cakes and catering sample for Nothing Bundt Cakes Sunnyvale, but the public email I tried bounced. What business email should I send the preview to?

– Anastaysia","Thanks — payment is confirmed. I’m building the Nothing Bundt Cakes Sunnyvale package around menu/service highlights, event or ordering guidance, and local customer CTAs. I’ll send the finished files in this email thread when they’re ready.

– Anastaysia","Hi Nothing Bundt Cakes Sunnyvale team — your finished $100 content package is ready. I’ve organized the posts, graphics, follow-up copy, review/message replies and CTAs so they’re easy to reuse. If you want a different service emphasized in a future set, reply here.

– Anastaysia",New,,,
V6,117,234,Postal Annex #12011 San Jose,"San Jose, CA","Shipping, mailbox and Live Scan services",76,Priority-ranked; timing is not guaranteed,mohik@relianceproinc.com,,408-274-1453,https://oag.ca.gov/fingerprints/locations?county=Santa+Clara,2026-09-16,"Current California DOJ listing publishes exact public contact, phone and San Jose location.","shipping, mailbox and live scan services","This South White Road Postal Annex combines shipping, mailbox and Live Scan services; visit-prep and service-selector content can make the multi-service counter easier to navigate.","This South White Road Postal Annex combines shipping, mailbox and Live Scan services; visit-prep and service-selector content can make the multi-service counter easier to navigate. The $100 package is useful here because it turns those existing services into clear, reusable customer-facing content without requiring the business to write or design the pieces itself.","Made this shipping, mailbox and live scan services preview for Postal Annex #12011 San Jose","Hi Postal Annex #12011 San Jose team,

I came across your business and noticed this South White Road Postal Annex combines shipping, mailbox and Live Scan services; visit-prep and service-selector content can make the multi-service counter easier to navigate. I made the attached private preview specifically around that part of the business.

If you like the direction, the full package is $100 one time. It includes 10 ready-to-post business posts, custom graphics, customer follow-up messages, review/customer-message replies, stronger calls-to-action, and content organized around your real services. Everything is delivered ready to use; there’s no subscription or contract.

For Postal Annex #12011 San Jose, I’d start with service highlights, FAQ-style education, and a clear next-step CTA.

You can choose whatever is easiest:
1. Reply YES and I’ll finish the $100 package.
2. Ask me anything first.
3. If you already know you want it, you can use the PayPal invoice here: https://www.paypal.com/invoice/p/#7T6DC9A6WFH3XXCT

If it isn’t useful, that’s completely fine — reply “no thanks” and I won’t follow up again.

Thanks,
Anastaysia",117-v6-postal-annex-12011-san-jose.jpg,117-v6-postal-annex-12011-san-jose.eml,"Absolutely — I can finish the full shipping, mailbox and live scan services content package for Postal Annex #12011 San Jose. It’s $100 one time, with no subscription or contract. PayPal invoice: https://www.paypal.com/invoice/p/#7T6DC9A6WFH3XXCT

Once payment is confirmed, I’ll build the complete set around service highlights, FAQ-style education, and a clear next-step CTA unless you want me to prioritize something else.

– Anastaysia","It’s $100 total, one time — not per post and not monthly. You keep the 10 posts, custom graphics, customer follow-up messages, review/message replies and CTA copy.","The attached sample was made specifically for Postal Annex #12011 San Jose around shipping, mailbox and live scan services. That is the direction I’d use for the finished set, and I’ll keep every piece tied to the actual services rather than generic filler.","I’d make the finished set around service highlights, FAQ-style education, and a clear next-step CTA. You receive the words + graphics ready to copy, post or reuse, so you do not have to design or write them yourself.","No problem. I’ll leave the sample with you. If timing changes, reply here and I can pick it back up. I won’t keep chasing you.","Hi Postal Annex #12011 San Jose team — one quick follow-up on the private shipping, mailbox and live scan services sample I attached. If you want me to finish the full $100 set, reply YES. If not, no worries and I won’t follow up again.

– Anastaysia","Hi — I made a private shipping, mailbox and live scan services sample for Postal Annex #12011 San Jose, but the public email I tried bounced. What business email should I send the preview to?

– Anastaysia","Thanks — payment is confirmed. I’m building the Postal Annex #12011 San Jose package around service highlights, FAQ-style education, and a clear next-step CTA. I’ll send the finished files in this email thread when they’re ready.

– Anastaysia","Hi Postal Annex #12011 San Jose team — your finished $100 content package is ready. I’ve organized the posts, graphics, follow-up copy, review/message replies and CTAs so they’re easy to reuse. If you want a different service emphasized in a future set, reply here.

– Anastaysia",New,,,
V6,118,236,Postal Annex #23012 Morgan Hill,"Morgan Hill, CA","Shipping, mailbox and business services",76,Priority-ranked; timing is not guaranteed,pa23012@postalannex.com,,408-612-4500,https://oag.ca.gov/fingerprints/locations?county=Santa+Clara,2026-09-16,"Current California DOJ directory publishes location-specific email, phone and Morgan Hill address.","shipping, mailbox and business services","The Morgan Hill Postal Annex bundles shipping, mailboxes and administrative services; service-selector content can help residents and small businesses plan one-stop visits.","The Morgan Hill Postal Annex bundles shipping, mailboxes and administrative services; service-selector content can help residents and small businesses plan one-stop visits. The $100 package is useful here because it turns those existing services into clear, reusable customer-facing content without requiring the business to write or design the pieces itself.","Made this shipping, mailbox and business services preview for Postal Annex #23012 Morgan Hill","Hi Postal Annex #23012 Morgan Hill team,

I came across your business and noticed the Morgan Hill Postal Annex bundles shipping, mailboxes and administrative services; service-selector content can help residents and small businesses plan one-stop visits. I made the attached private preview specifically around that part of the business.

If you like the direction, the full package is $100 one time. It includes 10 ready-to-post business posts, custom graphics, customer follow-up messages, review/customer-message replies, stronger calls-to-action, and content organized around your real services. Everything is delivered ready to use; there’s no subscription or contract.

For Postal Annex #23012 Morgan Hill, I’d start with service highlights, FAQ-style education, and a clear next-step CTA.

You can choose whatever is easiest:
1. Reply YES and I’ll finish the $100 package.
2. Ask me anything first.
3. If you already know you want it, you can use the PayPal invoice here: https://www.paypal.com/invoice/p/#7T6DC9A6WFH3XXCT

If it isn’t useful, that’s completely fine — reply “no thanks” and I won’t follow up again.

Thanks,
Anastaysia",118-v6-postal-annex-23012-morgan-hill.jpg,118-v6-postal-annex-23012-morgan-hill.eml,"Absolutely — I can finish the full shipping, mailbox and business services content package for Postal Annex #23012 Morgan Hill. It’s $100 one time, with no subscription or contract. PayPal invoice: https://www.paypal.com/invoice/p/#7T6DC9A6WFH3XXCT

Once payment is confirmed, I’ll build the complete set around service highlights, FAQ-style education, and a clear next-step CTA unless you want me to prioritize something else.

– Anastaysia","It’s $100 total, one time — not per post and not monthly. You keep the 10 posts, custom graphics, customer follow-up messages, review/message replies and CTA copy.","The attached sample was made specifically for Postal Annex #23012 Morgan Hill around shipping, mailbox and business services. That is the direction I’d use for the finished set, and I’ll keep every piece tied to the actual services rather than generic filler.","I’d make the finished set around service highlights, FAQ-style education, and a clear next-step CTA. You receive the words + graphics ready to copy, post or reuse, so you do not have to design or write them yourself.","No problem. I’ll leave the sample with you. If timing changes, reply here and I can pick it back up. I won’t keep chasing you.","Hi Postal Annex #23012 Morgan Hill team — one quick follow-up on the private shipping, mailbox and business services sample I attached. If you want me to finish the full $100 set, reply YES. If not, no worries and I won’t follow up again.

– Anastaysia","Hi — I made a private shipping, mailbox and business services sample for Postal Annex #23012 Morgan Hill, but the public email I tried bounced. What business email should I send the preview to?

– Anastaysia","Thanks — payment is confirmed. I’m building the Postal Annex #23012 Morgan Hill package around service highlights, FAQ-style education, and a clear next-step CTA. I’ll send the finished files in this email thread when they’re ready.

– Anastaysia","Hi Postal Annex #23012 Morgan Hill team — your finished $100 content package is ready. I’ve organized the posts, graphics, follow-up copy, review/message replies and CTAs so they’re easy to reuse. If you want a different service emphasized in a future set, reply here.

– Anastaysia",New,,,
V6,119,238,Rediscover Your Home,"Los Gatos, CA",Professional home organizing,76,Priority-ranked; timing is not guaranteed,hagit@rediscoveryourhomeorganizer.com,https://hagitkoren.wixsite.com/hagit1,408-431-3258,https://hagitkoren.wixsite.com/hagit1,2026-09-16,"Current owned Wix site identifies Hagit Koren in Los Gatos, publishes hagit@rediscoveryourhomeorganizer.com and active organizing/moving/downsizing services; repo search found no prior collision.",professional home organizing,"The business offers decluttering, organizing, space planning, packing, moving and downsizing across Silicon Valley; before/after process and service-selection content can make an intangible service easier to evaluate.","The business offers decluttering, organizing, space planning, packing, moving and downsizing across Silicon Valley; before/after process and service-selection content can make an intangible service easier to evaluate. The $100 package is useful here because it turns those existing services into clear, reusable customer-facing content without requiring the business to write or design the pieces itself.",Made this professional home organizing preview for Rediscover Your Home,"Hi Rediscover Your Home team,

I came across your business and noticed the business offers decluttering, organizing, space planning, packing, moving and downsizing across Silicon Valley; before/after process and service-selection content can make an intangible service easier to evaluate. I made the attached private preview specifically around that part of the business.

If you like the direction, the full package is $100 one time. It includes 10 ready-to-post business posts, custom graphics, customer follow-up messages, review/customer-message replies, stronger calls-to-action, and content organized around your real services. Everything is delivered ready to use; there’s no subscription or contract.

For Rediscover Your Home, I’d start with before/after process content, service-selection guidance, and quote CTAs.

You can choose whatever is easiest:
1. Reply YES and I’ll finish the $100 package.
2. Ask me anything first.
3. If you already know you want it, you can use the PayPal invoice here: https://www.paypal.com/invoice/p/#7T6DC9A6WFH3XXCT

If it isn’t useful, that’s completely fine — reply “no thanks” and I won’t follow up again.

Thanks,
Anastaysia",119-v6-rediscover-your-home.jpg,119-v6-rediscover-your-home.eml,"Absolutely — I can finish the full professional home organizing content package for Rediscover Your Home. It’s $100 one time, with no subscription or contract. PayPal invoice: https://www.paypal.com/invoice/p/#7T6DC9A6WFH3XXCT

Once payment is confirmed, I’ll build the complete set around before/after process content, service-selection guidance, and quote CTAs unless you want me to prioritize something else.

– Anastaysia","It’s $100 total, one time — not per post and not monthly. You keep the 10 posts, custom graphics, customer follow-up messages, review/message replies and CTA copy.","The attached sample was made specifically for Rediscover Your Home around professional home organizing. That is the direction I’d use for the finished set, and I’ll keep every piece tied to the actual services rather than generic filler.","I’d make the finished set around before/after process content, service-selection guidance, and quote CTAs. You receive the words + graphics ready to copy, post or reuse, so you do not have to design or write them yourself.","No problem. I’ll leave the sample with you. If timing changes, reply here and I can pick it back up. I won’t keep chasing you.","Hi Rediscover Your Home team — one quick follow-up on the private professional home organizing sample I attached. If you want me to finish the full $100 set, reply YES. If not, no worries and I won’t follow up again.

– Anastaysia","Hi — I made a private professional home organizing sample for Rediscover Your Home, but the public email I tried bounced. What business email should I send the preview to?

– Anastaysia","Thanks — payment is confirmed. I’m building the Rediscover Your Home package around before/after process content, service-selection guidance, and quote CTAs. I’ll send the finished files in this email thread when they’re ready.

– Anastaysia","Hi Rediscover Your Home team — your finished $100 content package is ready. I’ve organized the posts, graphics, follow-up copy, review/message replies and CTAs so they’re easy to reuse. If you want a different service emphasized in a future set, reply here.

– Anastaysia",New,,,
V6,120,240,The UPS Store #0793 San Jose,"San Jose, CA","Shipping, printing and business services",76,Priority-ranked; timing is not guaranteed,store0793@theupsstore.com,,408-352-5456,https://oag.ca.gov/fingerprints/locations?county=Santa+Clara,2026-09-16,"Current California DOJ directory publishes location-specific email, phone and San Jose address.","shipping, printing and business services","This San Jose store combines shipping, printing and business services; service-selector content can support local task-driven customers.","This San Jose store combines shipping, printing and business services; service-selector content can support local task-driven customers. The $100 package is useful here because it turns those existing services into clear, reusable customer-facing content without requiring the business to write or design the pieces itself.","Made this shipping, printing and business services preview for The UPS Store #0793 San Jose","Hi The UPS Store #0793 San Jose team,

I came across your business and noticed this San Jose store combines shipping, printing and business services; service-selector content can support local task-driven customers. I made the attached private preview specifically around that part of the business.

If you like the direction, the full package is $100 one time. It includes 10 ready-to-post business posts, custom graphics, customer follow-up messages, review/customer-message replies, stronger calls-to-action, and content organized around your real services. Everything is delivered ready to use; there’s no subscription or contract.

For The UPS Store #0793 San Jose, I’d start with service highlights, FAQ-style education, and a clear next-step CTA.

You can choose whatever is easiest:
1. Reply YES and I’ll finish the $100 package.
2. Ask me anything first.
3. If you already know you want it, you can use the PayPal invoice here: https://www.paypal.com/invoice/p/#7T6DC9A6WFH3XXCT

If it isn’t useful, that’s completely fine — reply “no thanks” and I won’t follow up again.

Thanks,
Anastaysia",120-v6-the-ups-store-0793-san-jose.jpg,120-v6-the-ups-store-0793-san-jose.eml,"Absolutely — I can finish the full shipping, printing and business services content package for The UPS Store #0793 San Jose. It’s $100 one time, with no subscription or contract. PayPal invoice: https://www.paypal.com/invoice/p/#7T6DC9A6WFH3XXCT

Once payment is confirmed, I’ll build the complete set around service highlights, FAQ-style education, and a clear next-step CTA unless you want me to prioritize something else.

– Anastaysia","It’s $100 total, one time — not per post and not monthly. You keep the 10 posts, custom graphics, customer follow-up messages, review/message replies and CTA copy.","The attached sample was made specifically for The UPS Store #0793 San Jose around shipping, printing and business services. That is the direction I’d use for the finished set, and I’ll keep every piece tied to the actual services rather than generic filler.","I’d make the finished set around service highlights, FAQ-style education, and a clear next-step CTA. You receive the words + graphics ready to copy, post or reuse, so you do not have to design or write them yourself.","No problem. I’ll leave the sample with you. If timing changes, reply here and I can pick it back up. I won’t keep chasing you.","Hi The UPS Store #0793 San Jose team — one quick follow-up on the private shipping, printing and business services sample I attached. If you want me to finish the full $100 set, reply YES. If not, no worries and I won’t follow up again.

– Anastaysia","Hi — I made a private shipping, printing and business services sample for The UPS Store #0793 San Jose, but the public email I tried bounced. What business email should I send the preview to?

– Anastaysia","Thanks — payment is confirmed. I’m building the The UPS Store #0793 San Jose package around service highlights, FAQ-style education, and a clear next-step CTA. I’ll send the finished files in this email thread when they’re ready.

– Anastaysia","Hi The UPS Store #0793 San Jose team — your finished $100 content package is ready. I’ve organized the posts, graphics, follow-up copy, review/message replies and CTAs so they’re easy to reuse. If you want a different service emphasized in a future set, reply here.

– Anastaysia",New,,,
V6,121,242,The UPS Store #1949 Campbell,"Campbell, CA","Shipping, printing and business services",76,Priority-ranked; timing is not guaranteed,store1949@theupsstore.com,,408-370-1608,https://oag.ca.gov/fingerprints/locations?county=Santa+Clara,2026-09-16,"Current California DOJ directory publishes a location-specific email, phone and Campbell address; shared UPS corporate domain is not used as identity fingerprint.","shipping, printing and business services","The Campbell store supports shipping, printing and administrative services; task-based content can help local customers choose the right in-store service quickly.","The Campbell store supports shipping, printing and administrative services; task-based content can help local customers choose the right in-store service quickly. The $100 package is useful here because it turns those existing services into clear, reusable customer-facing content without requiring the business to write or design the pieces itself.","Made this shipping, printing and business services preview for The UPS Store #1949 Campbell","Hi The UPS Store #1949 Campbell team,

I came across your business and noticed the Campbell store supports shipping, printing and administrative services; task-based content can help local customers choose the right in-store service quickly. I made the attached private preview specifically around that part of the business.

If you like the direction, the full package is $100 one time. It includes 10 ready-to-post business posts, custom graphics, customer follow-up messages, review/customer-message replies, stronger calls-to-action, and content organized around your real services. Everything is delivered ready to use; there’s no subscription or contract.

For The UPS Store #1949 Campbell, I’d start with service highlights, FAQ-style education, and a clear next-step CTA.

You can choose whatever is easiest:
1. Reply YES and I’ll finish the $100 package.
2. Ask me anything first.
3. If you already know you want it, you can use the PayPal invoice here: https://www.paypal.com/invoice/p/#7T6DC9A6WFH3XXCT

If it isn’t useful, that’s completely fine — reply “no thanks” and I won’t follow up again.

Thanks,
Anastaysia",121-v6-the-ups-store-1949-campbell.jpg,121-v6-the-ups-store-1949-campbell.eml,"Absolutely — I can finish the full shipping, printing and business services content package for The UPS Store #1949 Campbell. It’s $100 one time, with no subscription or contract. PayPal invoice: https://www.paypal.com/invoice/p/#7T6DC9A6WFH3XXCT

Once payment is confirmed, I’ll build the complete set around service highlights, FAQ-style education, and a clear next-step CTA unless you want me to prioritize something else.

– Anastaysia","It’s $100 total, one time — not per post and not monthly. You keep the 10 posts, custom graphics, customer follow-up messages, review/message replies and CTA copy.","The attached sample was made specifically for The UPS Store #1949 Campbell around shipping, printing and business services. That is the direction I’d use for the finished set, and I’ll keep every piece tied to the actual services rather than generic filler.","I’d make the finished set around service highlights, FAQ-style education, and a clear next-step CTA. You receive the words + graphics ready to copy, post or reuse, so you do not have to design or write them yourself.","No problem. I’ll leave the sample with you. If timing changes, reply here and I can pick it back up. I won’t keep chasing you.","Hi The UPS Store #1949 Campbell team — one quick follow-up on the private shipping, printing and business services sample I attached. If you want me to finish the full $100 set, reply YES. If not, no worries and I won’t follow up again.

– Anastaysia","Hi — I made a private shipping, printing and business services sample for The UPS Store #1949 Campbell, but the public email I tried bounced. What business email should I send the preview to?

– Anastaysia","Thanks — payment is confirmed. I’m building the The UPS Store #1949 Campbell package around service highlights, FAQ-style education, and a clear next-step CTA. I’ll send the finished files in this email thread when they’re ready.

– Anastaysia","Hi The UPS Store #1949 Campbell team — your finished $100 content package is ready. I’ve organized the posts, graphics, follow-up copy, review/message replies and CTAs so they’re easy to reuse. If you want a different service emphasized in a future set, reply here.

– Anastaysia",New,,,
V6,122,244,The UPS Store #6497 San Jose,"San Jose, CA","Shipping, printing and business services",76,Priority-ranked; timing is not guaranteed,store6497@theupsstore.com,,408-816-8456,https://oag.ca.gov/fingerprints/locations?county=Santa+Clara,2026-09-16,"Current California DOJ directory publishes location-specific email, phone and San Jose address.","shipping, printing and business services","This Stevens Creek-area store supports shipping, printing and business services; task/visit-prep content can make a broad service menu easier to navigate.","This Stevens Creek-area store supports shipping, printing and business services; task/visit-prep content can make a broad service menu easier to navigate. The $100 package is useful here because it turns those existing services into clear, reusable customer-facing content without requiring the business to write or design the pieces itself.","Made this shipping, printing and business services preview for The UPS Store #6497 San Jose","Hi The UPS Store #6497 San Jose team,

I came across your business and noticed this Stevens Creek-area store supports shipping, printing and business services; task/visit-prep content can make a broad service menu easier to navigate. I made the attached private preview specifically around that part of the business.

If you like the direction, the full package is $100 one time. It includes 10 ready-to-post business posts, custom graphics, customer follow-up messages, review/customer-message replies, stronger calls-to-action, and content organized around your real services. Everything is delivered ready to use; there’s no subscription or contract.

For The UPS Store #6497 San Jose, I’d start with service highlights, FAQ-style education, and a clear next-step CTA.

You can choose whatever is easiest:
1. Reply YES and I’ll finish the $100 package.
2. Ask me anything first.
3. If you already know you want it, you can use the PayPal invoice here: https://www.paypal.com/invoice/p/#7T6DC9A6WFH3XXCT

If it isn’t useful, that’s completely fine — reply “no thanks” and I won’t follow up again.

Thanks,
Anastaysia",122-v6-the-ups-store-6497-san-jose.jpg,122-v6-the-ups-store-6497-san-jose.eml,"Absolutely — I can finish the full shipping, printing and business services content package for The UPS Store #6497 San Jose. It’s $100 one time, with no subscription or contract. PayPal invoice: https://www.paypal.com/invoice/p/#7T6DC9A6WFH3XXCT

Once payment is confirmed, I’ll build the complete set around service highlights, FAQ-style education, and a clear next-step CTA unless you want me to prioritize something else.

– Anastaysia","It’s $100 total, one time — not per post and not monthly. You keep the 10 posts, custom graphics, customer follow-up messages, review/message replies and CTA copy.","The attached sample was made specifically for The UPS Store #6497 San Jose around shipping, printing and business services. That is the direction I’d use for the finished set, and I’ll keep every piece tied to the actual services rather than generic filler.","I’d make the finished set around service highlights, FAQ-style education, and a clear next-step CTA. You receive the words + graphics ready to copy, post or reuse, so you do not have to design or write them yourself.","No problem. I’ll leave the sample with you. If timing changes, reply here and I can pick it back up. I won’t keep chasing you.","Hi The UPS Store #6497 San Jose team — one quick follow-up on the private shipping, printing and business services sample I attached. If you want me to finish the full $100 set, reply YES. If not, no worries and I won’t follow up again.

– Anastaysia","Hi — I made a private shipping, printing and business services sample for The UPS Store #6497 San Jose, but the public email I tried bounced. What business email should I send the preview to?

– Anastaysia","Thanks — payment is confirmed. I’m building the The UPS Store #6497 San Jose package around service highlights, FAQ-style education, and a clear next-step CTA. I’ll send the finished files in this email thread when they’re ready.

– Anastaysia","Hi The UPS Store #6497 San Jose team — your finished $100 content package is ready. I’ve organized the posts, graphics, follow-up copy, review/message replies and CTAs so they’re easy to reuse. If you want a different service emphasized in a future set, reply here.

– Anastaysia",New,,,
V6,123,246,Woodcrest Hotel,"Santa Clara, CA","Boutique hotel, meetings and catering",76,Priority-ranked; timing is not guaranteed,rupert@woodcresthotel.com,https://www.woodcresthotel.com/,408-446-9636,https://www.woodcresthotel.com/,2026-09-16,"Current owned site lists 5415 Stevens Creek Blvd, Santa Clara, active rooms/meeting/catering; current Chamber directory publishes rupert@woodcresthotel.com.","boutique hotel, meetings and catering","Woodcrest offers rooms, small meeting spaces, courtyard receptions and catering; stay-type and meeting-use-case content can make its boutique positioning easier to evaluate.","Woodcrest offers rooms, small meeting spaces, courtyard receptions and catering; stay-type and meeting-use-case content can make its boutique positioning easier to evaluate. The $100 package is useful here because it turns those existing services into clear, reusable customer-facing content without requiring the business to write or design the pieces itself.","Made this boutique hotel, meetings and catering preview for Woodcrest Hotel","Hi Woodcrest Hotel team,

I came across your business and noticed woodcrest offers rooms, small meeting spaces, courtyard receptions and catering; stay-type and meeting-use-case content can make its boutique positioning easier to evaluate. I made the attached private preview specifically around that part of the business.

If you like the direction, the full package is $100 one time. It includes 10 ready-to-post business posts, custom graphics, customer follow-up messages, review/customer-message replies, stronger calls-to-action, and content organized around your real services. Everything is delivered ready to use; there’s no subscription or contract.

For Woodcrest Hotel, I’d start with menu/service highlights, event or ordering guidance, and local customer CTAs.

You can choose whatever is easiest:
1. Reply YES and I’ll finish the $100 package.
2. Ask me anything first.
3. If you already know you want it, you can use the PayPal invoice here: https://www.paypal.com/invoice/p/#7T6DC9A6WFH3XXCT

If it isn’t useful, that’s completely fine — reply “no thanks” and I won’t follow up again.

Thanks,
Anastaysia",123-v6-woodcrest-hotel.jpg,123-v6-woodcrest-hotel.eml,"Absolutely — I can finish the full boutique hotel, meetings and catering content package for Woodcrest Hotel. It’s $100 one time, with no subscription or contract. PayPal invoice: https://www.paypal.com/invoice/p/#7T6DC9A6WFH3XXCT

Once payment is confirmed, I’ll build the complete set around menu/service highlights, event or ordering guidance, and local customer CTAs unless you want me to prioritize something else.

– Anastaysia","It’s $100 total, one time — not per post and not monthly. You keep the 10 posts, custom graphics, customer follow-up messages, review/message replies and CTA copy.","The attached sample was made specifically for Woodcrest Hotel around boutique hotel, meetings and catering. That is the direction I’d use for the finished set, and I’ll keep every piece tied to the actual services rather than generic filler.","I’d make the finished set around menu/service highlights, event or ordering guidance, and local customer CTAs. You receive the words + graphics ready to copy, post or reuse, so you do not have to design or write them yourself.","No problem. I’ll leave the sample with you. If timing changes, reply here and I can pick it back up. I won’t keep chasing you.","Hi Woodcrest Hotel team — one quick follow-up on the private boutique hotel, meetings and catering sample I attached. If you want me to finish the full $100 set, reply YES. If not, no worries and I won’t follow up again.

– Anastaysia","Hi — I made a private boutique hotel, meetings and catering sample for Woodcrest Hotel, but the public email I tried bounced. What business email should I send the preview to?

– Anastaysia","Thanks — payment is confirmed. I’m building the Woodcrest Hotel package around menu/service highlights, event or ordering guidance, and local customer CTAs. I’ll send the finished files in this email thread when they’re ready.

– Anastaysia","Hi Woodcrest Hotel team — your finished $100 content package is ready. I’ve organized the posts, graphics, follow-up copy, review/message replies and CTAs so they’re easy to reuse. If you want a different service emphasized in a future set, reply here.

– Anastaysia",New,,,
V6,124,248,AccuScan Solutions LLC,"San Jose, CA",Live Scan fingerprinting,73,Priority-ranked; timing is not guaranteed,accuratescansolutions@gmail.com,,408-409-2432,https://oag.ca.gov/fingerprints/locations?county=Santa+Clara,2026-09-16,"Current California DOJ directory publishes exact public email, phone, Qume Drive address and weekday hours.",live scan fingerprinting,AccuScan provides active San Jose Live Scan service; appointment/document-prep content can make fingerprinting requirements easier to understand.,"AccuScan provides active San Jose Live Scan service; appointment/document-prep content can make fingerprinting requirements easier to understand. The $100 package is useful here because it turns those existing services into clear, reusable customer-facing content without requiring the business to write or design the pieces itself.",Made this live scan fingerprinting preview for AccuScan Solutions LLC,"Hi AccuScan Solutions LLC team,

I came across your business and noticed accuScan provides active San Jose Live Scan service; appointment/document-prep content can make fingerprinting requirements easier to understand. I made the attached private preview specifically around that part of the business.

If you like the direction, the full package is $100 one time. It includes 10 ready-to-post business posts, custom graphics, customer follow-up messages, review/customer-message replies, stronger calls-to-action, and content organized around your real services. Everything is delivered ready to use; there’s no subscription or contract.

For AccuScan Solutions LLC, I’d start with service highlights, FAQ-style education, and a clear next-step CTA.

You can choose whatever is easiest:
1. Reply YES and I’ll finish the $100 package.
2. Ask me anything first.
3. If you already know you want it, you can use the PayPal invoice here: https://www.paypal.com/invoice/p/#7T6DC9A6WFH3XXCT

If it isn’t useful, that’s completely fine — reply “no thanks” and I won’t follow up again.

Thanks,
Anastaysia",124-v6-accuscan-solutions-llc.jpg,124-v6-accuscan-solutions-llc.eml,"Absolutely — I can finish the full live scan fingerprinting content package for AccuScan Solutions LLC. It’s $100 one time, with no subscription or contract. PayPal invoice: https://www.paypal.com/invoice/p/#7T6DC9A6WFH3XXCT

Once payment is confirmed, I’ll build the complete set around service highlights, FAQ-style education, and a clear next-step CTA unless you want me to prioritize something else.

– Anastaysia","It’s $100 total, one time — not per post and not monthly. You keep the 10 posts, custom graphics, customer follow-up messages, review/message replies and CTA copy.","The attached sample was made specifically for AccuScan Solutions LLC around live scan fingerprinting. That is the direction I’d use for the finished set, and I’ll keep every piece tied to the actual services rather than generic filler.","I’d make the finished set around service highlights, FAQ-style education, and a clear next-step CTA. You receive the words + graphics ready to copy, post or reuse, so you do not have to design or write them yourself.","No problem. I’ll leave the sample with you. If timing changes, reply here and I can pick it back up. I won’t keep chasing you.","Hi AccuScan Solutions LLC team — one quick follow-up on the private live scan fingerprinting sample I attached. If you want me to finish the full $100 set, reply YES. If not, no worries and I won’t follow up again.

– Anastaysia","Hi — I made a private live scan fingerprinting sample for AccuScan Solutions LLC, but the public email I tried bounced. What business email should I send the preview to?

– Anastaysia","Thanks — payment is confirmed. I’m building the AccuScan Solutions LLC package around service highlights, FAQ-style education, and a clear next-step CTA. I’ll send the finished files in this email thread when they’re ready.

– Anastaysia","Hi AccuScan Solutions LLC team — your finished $100 content package is ready. I’ve organized the posts, graphics, follow-up copy, review/message replies and CTAs so they’re easy to reuse. If you want a different service emphasized in a future set, reply here.

– Anastaysia",New,,,
V6,125,250,All Service Center,"Sunnyvale, CA",Live Scan and business services,73,Priority-ranked; timing is not guaranteed,ASC0316@gmail.com,,408-736-0313,https://oag.ca.gov/fingerprints/locations?county=Santa+Clara,2026-09-16,"Current California DOJ Santa Clara County listing publishes exact email, phone, Sunnyvale address and current operating hours.",live scan and business services,All Service Center is an active Sunnyvale Live Scan provider; document/appointment-prep content can reduce confusion before a fingerprinting visit.,"All Service Center is an active Sunnyvale Live Scan provider; document/appointment-prep content can reduce confusion before a fingerprinting visit. The $100 package is useful here because it turns those existing services into clear, reusable customer-facing content without requiring the business to write or design the pieces itself.",Made this live scan and business services preview for All Service Center,"Hi All Service Center team,

I came across your business and noticed all Service Center is an active Sunnyvale Live Scan provider; document/appointment-prep content can reduce confusion before a fingerprinting visit. I made the attached private preview specifically around that part of the business.

If you like the direction, the full package is $100 one time. It includes 10 ready-to-post business posts, custom graphics, customer follow-up messages, review/customer-message replies, stronger calls-to-action, and content organized around your real services. Everything is delivered ready to use; there’s no subscription or contract.

For All Service Center, I’d start with service highlights, FAQ-style education, and a clear next-step CTA.

You can choose whatever is easiest:
1. Reply YES and I’ll finish the $100 package.
2. Ask me anything first.
3. If you already know you want it, you can use the PayPal invoice here: https://www.paypal.com/invoice/p/#7T6DC9A6WFH3XXCT

If it isn’t useful, that’s completely fine — reply “no thanks” and I won’t follow up again.

Thanks,
Anastaysia",125-v6-all-service-center.jpg,125-v6-all-service-center.eml,"Absolutely — I can finish the full live scan and business services content package for All Service Center. It’s $100 one time, with no subscription or contract. PayPal invoice: https://www.paypal.com/invoice/p/#7T6DC9A6WFH3XXCT

Once payment is confirmed, I’ll build the complete set around service highlights, FAQ-style education, and a clear next-step CTA unless you want me to prioritize something else.

– Anastaysia","It’s $100 total, one time — not per post and not monthly. You keep the 10 posts, custom graphics, customer follow-up messages, review/message replies and CTA copy.","The attached sample was made specifically for All Service Center around live scan and business services. That is the direction I’d use for the finished set, and I’ll keep every piece tied to the actual services rather than generic filler.","I’d make the finished set around service highlights, FAQ-style education, and a clear next-step CTA. You receive the words + graphics ready to copy, post or reuse, so you do not have to design or write them yourself.","No problem. I’ll leave the sample with you. If timing changes, reply here and I can pick it back up. I won’t keep chasing you.","Hi All Service Center team — one quick follow-up on the private live scan and business services sample I attached. If you want me to finish the full $100 set, reply YES. If not, no worries and I won’t follow up again.

– Anastaysia","Hi — I made a private live scan and business services sample for All Service Center, but the public email I tried bounced. What business email should I send the preview to?

– Anastaysia","Thanks — payment is confirmed. I’m building the All Service Center package around service highlights, FAQ-style education, and a clear next-step CTA. I’ll send the finished files in this email thread when they’re ready.

– Anastaysia","Hi All Service Center team — your finished $100 content package is ready. I’ve organized the posts, graphics, follow-up copy, review/message replies and CTAs so they’re easy to reuse. If you want a different service emphasized in a future set, reply here.

– Anastaysia",New,,,
V6,126,252,Awesome Event Hub,"Sunnyvale, CA","Event, photography and training venue",73,Priority-ranked; timing is not guaranteed,wagleuttam2045@gmail.com,https://awesomeeventhub.com/,669-454-7096,https://awesomeeventhub.com/,2026-09-15,"Current owned site lists 137 E Fremont Ave, Sunnyvale, public Gmail inbox and current service menu.","event, photography and training venue","Awesome Event Hub lists photography, live performance, corporate events, classes, podcasts, seminars and small events; use-case content can clarify who the space is for.","Awesome Event Hub lists photography, live performance, corporate events, classes, podcasts, seminars and small events; use-case content can clarify who the space is for. The $100 package is useful here because it turns those existing services into clear, reusable customer-facing content without requiring the business to write or design the pieces itself.","Made this event, photography and training venue preview for Awesome Event Hub","Hi Awesome Event Hub team,

I came across your business and noticed awesome Event Hub lists photography, live performance, corporate events, classes, podcasts, seminars and small events; use-case content can clarify who the space is for. I made the attached private preview specifically around that part of the business.

If you like the direction, the full package is $100 one time. It includes 10 ready-to-post business posts, custom graphics, customer follow-up messages, review/customer-message replies, stronger calls-to-action, and content organized around your real services. Everything is delivered ready to use; there’s no subscription or contract.

For Awesome Event Hub, I’d start with service highlights, FAQ-style education, and a clear next-step CTA.

You can choose whatever is easiest:
1. Reply YES and I’ll finish the $100 package.
2. Ask me anything first.
3. If you already know you want it, you can use the PayPal invoice here: https://www.paypal.com/invoice/p/#7T6DC9A6WFH3XXCT

If it isn’t useful, that’s completely fine — reply “no thanks” and I won’t follow up again.

Thanks,
Anastaysia",126-v6-awesome-event-hub.jpg,126-v6-awesome-event-hub.eml,"Absolutely — I can finish the full event, photography and training venue content package for Awesome Event Hub. It’s $100 one time, with no subscription or contract. PayPal invoice: https://www.paypal.com/invoice/p/#7T6DC9A6WFH3XXCT

Once payment is confirmed, I’ll build the complete set around service highlights, FAQ-style education, and a clear next-step CTA unless you want me to prioritize something else.

– Anastaysia","It’s $100 total, one time — not per post and not monthly. You keep the 10 posts, custom graphics, customer follow-up messages, review/message replies and CTA copy.","The attached sample was made specifically for Awesome Event Hub around event, photography and training venue. That is the direction I’d use for the finished set, and I’ll keep every piece tied to the actual services rather than generic filler.","I’d make the finished set around service highlights, FAQ-style education, and a clear next-step CTA. You receive the words + graphics ready to copy, post or reuse, so you do not have to design or write them yourself.","No problem. I’ll leave the sample with you. If timing changes, reply here and I can pick it back up. I won’t keep chasing you.","Hi Awesome Event Hub team — one quick follow-up on the private event, photography and training venue sample I attached. If you want me to finish the full $100 set, reply YES. If not, no worries and I won’t follow up again.

– Anastaysia","Hi — I made a private event, photography and training venue sample for Awesome Event Hub, but the public email I tried bounced. What business email should I send the preview to?

– Anastaysia","Thanks — payment is confirmed. I’m building the Awesome Event Hub package around service highlights, FAQ-style education, and a clear next-step CTA. I’ll send the finished files in this email thread when they’re ready.

– Anastaysia","Hi Awesome Event Hub team — your finished $100 content package is ready. I’ve organized the posts, graphics, follow-up copy, review/message replies and CTAs so they’re easy to reuse. If you want a different service emphasized in a future set, reply here.

– Anastaysia",New,,,
V6,127,254,Bay Area Solutions,"Campbell, CA","Live Scan, notary and mailbox services",73,Priority-ranked; timing is not guaranteed,1bayareasolutions@gmail.com,https://bayareasolutionslivescan.com/,408-377-7446,https://oag.ca.gov/fingerprints/locations/bay-area-solutions,2026-09-16,"Current California DOJ listing publishes Campbell address, exact public email/phone; current owned site confirms active Live Scan/notary/mailbox services.","live scan, notary and mailbox services","Bay Area Solutions combines Live Scan, notary, mailbox and mobile services; service-selection and appointment-prep content can simplify several administrative paths.","Bay Area Solutions combines Live Scan, notary, mailbox and mobile services; service-selection and appointment-prep content can simplify several administrative paths. The $100 package is useful here because it turns those existing services into clear, reusable customer-facing content without requiring the business to write or design the pieces itself.","Made this live scan, notary and mailbox services preview for Bay Area Solutions","Hi Bay Area Solutions team,

I came across your business and noticed bay Area Solutions combines Live Scan, notary, mailbox and mobile services; service-selection and appointment-prep content can simplify several administrative paths. I made the attached private preview specifically around that part of the business.

If you like the direction, the full package is $100 one time. It includes 10 ready-to-post business posts, custom graphics, customer follow-up messages, review/customer-message replies, stronger calls-to-action, and content organized around your real services. Everything is delivered ready to use; there’s no subscription or contract.

For Bay Area Solutions, I’d start with service highlights, FAQ-style education, and a clear next-step CTA.

You can choose whatever is easiest:
1. Reply YES and I’ll finish the $100 package.
2. Ask me anything first.
3. If you already know you want it, you can use the PayPal invoice here: https://www.paypal.com/invoice/p/#7T6DC9A6WFH3XXCT

If it isn’t useful, that’s completely fine — reply “no thanks” and I won’t follow up again.

Thanks,
Anastaysia",127-v6-bay-area-solutions.jpg,127-v6-bay-area-solutions.eml,"Absolutely — I can finish the full live scan, notary and mailbox services content package for Bay Area Solutions. It’s $100 one time, with no subscription or contract. PayPal invoice: https://www.paypal.com/invoice/p/#7T6DC9A6WFH3XXCT

Once payment is confirmed, I’ll build the complete set around service highlights, FAQ-style education, and a clear next-step CTA unless you want me to prioritize something else.

– Anastaysia","It’s $100 total, one time — not per post and not monthly. You keep the 10 posts, custom graphics, customer follow-up messages, review/message replies and CTA copy.","The attached sample was made specifically for Bay Area Solutions around live scan, notary and mailbox services. That is the direction I’d use for the finished set, and I’ll keep every piece tied to the actual services rather than generic filler.","I’d make the finished set around service highlights, FAQ-style education, and a clear next-step CTA. You receive the words + graphics ready to copy, post or reuse, so you do not have to design or write them yourself.","No problem. I’ll leave the sample with you. If timing changes, reply here and I can pick it back up. I won’t keep chasing you.","Hi Bay Area Solutions team — one quick follow-up on the private live scan, notary and mailbox services sample I attached. If you want me to finish the full $100 set, reply YES. If not, no worries and I won’t follow up again.

– Anastaysia","Hi — I made a private live scan, notary and mailbox services sample for Bay Area Solutions, but the public email I tried bounced. What business email should I send the preview to?

– Anastaysia","Thanks — payment is confirmed. I’m building the Bay Area Solutions package around service highlights, FAQ-style education, and a clear next-step CTA. I’ll send the finished files in this email thread when they’re ready.

– Anastaysia","Hi Bay Area Solutions team — your finished $100 content package is ready. I’ve organized the posts, graphics, follow-up copy, review/message replies and CTAs so they’re easy to reuse. If you want a different service emphasized in a future set, reply here.

– Anastaysia",New,,,
V6,128,256,Best Western Plus Forest Park Inn,"Gilroy, CA","Hotel, meetings and group travel",73,Priority-ranked; timing is not guaranteed,bwforestparkinn@gmail.com,https://bestwesterngilroy.com/,408-848-5144,https://bestwesterngilroy.com/contact-us/,2026-09-16,"Current owned contact/site publishes Gilroy address, public email and active meetings/group/wedding offerings.","hotel, meetings and group travel","The Gilroy hotel offers rooms, meeting/event space, wedding blocks and packages; stay-purpose and group-planning content can clarify multiple booking paths.","The Gilroy hotel offers rooms, meeting/event space, wedding blocks and packages; stay-purpose and group-planning content can clarify multiple booking paths. The $100 package is useful here because it turns those existing services into clear, reusable customer-facing content without requiring the business to write or design the pieces itself.","Made this hotel, meetings and group travel preview for Best Western Plus Forest Park Inn","Hi Best Western Plus Forest Park Inn team,

I came across your business and noticed the Gilroy hotel offers rooms, meeting/event space, wedding blocks and packages; stay-purpose and group-planning content can clarify multiple booking paths. I made the attached private preview specifically around that part of the business.

If you like the direction, the full package is $100 one time. It includes 10 ready-to-post business posts, custom graphics, customer follow-up messages, review/customer-message replies, stronger calls-to-action, and content organized around your real services. Everything is delivered ready to use; there’s no subscription or contract.

For Best Western Plus Forest Park Inn, I’d start with service highlights, FAQ-style education, and a clear next-step CTA.

You can choose whatever is easiest:
1. Reply YES and I’ll finish the $100 package.
2. Ask me anything first.
3. If you already know you want it, you can use the PayPal invoice here: https://www.paypal.com/invoice/p/#7T6DC9A6WFH3XXCT

If it isn’t useful, that’s completely fine — reply “no thanks” and I won’t follow up again.

Thanks,
Anastaysia",128-v6-best-western-plus-forest-park-inn.jpg,128-v6-best-western-plus-forest-park-inn.eml,"Absolutely — I can finish the full hotel, meetings and group travel content package for Best Western Plus Forest Park Inn. It’s $100 one time, with no subscription or contract. PayPal invoice: https://www.paypal.com/invoice/p/#7T6DC9A6WFH3XXCT

Once payment is confirmed, I’ll build the complete set around service highlights, FAQ-style education, and a clear next-step CTA unless you want me to prioritize something else.

– Anastaysia","It’s $100 total, one time — not per post and not monthly. You keep the 10 posts, custom graphics, customer follow-up messages, review/message replies and CTA copy.","The attached sample was made specifically for Best Western Plus Forest Park Inn around hotel, meetings and group travel. That is the direction I’d use for the finished set, and I’ll keep every piece tied to the actual services rather than generic filler.","I’d make the finished set around service highlights, FAQ-style education, and a clear next-step CTA. You receive the words + graphics ready to copy, post or reuse, so you do not have to design or write them yourself.","No problem. I’ll leave the sample with you. If timing changes, reply here and I can pick it back up. I won’t keep chasing you.","Hi Best Western Plus Forest Park Inn team — one quick follow-up on the private hotel, meetings and group travel sample I attached. If you want me to finish the full $100 set, reply YES. If not, no worries and I won’t follow up again.

– Anastaysia","Hi — I made a private hotel, meetings and group travel sample for Best Western Plus Forest Park Inn, but the public email I tried bounced. What business email should I send the preview to?

– Anastaysia","Thanks — payment is confirmed. I’m building the Best Western Plus Forest Park Inn package around service highlights, FAQ-style education, and a clear next-step CTA. I’ll send the finished files in this email thread when they’re ready.

– Anastaysia","Hi Best Western Plus Forest Park Inn team — your finished $100 content package is ready. I’ve organized the posts, graphics, follow-up copy, review/message replies and CTAs so they’re easy to reuse. If you want a different service emphasized in a future set, reply here.

– Anastaysia",New,,,
V6,129,258,Cura Contemporary,"Morgan Hill, CA","Contemporary art gallery, workshops and events",73,Priority-ranked; timing is not guaranteed,curacontemporary@gmail.com,https://curacontemporary.com/,,https://visitgilroy.com/listing/cura-contemporary/384/,2026-09-16,Current Visit Gilroy listing publishes exact public email and Morgan Hill address with active monthly exhibitions/workshops.,"contemporary art gallery, workshops and events","CURA rotates exhibitions and offers workshops, events and a multi-room gallery experience; exhibition-vs-workshop and first-visit content can clarify participation paths.","CURA rotates exhibitions and offers workshops, events and a multi-room gallery experience; exhibition-vs-workshop and first-visit content can clarify participation paths. The $100 package is useful here because it turns those existing services into clear, reusable customer-facing content without requiring the business to write or design the pieces itself.","Made this contemporary art gallery, workshops and events preview for Cura Contemporary","Hi Cura Contemporary team,

I came across your business and noticed cURA rotates exhibitions and offers workshops, events and a multi-room gallery experience; exhibition-vs-workshop and first-visit content can clarify participation paths. I made the attached private preview specifically around that part of the business.

If you like the direction, the full package is $100 one time. It includes 10 ready-to-post business posts, custom graphics, customer follow-up messages, review/customer-message replies, stronger calls-to-action, and content organized around your real services. Everything is delivered ready to use; there’s no subscription or contract.

For Cura Contemporary, I’d start with service highlights, FAQ-style education, and a clear next-step CTA.

You can choose whatever is easiest:
1. Reply YES and I’ll finish the $100 package.
2. Ask me anything first.
3. If you already know you want it, you can use the PayPal invoice here: https://www.paypal.com/invoice/p/#7T6DC9A6WFH3XXCT

If it isn’t useful, that’s completely fine — reply “no thanks” and I won’t follow up again.

Thanks,
Anastaysia",129-v6-cura-contemporary.jpg,129-v6-cura-contemporary.eml,"Absolutely — I can finish the full contemporary art gallery, workshops and events content package for Cura Contemporary. It’s $100 one time, with no subscription or contract. PayPal invoice: https://www.paypal.com/invoice/p/#7T6DC9A6WFH3XXCT

Once payment is confirmed, I’ll build the complete set around service highlights, FAQ-style education, and a clear next-step CTA unless you want me to prioritize something else.

– Anastaysia","It’s $100 total, one time — not per post and not monthly. You keep the 10 posts, custom graphics, customer follow-up messages, review/message replies and CTA copy.","The attached sample was made specifically for Cura Contemporary around contemporary art gallery, workshops and events. That is the direction I’d use for the finished set, and I’ll keep every piece tied to the actual services rather than generic filler.","I’d make the finished set around service highlights, FAQ-style education, and a clear next-step CTA. You receive the words + graphics ready to copy, post or reuse, so you do not have to design or write them yourself.","No problem. I’ll leave the sample with you. If timing changes, reply here and I can pick it back up. I won’t keep chasing you.","Hi Cura Contemporary team — one quick follow-up on the private contemporary art gallery, workshops and events sample I attached. If you want me to finish the full $100 set, reply YES. If not, no worries and I won’t follow up again.

– Anastaysia","Hi — I made a private contemporary art gallery, workshops and events sample for Cura Contemporary, but the public email I tried bounced. What business email should I send the preview to?

– Anastaysia","Thanks — payment is confirmed. I’m building the Cura Contemporary package around service highlights, FAQ-style education, and a clear next-step CTA. I’ll send the finished files in this email thread when they’re ready.

– Anastaysia","Hi Cura Contemporary team — your finished $100 content package is ready. I’ve organized the posts, graphics, follow-up copy, review/message replies and CTAs so they’re easy to reuse. If you want a different service emphasized in a future set, reply here.

– Anastaysia",New,,,
V6,130,260,Dasalla's Martial Arts,"Sunnyvale, CA",Martial arts school,73,Priority-ranked; timing is not guaranteed,dasallamartialarts@gmail.com,https://www.dasallamartialarts.com/,669-777-5772,https://www.dasallamartialarts.com/,2026-09-16,"Current owned site publishes Sunnyvale address, phone, dasallamartialarts@gmail.com and a free-trial enrollment path; repo search found no prior V1-V4/staging collision.",martial arts school,"The school offers children's martial arts plus a free trial class, creating clear content opportunities around first-class expectations, parent FAQs and program selection without promising personal outcomes.","The school offers children's martial arts plus a free trial class, creating clear content opportunities around first-class expectations, parent FAQs and program selection without promising personal outcomes. The $100 package is useful here because it turns those existing services into clear, reusable customer-facing content without requiring the business to write or design the pieces itself.",Made this martial arts school preview for Dasalla's Martial Arts,"Hi Dasalla's Martial Arts team,

I came across your business and noticed the school offers children's martial arts plus a free trial class, creating clear content opportunities around first-class expectations, parent FAQs and program selection without promising personal outcomes. I made the attached private preview specifically around that part of the business.

If you like the direction, the full package is $100 one time. It includes 10 ready-to-post business posts, custom graphics, customer follow-up messages, review/customer-message replies, stronger calls-to-action, and content organized around your real services. Everything is delivered ready to use; there’s no subscription or contract.

For Dasalla's Martial Arts, I’d start with program/service selection, first-visit guidance, and booking CTAs.

You can choose whatever is easiest:
1. Reply YES and I’ll finish the $100 package.
2. Ask me anything first.
3. If you already know you want it, you can use the PayPal invoice here: https://www.paypal.com/invoice/p/#7T6DC9A6WFH3XXCT

If it isn’t useful, that’s completely fine — reply “no thanks” and I won’t follow up again.

Thanks,
Anastaysia",130-v6-dasalla-s-martial-arts.jpg,130-v6-dasalla-s-martial-arts.eml,"Absolutely — I can finish the full martial arts school content package for Dasalla's Martial Arts. It’s $100 one time, with no subscription or contract. PayPal invoice: https://www.paypal.com/invoice/p/#7T6DC9A6WFH3XXCT

Once payment is confirmed, I’ll build the complete set around program/service selection, first-visit guidance, and booking CTAs unless you want me to prioritize something else.

– Anastaysia","It’s $100 total, one time — not per post and not monthly. You keep the 10 posts, custom graphics, customer follow-up messages, review/message replies and CTA copy.","The attached sample was made specifically for Dasalla's Martial Arts around martial arts school. That is the direction I’d use for the finished set, and I’ll keep every piece tied to the actual services rather than generic filler.","I’d make the finished set around program/service selection, first-visit guidance, and booking CTAs. You receive the words + graphics ready to copy, post or reuse, so you do not have to design or write them yourself.","No problem. I’ll leave the sample with you. If timing changes, reply here and I can pick it back up. I won’t keep chasing you.","Hi Dasalla's Martial Arts team — one quick follow-up on the private martial arts school sample I attached. If you want me to finish the full $100 set, reply YES. If not, no worries and I won’t follow up again.

– Anastaysia","Hi — I made a private martial arts school sample for Dasalla's Martial Arts, but the public email I tried bounced. What business email should I send the preview to?

– Anastaysia","Thanks — payment is confirmed. I’m building the Dasalla's Martial Arts package around program/service selection, first-visit guidance, and booking CTAs. I’ll send the finished files in this email thread when they’re ready.

– Anastaysia","Hi Dasalla's Martial Arts team — your finished $100 content package is ready. I’ve organized the posts, graphics, follow-up copy, review/message replies and CTAs so they’re easy to reuse. If you want a different service emphasized in a future set, reply here.

– Anastaysia",New,,,
V6,131,262,Flower Divas,"Santa Clara, CA",Wedding and event florist,73,Priority-ranked; timing is not guaranteed,flowerdivas@gmail.com,https://flowerdivas.com/,408-891-2488,https://flowerdivas.com/,2026-09-15,,wedding and event florist,"Flower Divas is event-focused and highly visual; wedding/event planning, style and inquiry-prep content can showcase services without.","Flower Divas is event-focused and highly visual; wedding/event planning, style and inquiry-prep content can showcase services without. The $100 package is useful here because it turns those existing services into clear, reusable customer-facing content without requiring the business to write or design the pieces itself.",Made this wedding and event florist preview for Flower Divas,"Hi Flower Divas team,

I came across your business and noticed flower Divas is event-focused and highly visual; wedding/event planning, style and inquiry-prep content can showcase services without. I made the attached private preview specifically around that part of the business.

If you like the direction, the full package is $100 one time. It includes 10 ready-to-post business posts, custom graphics, customer follow-up messages, review/customer-message replies, stronger calls-to-action, and content organized around your real services. Everything is delivered ready to use; there’s no subscription or contract.

For Flower Divas, I’d start with service highlights, FAQ-style education, and a clear next-step CTA.

You can choose whatever is easiest:
1. Reply YES and I’ll finish the $100 package.
2. Ask me anything first.
3. If you already know you want it, you can use the PayPal invoice here: https://www.paypal.com/invoice/p/#7T6DC9A6WFH3XXCT

If it isn’t useful, that’s completely fine — reply “no thanks” and I won’t follow up again.

Thanks,
Anastaysia",131-v6-flower-divas.jpg,131-v6-flower-divas.eml,"Absolutely — I can finish the full wedding and event florist content package for Flower Divas. It’s $100 one time, with no subscription or contract. PayPal invoice: https://www.paypal.com/invoice/p/#7T6DC9A6WFH3XXCT

Once payment is confirmed, I’ll build the complete set around service highlights, FAQ-style education, and a clear next-step CTA unless you want me to prioritize something else.

– Anastaysia","It’s $100 total, one time — not per post and not monthly. You keep the 10 posts, custom graphics, customer follow-up messages, review/message replies and CTA copy.","The attached sample was made specifically for Flower Divas around wedding and event florist. That is the direction I’d use for the finished set, and I’ll keep every piece tied to the actual services rather than generic filler.","I’d make the finished set around service highlights, FAQ-style education, and a clear next-step CTA. You receive the words + graphics ready to copy, post or reuse, so you do not have to design or write them yourself.","No problem. I’ll leave the sample with you. If timing changes, reply here and I can pick it back up. I won’t keep chasing you.","Hi Flower Divas team — one quick follow-up on the private wedding and event florist sample I attached. If you want me to finish the full $100 set, reply YES. If not, no worries and I won’t follow up again.

– Anastaysia","Hi — I made a private wedding and event florist sample for Flower Divas, but the public email I tried bounced. What business email should I send the preview to?

– Anastaysia","Thanks — payment is confirmed. I’m building the Flower Divas package around service highlights, FAQ-style education, and a clear next-step CTA. I’ll send the finished files in this email thread when they’re ready.

– Anastaysia","Hi Flower Divas team — your finished $100 content package is ready. I’ve organized the posts, graphics, follow-up copy, review/message replies and CTAs so they’re easy to reuse. If you want a different service emphasized in a future set, reply here.

– Anastaysia",New,,,
V6,132,264,Gilroy Center for the Arts,"Gilroy, CA","Arts classes, exhibits and community events",73,Priority-ranked; timing is not guaranteed,gaagca7341@gmail.com,,408-842-6999,https://visitgilroy.com/listing/gilroy-center-for-the-arts/78/,2026-09-16,Current Visit Gilroy listing publishes public email/phone and active arts/event programming.,"arts classes, exhibits and community events","The center runs classes, exhibits, dances, receptions and open-mic/community programming; program-selector and event-preview content can improve participation paths.","The center runs classes, exhibits, dances, receptions and open-mic/community programming; program-selector and event-preview content can improve participation paths. The $100 package is useful here because it turns those existing services into clear, reusable customer-facing content without requiring the business to write or design the pieces itself.","Made this arts classes, exhibits and community events preview for Gilroy Center for the Arts","Hi Gilroy Center for the Arts team,

I came across your business and noticed the center runs classes, exhibits, dances, receptions and open-mic/community programming; program-selector and event-preview content can improve participation paths. I made the attached private preview specifically around that part of the business.

If you like the direction, the full package is $100 one time. It includes 10 ready-to-post business posts, custom graphics, customer follow-up messages, review/customer-message replies, stronger calls-to-action, and content organized around your real services. Everything is delivered ready to use; there’s no subscription or contract.

For Gilroy Center for the Arts, I’d start with service highlights, FAQ-style education, and a clear next-step CTA.

You can choose whatever is easiest:
1. Reply YES and I’ll finish the $100 package.
2. Ask me anything first.
3. If you already know you want it, you can use the PayPal invoice here: https://www.paypal.com/invoice/p/#7T6DC9A6WFH3XXCT

If it isn’t useful, that’s completely fine — reply “no thanks” and I won’t follow up again.

Thanks,
Anastaysia",132-v6-gilroy-center-for-the-arts.jpg,132-v6-gilroy-center-for-the-arts.eml,"Absolutely — I can finish the full arts classes, exhibits and community events content package for Gilroy Center for the Arts. It’s $100 one time, with no subscription or contract. PayPal invoice: https://www.paypal.com/invoice/p/#7T6DC9A6WFH3XXCT

Once payment is confirmed, I’ll build the complete set around service highlights, FAQ-style education, and a clear next-step CTA unless you want me to prioritize something else.

– Anastaysia","It’s $100 total, one time — not per post and not monthly. You keep the 10 posts, custom graphics, customer follow-up messages, review/message replies and CTA copy.","The attached sample was made specifically for Gilroy Center for the Arts around arts classes, exhibits and community events. That is the direction I’d use for the finished set, and I’ll keep every piece tied to the actual services rather than generic filler.","I’d make the finished set around service highlights, FAQ-style education, and a clear next-step CTA. You receive the words + graphics ready to copy, post or reuse, so you do not have to design or write them yourself.","No problem. I’ll leave the sample with you. If timing changes, reply here and I can pick it back up. I won’t keep chasing you.","Hi Gilroy Center for the Arts team — one quick follow-up on the private arts classes, exhibits and community events sample I attached. If you want me to finish the full $100 set, reply YES. If not, no worries and I won’t follow up again.

– Anastaysia","Hi — I made a private arts classes, exhibits and community events sample for Gilroy Center for the Arts, but the public email I tried bounced. What business email should I send the preview to?

– Anastaysia","Thanks — payment is confirmed. I’m building the Gilroy Center for the Arts package around service highlights, FAQ-style education, and a clear next-step CTA. I’ll send the finished files in this email thread when they’re ready.

– Anastaysia","Hi Gilroy Center for the Arts team — your finished $100 content package is ready. I’ve organized the posts, graphics, follow-up copy, review/message replies and CTAs so they’re easy to reuse. If you want a different service emphasized in a future set, reply here.

– Anastaysia",New,,,
V6,133,266,Graze Life California,"Gilroy, CA","Charcuterie, grazing tables and private workshops",73,Priority-ranked; timing is not guaranteed,grazelifecalifornia@gmail.com,https://grazelifecalifornia.com/,408-597-7819,https://grazelifecalifornia.com/pages/copy-of-lets-connect,2026-09-16,"Current owned site publishes Gilroy base, public email/phone and active event/workshop offerings.","charcuterie, grazing tables and private workshops","Graze Life sells boards, grazing tables, private workshops and event setups; event-size, format and lead-time content can make a visually strong purchase path easier to plan.","Graze Life sells boards, grazing tables, private workshops and event setups; event-size, format and lead-time content can make a visually strong purchase path easier to plan. The $100 package is useful here because it turns those existing services into clear, reusable customer-facing content without requiring the business to write or design the pieces itself.","Made this charcuterie, grazing tables and private workshops preview for Graze Life California","Hi Graze Life California team,

I came across your business and noticed graze Life sells boards, grazing tables, private workshops and event setups; event-size, format and lead-time content can make a visually strong purchase path easier to plan. I made the attached private preview specifically around that part of the business.

If you like the direction, the full package is $100 one time. It includes 10 ready-to-post business posts, custom graphics, customer follow-up messages, review/customer-message replies, stronger calls-to-action, and content organized around your real services. Everything is delivered ready to use; there’s no subscription or contract.

For Graze Life California, I’d start with service highlights, FAQ-style education, and a clear next-step CTA.

You can choose whatever is easiest:
1. Reply YES and I’ll finish the $100 package.
2. Ask me anything first.
3. If you already know you want it, you can use the PayPal invoice here: https://www.paypal.com/invoice/p/#7T6DC9A6WFH3XXCT

If it isn’t useful, that’s completely fine — reply “no thanks” and I won’t follow up again.

Thanks,
Anastaysia",133-v6-graze-life-california.jpg,133-v6-graze-life-california.eml,"Absolutely — I can finish the full charcuterie, grazing tables and private workshops content package for Graze Life California. It’s $100 one time, with no subscription or contract. PayPal invoice: https://www.paypal.com/invoice/p/#7T6DC9A6WFH3XXCT

Once payment is confirmed, I’ll build the complete set around service highlights, FAQ-style education, and a clear next-step CTA unless you want me to prioritize something else.

– Anastaysia","It’s $100 total, one time — not per post and not monthly. You keep the 10 posts, custom graphics, customer follow-up messages, review/message replies and CTA copy.","The attached sample was made specifically for Graze Life California around charcuterie, grazing tables and private workshops. That is the direction I’d use for the finished set, and I’ll keep every piece tied to the actual services rather than generic filler.","I’d make the finished set around service highlights, FAQ-style education, and a clear next-step CTA. You receive the words + graphics ready to copy, post or reuse, so you do not have to design or write them yourself.","No problem. I’ll leave the sample with you. If timing changes, reply here and I can pick it back up. I won’t keep chasing you.","Hi Graze Life California team — one quick follow-up on the private charcuterie, grazing tables and private workshops sample I attached. If you want me to finish the full $100 set, reply YES. If not, no worries and I won’t follow up again.

– Anastaysia","Hi — I made a private charcuterie, grazing tables and private workshops sample for Graze Life California, but the public email I tried bounced. What business email should I send the preview to?

– Anastaysia","Thanks — payment is confirmed. I’m building the Graze Life California package around service highlights, FAQ-style education, and a clear next-step CTA. I’ll send the finished files in this email thread when they’re ready.

– Anastaysia","Hi Graze Life California team — your finished $100 content package is ready. I’ve organized the posts, graphics, follow-up copy, review/message replies and CTAs so they’re easy to reuse. If you want a different service emphasized in a future set, reply here.

– Anastaysia",New,,,
V6,134,268,I Love Cheesesteak,"San Jose / Santa Clara County, CA",Cheesesteak food truck and catering,73,Priority-ranked; timing is not guaranteed,ilovecheesesteaktruck@gmail.com,,408-722-7000,https://www.santaclaraca.gov/our-city/departments-g-z/parks-recreation/reservations-and-permits,2026-09-13,Current City approved-caterer list publishes the email/phone; Moveable Feast currently includes I Love Cheesesteak among its food-truck vendors and describes the independent family-operated concept.,cheesesteak food truck and catering,"The business is a family-operated Bay Area food truck known for cheesesteaks with an Asian twist; menu, story and private-event content provide a specific campaign angle.","The business is a family-operated Bay Area food truck known for cheesesteaks with an Asian twist; menu, story and private-event content provide a specific campaign angle. The $100 package is useful here because it turns those existing services into clear, reusable customer-facing content without requiring the business to write or design the pieces itself.",Made this cheesesteak food truck and catering preview for I Love Cheesesteak,"Hi I Love Cheesesteak team,

I came across your business and noticed the business is a family-operated Bay Area food truck known for cheesesteaks with an Asian twist; menu, story and private-event content provide a specific campaign angle. I made the attached private preview specifically around that part of the business.

If you like the direction, the full package is $100 one time. It includes 10 ready-to-post business posts, custom graphics, customer follow-up messages, review/customer-message replies, stronger calls-to-action, and content organized around your real services. Everything is delivered ready to use; there’s no subscription or contract.

For I Love Cheesesteak, I’d start with menu/service highlights, event or ordering guidance, and local customer CTAs.

You can choose whatever is easiest:
1. Reply YES and I’ll finish the $100 package.
2. Ask me anything first.
3. If you already know you want it, you can use the PayPal invoice here: https://www.paypal.com/invoice/p/#7T6DC9A6WFH3XXCT

If it isn’t useful, that’s completely fine — reply “no thanks” and I won’t follow up again.

Thanks,
Anastaysia",134-v6-i-love-cheesesteak.jpg,134-v6-i-love-cheesesteak.eml,"Absolutely — I can finish the full cheesesteak food truck and catering content package for I Love Cheesesteak. It’s $100 one time, with no subscription or contract. PayPal invoice: https://www.paypal.com/invoice/p/#7T6DC9A6WFH3XXCT

Once payment is confirmed, I’ll build the complete set around menu/service highlights, event or ordering guidance, and local customer CTAs unless you want me to prioritize something else.

– Anastaysia","It’s $100 total, one time — not per post and not monthly. You keep the 10 posts, custom graphics, customer follow-up messages, review/message replies and CTA copy.","The attached sample was made specifically for I Love Cheesesteak around cheesesteak food truck and catering. That is the direction I’d use for the finished set, and I’ll keep every piece tied to the actual services rather than generic filler.","I’d make the finished set around menu/service highlights, event or ordering guidance, and local customer CTAs. You receive the words + graphics ready to copy, post or reuse, so you do not have to design or write them yourself.","No problem. I’ll leave the sample with you. If timing changes, reply here and I can pick it back up. I won’t keep chasing you.","Hi I Love Cheesesteak team — one quick follow-up on the private cheesesteak food truck and catering sample I attached. If you want me to finish the full $100 set, reply YES. If not, no worries and I won’t follow up again.

– Anastaysia","Hi — I made a private cheesesteak food truck and catering sample for I Love Cheesesteak, but the public email I tried bounced. What business email should I send the preview to?

– Anastaysia","Thanks — payment is confirmed. I’m building the I Love Cheesesteak package around menu/service highlights, event or ordering guidance, and local customer CTAs. I’ll send the finished files in this email thread when they’re ready.

– Anastaysia","Hi I Love Cheesesteak team — your finished $100 content package is ready. I’ve organized the posts, graphics, follow-up copy, review/message replies and CTAs so they’re easy to reuse. If you want a different service emphasized in a future set, reply here.

– Anastaysia",New,,,
V6,135,270,Jimenez Millwork and Finish Carpentry,"Santa Clara, CA",Carpentry,73,Priority-ranked; timing is not guaranteed,jimenez_mfc@outlook.com,,,https://www.cusdk8.org/fs/resource-manager/view/ce90e6dd-ad5b-4546-8e73-3f3e726a2b0a,2026-09-13,Accepted in the canonical seed gate from the current 2026 contractor source; public business email retained exactly as published.,carpentry,"The current contractor source lists Jimenez Millwork and Finish Carpentry in Santa Clara, CA for Carpentry; a concise capability and project-readiness content set can help prospective buyers understand what the business handles before an inquiry.","The current contractor source lists Jimenez Millwork and Finish Carpentry in Santa Clara, CA for Carpentry; a concise capability and project-readiness content set can help prospective buyers understand what the business handles before an inquiry. The $100 package is useful here because it turns those existing services into clear, reusable customer-facing content without requiring the business to write or design the pieces itself.",Made this carpentry preview for Jimenez Millwork and Finish Carpentry,"Hi Jimenez Millwork and Finish Carpentry team,

I came across your business and noticed the current contractor source lists Jimenez Millwork and Finish Carpentry in Santa Clara, CA for Carpentry; a concise capability and project-readiness content set can help prospective buyers understand what the business handles before an inquiry. I made the attached private preview specifically around that part of the business.

If you like the direction, the full package is $100 one time. It includes 10 ready-to-post business posts, custom graphics, customer follow-up messages, review/customer-message replies, stronger calls-to-action, and content organized around your real services. Everything is delivered ready to use; there’s no subscription or contract.

For Jimenez Millwork and Finish Carpentry, I’d start with service highlights, FAQ-style education, and a clear next-step CTA.

You can choose whatever is easiest:
1. Reply YES and I’ll finish the $100 package.
2. Ask me anything first.
3. If you already know you want it, you can use the PayPal invoice here: https://www.paypal.com/invoice/p/#7T6DC9A6WFH3XXCT

If it isn’t useful, that’s completely fine — reply “no thanks” and I won’t follow up again.

Thanks,
Anastaysia",135-v6-jimenez-millwork-and-finish-carpentry.jpg,135-v6-jimenez-millwork-and-finish-carpentry.eml,"Absolutely — I can finish the full carpentry content package for Jimenez Millwork and Finish Carpentry. It’s $100 one time, with no subscription or contract. PayPal invoice: https://www.paypal.com/invoice/p/#7T6DC9A6WFH3XXCT

Once payment is confirmed, I’ll build the complete set around service highlights, FAQ-style education, and a clear next-step CTA unless you want me to prioritize something else.

– Anastaysia","It’s $100 total, one time — not per post and not monthly. You keep the 10 posts, custom graphics, customer follow-up messages, review/message replies and CTA copy.","The attached sample was made specifically for Jimenez Millwork and Finish Carpentry around carpentry. That is the direction I’d use for the finished set, and I’ll keep every piece tied to the actual services rather than generic filler.","I’d make the finished set around service highlights, FAQ-style education, and a clear next-step CTA. You receive the words + graphics ready to copy, post or reuse, so you do not have to design or write them yourself.","No problem. I’ll leave the sample with you. If timing changes, reply here and I can pick it back up. I won’t keep chasing you.","Hi Jimenez Millwork and Finish Carpentry team — one quick follow-up on the private carpentry sample I attached. If you want me to finish the full $100 set, reply YES. If not, no worries and I won’t follow up again.

– Anastaysia","Hi — I made a private carpentry sample for Jimenez Millwork and Finish Carpentry, but the public email I tried bounced. What business email should I send the preview to?

– Anastaysia","Thanks — payment is confirmed. I’m building the Jimenez Millwork and Finish Carpentry package around service highlights, FAQ-style education, and a clear next-step CTA. I’ll send the finished files in this email thread when they’re ready.

– Anastaysia","Hi Jimenez Millwork and Finish Carpentry team — your finished $100 content package is ready. I’ve organized the posts, graphics, follow-up copy, review/message replies and CTAs so they’re easy to reuse. If you want a different service emphasized in a future set, reply here.

– Anastaysia",New,,,
V6,136,272,Joseph Rae BBQ Company,Gilroy CA,BBQ catering and events,73,Priority-ranked; timing is not guaranteed,josephraebbq@gmail.com,https://josephraebbqco.com/,510-750-2747,https://josephraebbqco.com/our-menu/,2026-09-13,"Official site lists Gilroy, catering packages and josephraebbq@gmail.com; current City of Santa Clara approved-caterer list independently confirms the same public business email.",bbq catering and events,"Joseph Rae publishes clear catered packages, guest minimums and event terms and is listed by Santa Clara as an approved caterer, making package-comparison and event-planning content especially relevant.","Joseph Rae publishes clear catered packages, guest minimums and event terms and is listed by Santa Clara as an approved caterer, making package-comparison and event-planning content especially relevant. The $100 package is useful here because it turns those existing services into clear, reusable customer-facing content without requiring the business to write or design the pieces itself.",Made this bbq catering and events preview for Joseph Rae BBQ Company,"Hi Joseph Rae BBQ Company team,

I came across your business and noticed joseph Rae publishes clear catered packages, guest minimums and event terms and is listed by Santa Clara as an approved caterer, making package-comparison and event-planning content especially relevant. I made the attached private preview specifically around that part of the business.

If you like the direction, the full package is $100 one time. It includes 10 ready-to-post business posts, custom graphics, customer follow-up messages, review/customer-message replies, stronger calls-to-action, and content organized around your real services. Everything is delivered ready to use; there’s no subscription or contract.

For Joseph Rae BBQ Company, I’d start with menu/service highlights, event or ordering guidance, and local customer CTAs.

You can choose whatever is easiest:
1. Reply YES and I’ll finish the $100 package.
2. Ask me anything first.
3. If you already know you want it, you can use the PayPal invoice here: https://www.paypal.com/invoice/p/#7T6DC9A6WFH3XXCT

If it isn’t useful, that’s completely fine — reply “no thanks” and I won’t follow up again.

Thanks,
Anastaysia",136-v6-joseph-rae-bbq-company.jpg,136-v6-joseph-rae-bbq-company.eml,"Absolutely — I can finish the full bbq catering and events content package for Joseph Rae BBQ Company. It’s $100 one time, with no subscription or contract. PayPal invoice: https://www.paypal.com/invoice/p/#7T6DC9A6WFH3XXCT

Once payment is confirmed, I’ll build the complete set around menu/service highlights, event or ordering guidance, and local customer CTAs unless you want me to prioritize something else.

– Anastaysia","It’s $100 total, one time — not per post and not monthly. You keep the 10 posts, custom graphics, customer follow-up messages, review/message replies and CTA copy.","The attached sample was made specifically for Joseph Rae BBQ Company around bbq catering and events. That is the direction I’d use for the finished set, and I’ll keep every piece tied to the actual services rather than generic filler.","I’d make the finished set around menu/service highlights, event or ordering guidance, and local customer CTAs. You receive the words + graphics ready to copy, post or reuse, so you do not have to design or write them yourself.","No problem. I’ll leave the sample with you. If timing changes, reply here and I can pick it back up. I won’t keep chasing you.","Hi Joseph Rae BBQ Company team — one quick follow-up on the private bbq catering and events sample I attached. If you want me to finish the full $100 set, reply YES. If not, no worries and I won’t follow up again.

– Anastaysia","Hi — I made a private bbq catering and events sample for Joseph Rae BBQ Company, but the public email I tried bounced. What business email should I send the preview to?

– Anastaysia","Thanks — payment is confirmed. I’m building the Joseph Rae BBQ Company package around menu/service highlights, event or ordering guidance, and local customer CTAs. I’ll send the finished files in this email thread when they’re ready.

– Anastaysia","Hi Joseph Rae BBQ Company team — your finished $100 content package is ready. I’ve organized the posts, graphics, follow-up copy, review/message replies and CTAs so they’re easy to reuse. If you want a different service emphasized in a future set, reply here.

– Anastaysia",New,,,
V6,137,274,Lavender Fields Band,"Santa Clara County / South Bay, CA","Live music, DJ and event entertainment",73,Priority-ranked; timing is not guaranteed,lavenderfieldsband@gmail.com,https://www.lavenderfieldsband.com/,,https://www.lavenderfieldsband.com/,2026-09-16,Current owned site publishes exact booking email and active 2026 performances at Gilroy/South Bay venues.,"live music, dj and event entertainment","Lavender Fields offers live music, DJ and MC services with active 2026 South Bay event dates; event-format and booking content can clarify entertainment choices.","Lavender Fields offers live music, DJ and MC services with active 2026 South Bay event dates; event-format and booking content can clarify entertainment choices. The $100 package is useful here because it turns those existing services into clear, reusable customer-facing content without requiring the business to write or design the pieces itself.","Made this live music, dj and event entertainment preview for Lavender Fields Band","Hi Lavender Fields Band team,

I came across your business and noticed lavender Fields offers live music, DJ and MC services with active 2026 South Bay event dates; event-format and booking content can clarify entertainment choices. I made the attached private preview specifically around that part of the business.

If you like the direction, the full package is $100 one time. It includes 10 ready-to-post business posts, custom graphics, customer follow-up messages, review/customer-message replies, stronger calls-to-action, and content organized around your real services. Everything is delivered ready to use; there’s no subscription or contract.

For Lavender Fields Band, I’d start with program/service selection, first-visit guidance, and booking CTAs.

You can choose whatever is easiest:
1. Reply YES and I’ll finish the $100 package.
2. Ask me anything first.
3. If you already know you want it, you can use the PayPal invoice here: https://www.paypal.com/invoice/p/#7T6DC9A6WFH3XXCT

If it isn’t useful, that’s completely fine — reply “no thanks” and I won’t follow up again.

Thanks,
Anastaysia",137-v6-lavender-fields-band.jpg,137-v6-lavender-fields-band.eml,"Absolutely — I can finish the full live music, dj and event entertainment content package for Lavender Fields Band. It’s $100 one time, with no subscription or contract. PayPal invoice: https://www.paypal.com/invoice/p/#7T6DC9A6WFH3XXCT

Once payment is confirmed, I’ll build the complete set around program/service selection, first-visit guidance, and booking CTAs unless you want me to prioritize something else.

– Anastaysia","It’s $100 total, one time — not per post and not monthly. You keep the 10 posts, custom graphics, customer follow-up messages, review/message replies and CTA copy.","The attached sample was made specifically for Lavender Fields Band around live music, dj and event entertainment. That is the direction I’d use for the finished set, and I’ll keep every piece tied to the actual services rather than generic filler.","I’d make the finished set around program/service selection, first-visit guidance, and booking CTAs. You receive the words + graphics ready to copy, post or reuse, so you do not have to design or write them yourself.","No problem. I’ll leave the sample with you. If timing changes, reply here and I can pick it back up. I won’t keep chasing you.","Hi Lavender Fields Band team — one quick follow-up on the private live music, dj and event entertainment sample I attached. If you want me to finish the full $100 set, reply YES. If not, no worries and I won’t follow up again.

– Anastaysia","Hi — I made a private live music, dj and event entertainment sample for Lavender Fields Band, but the public email I tried bounced. What business email should I send the preview to?

– Anastaysia","Thanks — payment is confirmed. I’m building the Lavender Fields Band package around program/service selection, first-visit guidance, and booking CTAs. I’ll send the finished files in this email thread when they’re ready.

– Anastaysia","Hi Lavender Fields Band team — your finished $100 content package is ready. I’ve organized the posts, graphics, follow-up copy, review/message replies and CTAs so they’re easy to reuse. If you want a different service emphasized in a future set, reply here.

– Anastaysia",New,,,
V6,138,276,Milpitas Studio,"Milpitas, CA","Photo/video studio, workshops and events",73,Priority-ranked; timing is not guaranteed,trmnd.ai@gmail.com,https://www.milpitasstudio.com/,,https://www.milpitasstudio.com/,2026-09-15,,"photo/video studio, workshops and events","Milpitas Studio combines studio rental with workshops/events; use-case, booking and event-preview content can make the facility easier for.","Milpitas Studio combines studio rental with workshops/events; use-case, booking and event-preview content can make the facility easier for. The $100 package is useful here because it turns those existing services into clear, reusable customer-facing content without requiring the business to write or design the pieces itself.","Made this photo/video studio, workshops and events preview for Milpitas Studio","Hi Milpitas Studio team,

I came across your business and noticed milpitas Studio combines studio rental with workshops/events; use-case, booking and event-preview content can make the facility easier for. I made the attached private preview specifically around that part of the business.

If you like the direction, the full package is $100 one time. It includes 10 ready-to-post business posts, custom graphics, customer follow-up messages, review/customer-message replies, stronger calls-to-action, and content organized around your real services. Everything is delivered ready to use; there’s no subscription or contract.

For Milpitas Studio, I’d start with service highlights, FAQ-style education, and a clear next-step CTA.

You can choose whatever is easiest:
1. Reply YES and I’ll finish the $100 package.
2. Ask me anything first.
3. If you already know you want it, you can use the PayPal invoice here: https://www.paypal.com/invoice/p/#7T6DC9A6WFH3XXCT

If it isn’t useful, that’s completely fine — reply “no thanks” and I won’t follow up again.

Thanks,
Anastaysia",138-v6-milpitas-studio.jpg,138-v6-milpitas-studio.eml,"Absolutely — I can finish the full photo/video studio, workshops and events content package for Milpitas Studio. It’s $100 one time, with no subscription or contract. PayPal invoice: https://www.paypal.com/invoice/p/#7T6DC9A6WFH3XXCT

Once payment is confirmed, I’ll build the complete set around service highlights, FAQ-style education, and a clear next-step CTA unless you want me to prioritize something else.

– Anastaysia","It’s $100 total, one time — not per post and not monthly. You keep the 10 posts, custom graphics, customer follow-up messages, review/message replies and CTA copy.","The attached sample was made specifically for Milpitas Studio around photo/video studio, workshops and events. That is the direction I’d use for the finished set, and I’ll keep every piece tied to the actual services rather than generic filler.","I’d make the finished set around service highlights, FAQ-style education, and a clear next-step CTA. You receive the words + graphics ready to copy, post or reuse, so you do not have to design or write them yourself.","No problem. I’ll leave the sample with you. If timing changes, reply here and I can pick it back up. I won’t keep chasing you.","Hi Milpitas Studio team — one quick follow-up on the private photo/video studio, workshops and events sample I attached. If you want me to finish the full $100 set, reply YES. If not, no worries and I won’t follow up again.

– Anastaysia","Hi — I made a private photo/video studio, workshops and events sample for Milpitas Studio, but the public email I tried bounced. What business email should I send the preview to?

– Anastaysia","Thanks — payment is confirmed. I’m building the Milpitas Studio package around service highlights, FAQ-style education, and a clear next-step CTA. I’ll send the finished files in this email thread when they’re ready.

– Anastaysia","Hi Milpitas Studio team — your finished $100 content package is ready. I’ve organized the posts, graphics, follow-up copy, review/message replies and CTAs so they’re easy to reuse. If you want a different service emphasized in a future set, reply here.

– Anastaysia",New,,,
V6,139,278,Oaxacan Kitchen Mobile,Palo Alto / Santa Clara service area,Oaxacan catering and mobile food truck,73,Priority-ranked; timing is not guaranteed,theoaxacankitchen@gmail.com,https://oaxacankitchenmobile.com/,650-321-8003,https://oaxacankitchenmobile.com/catering.html,2026-09-13,"Current official catering page lists theoaxacankitchen@gmail.com, full-service and mobile catering; City of Santa Clara separately lists Oaxacan Kitchen as an approved caterer.",oaxacan catering and mobile food truck,"Oaxacan Kitchen offers both full-service and mobile-truck catering for small corporate events through large gatherings, with custom menus and logistics support that can be explained much more simply to buyers.","Oaxacan Kitchen offers both full-service and mobile-truck catering for small corporate events through large gatherings, with custom menus and logistics support that can be explained much more simply to buyers. The $100 package is useful here because it turns those existing services into clear, reusable customer-facing content without requiring the business to write or design the pieces itself.",Made this oaxacan catering and mobile food truck preview for Oaxacan Kitchen Mobile,"Hi Oaxacan Kitchen Mobile team,

I came across your business and noticed oaxacan Kitchen offers both full-service and mobile-truck catering for small corporate events through large gatherings, with custom menus and logistics support that can be explained much more simply to buyers. I made the attached private preview specifically around that part of the business.

If you like the direction, the full package is $100 one time. It includes 10 ready-to-post business posts, custom graphics, customer follow-up messages, review/customer-message replies, stronger calls-to-action, and content organized around your real services. Everything is delivered ready to use; there’s no subscription or contract.

For Oaxacan Kitchen Mobile, I’d start with menu/service highlights, event or ordering guidance, and local customer CTAs.

You can choose whatever is easiest:
1. Reply YES and I’ll finish the $100 package.
2. Ask me anything first.
3. If you already know you want it, you can use the PayPal invoice here: https://www.paypal.com/invoice/p/#7T6DC9A6WFH3XXCT

If it isn’t useful, that’s completely fine — reply “no thanks” and I won’t follow up again.

Thanks,
Anastaysia",139-v6-oaxacan-kitchen-mobile.jpg,139-v6-oaxacan-kitchen-mobile.eml,"Absolutely — I can finish the full oaxacan catering and mobile food truck content package for Oaxacan Kitchen Mobile. It’s $100 one time, with no subscription or contract. PayPal invoice: https://www.paypal.com/invoice/p/#7T6DC9A6WFH3XXCT

Once payment is confirmed, I’ll build the complete set around menu/service highlights, event or ordering guidance, and local customer CTAs unless you want me to prioritize something else.

– Anastaysia","It’s $100 total, one time — not per post and not monthly. You keep the 10 posts, custom graphics, customer follow-up messages, review/message replies and CTA copy.","The attached sample was made specifically for Oaxacan Kitchen Mobile around oaxacan catering and mobile food truck. That is the direction I’d use for the finished set, and I’ll keep every piece tied to the actual services rather than generic filler.","I’d make the finished set around menu/service highlights, event or ordering guidance, and local customer CTAs. You receive the words + graphics ready to copy, post or reuse, so you do not have to design or write them yourself.","No problem. I’ll leave the sample with you. If timing changes, reply here and I can pick it back up. I won’t keep chasing you.","Hi Oaxacan Kitchen Mobile team — one quick follow-up on the private oaxacan catering and mobile food truck sample I attached. If you want me to finish the full $100 set, reply YES. If not, no worries and I won’t follow up again.

– Anastaysia","Hi — I made a private oaxacan catering and mobile food truck sample for Oaxacan Kitchen Mobile, but the public email I tried bounced. What business email should I send the preview to?

– Anastaysia","Thanks — payment is confirmed. I’m building the Oaxacan Kitchen Mobile package around menu/service highlights, event or ordering guidance, and local customer CTAs. I’ll send the finished files in this email thread when they’re ready.

– Anastaysia","Hi Oaxacan Kitchen Mobile team — your finished $100 content package is ready. I’ve organized the posts, graphics, follow-up copy, review/message replies and CTAs so they’re easy to reuse. If you want a different service emphasized in a future set, reply here.

– Anastaysia",New,,,
V6,140,280,Pano Ranch,"Sunnyvale, CA","Floral design, gifts and events",73,Priority-ranked; timing is not guaranteed,panoranchstore@gmail.com,https://panranch.com/,408-743-5910,https://panranch.com/,2026-09-15,"Current owned site lists 365 San Aleso Ave, Sunnyvale, public Gmail inbox, phone and active event/gift paths.","floral design, gifts and events","Pano Ranch combines floral gifts, custom event flowers, pickup and shipping; occasion, event and fulfillment-choice content can clarify several real purchase paths.","Pano Ranch combines floral gifts, custom event flowers, pickup and shipping; occasion, event and fulfillment-choice content can clarify several real purchase paths. The $100 package is useful here because it turns those existing services into clear, reusable customer-facing content without requiring the business to write or design the pieces itself.","Made this floral design, gifts and events preview for Pano Ranch","Hi Pano Ranch team,

I came across your business and noticed pano Ranch combines floral gifts, custom event flowers, pickup and shipping; occasion, event and fulfillment-choice content can clarify several real purchase paths. I made the attached private preview specifically around that part of the business.

If you like the direction, the full package is $100 one time. It includes 10 ready-to-post business posts, custom graphics, customer follow-up messages, review/customer-message replies, stronger calls-to-action, and content organized around your real services. Everything is delivered ready to use; there’s no subscription or contract.

For Pano Ranch, I’d start with service highlights, FAQ-style education, and a clear next-step CTA.

You can choose whatever is easiest:
1. Reply YES and I’ll finish the $100 package.
2. Ask me anything first.
3. If you already know you want it, you can use the PayPal invoice here: https://www.paypal.com/invoice/p/#7T6DC9A6WFH3XXCT

If it isn’t useful, that’s completely fine — reply “no thanks” and I won’t follow up again.

Thanks,
Anastaysia",140-v6-pano-ranch.jpg,140-v6-pano-ranch.eml,"Absolutely — I can finish the full floral design, gifts and events content package for Pano Ranch. It’s $100 one time, with no subscription or contract. PayPal invoice: https://www.paypal.com/invoice/p/#7T6DC9A6WFH3XXCT

Once payment is confirmed, I’ll build the complete set around service highlights, FAQ-style education, and a clear next-step CTA unless you want me to prioritize something else.

– Anastaysia","It’s $100 total, one time — not per post and not monthly. You keep the 10 posts, custom graphics, customer follow-up messages, review/message replies and CTA copy.","The attached sample was made specifically for Pano Ranch around floral design, gifts and events. That is the direction I’d use for the finished set, and I’ll keep every piece tied to the actual services rather than generic filler.","I’d make the finished set around service highlights, FAQ-style education, and a clear next-step CTA. You receive the words + graphics ready to copy, post or reuse, so you do not have to design or write them yourself.","No problem. I’ll leave the sample with you. If timing changes, reply here and I can pick it back up. I won’t keep chasing you.","Hi Pano Ranch team — one quick follow-up on the private floral design, gifts and events sample I attached. If you want me to finish the full $100 set, reply YES. If not, no worries and I won’t follow up again.

– Anastaysia","Hi — I made a private floral design, gifts and events sample for Pano Ranch, but the public email I tried bounced. What business email should I send the preview to?

– Anastaysia","Thanks — payment is confirmed. I’m building the Pano Ranch package around service highlights, FAQ-style education, and a clear next-step CTA. I’ll send the finished files in this email thread when they’re ready.

– Anastaysia","Hi Pano Ranch team — your finished $100 content package is ready. I’ve organized the posts, graphics, follow-up copy, review/message replies and CTAs so they’re easy to reuse. If you want a different service emphasized in a future set, reply here.

– Anastaysia",New,,,
V6,141,282,Paws Palace Santa Clara,"Santa Clara, CA",Pet grooming,73,Priority-ranked; timing is not guaranteed,pawspalacesantaclara@gmail.com,https://www.pawspalacesc.com/,408-261-2624,https://www.pawspalacesc.com/,2026-09-16,"Current owned site publishes pawspalacesantaclara@gmail.com, 408-261-2624 and Santa Clara address.",pet grooming,"Paws Palace offers bath-and-brush, personalized styling and full grooming by appointment; service-choice, grooming-prep and pet-before/after content can make the offering easy to evaluate.","Paws Palace offers bath-and-brush, personalized styling and full grooming by appointment; service-choice, grooming-prep and pet-before/after content can make the offering easy to evaluate. The $100 package is useful here because it turns those existing services into clear, reusable customer-facing content without requiring the business to write or design the pieces itself.",Made this pet grooming preview for Paws Palace Santa Clara,"Hi Paws Palace Santa Clara team,

I came across your business and noticed paws Palace offers bath-and-brush, personalized styling and full grooming by appointment; service-choice, grooming-prep and pet-before/after content can make the offering easy to evaluate. I made the attached private preview specifically around that part of the business.

If you like the direction, the full package is $100 one time. It includes 10 ready-to-post business posts, custom graphics, customer follow-up messages, review/customer-message replies, stronger calls-to-action, and content organized around your real services. Everything is delivered ready to use; there’s no subscription or contract.

For Paws Palace Santa Clara, I’d start with service highlights, FAQ-style education, and a clear next-step CTA.

You can choose whatever is easiest:
1. Reply YES and I’ll finish the $100 package.
2. Ask me anything first.
3. If you already know you want it, you can use the PayPal invoice here: https://www.paypal.com/invoice/p/#7T6DC9A6WFH3XXCT

If it isn’t useful, that’s completely fine — reply “no thanks” and I won’t follow up again.

Thanks,
Anastaysia",141-v6-paws-palace-santa-clara.jpg,141-v6-paws-palace-santa-clara.eml,"Absolutely — I can finish the full pet grooming content package for Paws Palace Santa Clara. It’s $100 one time, with no subscription or contract. PayPal invoice: https://www.paypal.com/invoice/p/#7T6DC9A6WFH3XXCT

Once payment is confirmed, I’ll build the complete set around service highlights, FAQ-style education, and a clear next-step CTA unless you want me to prioritize something else.

– Anastaysia","It’s $100 total, one time — not per post and not monthly. You keep the 10 posts, custom graphics, customer follow-up messages, review/message replies and CTA copy.","The attached sample was made specifically for Paws Palace Santa Clara around pet grooming. That is the direction I’d use for the finished set, and I’ll keep every piece tied to the actual services rather than generic filler.","I’d make the finished set around service highlights, FAQ-style education, and a clear next-step CTA. You receive the words + graphics ready to copy, post or reuse, so you do not have to design or write them yourself.","No problem. I’ll leave the sample with you. If timing changes, reply here and I can pick it back up. I won’t keep chasing you.","Hi Paws Palace Santa Clara team — one quick follow-up on the private pet grooming sample I attached. If you want me to finish the full $100 set, reply YES. If not, no worries and I won’t follow up again.

– Anastaysia","Hi — I made a private pet grooming sample for Paws Palace Santa Clara, but the public email I tried bounced. What business email should I send the preview to?

– Anastaysia","Thanks — payment is confirmed. I’m building the Paws Palace Santa Clara package around service highlights, FAQ-style education, and a clear next-step CTA. I’ll send the finished files in this email thread when they’re ready.

– Anastaysia","Hi Paws Palace Santa Clara team — your finished $100 content package is ready. I’ve organized the posts, graphics, follow-up copy, review/message replies and CTAs so they’re easy to reuse. If you want a different service emphasized in a future set, reply here.

– Anastaysia",New,,,
V6,142,284,Quick Scan Notary and Fingerprinting Services,"San Jose, CA","Notary, apostille and Live Scan",73,Priority-ranked; timing is not guaranteed,jyotsna.shukla1012@gmail.com,https://quickscannotary.com/,669-261-2459,https://oag.ca.gov/fingerprints/locations/quick-scan-notary-and-fingerprinting-services,2026-09-16,"Current DOJ listing and owned site publish San Jose address, exact public email/phone and current appointment-only hours.","notary, apostille and live scan","Quick Scan offers notary, apostille and Live Scan by appointment; service-type and 15-minute appointment-prep content can make an unfamiliar process easier for customers.","Quick Scan offers notary, apostille and Live Scan by appointment; service-type and 15-minute appointment-prep content can make an unfamiliar process easier for customers. The $100 package is useful here because it turns those existing services into clear, reusable customer-facing content without requiring the business to write or design the pieces itself.","Made this notary, apostille and live scan preview for Quick Scan Notary and Fingerprinting Services","Hi Quick Scan Notary and Fingerprinting Services team,

I came across your business and noticed quick Scan offers notary, apostille and Live Scan by appointment; service-type and 15-minute appointment-prep content can make an unfamiliar process easier for customers. I made the attached private preview specifically around that part of the business.

If you like the direction, the full package is $100 one time. It includes 10 ready-to-post business posts, custom graphics, customer follow-up messages, review/customer-message replies, stronger calls-to-action, and content organized around your real services. Everything is delivered ready to use; there’s no subscription or contract.

For Quick Scan Notary and Fingerprinting Services, I’d start with service highlights, FAQ-style education, and a clear next-step CTA.

You can choose whatever is easiest:
1. Reply YES and I’ll finish the $100 package.
2. Ask me anything first.
3. If you already know you want it, you can use the PayPal invoice here: https://www.paypal.com/invoice/p/#7T6DC9A6WFH3XXCT

If it isn’t useful, that’s completely fine — reply “no thanks” and I won’t follow up again.

Thanks,
Anastaysia",142-v6-quick-scan-notary-and-fingerprinting-services.jpg,142-v6-quick-scan-notary-and-fingerprinting-services.eml,"Absolutely — I can finish the full notary, apostille and live scan content package for Quick Scan Notary and Fingerprinting Services. It’s $100 one time, with no subscription or contract. PayPal invoice: https://www.paypal.com/invoice/p/#7T6DC9A6WFH3XXCT

Once payment is confirmed, I’ll build the complete set around service highlights, FAQ-style education, and a clear next-step CTA unless you want me to prioritize something else.

– Anastaysia","It’s $100 total, one time — not per post and not monthly. You keep the 10 posts, custom graphics, customer follow-up messages, review/message replies and CTA copy.","The attached sample was made specifically for Quick Scan Notary and Fingerprinting Services around notary, apostille and live scan. That is the direction I’d use for the finished set, and I’ll keep every piece tied to the actual services rather than generic filler.","I’d make the finished set around service highlights, FAQ-style education, and a clear next-step CTA. You receive the words + graphics ready to copy, post or reuse, so you do not have to design or write them yourself.","No problem. I’ll leave the sample with you. If timing changes, reply here and I can pick it back up. I won’t keep chasing you.","Hi Quick Scan Notary and Fingerprinting Services team — one quick follow-up on the private notary, apostille and live scan sample I attached. If you want me to finish the full $100 set, reply YES. If not, no worries and I won’t follow up again.

– Anastaysia","Hi — I made a private notary, apostille and live scan sample for Quick Scan Notary and Fingerprinting Services, but the public email I tried bounced. What business email should I send the preview to?

– Anastaysia","Thanks — payment is confirmed. I’m building the Quick Scan Notary and Fingerprinting Services package around service highlights, FAQ-style education, and a clear next-step CTA. I’ll send the finished files in this email thread when they’re ready.

– Anastaysia","Hi Quick Scan Notary and Fingerprinting Services team — your finished $100 content package is ready. I’ve organized the posts, graphics, follow-up copy, review/message replies and CTAs so they’re easy to reuse. If you want a different service emphasized in a future set, reply here.

– Anastaysia",New,,,
V6,143,286,Sundance The Steakhouse,"Palo Alto, CA",Restaurant and private dining,73,Priority-ranked; timing is not guaranteed,sundancepaloalto@aol.com,https://www.sundancethesteakhouse.com/,650-321-6798,https://www.sundancethesteakhouse.com/,2026-09-15,,restaurant and private dining,"Sundance offers restaurant dining plus private dining; occasion, room/use-case and planning content can make private-event inquiry easier.","Sundance offers restaurant dining plus private dining; occasion, room/use-case and planning content can make private-event inquiry easier. The $100 package is useful here because it turns those existing services into clear, reusable customer-facing content without requiring the business to write or design the pieces itself.",Made this restaurant and private dining preview for Sundance The Steakhouse,"Hi Sundance The Steakhouse team,

I came across your business and noticed sundance offers restaurant dining plus private dining; occasion, room/use-case and planning content can make private-event inquiry easier. I made the attached private preview specifically around that part of the business.

If you like the direction, the full package is $100 one time. It includes 10 ready-to-post business posts, custom graphics, customer follow-up messages, review/customer-message replies, stronger calls-to-action, and content organized around your real services. Everything is delivered ready to use; there’s no subscription or contract.

For Sundance The Steakhouse, I’d start with menu/service highlights, event or ordering guidance, and local customer CTAs.

You can choose whatever is easiest:
1. Reply YES and I’ll finish the $100 package.
2. Ask me anything first.
3. If you already know you want it, you can use the PayPal invoice here: https://www.paypal.com/invoice/p/#7T6DC9A6WFH3XXCT

If it isn’t useful, that’s completely fine — reply “no thanks” and I won’t follow up again.

Thanks,
Anastaysia",143-v6-sundance-the-steakhouse.jpg,143-v6-sundance-the-steakhouse.eml,"Absolutely — I can finish the full restaurant and private dining content package for Sundance The Steakhouse. It’s $100 one time, with no subscription or contract. PayPal invoice: https://www.paypal.com/invoice/p/#7T6DC9A6WFH3XXCT

Once payment is confirmed, I’ll build the complete set around menu/service highlights, event or ordering guidance, and local customer CTAs unless you want me to prioritize something else.

– Anastaysia","It’s $100 total, one time — not per post and not monthly. You keep the 10 posts, custom graphics, customer follow-up messages, review/message replies and CTA copy.","The attached sample was made specifically for Sundance The Steakhouse around restaurant and private dining. That is the direction I’d use for the finished set, and I’ll keep every piece tied to the actual services rather than generic filler.","I’d make the finished set around menu/service highlights, event or ordering guidance, and local customer CTAs. You receive the words + graphics ready to copy, post or reuse, so you do not have to design or write them yourself.","No problem. I’ll leave the sample with you. If timing changes, reply here and I can pick it back up. I won’t keep chasing you.","Hi Sundance The Steakhouse team — one quick follow-up on the private restaurant and private dining sample I attached. If you want me to finish the full $100 set, reply YES. If not, no worries and I won’t follow up again.

– Anastaysia","Hi — I made a private restaurant and private dining sample for Sundance The Steakhouse, but the public email I tried bounced. What business email should I send the preview to?

– Anastaysia","Thanks — payment is confirmed. I’m building the Sundance The Steakhouse package around menu/service highlights, event or ordering guidance, and local customer CTAs. I’ll send the finished files in this email thread when they’re ready.

– Anastaysia","Hi Sundance The Steakhouse team — your finished $100 content package is ready. I’ve organized the posts, graphics, follow-up copy, review/message replies and CTAs so they’re easy to reuse. If you want a different service emphasized in a future set, reply here.

– Anastaysia",New,,,
V6,144,288,Tryst Morgan Hill,"Morgan Hill, CA",Women's boutique and personal shopping,73,Priority-ranked; timing is not guaranteed,belinda.ettelbrick@gmail.com,https://trystmorganhill.com/,408-782-2050,https://trystmorganhill.com/,2026-09-15,"Current owned site identifies Morgan Hill boutique, owner Belinda and public business contact.",women's boutique and personal shopping,"Tryst is appointment-oriented and owner-led; personal-shopping, styling and appointment-prep content can explain the experience before a customer visits.","Tryst is appointment-oriented and owner-led; personal-shopping, styling and appointment-prep content can explain the experience before a customer visits. The $100 package is useful here because it turns those existing services into clear, reusable customer-facing content without requiring the business to write or design the pieces itself.",Made this women's boutique and personal shopping preview for Tryst Morgan Hill,"Hi Tryst Morgan Hill team,

I came across your business and noticed tryst is appointment-oriented and owner-led; personal-shopping, styling and appointment-prep content can explain the experience before a customer visits. I made the attached private preview specifically around that part of the business.

If you like the direction, the full package is $100 one time. It includes 10 ready-to-post business posts, custom graphics, customer follow-up messages, review/customer-message replies, stronger calls-to-action, and content organized around your real services. Everything is delivered ready to use; there’s no subscription or contract.

For Tryst Morgan Hill, I’d start with service highlights, FAQ-style education, and a clear next-step CTA.

You can choose whatever is easiest:
1. Reply YES and I’ll finish the $100 package.
2. Ask me anything first.
3. If you already know you want it, you can use the PayPal invoice here: https://www.paypal.com/invoice/p/#7T6DC9A6WFH3XXCT

If it isn’t useful, that’s completely fine — reply “no thanks” and I won’t follow up again.

Thanks,
Anastaysia",144-v6-tryst-morgan-hill.jpg,144-v6-tryst-morgan-hill.eml,"Absolutely — I can finish the full women's boutique and personal shopping content package for Tryst Morgan Hill. It’s $100 one time, with no subscription or contract. PayPal invoice: https://www.paypal.com/invoice/p/#7T6DC9A6WFH3XXCT

Once payment is confirmed, I’ll build the complete set around service highlights, FAQ-style education, and a clear next-step CTA unless you want me to prioritize something else.

– Anastaysia","It’s $100 total, one time — not per post and not monthly. You keep the 10 posts, custom graphics, customer follow-up messages, review/message replies and CTA copy.","The attached sample was made specifically for Tryst Morgan Hill around women's boutique and personal shopping. That is the direction I’d use for the finished set, and I’ll keep every piece tied to the actual services rather than generic filler.","I’d make the finished set around service highlights, FAQ-style education, and a clear next-step CTA. You receive the words + graphics ready to copy, post or reuse, so you do not have to design or write them yourself.","No problem. I’ll leave the sample with you. If timing changes, reply here and I can pick it back up. I won’t keep chasing you.","Hi Tryst Morgan Hill team — one quick follow-up on the private women's boutique and personal shopping sample I attached. If you want me to finish the full $100 set, reply YES. If not, no worries and I won’t follow up again.

– Anastaysia","Hi — I made a private women's boutique and personal shopping sample for Tryst Morgan Hill, but the public email I tried bounced. What business email should I send the preview to?

– Anastaysia","Thanks — payment is confirmed. I’m building the Tryst Morgan Hill package around service highlights, FAQ-style education, and a clear next-step CTA. I’ll send the finished files in this email thread when they’re ready.

– Anastaysia","Hi Tryst Morgan Hill team — your finished $100 content package is ready. I’ve organized the posts, graphics, follow-up copy, review/message replies and CTAs so they’re easy to reuse. If you want a different service emphasized in a future set, reply here.

– Anastaysia",New,,,
V6,145,290,"VS Fencing Company, Inc.","San Jose, CA",Fencing,73,Priority-ranked; timing is not guaranteed,vsfencing@gmail.com,,,https://www.cusdk8.org/fs/resource-manager/view/ce90e6dd-ad5b-4546-8e73-3f3e726a2b0a,2026-09-13,Accepted in the canonical seed gate from the current 2026 contractor source; public business email retained exactly as published.,fencing,"The current contractor source lists VS Fencing Company, Inc. in San Jose, CA for Fencing; a concise capability and project-readiness content set can help prospective buyers understand what the business handles before an inquiry.","The current contractor source lists VS Fencing Company, Inc. in San Jose, CA for Fencing; a concise capability and project-readiness content set can help prospective buyers understand what the business handles before an inquiry. The $100 package is useful here because it turns those existing services into clear, reusable customer-facing content without requiring the business to write or design the pieces itself.","Made this fencing preview for VS Fencing Company, Inc.","Hi VS Fencing Company, Inc. team,

I came across your business and noticed the current contractor source lists VS Fencing Company, Inc. in San Jose, CA for Fencing; a concise capability and project-readiness content set can help prospective buyers understand what the business handles before an inquiry. I made the attached private preview specifically around that part of the business.

If you like the direction, the full package is $100 one time. It includes 10 ready-to-post business posts, custom graphics, customer follow-up messages, review/customer-message replies, stronger calls-to-action, and content organized around your real services. Everything is delivered ready to use; there’s no subscription or contract.

For VS Fencing Company, Inc., I’d start with service highlights, FAQ-style education, and a clear next-step CTA.

You can choose whatever is easiest:
1. Reply YES and I’ll finish the $100 package.
2. Ask me anything first.
3. If you already know you want it, you can use the PayPal invoice here: https://www.paypal.com/invoice/p/#7T6DC9A6WFH3XXCT

If it isn’t useful, that’s completely fine — reply “no thanks” and I won’t follow up again.

Thanks,
Anastaysia",145-v6-vs-fencing-company-inc.jpg,145-v6-vs-fencing-company-inc.eml,"Absolutely — I can finish the full fencing content package for VS Fencing Company, Inc.. It’s $100 one time, with no subscription or contract. PayPal invoice: https://www.paypal.com/invoice/p/#7T6DC9A6WFH3XXCT

Once payment is confirmed, I’ll build the complete set around service highlights, FAQ-style education, and a clear next-step CTA unless you want me to prioritize something else.

– Anastaysia","It’s $100 total, one time — not per post and not monthly. You keep the 10 posts, custom graphics, customer follow-up messages, review/message replies and CTA copy.","The attached sample was made specifically for VS Fencing Company, Inc. around fencing. That is the direction I’d use for the finished set, and I’ll keep every piece tied to the actual services rather than generic filler.","I’d make the finished set around service highlights, FAQ-style education, and a clear next-step CTA. You receive the words + graphics ready to copy, post or reuse, so you do not have to design or write them yourself.","No problem. I’ll leave the sample with you. If timing changes, reply here and I can pick it back up. I won’t keep chasing you.","Hi VS Fencing Company, Inc. team — one quick follow-up on the private fencing sample I attached. If you want me to finish the full $100 set, reply YES. If not, no worries and I won’t follow up again.

– Anastaysia","Hi — I made a private fencing sample for VS Fencing Company, Inc., but the public email I tried bounced. What business email should I send the preview to?

– Anastaysia","Thanks — payment is confirmed. I’m building the VS Fencing Company, Inc. package around service highlights, FAQ-style education, and a clear next-step CTA. I’ll send the finished files in this email thread when they’re ready.

– Anastaysia","Hi VS Fencing Company, Inc. team — your finished $100 content package is ready. I’ve organized the posts, graphics, follow-up copy, review/message replies and CTAs so they’re easy to reuse. If you want a different service emphasized in a future set, reply here.

– Anastaysia",New,,,
V6,146,292,Westside Grill,"Gilroy, CA","Restaurant, group dining and private rooms",73,Priority-ranked; timing is not guaranteed,westsidegrill1@aol.com,https://visitgilroy.com/listing/westside-grill/41/,408-847-3800,https://visitgilroy.com/listing/westside-grill/41/,2026-09-16,"Current Visit Gilroy listing publishes exact public email, phone, Gilroy address and current dining/group-room options.","restaurant, group dining and private rooms",Westside Grill combines lunch/dinner/brunch with group dining and private rooms; occasion and group-dining content can highlight real local booking choices.,"Westside Grill combines lunch/dinner/brunch with group dining and private rooms; occasion and group-dining content can highlight real local booking choices. The $100 package is useful here because it turns those existing services into clear, reusable customer-facing content without requiring the business to write or design the pieces itself.","Made this restaurant, group dining and private rooms preview for Westside Grill","Hi Westside Grill team,

I came across your business and noticed westside Grill combines lunch/dinner/brunch with group dining and private rooms; occasion and group-dining content can highlight real local booking choices. I made the attached private preview specifically around that part of the business.

If you like the direction, the full package is $100 one time. It includes 10 ready-to-post business posts, custom graphics, customer follow-up messages, review/customer-message replies, stronger calls-to-action, and content organized around your real services. Everything is delivered ready to use; there’s no subscription or contract.

For Westside Grill, I’d start with menu/service highlights, event or ordering guidance, and local customer CTAs.

You can choose whatever is easiest:
1. Reply YES and I’ll finish the $100 package.
2. Ask me anything first.
3. If you already know you want it, you can use the PayPal invoice here: https://www.paypal.com/invoice/p/#7T6DC9A6WFH3XXCT

If it isn’t useful, that’s completely fine — reply “no thanks” and I won’t follow up again.

Thanks,
Anastaysia",146-v6-westside-grill.jpg,146-v6-westside-grill.eml,"Absolutely — I can finish the full restaurant, group dining and private rooms content package for Westside Grill. It’s $100 one time, with no subscription or contract. PayPal invoice: https://www.paypal.com/invoice/p/#7T6DC9A6WFH3XXCT

Once payment is confirmed, I’ll build the complete set around menu/service highlights, event or ordering guidance, and local customer CTAs unless you want me to prioritize something else.

– Anastaysia","It’s $100 total, one time — not per post and not monthly. You keep the 10 posts, custom graphics, customer follow-up messages, review/message replies and CTA copy.","The attached sample was made specifically for Westside Grill around restaurant, group dining and private rooms. That is the direction I’d use for the finished set, and I’ll keep every piece tied to the actual services rather than generic filler.","I’d make the finished set around menu/service highlights, event or ordering guidance, and local customer CTAs. You receive the words + graphics ready to copy, post or reuse, so you do not have to design or write them yourself.","No problem. I’ll leave the sample with you. If timing changes, reply here and I can pick it back up. I won’t keep chasing you.","Hi Westside Grill team — one quick follow-up on the private restaurant, group dining and private rooms sample I attached. If you want me to finish the full $100 set, reply YES. If not, no worries and I won’t follow up again.

– Anastaysia","Hi — I made a private restaurant, group dining and private rooms sample for Westside Grill, but the public email I tried bounced. What business email should I send the preview to?

– Anastaysia","Thanks — payment is confirmed. I’m building the Westside Grill package around menu/service highlights, event or ordering guidance, and local customer CTAs. I’ll send the finished files in this email thread when they’re ready.

– Anastaysia","Hi Westside Grill team — your finished $100 content package is ready. I’ve organized the posts, graphics, follow-up copy, review/message replies and CTAs so they’re easy to reuse. If you want a different service emphasized in a future set, reply here.

– Anastaysia",New,,,
V6,147,294,A-1 Gutter Guys,"Santa Clara, CA",Gutter repair,70,Priority-ranked; timing is not guaranteed,info@a1gutterguys.com,https://www.a-1gutterguys.com/,408-490-4326,https://www.a-1gutterguys.com/about/,"A-1 Gutter Guys offers repair, guards and commercial gutter work; maintenance-timing, repair-vs-replacement and commercial/residential explainers can turn a technical home-service purchase into a clearer decision.",2026-09-13,gutter repair,guards and commercial gutter services,"guards and commercial gutter services. The $100 package is useful here because it turns those existing services into clear, reusable customer-facing content without requiring the business to write or design the pieces itself.",Made this gutter repair preview for A-1 Gutter Guys,"Hi A-1 Gutter Guys team,

I came across your business and noticed guards and commercial gutter services. I made the attached private preview specifically around that part of the business.

If you like the direction, the full package is $100 one time. It includes 10 ready-to-post business posts, custom graphics, customer follow-up messages, review/customer-message replies, stronger calls-to-action, and content organized around your real services. Everything is delivered ready to use; there’s no subscription or contract.

For A-1 Gutter Guys, I’d start with service highlights, FAQ-style education, and a clear next-step CTA.

You can choose whatever is easiest:
1. Reply YES and I’ll finish the $100 package.
2. Ask me anything first.
3. If you already know you want it, you can use the PayPal invoice here: https://www.paypal.com/invoice/p/#7T6DC9A6WFH3XXCT

If it isn’t useful, that’s completely fine — reply “no thanks” and I won’t follow up again.

Thanks,
Anastaysia",147-v6-a-1-gutter-guys.jpg,147-v6-a-1-gutter-guys.eml,"Absolutely — I can finish the full gutter repair content package for A-1 Gutter Guys. It’s $100 one time, with no subscription or contract. PayPal invoice: https://www.paypal.com/invoice/p/#7T6DC9A6WFH3XXCT

Once payment is confirmed, I’ll build the complete set around service highlights, FAQ-style education, and a clear next-step CTA unless you want me to prioritize something else.

– Anastaysia","It’s $100 total, one time — not per post and not monthly. You keep the 10 posts, custom graphics, customer follow-up messages, review/message replies and CTA copy.","The attached sample was made specifically for A-1 Gutter Guys around gutter repair. That is the direction I’d use for the finished set, and I’ll keep every piece tied to the actual services rather than generic filler.","I’d make the finished set around service highlights, FAQ-style education, and a clear next-step CTA. You receive the words + graphics ready to copy, post or reuse, so you do not have to design or write them yourself.","No problem. I’ll leave the sample with you. If timing changes, reply here and I can pick it back up. I won’t keep chasing you.","Hi A-1 Gutter Guys team — one quick follow-up on the private gutter repair sample I attached. If you want me to finish the full $100 set, reply YES. If not, no worries and I won’t follow up again.

– Anastaysia","Hi — I made a private gutter repair sample for A-1 Gutter Guys, but the public email I tried bounced. What business email should I send the preview to?

– Anastaysia","Thanks — payment is confirmed. I’m building the A-1 Gutter Guys package around service highlights, FAQ-style education, and a clear next-step CTA. I’ll send the finished files in this email thread when they’re ready.

– Anastaysia","Hi A-1 Gutter Guys team — your finished $100 content package is ready. I’ve organized the posts, graphics, follow-up copy, review/message replies and CTAs so they’re easy to reuse. If you want a different service emphasized in a future set, reply here.

– Anastaysia",New,,,
V6,148,296,Affordable Treasures,"Los Gatos, CA","Party, craft, toy, costume and variety retail",70,Priority-ranked; timing is not guaranteed,contact@affordabletreasures.com,https://affordabletreasures.com/,408-356-3101,https://affordabletreasures.com/,2026-09-13,"Current owned site lists contact@affordabletreasures.com, 408-356-3101 and the 15795 Los Gatos Blvd store; the business describes itself as family-owned since 1986 and supports local pickup.","party, craft, toy, costume and variety retail","Affordable Treasures carries party supplies, crafts, toys, costumes, school supplies and seasonal goods; occasion-based and 'what you'll find here' content could make the broad assortment easier for local shoppers to navigate.","Affordable Treasures carries party supplies, crafts, toys, costumes, school supplies and seasonal goods; occasion-based and 'what you'll find here' content could make the broad assortment easier for local shoppers to navigate. The $100 package is useful here because it turns those existing services into clear, reusable customer-facing content without requiring the business to write or design the pieces itself.","Made this party, craft, toy, costume and variety retail preview for Affordable Treasures","Hi Affordable Treasures team,

I came across your business and noticed affordable Treasures carries party supplies, crafts, toys, costumes, school supplies and seasonal goods; occasion-based and 'what you'll find here' content could make the broad assortment easier for local shoppers to navigate. I made the attached private preview specifically around that part of the business.

If you like the direction, the full package is $100 one time. It includes 10 ready-to-post business posts, custom graphics, customer follow-up messages, review/customer-message replies, stronger calls-to-action, and content organized around your real services. Everything is delivered ready to use; there’s no subscription or contract.

For Affordable Treasures, I’d start with service highlights, FAQ-style education, and a clear next-step CTA.

You can choose whatever is easiest:
1. Reply YES and I’ll finish the $100 package.
2. Ask me anything first.
3. If you already know you want it, you can use the PayPal invoice here: https://www.paypal.com/invoice/p/#7T6DC9A6WFH3XXCT

If it isn’t useful, that’s completely fine — reply “no thanks” and I won’t follow up again.

Thanks,
Anastaysia",148-v6-affordable-treasures.jpg,148-v6-affordable-treasures.eml,"Absolutely — I can finish the full party, craft, toy, costume and variety retail content package for Affordable Treasures. It’s $100 one time, with no subscription or contract. PayPal invoice: https://www.paypal.com/invoice/p/#7T6DC9A6WFH3XXCT

Once payment is confirmed, I’ll build the complete set around service highlights, FAQ-style education, and a clear next-step CTA unless you want me to prioritize something else.

– Anastaysia","It’s $100 total, one time — not per post and not monthly. You keep the 10 posts, custom graphics, customer follow-up messages, review/message replies and CTA copy.","The attached sample was made specifically for Affordable Treasures around party, craft, toy, costume and variety retail. That is the direction I’d use for the finished set, and I’ll keep every piece tied to the actual services rather than generic filler.","I’d make the finished set around service highlights, FAQ-style education, and a clear next-step CTA. You receive the words + graphics ready to copy, post or reuse, so you do not have to design or write them yourself.","No problem. I’ll leave the sample with you. If timing changes, reply here and I can pick it back up. I won’t keep chasing you.","Hi Affordable Treasures team — one quick follow-up on the private party, craft, toy, costume and variety retail sample I attached. If you want me to finish the full $100 set, reply YES. If not, no worries and I won’t follow up again.

– Anastaysia","Hi — I made a private party, craft, toy, costume and variety retail sample for Affordable Treasures, but the public email I tried bounced. What business email should I send the preview to?

– Anastaysia","Thanks — payment is confirmed. I’m building the Affordable Treasures package around service highlights, FAQ-style education, and a clear next-step CTA. I’ll send the finished files in this email thread when they’re ready.

– Anastaysia","Hi Affordable Treasures team — your finished $100 content package is ready. I’ve organized the posts, graphics, follow-up copy, review/message replies and CTAs so they’re easy to reuse. If you want a different service emphasized in a future set, reply here.

– Anastaysia",New,,,
V6,149,298,All Bay Refrigeration Service,"San Jose, CA","Commercial refrigeration installation, repair and maintenance",70,Priority-ranked; timing is not guaranteed,info@allbayrefrigerationservice.com,https://allbayrefrigerationservice.com/,408-690-4527,https://allbayrefrigerationservice.com/,2026-09-13,"Current owned site lists San Jose address, public email/phone, license/bond data, 2026 copyright and commercial refrigeration services.","commercial refrigeration installation, repair and maintenance","All Bay focuses on business refrigeration installation, repair and maintenance; maintenance-vs-repair, equipment-type and service-response explainers can help restaurant and retail operators understand when to call.","All Bay focuses on business refrigeration installation, repair and maintenance; maintenance-vs-repair, equipment-type and service-response explainers can help restaurant and retail operators understand when to call. The $100 package is useful here because it turns those existing services into clear, reusable customer-facing content without requiring the business to write or design the pieces itself.","Made this commercial refrigeration installation, repair and maintenance preview for All Bay Refrigeration Service","Hi All Bay Refrigeration Service team,

I came across your business and noticed all Bay focuses on business refrigeration installation, repair and maintenance; maintenance-vs-repair, equipment-type and service-response explainers can help restaurant and retail operators understand when to call. I made the attached private preview specifically around that part of the business.

If you like the direction, the full package is $100 one time. It includes 10 ready-to-post business posts, custom graphics, customer follow-up messages, review/customer-message replies, stronger calls-to-action, and content organized around your real services. Everything is delivered ready to use; there’s no subscription or contract.

For All Bay Refrigeration Service, I’d start with service highlights, FAQ-style education, and a clear next-step CTA.

You can choose whatever is easiest:
1. Reply YES and I’ll finish the $100 package.
2. Ask me anything first.
3. If you already know you want it, you can use the PayPal invoice here: https://www.paypal.com/invoice/p/#7T6DC9A6WFH3XXCT

If it isn’t useful, that’s completely fine — reply “no thanks” and I won’t follow up again.

Thanks,
Anastaysia",149-v6-all-bay-refrigeration-service.jpg,149-v6-all-bay-refrigeration-service.eml,"Absolutely — I can finish the full commercial refrigeration installation, repair and maintenance content package for All Bay Refrigeration Service. It’s $100 one time, with no subscription or contract. PayPal invoice: https://www.paypal.com/invoice/p/#7T6DC9A6WFH3XXCT

Once payment is confirmed, I’ll build the complete set around service highlights, FAQ-style education, and a clear next-step CTA unless you want me to prioritize something else.

– Anastaysia","It’s $100 total, one time — not per post and not monthly. You keep the 10 posts, custom graphics, customer follow-up messages, review/message replies and CTA copy.","The attached sample was made specifically for All Bay Refrigeration Service around commercial refrigeration installation, repair and maintenance. That is the direction I’d use for the finished set, and I’ll keep every piece tied to the actual services rather than generic filler.","I’d make the finished set around service highlights, FAQ-style education, and a clear next-step CTA. You receive the words + graphics ready to copy, post or reuse, so you do not have to design or write them yourself.","No problem. I’ll leave the sample with you. If timing changes, reply here and I can pick it back up. I won’t keep chasing you.","Hi All Bay Refrigeration Service team — one quick follow-up on the private commercial refrigeration installation, repair and maintenance sample I attached. If you want me to finish the full $100 set, reply YES. If not, no worries and I won’t follow up again.

– Anastaysia","Hi — I made a private commercial refrigeration installation, repair and maintenance sample for All Bay Refrigeration Service, but the public email I tried bounced. What business email should I send the preview to?

– Anastaysia","Thanks — payment is confirmed. I’m building the All Bay Refrigeration Service package around service highlights, FAQ-style education, and a clear next-step CTA. I’ll send the finished files in this email thread when they’re ready.

– Anastaysia","Hi All Bay Refrigeration Service team — your finished $100 content package is ready. I’ve organized the posts, graphics, follow-up copy, review/message replies and CTAs so they’re easy to reuse. If you want a different service emphasized in a future set, reply here.

– Anastaysia",New,,,
V6,150,300,Annarose Monroe Photography,"Los Gatos, CA","Executive portraiture, branding and visual strategy",70,Priority-ranked; timing is not guaranteed,info@annarosemonroe.com,https://annarosemonroe.com/,408-877-4598,https://annarosemonroe.com/,2026-09-13,"Current owned site lists a Los Gatos appointment-only studio at 481 N Santa Cruz Ave #190, info@annarosemonroe.com and 408-877-4598, with active executive/branding services.","executive portraiture, branding and visual strategy","Annarose separates executive portraiture, branding imagery, visual strategy and commissioned work; a concise engagement-type guide could help prospects understand the options without promising business or career outcomes.","Annarose separates executive portraiture, branding imagery, visual strategy and commissioned work; a concise engagement-type guide could help prospects understand the options without promising business or career outcomes. The $100 package is useful here because it turns those existing services into clear, reusable customer-facing content without requiring the business to write or design the pieces itself.","Made this executive portraiture, branding and visual strategy preview for Annarose Monroe Photography","Hi Annarose Monroe Photography team,

I came across your business and noticed annarose separates executive portraiture, branding imagery, visual strategy and commissioned work; a concise engagement-type guide could help prospects understand the options without promising business or career outcomes. I made the attached private preview specifically around that part of the business.

If you like the direction, the full package is $100 one time. It includes 10 ready-to-post business posts, custom graphics, customer follow-up messages, review/customer-message replies, stronger calls-to-action, and content organized around your real services. Everything is delivered ready to use; there’s no subscription or contract.

For Annarose Monroe Photography, I’d start with service highlights, FAQ-style education, and a clear next-step CTA.

You can choose whatever is easiest:
1. Reply YES and I’ll finish the $100 package.
2. Ask me anything first.
3. If you already know you want it, you can use the PayPal invoice here: https://www.paypal.com/invoice/p/#7T6DC9A6WFH3XXCT

If it isn’t useful, that’s completely fine — reply “no thanks” and I won’t follow up again.

Thanks,
Anastaysia",150-v6-annarose-monroe-photography.jpg,150-v6-annarose-monroe-photography.eml,"Absolutely — I can finish the full executive portraiture, branding and visual strategy content package for Annarose Monroe Photography. It’s $100 one time, with no subscription or contract. PayPal invoice: https://www.paypal.com/invoice/p/#7T6DC9A6WFH3XXCT

Once payment is confirmed, I’ll build the complete set around service highlights, FAQ-style education, and a clear next-step CTA unless you want me to prioritize something else.

– Anastaysia","It’s $100 total, one time — not per post and not monthly. You keep the 10 posts, custom graphics, customer follow-up messages, review/message replies and CTA copy.","The attached sample was made specifically for Annarose Monroe Photography around executive portraiture, branding and visual strategy. That is the direction I’d use for the finished set, and I’ll keep every piece tied to the actual services rather than generic filler.","I’d make the finished set around service highlights, FAQ-style education, and a clear next-step CTA. You receive the words + graphics ready to copy, post or reuse, so you do not have to design or write them yourself.","No problem. I’ll leave the sample with you. If timing changes, reply here and I can pick it back up. I won’t keep chasing you.","Hi Annarose Monroe Photography team — one quick follow-up on the private executive portraiture, branding and visual strategy sample I attached. If you want me to finish the full $100 set, reply YES. If not, no worries and I won’t follow up again.

– Anastaysia","Hi — I made a private executive portraiture, branding and visual strategy sample for Annarose Monroe Photography, but the public email I tried bounced. What business email should I send the preview to?

– Anastaysia","Thanks — payment is confirmed. I’m building the Annarose Monroe Photography package around service highlights, FAQ-style education, and a clear next-step CTA. I’ll send the finished files in this email thread when they’re ready.

– Anastaysia","Hi Annarose Monroe Photography team — your finished $100 content package is ready. I’ve organized the posts, graphics, follow-up copy, review/message replies and CTAs so they’re easy to reuse. If you want a different service emphasized in a future set, reply here.

– Anastaysia",New,,,
V6,151,302,Ariel Dance Productions,"Campbell, CA",Dance studio and performance programs,70,Priority-ranked; timing is not guaranteed,info@arieldanceproductions.com,https://www.arieldanceproductions.com/,408-621-2790,https://www.arieldanceproductions.com/schedule.html,2026-09-13,"Current owned pages publish info@arieldanceproductions.com, 408-621-2790 and 2385 S Winchester Blvd, Campbell; the site lists 2026 classes and performance dates.",dance studio and performance programs,"Ariel publishes a current fall schedule spanning youth, teen and adult classes plus performance opportunities and multiple enrollment methods; age/style selection and enrollment-prep content could make a busy schedule easier for families to navigate.","Ariel publishes a current fall schedule spanning youth, teen and adult classes plus performance opportunities and multiple enrollment methods; age/style selection and enrollment-prep content could make a busy schedule easier for families to navigate. The $100 package is useful here because it turns those existing services into clear, reusable customer-facing content without requiring the business to write or design the pieces itself.",Made this dance studio and performance programs preview for Ariel Dance Productions,"Hi Ariel Dance Productions team,

I came across your business and noticed ariel publishes a current fall schedule spanning youth, teen and adult classes plus performance opportunities and multiple enrollment methods; age/style selection and enrollment-prep content could make a busy schedule easier for families to navigate. I made the attached private preview specifically around that part of the business.

If you like the direction, the full package is $100 one time. It includes 10 ready-to-post business posts, custom graphics, customer follow-up messages, review/customer-message replies, stronger calls-to-action, and content organized around your real services. Everything is delivered ready to use; there’s no subscription or contract.

For Ariel Dance Productions, I’d start with program/service selection, first-visit guidance, and booking CTAs.

You can choose whatever is easiest:
1. Reply YES and I’ll finish the $100 package.
2. Ask me anything first.
3. If you already know you want it, you can use the PayPal invoice here: https://www.paypal.com/invoice/p/#7T6DC9A6WFH3XXCT

If it isn’t useful, that’s completely fine — reply “no thanks” and I won’t follow up again.

Thanks,
Anastaysia",151-v6-ariel-dance-productions.jpg,151-v6-ariel-dance-productions.eml,"Absolutely — I can finish the full dance studio and performance programs content package for Ariel Dance Productions. It’s $100 one time, with no subscription or contract. PayPal invoice: https://www.paypal.com/invoice/p/#7T6DC9A6WFH3XXCT

Once payment is confirmed, I’ll build the complete set around program/service selection, first-visit guidance, and booking CTAs unless you want me to prioritize something else.

– Anastaysia","It’s $100 total, one time — not per post and not monthly. You keep the 10 posts, custom graphics, customer follow-up messages, review/message replies and CTA copy.","The attached sample was made specifically for Ariel Dance Productions around dance studio and performance programs. That is the direction I’d use for the finished set, and I’ll keep every piece tied to the actual services rather than generic filler.","I’d make the finished set around program/service selection, first-visit guidance, and booking CTAs. You receive the words + graphics ready to copy, post or reuse, so you do not have to design or write them yourself.","No problem. I’ll leave the sample with you. If timing changes, reply here and I can pick it back up. I won’t keep chasing you.","Hi Ariel Dance Productions team — one quick follow-up on the private dance studio and performance programs sample I attached. If you want me to finish the full $100 set, reply YES. If not, no worries and I won’t follow up again.

– Anastaysia","Hi — I made a private dance studio and performance programs sample for Ariel Dance Productions, but the public email I tried bounced. What business email should I send the preview to?

– Anastaysia","Thanks — payment is confirmed. I’m building the Ariel Dance Productions package around program/service selection, first-visit guidance, and booking CTAs. I’ll send the finished files in this email thread when they’re ready.

– Anastaysia","Hi Ariel Dance Productions team — your finished $100 content package is ready. I’ve organized the posts, graphics, follow-up copy, review/message replies and CTAs so they’re easy to reuse. If you want a different service emphasized in a future set, reply here.

– Anastaysia",New,,,
V6,152,304,Ashford's Heirlooms,"Gilroy, CA","Antiques, vintage and specialty retail",70,Priority-ranked; timing is not guaranteed,info@ashfordsheirlooms.com,,408-842-8236,https://visitgilroy.com/listing/ashfords-heirlooms/49/,2026-09-16,"Current Visit Gilroy listing publishes exact domain email, phone, downtown address and current hours.","antiques, vintage and specialty retail","Ashford's offers antiques, household pieces, sewing items and vintage vinyl; category/treasure-hunt content can make an eclectic inventory easier to discover.","Ashford's offers antiques, household pieces, sewing items and vintage vinyl; category/treasure-hunt content can make an eclectic inventory easier to discover. The $100 package is useful here because it turns those existing services into clear, reusable customer-facing content without requiring the business to write or design the pieces itself.","Made this antiques, vintage and specialty retail preview for Ashford's Heirlooms","Hi Ashford's Heirlooms team,

I came across your business and noticed ashford's offers antiques, household pieces, sewing items and vintage vinyl; category/treasure-hunt content can make an eclectic inventory easier to discover. I made the attached private preview specifically around that part of the business.

If you like the direction, the full package is $100 one time. It includes 10 ready-to-post business posts, custom graphics, customer follow-up messages, review/customer-message replies, stronger calls-to-action, and content organized around your real services. Everything is delivered ready to use; there’s no subscription or contract.

For Ashford's Heirlooms, I’d start with service highlights, FAQ-style education, and a clear next-step CTA.

You can choose whatever is easiest:
1. Reply YES and I’ll finish the $100 package.
2. Ask me anything first.
3. If you already know you want it, you can use the PayPal invoice here: https://www.paypal.com/invoice/p/#7T6DC9A6WFH3XXCT

If it isn’t useful, that’s completely fine — reply “no thanks” and I won’t follow up again.

Thanks,
Anastaysia",152-v6-ashford-s-heirlooms.jpg,152-v6-ashford-s-heirlooms.eml,"Absolutely — I can finish the full antiques, vintage and specialty retail content package for Ashford's Heirlooms. It’s $100 one time, with no subscription or contract. PayPal invoice: https://www.paypal.com/invoice/p/#7T6DC9A6WFH3XXCT

Once payment is confirmed, I’ll build the complete set around service highlights, FAQ-style education, and a clear next-step CTA unless you want me to prioritize something else.

– Anastaysia","It’s $100 total, one time — not per post and not monthly. You keep the 10 posts, custom graphics, customer follow-up messages, review/message replies and CTA copy.","The attached sample was made specifically for Ashford's Heirlooms around antiques, vintage and specialty retail. That is the direction I’d use for the finished set, and I’ll keep every piece tied to the actual services rather than generic filler.","I’d make the finished set around service highlights, FAQ-style education, and a clear next-step CTA. You receive the words + graphics ready to copy, post or reuse, so you do not have to design or write them yourself.","No problem. I’ll leave the sample with you. If timing changes, reply here and I can pick it back up. I won’t keep chasing you.","Hi Ashford's Heirlooms team — one quick follow-up on the private antiques, vintage and specialty retail sample I attached. If you want me to finish the full $100 set, reply YES. If not, no worries and I won’t follow up again.

– Anastaysia","Hi — I made a private antiques, vintage and specialty retail sample for Ashford's Heirlooms, but the public email I tried bounced. What business email should I send the preview to?

– Anastaysia","Thanks — payment is confirmed. I’m building the Ashford's Heirlooms package around service highlights, FAQ-style education, and a clear next-step CTA. I’ll send the finished files in this email thread when they’re ready.

– Anastaysia","Hi Ashford's Heirlooms team — your finished $100 content package is ready. I’ve organized the posts, graphics, follow-up copy, review/message replies and CTAs so they’re easy to reuse. If you want a different service emphasized in a future set, reply here.

– Anastaysia",New,,,
V6,153,306,BÁNH BAKERY,"Santa Clara / Sunnyvale pickup, CA",Small-batch bakery and catering,70,Priority-ranked; timing is not guaranteed,hello@banhbakeryco.com,https://www.banhbakeryco.com/,408-444-5688,https://www.banhbakeryco.com/contact,2026-09-13,Current owned contact page publishes hello@banhbakeryco.com and says inquiries usually receive a response within 24 hours; current FAQ publishes 408-444-5688 and local-order/pickup details.,small-batch bakery and catering,"BÁNH BAKERY is a sibling-owned small-batch cookie business with heritage-inspired flavors, preorder windows, local pickup and catering; flavor-story, preorder-reminder and catering content could make the purchase path clearer and more memorable.","BÁNH BAKERY is a sibling-owned small-batch cookie business with heritage-inspired flavors, preorder windows, local pickup and catering; flavor-story, preorder-reminder and catering content could make the purchase path clearer and more memorable. The $100 package is useful here because it turns those existing services into clear, reusable customer-facing content without requiring the business to write or design the pieces itself.",Made this small-batch bakery and catering preview for BÁNH BAKERY,"Hi BÁNH BAKERY team,

I came across your business and noticed bÁNH BAKERY is a sibling-owned small-batch cookie business with heritage-inspired flavors, preorder windows, local pickup and catering; flavor-story, preorder-reminder and catering content could make the purchase path clearer and more memorable. I made the attached private preview specifically around that part of the business.

If you like the direction, the full package is $100 one time. It includes 10 ready-to-post business posts, custom graphics, customer follow-up messages, review/customer-message replies, stronger calls-to-action, and content organized around your real services. Everything is delivered ready to use; there’s no subscription or contract.

For BÁNH BAKERY, I’d start with menu/service highlights, event or ordering guidance, and local customer CTAs.

You can choose whatever is easiest:
1. Reply YES and I’ll finish the $100 package.
2. Ask me anything first.
3. If you already know you want it, you can use the PayPal invoice here: https://www.paypal.com/invoice/p/#7T6DC9A6WFH3XXCT

If it isn’t useful, that’s completely fine — reply “no thanks” and I won’t follow up again.

Thanks,
Anastaysia",153-v6-b-nh-bakery.jpg,153-v6-b-nh-bakery.eml,"Absolutely — I can finish the full small-batch bakery and catering content package for BÁNH BAKERY. It’s $100 one time, with no subscription or contract. PayPal invoice: https://www.paypal.com/invoice/p/#7T6DC9A6WFH3XXCT

Once payment is confirmed, I’ll build the complete set around menu/service highlights, event or ordering guidance, and local customer CTAs unless you want me to prioritize something else.

– Anastaysia","It’s $100 total, one time — not per post and not monthly. You keep the 10 posts, custom graphics, customer follow-up messages, review/message replies and CTA copy.","The attached sample was made specifically for BÁNH BAKERY around small-batch bakery and catering. That is the direction I’d use for the finished set, and I’ll keep every piece tied to the actual services rather than generic filler.","I’d make the finished set around menu/service highlights, event or ordering guidance, and local customer CTAs. You receive the words + graphics ready to copy, post or reuse, so you do not have to design or write them yourself.","No problem. I’ll leave the sample with you. If timing changes, reply here and I can pick it back up. I won’t keep chasing you.","Hi BÁNH BAKERY team — one quick follow-up on the private small-batch bakery and catering sample I attached. If you want me to finish the full $100 set, reply YES. If not, no worries and I won’t follow up again.

– Anastaysia","Hi — I made a private small-batch bakery and catering sample for BÁNH BAKERY, but the public email I tried bounced. What business email should I send the preview to?

– Anastaysia","Thanks — payment is confirmed. I’m building the BÁNH BAKERY package around menu/service highlights, event or ordering guidance, and local customer CTAs. I’ll send the finished files in this email thread when they’re ready.

– Anastaysia","Hi BÁNH BAKERY team — your finished $100 content package is ready. I’ve organized the posts, graphics, follow-up copy, review/message replies and CTAs so they’re easy to reuse. If you want a different service emphasized in a future set, reply here.

– Anastaysia",New,,,
V6,154,308,"Corporate West Computer Systems, Inc.","Campbell, CA","Managed IT, data-center and computer systems services",70,Priority-ranked; timing is not guaranteed,sales@corpwest.com,https://www.corpwest.com/,408-369-4300,https://www.corpwest.com/contact-us/,2026-09-13,"Current owned contact page lists the 307 Orchard City Dr Campbell headquarters, 408-369-4300, sales@corpwest.com and separate support/accounting contacts.","managed it, data-center and computer systems services","Corporate West publishes distinct sales, support, accounting and hosting/data-center contact paths; a service-routing and managed-IT explainer pack could make a broad technical offering easier for business buyers to understand without security guarantees.","Corporate West publishes distinct sales, support, accounting and hosting/data-center contact paths; a service-routing and managed-IT explainer pack could make a broad technical offering easier for business buyers to understand without security guarantees. The $100 package is useful here because it turns those existing services into clear, reusable customer-facing content without requiring the business to write or design the pieces itself.","Made this managed it, data-center and computer systems services preview for Corporate West Computer Systems, Inc.","Hi Corporate West Computer Systems, Inc. team,

I came across your business and noticed corporate West publishes distinct sales, support, accounting and hosting/data-center contact paths; a service-routing and managed-IT explainer pack could make a broad technical offering easier for business buyers to understand without security guarantees. I made the attached private preview specifically around that part of the business.

If you like the direction, the full package is $100 one time. It includes 10 ready-to-post business posts, custom graphics, customer follow-up messages, review/customer-message replies, stronger calls-to-action, and content organized around your real services. Everything is delivered ready to use; there’s no subscription or contract.

For Corporate West Computer Systems, Inc., I’d start with service highlights, FAQ-style education, and a clear next-step CTA.

You can choose whatever is easiest:
1. Reply YES and I’ll finish the $100 package.
2. Ask me anything first.
3. If you already know you want it, you can use the PayPal invoice here: https://www.paypal.com/invoice/p/#7T6DC9A6WFH3XXCT

If it isn’t useful, that’s completely fine — reply “no thanks” and I won’t follow up again.

Thanks,
Anastaysia",154-v6-corporate-west-computer-systems-inc.jpg,154-v6-corporate-west-computer-systems-inc.eml,"Absolutely — I can finish the full managed it, data-center and computer systems services content package for Corporate West Computer Systems, Inc.. It’s $100 one time, with no subscription or contract. PayPal invoice: https://www.paypal.com/invoice/p/#7T6DC9A6WFH3XXCT

Once payment is confirmed, I’ll build the complete set around service highlights, FAQ-style education, and a clear next-step CTA unless you want me to prioritize something else.

– Anastaysia","It’s $100 total, one time — not per post and not monthly. You keep the 10 posts, custom graphics, customer follow-up messages, review/message replies and CTA copy.","The attached sample was made specifically for Corporate West Computer Systems, Inc. around managed it, data-center and computer systems services. That is the direction I’d use for the finished set, and I’ll keep every piece tied to the actual services rather than generic filler.","I’d make the finished set around service highlights, FAQ-style education, and a clear next-step CTA. You receive the words + graphics ready to copy, post or reuse, so you do not have to design or write them yourself.","No problem. I’ll leave the sample with you. If timing changes, reply here and I can pick it back up. I won’t keep chasing you.","Hi Corporate West Computer Systems, Inc. team — one quick follow-up on the private managed it, data-center and computer systems services sample I attached. If you want me to finish the full $100 set, reply YES. If not, no worries and I won’t follow up again.

– Anastaysia","Hi — I made a private managed it, data-center and computer systems services sample for Corporate West Computer Systems, Inc., but the public email I tried bounced. What business email should I send the preview to?

– Anastaysia","Thanks — payment is confirmed. I’m building the Corporate West Computer Systems, Inc. package around service highlights, FAQ-style education, and a clear next-step CTA. I’ll send the finished files in this email thread when they’re ready.

– Anastaysia","Hi Corporate West Computer Systems, Inc. team — your finished $100 content package is ready. I’ve organized the posts, graphics, follow-up copy, review/message replies and CTAs so they’re easy to reuse. If you want a different service emphasized in a future set, reply here.

– Anastaysia",New,,,
V6,155,310,D&M Traffic Services Inc.,"Santa Clara, CA","Traffic control products, rentals and services",70,Priority-ranked; timing is not guaranteed,sales@dmtraffic.com,https://www.dmtraffic.com/,408-436-1127,https://www.dmtraffic.com/contact-8,2026-09-16,"Current owned contact page publishes 843 Reed Street, Santa Clara, sales@dmtraffic.com and current hours/services.","traffic control products, rentals and services","D&M sells and rents traffic-control products while providing planning, sign-shop and field services; product-vs-rental-vs-service content can clarify its B2B buying paths.","D&M sells and rents traffic-control products while providing planning, sign-shop and field services; product-vs-rental-vs-service content can clarify its B2B buying paths. The $100 package is useful here because it turns those existing services into clear, reusable customer-facing content without requiring the business to write or design the pieces itself.","Made this traffic control products, rentals and services preview for D&M Traffic Services Inc.","Hi D&M Traffic Services Inc. team,

I came across your business and noticed d&M sells and rents traffic-control products while providing planning, sign-shop and field services; product-vs-rental-vs-service content can clarify its B2B buying paths. I made the attached private preview specifically around that part of the business.

If you like the direction, the full package is $100 one time. It includes 10 ready-to-post business posts, custom graphics, customer follow-up messages, review/customer-message replies, stronger calls-to-action, and content organized around your real services. Everything is delivered ready to use; there’s no subscription or contract.

For D&M Traffic Services Inc., I’d start with service highlights, FAQ-style education, and a clear next-step CTA.

You can choose whatever is easiest:
1. Reply YES and I’ll finish the $100 package.
2. Ask me anything first.
3. If you already know you want it, you can use the PayPal invoice here: https://www.paypal.com/invoice/p/#7T6DC9A6WFH3XXCT

If it isn’t useful, that’s completely fine — reply “no thanks” and I won’t follow up again.

Thanks,
Anastaysia",155-v6-d-m-traffic-services-inc.jpg,155-v6-d-m-traffic-services-inc.eml,"Absolutely — I can finish the full traffic control products, rentals and services content package for D&M Traffic Services Inc.. It’s $100 one time, with no subscription or contract. PayPal invoice: https://www.paypal.com/invoice/p/#7T6DC9A6WFH3XXCT

Once payment is confirmed, I’ll build the complete set around service highlights, FAQ-style education, and a clear next-step CTA unless you want me to prioritize something else.

– Anastaysia","It’s $100 total, one time — not per post and not monthly. You keep the 10 posts, custom graphics, customer follow-up messages, review/message replies and CTA copy.","The attached sample was made specifically for D&M Traffic Services Inc. around traffic control products, rentals and services. That is the direction I’d use for the finished set, and I’ll keep every piece tied to the actual services rather than generic filler.","I’d make the finished set around service highlights, FAQ-style education, and a clear next-step CTA. You receive the words + graphics ready to copy, post or reuse, so you do not have to design or write them yourself.","No problem. I’ll leave the sample with you. If timing changes, reply here and I can pick it back up. I won’t keep chasing you.","Hi D&M Traffic Services Inc. team — one quick follow-up on the private traffic control products, rentals and services sample I attached. If you want me to finish the full $100 set, reply YES. If not, no worries and I won’t follow up again.

– Anastaysia","Hi — I made a private traffic control products, rentals and services sample for D&M Traffic Services Inc., but the public email I tried bounced. What business email should I send the preview to?

– Anastaysia","Thanks — payment is confirmed. I’m building the D&M Traffic Services Inc. package around service highlights, FAQ-style education, and a clear next-step CTA. I’ll send the finished files in this email thread when they’re ready.

– Anastaysia","Hi D&M Traffic Services Inc. team — your finished $100 content package is ready. I’ve organized the posts, graphics, follow-up copy, review/message replies and CTAs so they’re easy to reuse. If you want a different service emphasized in a future set, reply here.

– Anastaysia",New,,,
V6,156,312,DTK Nail Supply,"San Jose, CA",Wholesale nail supplies and beauty retail,70,Priority-ranked; timing is not guaranteed,info@dtknailsupply.com,https://dtknailsupply.com/,800-396-1060,https://dtknailsupply.com/,2026-09-13,"Current owned ecommerce site lists San Jose address, public email/phone, active 2026 content, products and local store hours.",wholesale nail supplies and beauty retail,"DTK sells polish, nail-art, extensions, tools and professional products while actively publishing 2026 trend guides; product-selection, trend and professional-use content has a direct commerce path without inventing a customer problem.","DTK sells polish, nail-art, extensions, tools and professional products while actively publishing 2026 trend guides; product-selection, trend and professional-use content has a direct commerce path without inventing a customer problem. The $100 package is useful here because it turns those existing services into clear, reusable customer-facing content without requiring the business to write or design the pieces itself.",Made this wholesale nail supplies and beauty retail preview for DTK Nail Supply,"Hi DTK Nail Supply team,

I came across your business and noticed dTK sells polish, nail-art, extensions, tools and professional products while actively publishing 2026 trend guides; product-selection, trend and professional-use content has a direct commerce path without inventing a customer problem. I made the attached private preview specifically around that part of the business.

If you like the direction, the full package is $100 one time. It includes 10 ready-to-post business posts, custom graphics, customer follow-up messages, review/customer-message replies, stronger calls-to-action, and content organized around your real services. Everything is delivered ready to use; there’s no subscription or contract.

For DTK Nail Supply, I’d start with program/service selection, first-visit guidance, and booking CTAs.

You can choose whatever is easiest:
1. Reply YES and I’ll finish the $100 package.
2. Ask me anything first.
3. If you already know you want it, you can use the PayPal invoice here: https://www.paypal.com/invoice/p/#7T6DC9A6WFH3XXCT

If it isn’t useful, that’s completely fine — reply “no thanks” and I won’t follow up again.

Thanks,
Anastaysia",156-v6-dtk-nail-supply.jpg,156-v6-dtk-nail-supply.eml,"Absolutely — I can finish the full wholesale nail supplies and beauty retail content package for DTK Nail Supply. It’s $100 one time, with no subscription or contract. PayPal invoice: https://www.paypal.com/invoice/p/#7T6DC9A6WFH3XXCT

Once payment is confirmed, I’ll build the complete set around program/service selection, first-visit guidance, and booking CTAs unless you want me to prioritize something else.

– Anastaysia","It’s $100 total, one time — not per post and not monthly. You keep the 10 posts, custom graphics, customer follow-up messages, review/message replies and CTA copy.","The attached sample was made specifically for DTK Nail Supply around wholesale nail supplies and beauty retail. That is the direction I’d use for the finished set, and I’ll keep every piece tied to the actual services rather than generic filler.","I’d make the finished set around program/service selection, first-visit guidance, and booking CTAs. You receive the words + graphics ready to copy, post or reuse, so you do not have to design or write them yourself.","No problem. I’ll leave the sample with you. If timing changes, reply here and I can pick it back up. I won’t keep chasing you.","Hi DTK Nail Supply team — one quick follow-up on the private wholesale nail supplies and beauty retail sample I attached. If you want me to finish the full $100 set, reply YES. If not, no worries and I won’t follow up again.

– Anastaysia","Hi — I made a private wholesale nail supplies and beauty retail sample for DTK Nail Supply, but the public email I tried bounced. What business email should I send the preview to?

– Anastaysia","Thanks — payment is confirmed. I’m building the DTK Nail Supply package around program/service selection, first-visit guidance, and booking CTAs. I’ll send the finished files in this email thread when they’re ready.

– Anastaysia","Hi DTK Nail Supply team — your finished $100 content package is ready. I’ve organized the posts, graphics, follow-up copy, review/message replies and CTAs so they’re easy to reuse. If you want a different service emphasized in a future set, reply here.

– Anastaysia",New,,,
V6,157,314,"Elder, Rock & Company","Morgan Hill, CA",Accounting,70,Priority-ranked; timing is not guaranteed,info@elder-company.com,https://www.elder-company.com/,408-825-1300,https://www.elder-company.com/,"Elder, Rock & Company offers bookkeeping, payroll, QuickBooks and tax/financial services; compliant educational content can explain service categories and common business-accounting workflows without promising tax or financial outcomes.",2026-09-13,accounting,payroll and tax services,"payroll and tax services. The $100 package is useful here because it turns those existing services into clear, reusable customer-facing content without requiring the business to write or design the pieces itself.","Made this accounting preview for Elder, Rock & Company","Hi Elder, Rock & Company team,

I came across your business and noticed payroll and tax services. I made the attached private preview specifically around that part of the business.

If you like the direction, the full package is $100 one time. It includes 10 ready-to-post business posts, custom graphics, customer follow-up messages, review/customer-message replies, stronger calls-to-action, and content organized around your real services. Everything is delivered ready to use; there’s no subscription or contract.

For Elder, Rock & Company, I’d start with service highlights, FAQ-style education, and a clear next-step CTA.

You can choose whatever is easiest:
1. Reply YES and I’ll finish the $100 package.
2. Ask me anything first.
3. If you already know you want it, you can use the PayPal invoice here: https://www.paypal.com/invoice/p/#7T6DC9A6WFH3XXCT

If it isn’t useful, that’s completely fine — reply “no thanks” and I won’t follow up again.

Thanks,
Anastaysia",157-v6-elder-rock-company.jpg,157-v6-elder-rock-company.eml,"Absolutely — I can finish the full accounting content package for Elder, Rock & Company. It’s $100 one time, with no subscription or contract. PayPal invoice: https://www.paypal.com/invoice/p/#7T6DC9A6WFH3XXCT

Once payment is confirmed, I’ll build the complete set around service highlights, FAQ-style education, and a clear next-step CTA unless you want me to prioritize something else.

– Anastaysia","It’s $100 total, one time — not per post and not monthly. You keep the 10 posts, custom graphics, customer follow-up messages, review/message replies and CTA copy.","The attached sample was made specifically for Elder, Rock & Company around accounting. That is the direction I’d use for the finished set, and I’ll keep every piece tied to the actual services rather than generic filler.","I’d make the finished set around service highlights, FAQ-style education, and a clear next-step CTA. You receive the words + graphics ready to copy, post or reuse, so you do not have to design or write them yourself.","No problem. I’ll leave the sample with you. If timing changes, reply here and I can pick it back up. I won’t keep chasing you.","Hi Elder, Rock & Company team — one quick follow-up on the private accounting sample I attached. If you want me to finish the full $100 set, reply YES. If not, no worries and I won’t follow up again.

– Anastaysia","Hi — I made a private accounting sample for Elder, Rock & Company, but the public email I tried bounced. What business email should I send the preview to?

– Anastaysia","Thanks — payment is confirmed. I’m building the Elder, Rock & Company package around service highlights, FAQ-style education, and a clear next-step CTA. I’ll send the finished files in this email thread when they’re ready.

– Anastaysia","Hi Elder, Rock & Company team — your finished $100 content package is ready. I’ve organized the posts, graphics, follow-up copy, review/message replies and CTAs so they’re easy to reuse. If you want a different service emphasized in a future set, reply here.

– Anastaysia",New,,,
V6,158,316,Ginger Cafe Gilroy,"Gilroy, CA","Asian restaurant, catering and online ordering",70,Priority-ranked; timing is not guaranteed,info@gingercafe.net,https://gingercafe.net/,408-847-2625,https://visitgilroy.com/listing/ginger-cafe/216/,2026-09-16,"Current Visit Gilroy listing publishes exact domain email, phone, address, catering and online-order availability.","asian restaurant, catering and online ordering","Ginger Cafe combines seasonal Asian cuisine, catering, group dining and online orders; catering-vs-dining and signature-dish content can expose several revenue paths.","Ginger Cafe combines seasonal Asian cuisine, catering, group dining and online orders; catering-vs-dining and signature-dish content can expose several revenue paths. The $100 package is useful here because it turns those existing services into clear, reusable customer-facing content without requiring the business to write or design the pieces itself.","Made this asian restaurant, catering and online ordering preview for Ginger Cafe Gilroy","Hi Ginger Cafe Gilroy team,

I came across your business and noticed ginger Cafe combines seasonal Asian cuisine, catering, group dining and online orders; catering-vs-dining and signature-dish content can expose several revenue paths. I made the attached private preview specifically around that part of the business.

If you like the direction, the full package is $100 one time. It includes 10 ready-to-post business posts, custom graphics, customer follow-up messages, review/customer-message replies, stronger calls-to-action, and content organized around your real services. Everything is delivered ready to use; there’s no subscription or contract.

For Ginger Cafe Gilroy, I’d start with menu/service highlights, event or ordering guidance, and local customer CTAs.

You can choose whatever is easiest:
1. Reply YES and I’ll finish the $100 package.
2. Ask me anything first.
3. If you already know you want it, you can use the PayPal invoice here: https://www.paypal.com/invoice/p/#7T6DC9A6WFH3XXCT

If it isn’t useful, that’s completely fine — reply “no thanks” and I won’t follow up again.

Thanks,
Anastaysia",158-v6-ginger-cafe-gilroy.jpg,158-v6-ginger-cafe-gilroy.eml,"Absolutely — I can finish the full asian restaurant, catering and online ordering content package for Ginger Cafe Gilroy. It’s $100 one time, with no subscription or contract. PayPal invoice: https://www.paypal.com/invoice/p/#7T6DC9A6WFH3XXCT

Once payment is confirmed, I’ll build the complete set around menu/service highlights, event or ordering guidance, and local customer CTAs unless you want me to prioritize something else.

– Anastaysia","It’s $100 total, one time — not per post and not monthly. You keep the 10 posts, custom graphics, customer follow-up messages, review/message replies and CTA copy.","The attached sample was made specifically for Ginger Cafe Gilroy around asian restaurant, catering and online ordering. That is the direction I’d use for the finished set, and I’ll keep every piece tied to the actual services rather than generic filler.","I’d make the finished set around menu/service highlights, event or ordering guidance, and local customer CTAs. You receive the words + graphics ready to copy, post or reuse, so you do not have to design or write them yourself.","No problem. I’ll leave the sample with you. If timing changes, reply here and I can pick it back up. I won’t keep chasing you.","Hi Ginger Cafe Gilroy team — one quick follow-up on the private asian restaurant, catering and online ordering sample I attached. If you want me to finish the full $100 set, reply YES. If not, no worries and I won’t follow up again.

– Anastaysia","Hi — I made a private asian restaurant, catering and online ordering sample for Ginger Cafe Gilroy, but the public email I tried bounced. What business email should I send the preview to?

– Anastaysia","Thanks — payment is confirmed. I’m building the Ginger Cafe Gilroy package around menu/service highlights, event or ordering guidance, and local customer CTAs. I’ll send the finished files in this email thread when they’re ready.

– Anastaysia","Hi Ginger Cafe Gilroy team — your finished $100 content package is ready. I’ve organized the posts, graphics, follow-up copy, review/message replies and CTAs so they’re easy to reuse. If you want a different service emphasized in a future set, reply here.

– Anastaysia",New,,,
V6,159,318,Handheld Catering and Events,Santa Clara / San Jose CA,"Corporate, wedding and private-event catering",70,Priority-ranked; timing is not guaranteed,info@handheldcatering.com,https://handheldcatering.com/,408-692-4782,https://handheldcatering.com/contact/,2026-09-13,"Official contact page lists Santa Clara HQ, San Jose location and info@handheldcatering.com; 2026 wedding/corporate pages show current seasonal buffet and event services.","corporate, wedding and private-event catering","Handheld has current 2026 seasonal buffet menus plus corporate, wedding and sustainability-focused services across Santa Clara and San Jose, creating several concrete campaign angles without inventing a need.","Handheld has current 2026 seasonal buffet menus plus corporate, wedding and sustainability-focused services across Santa Clara and San Jose, creating several concrete campaign angles without inventing a need. The $100 package is useful here because it turns those existing services into clear, reusable customer-facing content without requiring the business to write or design the pieces itself.","Made this corporate, wedding and private-event catering preview for Handheld Catering and Events","Hi Handheld Catering and Events team,

I came across your business and noticed handheld has current 2026 seasonal buffet menus plus corporate, wedding and sustainability-focused services across Santa Clara and San Jose, creating several concrete campaign angles without inventing a need. I made the attached private preview specifically around that part of the business.

If you like the direction, the full package is $100 one time. It includes 10 ready-to-post business posts, custom graphics, customer follow-up messages, review/customer-message replies, stronger calls-to-action, and content organized around your real services. Everything is delivered ready to use; there’s no subscription or contract.

For Handheld Catering and Events, I’d start with menu/service highlights, event or ordering guidance, and local customer CTAs.

You can choose whatever is easiest:
1. Reply YES and I’ll finish the $100 package.
2. Ask me anything first.
3. If you already know you want it, you can use the PayPal invoice here: https://www.paypal.com/invoice/p/#7T6DC9A6WFH3XXCT

If it isn’t useful, that’s completely fine — reply “no thanks” and I won’t follow up again.

Thanks,
Anastaysia",159-v6-handheld-catering-and-events.jpg,159-v6-handheld-catering-and-events.eml,"Absolutely — I can finish the full corporate, wedding and private-event catering content package for Handheld Catering and Events. It’s $100 one time, with no subscription or contract. PayPal invoice: https://www.paypal.com/invoice/p/#7T6DC9A6WFH3XXCT

Once payment is confirmed, I’ll build the complete set around menu/service highlights, event or ordering guidance, and local customer CTAs unless you want me to prioritize something else.

– Anastaysia","It’s $100 total, one time — not per post and not monthly. You keep the 10 posts, custom graphics, customer follow-up messages, review/message replies and CTA copy.","The attached sample was made specifically for Handheld Catering and Events around corporate, wedding and private-event catering. That is the direction I’d use for the finished set, and I’ll keep every piece tied to the actual services rather than generic filler.","I’d make the finished set around menu/service highlights, event or ordering guidance, and local customer CTAs. You receive the words + graphics ready to copy, post or reuse, so you do not have to design or write them yourself.","No problem. I’ll leave the sample with you. If timing changes, reply here and I can pick it back up. I won’t keep chasing you.","Hi Handheld Catering and Events team — one quick follow-up on the private corporate, wedding and private-event catering sample I attached. If you want me to finish the full $100 set, reply YES. If not, no worries and I won’t follow up again.

– Anastaysia","Hi — I made a private corporate, wedding and private-event catering sample for Handheld Catering and Events, but the public email I tried bounced. What business email should I send the preview to?

– Anastaysia","Thanks — payment is confirmed. I’m building the Handheld Catering and Events package around menu/service highlights, event or ordering guidance, and local customer CTAs. I’ll send the finished files in this email thread when they’re ready.

– Anastaysia","Hi Handheld Catering and Events team — your finished $100 content package is ready. I’ve organized the posts, graphics, follow-up copy, review/message replies and CTAs so they’re easy to reuse. If you want a different service emphasized in a future set, reply here.

– Anastaysia",New,,,
V6,160,320,Heritage Village Offices and Executive Suites,"Campbell, CA",Private offices,70,Priority-ranked; timing is not guaranteed,info@hvo-offices.com,https://hvo-offices.com/,408-866-4450,https://hvo-offices.com/contact-us/,"Heritage Village sells office and executive-suite choices from a downtown Campbell location; comparison content around private offices, virtual-office features and meeting/mail services can reduce buyer confusion.",2026-09-13,private offices,executive suites and virtual-office services,"executive suites and virtual-office services. The $100 package is useful here because it turns those existing services into clear, reusable customer-facing content without requiring the business to write or design the pieces itself.",Made this private offices preview for Heritage Village Offices and Executive Suites,"Hi Heritage Village Offices and Executive Suites team,

I came across your business and noticed executive suites and virtual-office services. I made the attached private preview specifically around that part of the business.

If you like the direction, the full package is $100 one time. It includes 10 ready-to-post business posts, custom graphics, customer follow-up messages, review/customer-message replies, stronger calls-to-action, and content organized around your real services. Everything is delivered ready to use; there’s no subscription or contract.

For Heritage Village Offices and Executive Suites, I’d start with service highlights, FAQ-style education, and a clear next-step CTA.

You can choose whatever is easiest:
1. Reply YES and I’ll finish the $100 package.
2. Ask me anything first.
3. If you already know you want it, you can use the PayPal invoice here: https://www.paypal.com/invoice/p/#7T6DC9A6WFH3XXCT

If it isn’t useful, that’s completely fine — reply “no thanks” and I won’t follow up again.

Thanks,
Anastaysia",160-v6-heritage-village-offices-and-executive-suites.jpg,160-v6-heritage-village-offices-and-executive-suites.eml,"Absolutely — I can finish the full private offices content package for Heritage Village Offices and Executive Suites. It’s $100 one time, with no subscription or contract. PayPal invoice: https://www.paypal.com/invoice/p/#7T6DC9A6WFH3XXCT

Once payment is confirmed, I’ll build the complete set around service highlights, FAQ-style education, and a clear next-step CTA unless you want me to prioritize something else.

– Anastaysia","It’s $100 total, one time — not per post and not monthly. You keep the 10 posts, custom graphics, customer follow-up messages, review/message replies and CTA copy.","The attached sample was made specifically for Heritage Village Offices and Executive Suites around private offices. That is the direction I’d use for the finished set, and I’ll keep every piece tied to the actual services rather than generic filler.","I’d make the finished set around service highlights, FAQ-style education, and a clear next-step CTA. You receive the words + graphics ready to copy, post or reuse, so you do not have to design or write them yourself.","No problem. I’ll leave the sample with you. If timing changes, reply here and I can pick it back up. I won’t keep chasing you.","Hi Heritage Village Offices and Executive Suites team — one quick follow-up on the private private offices sample I attached. If you want me to finish the full $100 set, reply YES. If not, no worries and I won’t follow up again.

– Anastaysia","Hi — I made a private private offices sample for Heritage Village Offices and Executive Suites, but the public email I tried bounced. What business email should I send the preview to?

– Anastaysia","Thanks — payment is confirmed. I’m building the Heritage Village Offices and Executive Suites package around service highlights, FAQ-style education, and a clear next-step CTA. I’ll send the finished files in this email thread when they’re ready.

– Anastaysia","Hi Heritage Village Offices and Executive Suites team — your finished $100 content package is ready. I’ve organized the posts, graphics, follow-up copy, review/message replies and CTAs so they’re easy to reuse. If you want a different service emphasized in a future set, reply here.

– Anastaysia",New,,,
V6,161,322,Lux Method,"Santa Clara / San Jose, CA",House,70,Priority-ranked; timing is not guaranteed,info@luxmethod.com,https://www.luxmethod.com/,408-889-7606,https://www.luxmethod.com/house-cleaning-service-san-jose-ca/,"Lux Method offers recurring, deep and move-in/out cleaning with a documented process; comparison content around first clean vs recurring service and preparation checklists can reduce booking friction.",2026-09-13,house,recurring and move-in/out cleaning,"recurring and move-in/out cleaning. The $100 package is useful here because it turns those existing services into clear, reusable customer-facing content without requiring the business to write or design the pieces itself.",Made this house preview for Lux Method,"Hi Lux Method team,

I came across your business and noticed recurring and move-in/out cleaning. I made the attached private preview specifically around that part of the business.

If you like the direction, the full package is $100 one time. It includes 10 ready-to-post business posts, custom graphics, customer follow-up messages, review/customer-message replies, stronger calls-to-action, and content organized around your real services. Everything is delivered ready to use; there’s no subscription or contract.

For Lux Method, I’d start with service highlights, FAQ-style education, and a clear next-step CTA.

You can choose whatever is easiest:
1. Reply YES and I’ll finish the $100 package.
2. Ask me anything first.
3. If you already know you want it, you can use the PayPal invoice here: https://www.paypal.com/invoice/p/#7T6DC9A6WFH3XXCT

If it isn’t useful, that’s completely fine — reply “no thanks” and I won’t follow up again.

Thanks,
Anastaysia",161-v6-lux-method.jpg,161-v6-lux-method.eml,"Absolutely — I can finish the full house content package for Lux Method. It’s $100 one time, with no subscription or contract. PayPal invoice: https://www.paypal.com/invoice/p/#7T6DC9A6WFH3XXCT

Once payment is confirmed, I’ll build the complete set around service highlights, FAQ-style education, and a clear next-step CTA unless you want me to prioritize something else.

– Anastaysia","It’s $100 total, one time — not per post and not monthly. You keep the 10 posts, custom graphics, customer follow-up messages, review/message replies and CTA copy.","The attached sample was made specifically for Lux Method around house. That is the direction I’d use for the finished set, and I’ll keep every piece tied to the actual services rather than generic filler.","I’d make the finished set around service highlights, FAQ-style education, and a clear next-step CTA. You receive the words + graphics ready to copy, post or reuse, so you do not have to design or write them yourself.","No problem. I’ll leave the sample with you. If timing changes, reply here and I can pick it back up. I won’t keep chasing you.","Hi Lux Method team — one quick follow-up on the private house sample I attached. If you want me to finish the full $100 set, reply YES. If not, no worries and I won’t follow up again.

– Anastaysia","Hi — I made a private house sample for Lux Method, but the public email I tried bounced. What business email should I send the preview to?

– Anastaysia","Thanks — payment is confirmed. I’m building the Lux Method package around service highlights, FAQ-style education, and a clear next-step CTA. I’ll send the finished files in this email thread when they’re ready.

– Anastaysia","Hi Lux Method team — your finished $100 content package is ready. I’ve organized the posts, graphics, follow-up copy, review/message replies and CTAs so they’re easy to reuse. If you want a different service emphasized in a future set, reply here.

– Anastaysia",New,,,
V6,162,324,MAC K9 Training,"San Jose, CA",Dog training and behavior programs,70,Priority-ranked; timing is not guaranteed,info@mack9training.com,https://mack9training.com/,408-661-6201,https://mack9training.com/,2026-09-13,"Current owned site lists San Jose location, public email/phone, program descriptions, broad South Bay service area and 2026 copyright.",dog training and behavior programs,"MAC K9 offers personalized 1-on-1 training, board-and-train and behavior-modification programs; educational content can help owners distinguish obedience, intensive training and behavior work without promising guaranteed behavioral outcomes.","MAC K9 offers personalized 1-on-1 training, board-and-train and behavior-modification programs; educational content can help owners distinguish obedience, intensive training and behavior work without promising guaranteed behavioral outcomes. The $100 package is useful here because it turns those existing services into clear, reusable customer-facing content without requiring the business to write or design the pieces itself.",Made this dog training and behavior programs preview for MAC K9 Training,"Hi MAC K9 Training team,

I came across your business and noticed mAC K9 offers personalized 1-on-1 training, board-and-train and behavior-modification programs; educational content can help owners distinguish obedience, intensive training and behavior work without promising guaranteed behavioral outcomes. I made the attached private preview specifically around that part of the business.

If you like the direction, the full package is $100 one time. It includes 10 ready-to-post business posts, custom graphics, customer follow-up messages, review/customer-message replies, stronger calls-to-action, and content organized around your real services. Everything is delivered ready to use; there’s no subscription or contract.

For MAC K9 Training, I’d start with service highlights, FAQ-style education, and a clear next-step CTA.

You can choose whatever is easiest:
1. Reply YES and I’ll finish the $100 package.
2. Ask me anything first.
3. If you already know you want it, you can use the PayPal invoice here: https://www.paypal.com/invoice/p/#7T6DC9A6WFH3XXCT

If it isn’t useful, that’s completely fine — reply “no thanks” and I won’t follow up again.

Thanks,
Anastaysia",162-v6-mac-k9-training.jpg,162-v6-mac-k9-training.eml,"Absolutely — I can finish the full dog training and behavior programs content package for MAC K9 Training. It’s $100 one time, with no subscription or contract. PayPal invoice: https://www.paypal.com/invoice/p/#7T6DC9A6WFH3XXCT

Once payment is confirmed, I’ll build the complete set around service highlights, FAQ-style education, and a clear next-step CTA unless you want me to prioritize something else.

– Anastaysia","It’s $100 total, one time — not per post and not monthly. You keep the 10 posts, custom graphics, customer follow-up messages, review/message replies and CTA copy.","The attached sample was made specifically for MAC K9 Training around dog training and behavior programs. That is the direction I’d use for the finished set, and I’ll keep every piece tied to the actual services rather than generic filler.","I’d make the finished set around service highlights, FAQ-style education, and a clear next-step CTA. You receive the words + graphics ready to copy, post or reuse, so you do not have to design or write them yourself.","No problem. I’ll leave the sample with you. If timing changes, reply here and I can pick it back up. I won’t keep chasing you.","Hi MAC K9 Training team — one quick follow-up on the private dog training and behavior programs sample I attached. If you want me to finish the full $100 set, reply YES. If not, no worries and I won’t follow up again.

– Anastaysia","Hi — I made a private dog training and behavior programs sample for MAC K9 Training, but the public email I tried bounced. What business email should I send the preview to?

– Anastaysia","Thanks — payment is confirmed. I’m building the MAC K9 Training package around service highlights, FAQ-style education, and a clear next-step CTA. I’ll send the finished files in this email thread when they’re ready.

– Anastaysia","Hi MAC K9 Training team — your finished $100 content package is ready. I’ve organized the posts, graphics, follow-up copy, review/message replies and CTAs so they’re easy to reuse. If you want a different service emphasized in a future set, reply here.

– Anastaysia",New,,,
V6,163,326,Mail Station,"San Jose, CA","Packing, shipping, mailbox, passport-photo and business services",70,Priority-ranked; timing is not guaranteed,info@mail-station.com,https://www.mail-station.com/,408-247-8776,https://www.mail-station.com/,2026-09-13,"Current owned site lists San Jose address, public email/phone, service menu, walk-in availability and 2026 copyright.","packing, shipping, mailbox, passport-photo and business services","Mail Station combines multi-carrier shipping, private mailboxes, passport photos, notary and business services; a simple service-selector series could help local customers discover more than package drop-off.","Mail Station combines multi-carrier shipping, private mailboxes, passport photos, notary and business services; a simple service-selector series could help local customers discover more than package drop-off. The $100 package is useful here because it turns those existing services into clear, reusable customer-facing content without requiring the business to write or design the pieces itself.","Made this packing, shipping, mailbox, passport-photo and business services preview for Mail Station","Hi Mail Station team,

I came across your business and noticed mail Station combines multi-carrier shipping, private mailboxes, passport photos, notary and business services; a simple service-selector series could help local customers discover more than package drop-off. I made the attached private preview specifically around that part of the business.

If you like the direction, the full package is $100 one time. It includes 10 ready-to-post business posts, custom graphics, customer follow-up messages, review/customer-message replies, stronger calls-to-action, and content organized around your real services. Everything is delivered ready to use; there’s no subscription or contract.

For Mail Station, I’d start with service highlights, FAQ-style education, and a clear next-step CTA.

You can choose whatever is easiest:
1. Reply YES and I’ll finish the $100 package.
2. Ask me anything first.
3. If you already know you want it, you can use the PayPal invoice here: https://www.paypal.com/invoice/p/#7T6DC9A6WFH3XXCT

If it isn’t useful, that’s completely fine — reply “no thanks” and I won’t follow up again.

Thanks,
Anastaysia",163-v6-mail-station.jpg,163-v6-mail-station.eml,"Absolutely — I can finish the full packing, shipping, mailbox, passport-photo and business services content package for Mail Station. It’s $100 one time, with no subscription or contract. PayPal invoice: https://www.paypal.com/invoice/p/#7T6DC9A6WFH3XXCT

Once payment is confirmed, I’ll build the complete set around service highlights, FAQ-style education, and a clear next-step CTA unless you want me to prioritize something else.

– Anastaysia","It’s $100 total, one time — not per post and not monthly. You keep the 10 posts, custom graphics, customer follow-up messages, review/message replies and CTA copy.","The attached sample was made specifically for Mail Station around packing, shipping, mailbox, passport-photo and business services. That is the direction I’d use for the finished set, and I’ll keep every piece tied to the actual services rather than generic filler.","I’d make the finished set around service highlights, FAQ-style education, and a clear next-step CTA. You receive the words + graphics ready to copy, post or reuse, so you do not have to design or write them yourself.","No problem. I’ll leave the sample with you. If timing changes, reply here and I can pick it back up. I won’t keep chasing you.","Hi Mail Station team — one quick follow-up on the private packing, shipping, mailbox, passport-photo and business services sample I attached. If you want me to finish the full $100 set, reply YES. If not, no worries and I won’t follow up again.

– Anastaysia","Hi — I made a private packing, shipping, mailbox, passport-photo and business services sample for Mail Station, but the public email I tried bounced. What business email should I send the preview to?

– Anastaysia","Thanks — payment is confirmed. I’m building the Mail Station package around service highlights, FAQ-style education, and a clear next-step CTA. I’ll send the finished files in this email thread when they’re ready.

– Anastaysia","Hi Mail Station team — your finished $100 content package is ready. I’ve organized the posts, graphics, follow-up copy, review/message replies and CTAs so they’re easy to reuse. If you want a different service emphasized in a future set, reply here.

– Anastaysia",New,,,
V6,164,328,Manresa Bread,"Santa Clara County, CA","Bakery, cafe and wholesale",70,Priority-ranked; timing is not guaranteed,info@manresabread.com,https://manresabread.com/,,https://manresabread.com/,2026-09-15,"Current owned site lists active Campbell, Los Gatos, Los Altos and Palo Alto locations and public info contact.","bakery, cafe and wholesale","Manresa Bread operates multiple Santa Clara County locations and wholesale/retail paths; product, location and ordering content can help customers navigate the brand.","Manresa Bread operates multiple Santa Clara County locations and wholesale/retail paths; product, location and ordering content can help customers navigate the brand. The $100 package is useful here because it turns those existing services into clear, reusable customer-facing content without requiring the business to write or design the pieces itself.","Made this bakery, cafe and wholesale preview for Manresa Bread","Hi Manresa Bread team,

I came across your business and noticed manresa Bread operates multiple Santa Clara County locations and wholesale/retail paths; product, location and ordering content can help customers navigate the brand. I made the attached private preview specifically around that part of the business.

If you like the direction, the full package is $100 one time. It includes 10 ready-to-post business posts, custom graphics, customer follow-up messages, review/customer-message replies, stronger calls-to-action, and content organized around your real services. Everything is delivered ready to use; there’s no subscription or contract.

For Manresa Bread, I’d start with menu/service highlights, event or ordering guidance, and local customer CTAs.

You can choose whatever is easiest:
1. Reply YES and I’ll finish the $100 package.
2. Ask me anything first.
3. If you already know you want it, you can use the PayPal invoice here: https://www.paypal.com/invoice/p/#7T6DC9A6WFH3XXCT

If it isn’t useful, that’s completely fine — reply “no thanks” and I won’t follow up again.

Thanks,
Anastaysia",164-v6-manresa-bread.jpg,164-v6-manresa-bread.eml,"Absolutely — I can finish the full bakery, cafe and wholesale content package for Manresa Bread. It’s $100 one time, with no subscription or contract. PayPal invoice: https://www.paypal.com/invoice/p/#7T6DC9A6WFH3XXCT

Once payment is confirmed, I’ll build the complete set around menu/service highlights, event or ordering guidance, and local customer CTAs unless you want me to prioritize something else.

– Anastaysia","It’s $100 total, one time — not per post and not monthly. You keep the 10 posts, custom graphics, customer follow-up messages, review/message replies and CTA copy.","The attached sample was made specifically for Manresa Bread around bakery, cafe and wholesale. That is the direction I’d use for the finished set, and I’ll keep every piece tied to the actual services rather than generic filler.","I’d make the finished set around menu/service highlights, event or ordering guidance, and local customer CTAs. You receive the words + graphics ready to copy, post or reuse, so you do not have to design or write them yourself.","No problem. I’ll leave the sample with you. If timing changes, reply here and I can pick it back up. I won’t keep chasing you.","Hi Manresa Bread team — one quick follow-up on the private bakery, cafe and wholesale sample I attached. If you want me to finish the full $100 set, reply YES. If not, no worries and I won’t follow up again.

– Anastaysia","Hi — I made a private bakery, cafe and wholesale sample for Manresa Bread, but the public email I tried bounced. What business email should I send the preview to?

– Anastaysia","Thanks — payment is confirmed. I’m building the Manresa Bread package around menu/service highlights, event or ordering guidance, and local customer CTAs. I’ll send the finished files in this email thread when they’re ready.

– Anastaysia","Hi Manresa Bread team — your finished $100 content package is ready. I’ve organized the posts, graphics, follow-up copy, review/message replies and CTAs so they’re easy to reuse. If you want a different service emphasized in a future set, reply here.

– Anastaysia",New,,,
V6,165,330,Mike's Backyard Barbeque,"Gilroy, CA",BBQ restaurant and destination dining,70,Priority-ranked; timing is not guaranteed,info@mikesbackyardbarbeque.com,https://mikesbackyardbarbeque.com/,408-763-9896,https://visitgilroy.com/listing/mikes-backyard-barbeque/295/,2026-09-16,"Current Visit Gilroy listing publishes exact domain email, phone, address and current weekend operation.",bbq restaurant and destination dining,Mike's Backyard Barbeque operates at Garlic World with weekend BBQ and destination-shopping context; visit-planning and menu content can make a limited-hours offer easier to navigate.,"Mike's Backyard Barbeque operates at Garlic World with weekend BBQ and destination-shopping context; visit-planning and menu content can make a limited-hours offer easier to navigate. The $100 package is useful here because it turns those existing services into clear, reusable customer-facing content without requiring the business to write or design the pieces itself.",Made this bbq restaurant and destination dining preview for Mike's Backyard Barbeque,"Hi Mike's Backyard Barbeque team,

I came across your business and noticed mike's Backyard Barbeque operates at Garlic World with weekend BBQ and destination-shopping context; visit-planning and menu content can make a limited-hours offer easier to navigate. I made the attached private preview specifically around that part of the business.

If you like the direction, the full package is $100 one time. It includes 10 ready-to-post business posts, custom graphics, customer follow-up messages, review/customer-message replies, stronger calls-to-action, and content organized around your real services. Everything is delivered ready to use; there’s no subscription or contract.

For Mike's Backyard Barbeque, I’d start with menu/service highlights, event or ordering guidance, and local customer CTAs.

You can choose whatever is easiest:
1. Reply YES and I’ll finish the $100 package.
2. Ask me anything first.
3. If you already know you want it, you can use the PayPal invoice here: https://www.paypal.com/invoice/p/#7T6DC9A6WFH3XXCT

If it isn’t useful, that’s completely fine — reply “no thanks” and I won’t follow up again.

Thanks,
Anastaysia",165-v6-mike-s-backyard-barbeque.jpg,165-v6-mike-s-backyard-barbeque.eml,"Absolutely — I can finish the full bbq restaurant and destination dining content package for Mike's Backyard Barbeque. It’s $100 one time, with no subscription or contract. PayPal invoice: https://www.paypal.com/invoice/p/#7T6DC9A6WFH3XXCT

Once payment is confirmed, I’ll build the complete set around menu/service highlights, event or ordering guidance, and local customer CTAs unless you want me to prioritize something else.

– Anastaysia","It’s $100 total, one time — not per post and not monthly. You keep the 10 posts, custom graphics, customer follow-up messages, review/message replies and CTA copy.","The attached sample was made specifically for Mike's Backyard Barbeque around bbq restaurant and destination dining. That is the direction I’d use for the finished set, and I’ll keep every piece tied to the actual services rather than generic filler.","I’d make the finished set around menu/service highlights, event or ordering guidance, and local customer CTAs. You receive the words + graphics ready to copy, post or reuse, so you do not have to design or write them yourself.","No problem. I’ll leave the sample with you. If timing changes, reply here and I can pick it back up. I won’t keep chasing you.","Hi Mike's Backyard Barbeque team — one quick follow-up on the private bbq restaurant and destination dining sample I attached. If you want me to finish the full $100 set, reply YES. If not, no worries and I won’t follow up again.

– Anastaysia","Hi — I made a private bbq restaurant and destination dining sample for Mike's Backyard Barbeque, but the public email I tried bounced. What business email should I send the preview to?

– Anastaysia","Thanks — payment is confirmed. I’m building the Mike's Backyard Barbeque package around menu/service highlights, event or ordering guidance, and local customer CTAs. I’ll send the finished files in this email thread when they’re ready.

– Anastaysia","Hi Mike's Backyard Barbeque team — your finished $100 content package is ready. I’ve organized the posts, graphics, follow-up copy, review/message replies and CTAs so they’re easy to reuse. If you want a different service emphasized in a future set, reply here.

– Anastaysia",New,,,
V6,166,332,Montessori Services,"Gilroy, CA",Montessori educational materials and e-commerce,70,Priority-ranked; timing is not guaranteed,info@montessoriservices.com,https://www.montessoriservices.com/,877-975-3003,https://www.montessoriservices.com/company/contact-us,2026-09-13,"Current owned contact page lists 600 E Luchessa Avenue, Gilroy, info@montessoriservices.com, 877-975-3003 and current weekday support hours.",montessori educational materials and e-commerce,"Montessori Services sells educational materials to families and educators and supports order/account questions by email; product-category, classroom-use and gift/seasonal content could make a broad catalog easier to browse without educational-outcome claims.","Montessori Services sells educational materials to families and educators and supports order/account questions by email; product-category, classroom-use and gift/seasonal content could make a broad catalog easier to browse without educational-outcome claims. The $100 package is useful here because it turns those existing services into clear, reusable customer-facing content without requiring the business to write or design the pieces itself.",Made this montessori educational materials and e-commerce preview for Montessori Services,"Hi Montessori Services team,

I came across your business and noticed montessori Services sells educational materials to families and educators and supports order/account questions by email; product-category, classroom-use and gift/seasonal content could make a broad catalog easier to browse without educational-outcome claims. I made the attached private preview specifically around that part of the business.

If you like the direction, the full package is $100 one time. It includes 10 ready-to-post business posts, custom graphics, customer follow-up messages, review/customer-message replies, stronger calls-to-action, and content organized around your real services. Everything is delivered ready to use; there’s no subscription or contract.

For Montessori Services, I’d start with service highlights, FAQ-style education, and a clear next-step CTA.

You can choose whatever is easiest:
1. Reply YES and I’ll finish the $100 package.
2. Ask me anything first.
3. If you already know you want it, you can use the PayPal invoice here: https://www.paypal.com/invoice/p/#7T6DC9A6WFH3XXCT

If it isn’t useful, that’s completely fine — reply “no thanks” and I won’t follow up again.

Thanks,
Anastaysia",166-v6-montessori-services.jpg,166-v6-montessori-services.eml,"Absolutely — I can finish the full montessori educational materials and e-commerce content package for Montessori Services. It’s $100 one time, with no subscription or contract. PayPal invoice: https://www.paypal.com/invoice/p/#7T6DC9A6WFH3XXCT

Once payment is confirmed, I’ll build the complete set around service highlights, FAQ-style education, and a clear next-step CTA unless you want me to prioritize something else.

– Anastaysia","It’s $100 total, one time — not per post and not monthly. You keep the 10 posts, custom graphics, customer follow-up messages, review/message replies and CTA copy.","The attached sample was made specifically for Montessori Services around montessori educational materials and e-commerce. That is the direction I’d use for the finished set, and I’ll keep every piece tied to the actual services rather than generic filler.","I’d make the finished set around service highlights, FAQ-style education, and a clear next-step CTA. You receive the words + graphics ready to copy, post or reuse, so you do not have to design or write them yourself.","No problem. I’ll leave the sample with you. If timing changes, reply here and I can pick it back up. I won’t keep chasing you.","Hi Montessori Services team — one quick follow-up on the private montessori educational materials and e-commerce sample I attached. If you want me to finish the full $100 set, reply YES. If not, no worries and I won’t follow up again.

– Anastaysia","Hi — I made a private montessori educational materials and e-commerce sample for Montessori Services, but the public email I tried bounced. What business email should I send the preview to?

– Anastaysia","Thanks — payment is confirmed. I’m building the Montessori Services package around service highlights, FAQ-style education, and a clear next-step CTA. I’ll send the finished files in this email thread when they’re ready.

– Anastaysia","Hi Montessori Services team — your finished $100 content package is ready. I’ve organized the posts, graphics, follow-up copy, review/message replies and CTAs so they’re easy to reuse. If you want a different service emphasized in a future set, reply here.

– Anastaysia",New,,,
V6,167,334,MySyde,"Morgan Hill, CA",Local-business community platform,70,Priority-ranked; timing is not guaranteed,support@mysyde.com,https://mysyde.com/,408-422-2004,https://mysyde.com/privacy-policy/,2026-09-16,"Current 2025 policy publishes Morgan Hill HQ and support@mysyde.com; Google Play shows the app updated July 29, 2026.",local-business community platform,"MySyde connects local service providers and communities; provider-onboarding, use-case and feature-explainer content can make the platform easier for local businesses to understand.","MySyde connects local service providers and communities; provider-onboarding, use-case and feature-explainer content can make the platform easier for local businesses to understand. The $100 package is useful here because it turns those existing services into clear, reusable customer-facing content without requiring the business to write or design the pieces itself.",Made this local-business community platform preview for MySyde,"Hi MySyde team,

I came across your business and noticed mySyde connects local service providers and communities; provider-onboarding, use-case and feature-explainer content can make the platform easier for local businesses to understand. I made the attached private preview specifically around that part of the business.

If you like the direction, the full package is $100 one time. It includes 10 ready-to-post business posts, custom graphics, customer follow-up messages, review/customer-message replies, stronger calls-to-action, and content organized around your real services. Everything is delivered ready to use; there’s no subscription or contract.

For MySyde, I’d start with service highlights, FAQ-style education, and a clear next-step CTA.

You can choose whatever is easiest:
1. Reply YES and I’ll finish the $100 package.
2. Ask me anything first.
3. If you already know you want it, you can use the PayPal invoice here: https://www.paypal.com/invoice/p/#7T6DC9A6WFH3XXCT

If it isn’t useful, that’s completely fine — reply “no thanks” and I won’t follow up again.

Thanks,
Anastaysia",167-v6-mysyde.jpg,167-v6-mysyde.eml,"Absolutely — I can finish the full local-business community platform content package for MySyde. It’s $100 one time, with no subscription or contract. PayPal invoice: https://www.paypal.com/invoice/p/#7T6DC9A6WFH3XXCT

Once payment is confirmed, I’ll build the complete set around service highlights, FAQ-style education, and a clear next-step CTA unless you want me to prioritize something else.

– Anastaysia","It’s $100 total, one time — not per post and not monthly. You keep the 10 posts, custom graphics, customer follow-up messages, review/message replies and CTA copy.","The attached sample was made specifically for MySyde around local-business community platform. That is the direction I’d use for the finished set, and I’ll keep every piece tied to the actual services rather than generic filler.","I’d make the finished set around service highlights, FAQ-style education, and a clear next-step CTA. You receive the words + graphics ready to copy, post or reuse, so you do not have to design or write them yourself.","No problem. I’ll leave the sample with you. If timing changes, reply here and I can pick it back up. I won’t keep chasing you.","Hi MySyde team — one quick follow-up on the private local-business community platform sample I attached. If you want me to finish the full $100 set, reply YES. If not, no worries and I won’t follow up again.

– Anastaysia","Hi — I made a private local-business community platform sample for MySyde, but the public email I tried bounced. What business email should I send the preview to?

– Anastaysia","Thanks — payment is confirmed. I’m building the MySyde package around service highlights, FAQ-style education, and a clear next-step CTA. I’ll send the finished files in this email thread when they’re ready.

– Anastaysia","Hi MySyde team — your finished $100 content package is ready. I’ve organized the posts, graphics, follow-up copy, review/message replies and CTAs so they’re easy to reuse. If you want a different service emphasized in a future set, reply here.

– Anastaysia",New,,,
V6,168,336,Panthera Prints,"Santa Clara, CA","DTF transfers, UV DTF stickers and custom printing",70,Priority-ranked; timing is not guaranteed,info@pantheraprints.com,https://pantheraprints.com/,650-603-1715,https://pantheraprints.com/,2026-09-13,"Current owned site lists Santa Clara address, public email/phone, active March 2026 educational content and printing products.","dtf transfers, uv dtf stickers and custom printing","Panthera Prints serves small and bulk custom-print orders and publishes educational material about transfer types, color modes and application; buyer guides and use-case content fit naturally with its ecommerce model.","Panthera Prints serves small and bulk custom-print orders and publishes educational material about transfer types, color modes and application; buyer guides and use-case content fit naturally with its ecommerce model. The $100 package is useful here because it turns those existing services into clear, reusable customer-facing content without requiring the business to write or design the pieces itself.","Made this dtf transfers, uv dtf stickers and custom printing preview for Panthera Prints","Hi Panthera Prints team,

I came across your business and noticed panthera Prints serves small and bulk custom-print orders and publishes educational material about transfer types, color modes and application; buyer guides and use-case content fit naturally with its ecommerce model. I made the attached private preview specifically around that part of the business.

If you like the direction, the full package is $100 one time. It includes 10 ready-to-post business posts, custom graphics, customer follow-up messages, review/customer-message replies, stronger calls-to-action, and content organized around your real services. Everything is delivered ready to use; there’s no subscription or contract.

For Panthera Prints, I’d start with service highlights, FAQ-style education, and a clear next-step CTA.

You can choose whatever is easiest:
1. Reply YES and I’ll finish the $100 package.
2. Ask me anything first.
3. If you already know you want it, you can use the PayPal invoice here: https://www.paypal.com/invoice/p/#7T6DC9A6WFH3XXCT

If it isn’t useful, that’s completely fine — reply “no thanks” and I won’t follow up again.

Thanks,
Anastaysia",168-v6-panthera-prints.jpg,168-v6-panthera-prints.eml,"Absolutely — I can finish the full dtf transfers, uv dtf stickers and custom printing content package for Panthera Prints. It’s $100 one time, with no subscription or contract. PayPal invoice: https://www.paypal.com/invoice/p/#7T6DC9A6WFH3XXCT

Once payment is confirmed, I’ll build the complete set around service highlights, FAQ-style education, and a clear next-step CTA unless you want me to prioritize something else.

– Anastaysia","It’s $100 total, one time — not per post and not monthly. You keep the 10 posts, custom graphics, customer follow-up messages, review/message replies and CTA copy.","The attached sample was made specifically for Panthera Prints around dtf transfers, uv dtf stickers and custom printing. That is the direction I’d use for the finished set, and I’ll keep every piece tied to the actual services rather than generic filler.","I’d make the finished set around service highlights, FAQ-style education, and a clear next-step CTA. You receive the words + graphics ready to copy, post or reuse, so you do not have to design or write them yourself.","No problem. I’ll leave the sample with you. If timing changes, reply here and I can pick it back up. I won’t keep chasing you.","Hi Panthera Prints team — one quick follow-up on the private dtf transfers, uv dtf stickers and custom printing sample I attached. If you want me to finish the full $100 set, reply YES. If not, no worries and I won’t follow up again.

– Anastaysia","Hi — I made a private dtf transfers, uv dtf stickers and custom printing sample for Panthera Prints, but the public email I tried bounced. What business email should I send the preview to?

– Anastaysia","Thanks — payment is confirmed. I’m building the Panthera Prints package around service highlights, FAQ-style education, and a clear next-step CTA. I’ll send the finished files in this email thread when they’re ready.

– Anastaysia","Hi Panthera Prints team — your finished $100 content package is ready. I’ve organized the posts, graphics, follow-up copy, review/message replies and CTAs so they’re easy to reuse. If you want a different service emphasized in a future set, reply here.

– Anastaysia",New,,,
V6,169,338,Paws & Claws Pet Sitting and Dog Walking,"Sunnyvale, CA",Pet sitting and dog walking,70,Priority-ranked; timing is not guaranteed,hello@pawsandclaws.pet,https://pawsandclaws.pet/,(408) 752-2997,https://pawsandclaws.pet/contact-us/,2026-09-16,Current owned contact page publishes hello@pawsandclaws.pet and Sunnyvale location.,pet sitting and dog walking,"Current owned site offers dog walking, cat sitting and overnight care across Sunnyvale, Mountain View, Cupertino, Santa Clara and West San Jose; onboarding and service-selection content can reduce uncertainty for pet owners.","Current owned site offers dog walking, cat sitting and overnight care across Sunnyvale, Mountain View, Cupertino, Santa Clara and West San Jose; onboarding and service-selection content can reduce uncertainty for pet owners. The $100 package is useful here because it turns those existing services into clear, reusable customer-facing content without requiring the business to write or design the pieces itself.",Made this pet sitting and dog walking preview for Paws & Claws Pet Sitting and Dog Walking,"Hi Paws & Claws Pet Sitting and Dog Walking team,

I came across your business and noticed current owned site offers dog walking, cat sitting and overnight care across Sunnyvale, Mountain View, Cupertino, Santa Clara and West San Jose; onboarding and service-selection content can reduce uncertainty for pet owners. I made the attached private preview specifically around that part of the business.

If you like the direction, the full package is $100 one time. It includes 10 ready-to-post business posts, custom graphics, customer follow-up messages, review/customer-message replies, stronger calls-to-action, and content organized around your real services. Everything is delivered ready to use; there’s no subscription or contract.

For Paws & Claws Pet Sitting and Dog Walking, I’d start with service highlights, FAQ-style education, and a clear next-step CTA.

You can choose whatever is easiest:
1. Reply YES and I’ll finish the $100 package.
2. Ask me anything first.
3. If you already know you want it, you can use the PayPal invoice here: https://www.paypal.com/invoice/p/#7T6DC9A6WFH3XXCT

If it isn’t useful, that’s completely fine — reply “no thanks” and I won’t follow up again.

Thanks,
Anastaysia",169-v6-paws-claws-pet-sitting-and-dog-walking.jpg,169-v6-paws-claws-pet-sitting-and-dog-walking.eml,"Absolutely — I can finish the full pet sitting and dog walking content package for Paws & Claws Pet Sitting and Dog Walking. It’s $100 one time, with no subscription or contract. PayPal invoice: https://www.paypal.com/invoice/p/#7T6DC9A6WFH3XXCT

Once payment is confirmed, I’ll build the complete set around service highlights, FAQ-style education, and a clear next-step CTA unless you want me to prioritize something else.

– Anastaysia","It’s $100 total, one time — not per post and not monthly. You keep the 10 posts, custom graphics, customer follow-up messages, review/message replies and CTA copy.","The attached sample was made specifically for Paws & Claws Pet Sitting and Dog Walking around pet sitting and dog walking. That is the direction I’d use for the finished set, and I’ll keep every piece tied to the actual services rather than generic filler.","I’d make the finished set around service highlights, FAQ-style education, and a clear next-step CTA. You receive the words + graphics ready to copy, post or reuse, so you do not have to design or write them yourself.","No problem. I’ll leave the sample with you. If timing changes, reply here and I can pick it back up. I won’t keep chasing you.","Hi Paws & Claws Pet Sitting and Dog Walking team — one quick follow-up on the private pet sitting and dog walking sample I attached. If you want me to finish the full $100 set, reply YES. If not, no worries and I won’t follow up again.

– Anastaysia","Hi — I made a private pet sitting and dog walking sample for Paws & Claws Pet Sitting and Dog Walking, but the public email I tried bounced. What business email should I send the preview to?

– Anastaysia","Thanks — payment is confirmed. I’m building the Paws & Claws Pet Sitting and Dog Walking package around service highlights, FAQ-style education, and a clear next-step CTA. I’ll send the finished files in this email thread when they’re ready.

– Anastaysia","Hi Paws & Claws Pet Sitting and Dog Walking team — your finished $100 content package is ready. I’ve organized the posts, graphics, follow-up copy, review/message replies and CTAs so they’re easy to reuse. If you want a different service emphasized in a future set, reply here.

– Anastaysia",New,,,
V6,170,340,Playful People Productions,"San Jose, CA","Theater classes, camps and performances",70,Priority-ranked; timing is not guaranteed,office@playfulpeople.org,https://playfulpeople.org/,408-878-5362,https://playfulpeople.org/contact-us/,2026-09-16,"Current owned contact page publishes Historic Hoover Theater San Jose location, office@playfulpeople.org and phone.","theater classes, camps and performances","Playful People offers youth/adult classes, camps and multigenerational productions; class-vs-show, registration and first-visit content can clarify how families participate.","Playful People offers youth/adult classes, camps and multigenerational productions; class-vs-show, registration and first-visit content can clarify how families participate. The $100 package is useful here because it turns those existing services into clear, reusable customer-facing content without requiring the business to write or design the pieces itself.","Made this theater classes, camps and performances preview for Playful People Productions","Hi Playful People Productions team,

I came across your business and noticed playful People offers youth/adult classes, camps and multigenerational productions; class-vs-show, registration and first-visit content can clarify how families participate. I made the attached private preview specifically around that part of the business.

If you like the direction, the full package is $100 one time. It includes 10 ready-to-post business posts, custom graphics, customer follow-up messages, review/customer-message replies, stronger calls-to-action, and content organized around your real services. Everything is delivered ready to use; there’s no subscription or contract.

For Playful People Productions, I’d start with service highlights, FAQ-style education, and a clear next-step CTA.

You can choose whatever is easiest:
1. Reply YES and I’ll finish the $100 package.
2. Ask me anything first.
3. If you already know you want it, you can use the PayPal invoice here: https://www.paypal.com/invoice/p/#7T6DC9A6WFH3XXCT

If it isn’t useful, that’s completely fine — reply “no thanks” and I won’t follow up again.

Thanks,
Anastaysia",170-v6-playful-people-productions.jpg,170-v6-playful-people-productions.eml,"Absolutely — I can finish the full theater classes, camps and performances content package for Playful People Productions. It’s $100 one time, with no subscription or contract. PayPal invoice: https://www.paypal.com/invoice/p/#7T6DC9A6WFH3XXCT

Once payment is confirmed, I’ll build the complete set around service highlights, FAQ-style education, and a clear next-step CTA unless you want me to prioritize something else.

– Anastaysia","It’s $100 total, one time — not per post and not monthly. You keep the 10 posts, custom graphics, customer follow-up messages, review/message replies and CTA copy.","The attached sample was made specifically for Playful People Productions around theater classes, camps and performances. That is the direction I’d use for the finished set, and I’ll keep every piece tied to the actual services rather than generic filler.","I’d make the finished set around service highlights, FAQ-style education, and a clear next-step CTA. You receive the words + graphics ready to copy, post or reuse, so you do not have to design or write them yourself.","No problem. I’ll leave the sample with you. If timing changes, reply here and I can pick it back up. I won’t keep chasing you.","Hi Playful People Productions team — one quick follow-up on the private theater classes, camps and performances sample I attached. If you want me to finish the full $100 set, reply YES. If not, no worries and I won’t follow up again.

– Anastaysia","Hi — I made a private theater classes, camps and performances sample for Playful People Productions, but the public email I tried bounced. What business email should I send the preview to?

– Anastaysia","Thanks — payment is confirmed. I’m building the Playful People Productions package around service highlights, FAQ-style education, and a clear next-step CTA. I’ll send the finished files in this email thread when they’re ready.

– Anastaysia","Hi Playful People Productions team — your finished $100 content package is ready. I’ve organized the posts, graphics, follow-up copy, review/message replies and CTAs so they’re easy to reuse. If you want a different service emphasized in a future set, reply here.

– Anastaysia",New,,,
V6,171,342,Post N Print,"Morgan Hill, CA","Printing, shipping, mailboxes and business services",70,Priority-ranked; timing is not guaranteed,info@postnprint.com,https://www.postnprint.com/,408-416-5559,https://www.postnprint.com/Contact-Us,2026-09-16,"Current owned site and California DOJ listing publish Morgan Hill address, exact email/phone and active services.","printing, shipping, mailboxes and business services","Post N Print bundles printing, packing/shipping, mailbox, live-scan and document services; service-selector content can help customers understand a broad local business center.","Post N Print bundles printing, packing/shipping, mailbox, live-scan and document services; service-selector content can help customers understand a broad local business center. The $100 package is useful here because it turns those existing services into clear, reusable customer-facing content without requiring the business to write or design the pieces itself.","Made this printing, shipping, mailboxes and business services preview for Post N Print","Hi Post N Print team,

I came across your business and noticed post N Print bundles printing, packing/shipping, mailbox, live-scan and document services; service-selector content can help customers understand a broad local business center. I made the attached private preview specifically around that part of the business.

If you like the direction, the full package is $100 one time. It includes 10 ready-to-post business posts, custom graphics, customer follow-up messages, review/customer-message replies, stronger calls-to-action, and content organized around your real services. Everything is delivered ready to use; there’s no subscription or contract.

For Post N Print, I’d start with service highlights, FAQ-style education, and a clear next-step CTA.

You can choose whatever is easiest:
1. Reply YES and I’ll finish the $100 package.
2. Ask me anything first.
3. If you already know you want it, you can use the PayPal invoice here: https://www.paypal.com/invoice/p/#7T6DC9A6WFH3XXCT

If it isn’t useful, that’s completely fine — reply “no thanks” and I won’t follow up again.

Thanks,
Anastaysia",171-v6-post-n-print.jpg,171-v6-post-n-print.eml,"Absolutely — I can finish the full printing, shipping, mailboxes and business services content package for Post N Print. It’s $100 one time, with no subscription or contract. PayPal invoice: https://www.paypal.com/invoice/p/#7T6DC9A6WFH3XXCT

Once payment is confirmed, I’ll build the complete set around service highlights, FAQ-style education, and a clear next-step CTA unless you want me to prioritize something else.

– Anastaysia","It’s $100 total, one time — not per post and not monthly. You keep the 10 posts, custom graphics, customer follow-up messages, review/message replies and CTA copy.","The attached sample was made specifically for Post N Print around printing, shipping, mailboxes and business services. That is the direction I’d use for the finished set, and I’ll keep every piece tied to the actual services rather than generic filler.","I’d make the finished set around service highlights, FAQ-style education, and a clear next-step CTA. You receive the words + graphics ready to copy, post or reuse, so you do not have to design or write them yourself.","No problem. I’ll leave the sample with you. If timing changes, reply here and I can pick it back up. I won’t keep chasing you.","Hi Post N Print team — one quick follow-up on the private printing, shipping, mailboxes and business services sample I attached. If you want me to finish the full $100 set, reply YES. If not, no worries and I won’t follow up again.

– Anastaysia","Hi — I made a private printing, shipping, mailboxes and business services sample for Post N Print, but the public email I tried bounced. What business email should I send the preview to?

– Anastaysia","Thanks — payment is confirmed. I’m building the Post N Print package around service highlights, FAQ-style education, and a clear next-step CTA. I’ll send the finished files in this email thread when they’re ready.

– Anastaysia","Hi Post N Print team — your finished $100 content package is ready. I’ve organized the posts, graphics, follow-up copy, review/message replies and CTAs so they’re easy to reuse. If you want a different service emphasized in a future set, reply here.

– Anastaysia",New,,,
V6,172,344,Prospectors Property Management,"Morgan Hill, CA",Residential property management,70,Priority-ranked; timing is not guaranteed,info@ppmrental.com,https://www.ppmrental.com/,408-779-0111,https://www.ppmrental.com/contact-us,2026-09-13,"Current official contact page publishes Morgan Hill address, public email and phone; service-area and property-management pages confirm active local owner/tenant services.",residential property management,"Prospectors handles leasing, tenant relations, maintenance, portals and owner services across Morgan Hill and surrounding communities; owner-facing educational content can explain what full-service management actually removes from a landlord's workload.","Prospectors handles leasing, tenant relations, maintenance, portals and owner services across Morgan Hill and surrounding communities; owner-facing educational content can explain what full-service management actually removes from a landlord's workload. The $100 package is useful here because it turns those existing services into clear, reusable customer-facing content without requiring the business to write or design the pieces itself.",Made this residential property management preview for Prospectors Property Management,"Hi Prospectors Property Management team,

I came across your business and noticed prospectors handles leasing, tenant relations, maintenance, portals and owner services across Morgan Hill and surrounding communities; owner-facing educational content can explain what full-service management actually removes from a landlord's workload. I made the attached private preview specifically around that part of the business.

If you like the direction, the full package is $100 one time. It includes 10 ready-to-post business posts, custom graphics, customer follow-up messages, review/customer-message replies, stronger calls-to-action, and content organized around your real services. Everything is delivered ready to use; there’s no subscription or contract.

For Prospectors Property Management, I’d start with service highlights, FAQ-style education, and a clear next-step CTA.

You can choose whatever is easiest:
1. Reply YES and I’ll finish the $100 package.
2. Ask me anything first.
3. If you already know you want it, you can use the PayPal invoice here: https://www.paypal.com/invoice/p/#7T6DC9A6WFH3XXCT

If it isn’t useful, that’s completely fine — reply “no thanks” and I won’t follow up again.

Thanks,
Anastaysia",172-v6-prospectors-property-management.jpg,172-v6-prospectors-property-management.eml,"Absolutely — I can finish the full residential property management content package for Prospectors Property Management. It’s $100 one time, with no subscription or contract. PayPal invoice: https://www.paypal.com/invoice/p/#7T6DC9A6WFH3XXCT

Once payment is confirmed, I’ll build the complete set around service highlights, FAQ-style education, and a clear next-step CTA unless you want me to prioritize something else.

– Anastaysia","It’s $100 total, one time — not per post and not monthly. You keep the 10 posts, custom graphics, customer follow-up messages, review/message replies and CTA copy.","The attached sample was made specifically for Prospectors Property Management around residential property management. That is the direction I’d use for the finished set, and I’ll keep every piece tied to the actual services rather than generic filler.","I’d make the finished set around service highlights, FAQ-style education, and a clear next-step CTA. You receive the words + graphics ready to copy, post or reuse, so you do not have to design or write them yourself.","No problem. I’ll leave the sample with you. If timing changes, reply here and I can pick it back up. I won’t keep chasing you.","Hi Prospectors Property Management team — one quick follow-up on the private residential property management sample I attached. If you want me to finish the full $100 set, reply YES. If not, no worries and I won’t follow up again.

– Anastaysia","Hi — I made a private residential property management sample for Prospectors Property Management, but the public email I tried bounced. What business email should I send the preview to?

– Anastaysia","Thanks — payment is confirmed. I’m building the Prospectors Property Management package around service highlights, FAQ-style education, and a clear next-step CTA. I’ll send the finished files in this email thread when they’re ready.

– Anastaysia","Hi Prospectors Property Management team — your finished $100 content package is ready. I’ve organized the posts, graphics, follow-up copy, review/message replies and CTAs so they’re easy to reuse. If you want a different service emphasized in a future set, reply here.

– Anastaysia",New,,,
V6,173,346,Ramos Furniture,"San Jose / Santa Clara, CA","Furniture retail, delivery and setup",70,Priority-ranked; timing is not guaranteed,online@ramosfurniture.com,https://www.ramosfurniture.com/,408-293-9930,https://www.ramosfurniture.com/showrooms,2026-09-16,"Current owned site lists active San Jose and Santa Clara showrooms, public online inbox and current retail/delivery paths.","furniture retail, delivery and setup","Ramos supports showroom shopping, online browsing, special orders, delivery/setup and bilingual service; buyer guides can help customers compare room, size and fulfillment choices.","Ramos supports showroom shopping, online browsing, special orders, delivery/setup and bilingual service; buyer guides can help customers compare room, size and fulfillment choices. The $100 package is useful here because it turns those existing services into clear, reusable customer-facing content without requiring the business to write or design the pieces itself.","Made this furniture retail, delivery and setup preview for Ramos Furniture","Hi Ramos Furniture team,

I came across your business and noticed ramos supports showroom shopping, online browsing, special orders, delivery/setup and bilingual service; buyer guides can help customers compare room, size and fulfillment choices. I made the attached private preview specifically around that part of the business.

If you like the direction, the full package is $100 one time. It includes 10 ready-to-post business posts, custom graphics, customer follow-up messages, review/customer-message replies, stronger calls-to-action, and content organized around your real services. Everything is delivered ready to use; there’s no subscription or contract.

For Ramos Furniture, I’d start with before/after process content, service-selection guidance, and quote CTAs.

You can choose whatever is easiest:
1. Reply YES and I’ll finish the $100 package.
2. Ask me anything first.
3. If you already know you want it, you can use the PayPal invoice here: https://www.paypal.com/invoice/p/#7T6DC9A6WFH3XXCT

If it isn’t useful, that’s completely fine — reply “no thanks” and I won’t follow up again.

Thanks,
Anastaysia",173-v6-ramos-furniture.jpg,173-v6-ramos-furniture.eml,"Absolutely — I can finish the full furniture retail, delivery and setup content package for Ramos Furniture. It’s $100 one time, with no subscription or contract. PayPal invoice: https://www.paypal.com/invoice/p/#7T6DC9A6WFH3XXCT

Once payment is confirmed, I’ll build the complete set around before/after process content, service-selection guidance, and quote CTAs unless you want me to prioritize something else.

– Anastaysia","It’s $100 total, one time — not per post and not monthly. You keep the 10 posts, custom graphics, customer follow-up messages, review/message replies and CTA copy.","The attached sample was made specifically for Ramos Furniture around furniture retail, delivery and setup. That is the direction I’d use for the finished set, and I’ll keep every piece tied to the actual services rather than generic filler.","I’d make the finished set around before/after process content, service-selection guidance, and quote CTAs. You receive the words + graphics ready to copy, post or reuse, so you do not have to design or write them yourself.","No problem. I’ll leave the sample with you. If timing changes, reply here and I can pick it back up. I won’t keep chasing you.","Hi Ramos Furniture team — one quick follow-up on the private furniture retail, delivery and setup sample I attached. If you want me to finish the full $100 set, reply YES. If not, no worries and I won’t follow up again.

– Anastaysia","Hi — I made a private furniture retail, delivery and setup sample for Ramos Furniture, but the public email I tried bounced. What business email should I send the preview to?

– Anastaysia","Thanks — payment is confirmed. I’m building the Ramos Furniture package around before/after process content, service-selection guidance, and quote CTAs. I’ll send the finished files in this email thread when they’re ready.

– Anastaysia","Hi Ramos Furniture team — your finished $100 content package is ready. I’ve organized the posts, graphics, follow-up copy, review/message replies and CTAs so they’re easy to reuse. If you want a different service emphasized in a future set, reply here.

– Anastaysia",New,,,
V6,174,348,Salas Cleaning Services,"San Jose, CA",Residential and commercial cleaning,70,Priority-ranked; timing is not guaranteed,info@salascleaningservices.com,https://salascleaningservices.com/,408-600-7286,https://salascleaningservices.com/,2026-09-13,"Current owned site lists San Jose, public email/phone, extensive cleaning services and 2026 copyright.",residential and commercial cleaning,"Salas publishes a wide service menu including residential, commercial, Airbnb, office, post-construction and deep cleaning; a simple service-selector content series can help prospects choose the right cleaning scope.","Salas publishes a wide service menu including residential, commercial, Airbnb, office, post-construction and deep cleaning; a simple service-selector content series can help prospects choose the right cleaning scope. The $100 package is useful here because it turns those existing services into clear, reusable customer-facing content without requiring the business to write or design the pieces itself.",Made this residential and commercial cleaning preview for Salas Cleaning Services,"Hi Salas Cleaning Services team,

I came across your business and noticed salas publishes a wide service menu including residential, commercial, Airbnb, office, post-construction and deep cleaning; a simple service-selector content series can help prospects choose the right cleaning scope. I made the attached private preview specifically around that part of the business.

If you like the direction, the full package is $100 one time. It includes 10 ready-to-post business posts, custom graphics, customer follow-up messages, review/customer-message replies, stronger calls-to-action, and content organized around your real services. Everything is delivered ready to use; there’s no subscription or contract.

For Salas Cleaning Services, I’d start with before/after process content, service-selection guidance, and quote CTAs.

You can choose whatever is easiest:
1. Reply YES and I’ll finish the $100 package.
2. Ask me anything first.
3. If you already know you want it, you can use the PayPal invoice here: https://www.paypal.com/invoice/p/#7T6DC9A6WFH3XXCT

If it isn’t useful, that’s completely fine — reply “no thanks” and I won’t follow up again.

Thanks,
Anastaysia",174-v6-salas-cleaning-services.jpg,174-v6-salas-cleaning-services.eml,"Absolutely — I can finish the full residential and commercial cleaning content package for Salas Cleaning Services. It’s $100 one time, with no subscription or contract. PayPal invoice: https://www.paypal.com/invoice/p/#7T6DC9A6WFH3XXCT

Once payment is confirmed, I’ll build the complete set around before/after process content, service-selection guidance, and quote CTAs unless you want me to prioritize something else.

– Anastaysia","It’s $100 total, one time — not per post and not monthly. You keep the 10 posts, custom graphics, customer follow-up messages, review/message replies and CTA copy.","The attached sample was made specifically for Salas Cleaning Services around residential and commercial cleaning. That is the direction I’d use for the finished set, and I’ll keep every piece tied to the actual services rather than generic filler.","I’d make the finished set around before/after process content, service-selection guidance, and quote CTAs. You receive the words + graphics ready to copy, post or reuse, so you do not have to design or write them yourself.","No problem. I’ll leave the sample with you. If timing changes, reply here and I can pick it back up. I won’t keep chasing you.","Hi Salas Cleaning Services team — one quick follow-up on the private residential and commercial cleaning sample I attached. If you want me to finish the full $100 set, reply YES. If not, no worries and I won’t follow up again.

– Anastaysia","Hi — I made a private residential and commercial cleaning sample for Salas Cleaning Services, but the public email I tried bounced. What business email should I send the preview to?

– Anastaysia","Thanks — payment is confirmed. I’m building the Salas Cleaning Services package around before/after process content, service-selection guidance, and quote CTAs. I’ll send the finished files in this email thread when they’re ready.

– Anastaysia","Hi Salas Cleaning Services team — your finished $100 content package is ready. I’ve organized the posts, graphics, follow-up copy, review/message replies and CTAs so they’re easy to reuse. If you want a different service emphasized in a future set, reply here.

– Anastaysia",New,,,
V6,175,350,She She Boutique,"Los Gatos, CA","Women's clothing, shoes, accessories and gifts",70,Priority-ranked; timing is not guaranteed,customerservice@shesheshoes.com,https://she-she.com/,408-354-3355,https://she-she.com/pages/contact-us,2026-09-13,"Current owned site lists customerservice@shesheshoes.com, 408-354-3355 and 130 N Santa Cruz Ave Suite D, Los Gatos; current catalog shows thousands of active products.","women's clothing, shoes, accessories and gifts","She She carries a large mix of shoes, apparel, handbags, accessories and gifts with frequent new arrivals; seasonal, gift and category content could help local shoppers navigate the assortment.","She She carries a large mix of shoes, apparel, handbags, accessories and gifts with frequent new arrivals; seasonal, gift and category content could help local shoppers navigate the assortment. The $100 package is useful here because it turns those existing services into clear, reusable customer-facing content without requiring the business to write or design the pieces itself.","Made this women's clothing, shoes, accessories and gifts preview for She She Boutique","Hi She She Boutique team,

I came across your business and noticed she She carries a large mix of shoes, apparel, handbags, accessories and gifts with frequent new arrivals; seasonal, gift and category content could help local shoppers navigate the assortment. I made the attached private preview specifically around that part of the business.

If you like the direction, the full package is $100 one time. It includes 10 ready-to-post business posts, custom graphics, customer follow-up messages, review/customer-message replies, stronger calls-to-action, and content organized around your real services. Everything is delivered ready to use; there’s no subscription or contract.

For She She Boutique, I’d start with service highlights, FAQ-style education, and a clear next-step CTA.

You can choose whatever is easiest:
1. Reply YES and I’ll finish the $100 package.
2. Ask me anything first.
3. If you already know you want it, you can use the PayPal invoice here: https://www.paypal.com/invoice/p/#7T6DC9A6WFH3XXCT

If it isn’t useful, that’s completely fine — reply “no thanks” and I won’t follow up again.

Thanks,
Anastaysia",175-v6-she-she-boutique.jpg,175-v6-she-she-boutique.eml,"Absolutely — I can finish the full women's clothing, shoes, accessories and gifts content package for She She Boutique. It’s $100 one time, with no subscription or contract. PayPal invoice: https://www.paypal.com/invoice/p/#7T6DC9A6WFH3XXCT

Once payment is confirmed, I’ll build the complete set around service highlights, FAQ-style education, and a clear next-step CTA unless you want me to prioritize something else.

– Anastaysia","It’s $100 total, one time — not per post and not monthly. You keep the 10 posts, custom graphics, customer follow-up messages, review/message replies and CTA copy.","The attached sample was made specifically for She She Boutique around women's clothing, shoes, accessories and gifts. That is the direction I’d use for the finished set, and I’ll keep every piece tied to the actual services rather than generic filler.","I’d make the finished set around service highlights, FAQ-style education, and a clear next-step CTA. You receive the words + graphics ready to copy, post or reuse, so you do not have to design or write them yourself.","No problem. I’ll leave the sample with you. If timing changes, reply here and I can pick it back up. I won’t keep chasing you.","Hi She She Boutique team — one quick follow-up on the private women's clothing, shoes, accessories and gifts sample I attached. If you want me to finish the full $100 set, reply YES. If not, no worries and I won’t follow up again.

– Anastaysia","Hi — I made a private women's clothing, shoes, accessories and gifts sample for She She Boutique, but the public email I tried bounced. What business email should I send the preview to?

– Anastaysia","Thanks — payment is confirmed. I’m building the She She Boutique package around service highlights, FAQ-style education, and a clear next-step CTA. I’ll send the finished files in this email thread when they’re ready.

– Anastaysia","Hi She She Boutique team — your finished $100 content package is ready. I’ve organized the posts, graphics, follow-up copy, review/message replies and CTAs so they’re easy to reuse. If you want a different service emphasized in a future set, reply here.

– Anastaysia",New,,,
V6,176,352,Sign My Signs,"Santa Clara, CA","Signs, graphics and large-format printing",70,Priority-ranked; timing is not guaranteed,info@signmysigns.com,https://signmysigns.com/,408-988-9988,https://www.storeboard.com/signmysigns/board,2026-09-15,"Current business listing crawled in 2026 publishes info@signmysigns.com, phone, Santa Clara address, website and service range; Chamber/public records corroborate the business.","signs, graphics and large-format printing",Sign My Signs offers many signage formats and installation services; a use-case selector can help businesses choose the right format without guessing from a long product list.,"Sign My Signs offers many signage formats and installation services; a use-case selector can help businesses choose the right format without guessing from a long product list. The $100 package is useful here because it turns those existing services into clear, reusable customer-facing content without requiring the business to write or design the pieces itself.","Made this signs, graphics and large-format printing preview for Sign My Signs","Hi Sign My Signs team,

I came across your business and noticed sign My Signs offers many signage formats and installation services; a use-case selector can help businesses choose the right format without guessing from a long product list. I made the attached private preview specifically around that part of the business.

If you like the direction, the full package is $100 one time. It includes 10 ready-to-post business posts, custom graphics, customer follow-up messages, review/customer-message replies, stronger calls-to-action, and content organized around your real services. Everything is delivered ready to use; there’s no subscription or contract.

For Sign My Signs, I’d start with service highlights, FAQ-style education, and a clear next-step CTA.

You can choose whatever is easiest:
1. Reply YES and I’ll finish the $100 package.
2. Ask me anything first.
3. If you already know you want it, you can use the PayPal invoice here: https://www.paypal.com/invoice/p/#7T6DC9A6WFH3XXCT

If it isn’t useful, that’s completely fine — reply “no thanks” and I won’t follow up again.

Thanks,
Anastaysia",176-v6-sign-my-signs.jpg,176-v6-sign-my-signs.eml,"Absolutely — I can finish the full signs, graphics and large-format printing content package for Sign My Signs. It’s $100 one time, with no subscription or contract. PayPal invoice: https://www.paypal.com/invoice/p/#7T6DC9A6WFH3XXCT

Once payment is confirmed, I’ll build the complete set around service highlights, FAQ-style education, and a clear next-step CTA unless you want me to prioritize something else.

– Anastaysia","It’s $100 total, one time — not per post and not monthly. You keep the 10 posts, custom graphics, customer follow-up messages, review/message replies and CTA copy.","The attached sample was made specifically for Sign My Signs around signs, graphics and large-format printing. That is the direction I’d use for the finished set, and I’ll keep every piece tied to the actual services rather than generic filler.","I’d make the finished set around service highlights, FAQ-style education, and a clear next-step CTA. You receive the words + graphics ready to copy, post or reuse, so you do not have to design or write them yourself.","No problem. I’ll leave the sample with you. If timing changes, reply here and I can pick it back up. I won’t keep chasing you.","Hi Sign My Signs team — one quick follow-up on the private signs, graphics and large-format printing sample I attached. If you want me to finish the full $100 set, reply YES. If not, no worries and I won’t follow up again.

– Anastaysia","Hi — I made a private signs, graphics and large-format printing sample for Sign My Signs, but the public email I tried bounced. What business email should I send the preview to?

– Anastaysia","Thanks — payment is confirmed. I’m building the Sign My Signs package around service highlights, FAQ-style education, and a clear next-step CTA. I’ll send the finished files in this email thread when they’re ready.

– Anastaysia","Hi Sign My Signs team — your finished $100 content package is ready. I’ve organized the posts, graphics, follow-up copy, review/message replies and CTAs so they’re easy to reuse. If you want a different service emphasized in a future set, reply here.

– Anastaysia",New,,,
V6,177,354,Sunnyvale Martial Arts Academy,"Sunnyvale, CA",Martial arts instruction,70,Priority-ranked; timing is not guaranteed,Frontdesk@sunnyvalemaa.com,https://www.sunnyvalemaa.com/,408-773-8095,https://www.sunnyvalemaa.com/SocialSite/contactus,2026-09-13,"Current owned contact and schedule pages publish Frontdesk@sunnyvalemaa.com, 408-773-8095 and Sunnyvale facilities for Tae Kwon Do and Jiu Jitsu.",martial arts instruction,Sunnyvale Martial Arts Academy separates Tae Kwon Do and Jiu Jitsu programs and publishes beginner schedules plus an introductory offer; program-selection and first-class-expectation content could make enrollment easier without promising personal-development outcomes.,"Sunnyvale Martial Arts Academy separates Tae Kwon Do and Jiu Jitsu programs and publishes beginner schedules plus an introductory offer; program-selection and first-class-expectation content could make enrollment easier without promising personal-development outcomes. The $100 package is useful here because it turns those existing services into clear, reusable customer-facing content without requiring the business to write or design the pieces itself.",Made this martial arts instruction preview for Sunnyvale Martial Arts Academy,"Hi Sunnyvale Martial Arts Academy team,

I came across your business and noticed sunnyvale Martial Arts Academy separates Tae Kwon Do and Jiu Jitsu programs and publishes beginner schedules plus an introductory offer; program-selection and first-class-expectation content could make enrollment easier without promising personal-development outcomes. I made the attached private preview specifically around that part of the business.

If you like the direction, the full package is $100 one time. It includes 10 ready-to-post business posts, custom graphics, customer follow-up messages, review/customer-message replies, stronger calls-to-action, and content organized around your real services. Everything is delivered ready to use; there’s no subscription or contract.

For Sunnyvale Martial Arts Academy, I’d start with program/service selection, first-visit guidance, and booking CTAs.

You can choose whatever is easiest:
1. Reply YES and I’ll finish the $100 package.
2. Ask me anything first.
3. If you already know you want it, you can use the PayPal invoice here: https://www.paypal.com/invoice/p/#7T6DC9A6WFH3XXCT

If it isn’t useful, that’s completely fine — reply “no thanks” and I won’t follow up again.

Thanks,
Anastaysia",177-v6-sunnyvale-martial-arts-academy.jpg,177-v6-sunnyvale-martial-arts-academy.eml,"Absolutely — I can finish the full martial arts instruction content package for Sunnyvale Martial Arts Academy. It’s $100 one time, with no subscription or contract. PayPal invoice: https://www.paypal.com/invoice/p/#7T6DC9A6WFH3XXCT

Once payment is confirmed, I’ll build the complete set around program/service selection, first-visit guidance, and booking CTAs unless you want me to prioritize something else.

– Anastaysia","It’s $100 total, one time — not per post and not monthly. You keep the 10 posts, custom graphics, customer follow-up messages, review/message replies and CTA copy.","The attached sample was made specifically for Sunnyvale Martial Arts Academy around martial arts instruction. That is the direction I’d use for the finished set, and I’ll keep every piece tied to the actual services rather than generic filler.","I’d make the finished set around program/service selection, first-visit guidance, and booking CTAs. You receive the words + graphics ready to copy, post or reuse, so you do not have to design or write them yourself.","No problem. I’ll leave the sample with you. If timing changes, reply here and I can pick it back up. I won’t keep chasing you.","Hi Sunnyvale Martial Arts Academy team — one quick follow-up on the private martial arts instruction sample I attached. If you want me to finish the full $100 set, reply YES. If not, no worries and I won’t follow up again.

– Anastaysia","Hi — I made a private martial arts instruction sample for Sunnyvale Martial Arts Academy, but the public email I tried bounced. What business email should I send the preview to?

– Anastaysia","Thanks — payment is confirmed. I’m building the Sunnyvale Martial Arts Academy package around program/service selection, first-visit guidance, and booking CTAs. I’ll send the finished files in this email thread when they’re ready.

– Anastaysia","Hi Sunnyvale Martial Arts Academy team — your finished $100 content package is ready. I’ve organized the posts, graphics, follow-up copy, review/message replies and CTAs so they’re easy to reuse. If you want a different service emphasized in a future set, reply here.

– Anastaysia",New,,,
V6,178,356,The 5th Element Fitness,"Morgan Hill, CA",Fitness gym and training,70,Priority-ranked; timing is not guaranteed,info@the5thelementfitness.com,https://the5thelementfitness.com/,408-202-4921,https://the5thelementfitness.com/,2026-09-13,"Current owned site lists 16195 Condit Rd, Morgan Hill, info@the5thelementfitness.com and 408-202-4921.",fitness gym and training,"The gym publishes programs, membership questions and a first-visit pathway; simple program, drop-in, membership and getting-started explainers can reduce uncertainty without promising fitness results.","The gym publishes programs, membership questions and a first-visit pathway; simple program, drop-in, membership and getting-started explainers can reduce uncertainty without promising fitness results. The $100 package is useful here because it turns those existing services into clear, reusable customer-facing content without requiring the business to write or design the pieces itself.",Made this fitness gym and training preview for The 5th Element Fitness,"Hi The 5th Element Fitness team,

I came across your business and noticed the gym publishes programs, membership questions and a first-visit pathway; simple program, drop-in, membership and getting-started explainers can reduce uncertainty without promising fitness results. I made the attached private preview specifically around that part of the business.

If you like the direction, the full package is $100 one time. It includes 10 ready-to-post business posts, custom graphics, customer follow-up messages, review/customer-message replies, stronger calls-to-action, and content organized around your real services. Everything is delivered ready to use; there’s no subscription or contract.

For The 5th Element Fitness, I’d start with program/service selection, first-visit guidance, and booking CTAs.

You can choose whatever is easiest:
1. Reply YES and I’ll finish the $100 package.
2. Ask me anything first.
3. If you already know you want it, you can use the PayPal invoice here: https://www.paypal.com/invoice/p/#7T6DC9A6WFH3XXCT

If it isn’t useful, that’s completely fine — reply “no thanks” and I won’t follow up again.

Thanks,
Anastaysia",178-v6-the-5th-element-fitness.jpg,178-v6-the-5th-element-fitness.eml,"Absolutely — I can finish the full fitness gym and training content package for The 5th Element Fitness. It’s $100 one time, with no subscription or contract. PayPal invoice: https://www.paypal.com/invoice/p/#7T6DC9A6WFH3XXCT

Once payment is confirmed, I’ll build the complete set around program/service selection, first-visit guidance, and booking CTAs unless you want me to prioritize something else.

– Anastaysia","It’s $100 total, one time — not per post and not monthly. You keep the 10 posts, custom graphics, customer follow-up messages, review/message replies and CTA copy.","The attached sample was made specifically for The 5th Element Fitness around fitness gym and training. That is the direction I’d use for the finished set, and I’ll keep every piece tied to the actual services rather than generic filler.","I’d make the finished set around program/service selection, first-visit guidance, and booking CTAs. You receive the words + graphics ready to copy, post or reuse, so you do not have to design or write them yourself.","No problem. I’ll leave the sample with you. If timing changes, reply here and I can pick it back up. I won’t keep chasing you.","Hi The 5th Element Fitness team — one quick follow-up on the private fitness gym and training sample I attached. If you want me to finish the full $100 set, reply YES. If not, no worries and I won’t follow up again.

– Anastaysia","Hi — I made a private fitness gym and training sample for The 5th Element Fitness, but the public email I tried bounced. What business email should I send the preview to?

– Anastaysia","Thanks — payment is confirmed. I’m building the The 5th Element Fitness package around program/service selection, first-visit guidance, and booking CTAs. I’ll send the finished files in this email thread when they’re ready.

– Anastaysia","Hi The 5th Element Fitness team — your finished $100 content package is ready. I’ve organized the posts, graphics, follow-up copy, review/message replies and CTAs so they’re easy to reuse. If you want a different service emphasized in a future set, reply here.

– Anastaysia",New,,,
V6,179,358,The Garlic Shoppe,"Gilroy, CA",Specialty garlic retail and e-commerce,70,Priority-ranked; timing is not guaranteed,info@garlicshoppe.com,https://garlicshoppe.com/,408-848-3646,https://garlicshoppe.com/pages/contact,2026-09-13,"Current owned contact page publishes info@garlicshoppe.com, 408-848-3646, Gilroy physical and mailing addresses and current store hours.",specialty garlic retail and e-commerce,"The Garlic Shoppe combines a physical Gilroy store with online ordering and a distinctive local-product identity; product-use, gift, seasonal and store-visit content could create many concrete promotional angles without inventing demand.","The Garlic Shoppe combines a physical Gilroy store with online ordering and a distinctive local-product identity; product-use, gift, seasonal and store-visit content could create many concrete promotional angles without inventing demand. The $100 package is useful here because it turns those existing services into clear, reusable customer-facing content without requiring the business to write or design the pieces itself.",Made this specialty garlic retail and e-commerce preview for The Garlic Shoppe,"Hi The Garlic Shoppe team,

I came across your business and noticed the Garlic Shoppe combines a physical Gilroy store with online ordering and a distinctive local-product identity; product-use, gift, seasonal and store-visit content could create many concrete promotional angles without inventing demand. I made the attached private preview specifically around that part of the business.

If you like the direction, the full package is $100 one time. It includes 10 ready-to-post business posts, custom graphics, customer follow-up messages, review/customer-message replies, stronger calls-to-action, and content organized around your real services. Everything is delivered ready to use; there’s no subscription or contract.

For The Garlic Shoppe, I’d start with service highlights, FAQ-style education, and a clear next-step CTA.

You can choose whatever is easiest:
1. Reply YES and I’ll finish the $100 package.
2. Ask me anything first.
3. If you already know you want it, you can use the PayPal invoice here: https://www.paypal.com/invoice/p/#7T6DC9A6WFH3XXCT

If it isn’t useful, that’s completely fine — reply “no thanks” and I won’t follow up again.

Thanks,
Anastaysia",179-v6-the-garlic-shoppe.jpg,179-v6-the-garlic-shoppe.eml,"Absolutely — I can finish the full specialty garlic retail and e-commerce content package for The Garlic Shoppe. It’s $100 one time, with no subscription or contract. PayPal invoice: https://www.paypal.com/invoice/p/#7T6DC9A6WFH3XXCT

Once payment is confirmed, I’ll build the complete set around service highlights, FAQ-style education, and a clear next-step CTA unless you want me to prioritize something else.

– Anastaysia","It’s $100 total, one time — not per post and not monthly. You keep the 10 posts, custom graphics, customer follow-up messages, review/message replies and CTA copy.","The attached sample was made specifically for The Garlic Shoppe around specialty garlic retail and e-commerce. That is the direction I’d use for the finished set, and I’ll keep every piece tied to the actual services rather than generic filler.","I’d make the finished set around service highlights, FAQ-style education, and a clear next-step CTA. You receive the words + graphics ready to copy, post or reuse, so you do not have to design or write them yourself.","No problem. I’ll leave the sample with you. If timing changes, reply here and I can pick it back up. I won’t keep chasing you.","Hi The Garlic Shoppe team — one quick follow-up on the private specialty garlic retail and e-commerce sample I attached. If you want me to finish the full $100 set, reply YES. If not, no worries and I won’t follow up again.

– Anastaysia","Hi — I made a private specialty garlic retail and e-commerce sample for The Garlic Shoppe, but the public email I tried bounced. What business email should I send the preview to?

– Anastaysia","Thanks — payment is confirmed. I’m building the The Garlic Shoppe package around service highlights, FAQ-style education, and a clear next-step CTA. I’ll send the finished files in this email thread when they’re ready.

– Anastaysia","Hi The Garlic Shoppe team — your finished $100 content package is ready. I’ve organized the posts, graphics, follow-up copy, review/message replies and CTAs so they’re easy to reuse. If you want a different service emphasized in a future set, reply here.

– Anastaysia",New,,,
V6,180,360,Treats by Rumi,"Sunnyvale / Santa Clara County, CA",Pet bakery and pet-event catering,70,Priority-ranked; timing is not guaranteed,info@treatsbyrumi.com,https://treatsbyrumi.com/,+1 408-740-0509,https://treatsbyrumi.com/,2026-09-16,"Current owned site publishes info@treatsbyrumi.com, 408-740-0509 and Santa Clara County service details.",pet bakery and pet-event catering,"Treats by Rumi bakes made-to-order pet treats, celebration cakes and catered birthday items with local pickup/delivery; celebration, dietary-request and ordering content is visually distinctive and easy to demonstrate.","Treats by Rumi bakes made-to-order pet treats, celebration cakes and catered birthday items with local pickup/delivery; celebration, dietary-request and ordering content is visually distinctive and easy to demonstrate. The $100 package is useful here because it turns those existing services into clear, reusable customer-facing content without requiring the business to write or design the pieces itself.",Made this pet bakery and pet-event catering preview for Treats by Rumi,"Hi Treats by Rumi team,

I came across your business and noticed treats by Rumi bakes made-to-order pet treats, celebration cakes and catered birthday items with local pickup/delivery; celebration, dietary-request and ordering content is visually distinctive and easy to demonstrate. I made the attached private preview specifically around that part of the business.

If you like the direction, the full package is $100 one time. It includes 10 ready-to-post business posts, custom graphics, customer follow-up messages, review/customer-message replies, stronger calls-to-action, and content organized around your real services. Everything is delivered ready to use; there’s no subscription or contract.

For Treats by Rumi, I’d start with menu/service highlights, event or ordering guidance, and local customer CTAs.

You can choose whatever is easiest:
1. Reply YES and I’ll finish the $100 package.
2. Ask me anything first.
3. If you already know you want it, you can use the PayPal invoice here: https://www.paypal.com/invoice/p/#7T6DC9A6WFH3XXCT

If it isn’t useful, that’s completely fine — reply “no thanks” and I won’t follow up again.

Thanks,
Anastaysia",180-v6-treats-by-rumi.jpg,180-v6-treats-by-rumi.eml,"Absolutely — I can finish the full pet bakery and pet-event catering content package for Treats by Rumi. It’s $100 one time, with no subscription or contract. PayPal invoice: https://www.paypal.com/invoice/p/#7T6DC9A6WFH3XXCT

Once payment is confirmed, I’ll build the complete set around menu/service highlights, event or ordering guidance, and local customer CTAs unless you want me to prioritize something else.

– Anastaysia","It’s $100 total, one time — not per post and not monthly. You keep the 10 posts, custom graphics, customer follow-up messages, review/message replies and CTA copy.","The attached sample was made specifically for Treats by Rumi around pet bakery and pet-event catering. That is the direction I’d use for the finished set, and I’ll keep every piece tied to the actual services rather than generic filler.","I’d make the finished set around menu/service highlights, event or ordering guidance, and local customer CTAs. You receive the words + graphics ready to copy, post or reuse, so you do not have to design or write them yourself.","No problem. I’ll leave the sample with you. If timing changes, reply here and I can pick it back up. I won’t keep chasing you.","Hi Treats by Rumi team — one quick follow-up on the private pet bakery and pet-event catering sample I attached. If you want me to finish the full $100 set, reply YES. If not, no worries and I won’t follow up again.

– Anastaysia","Hi — I made a private pet bakery and pet-event catering sample for Treats by Rumi, but the public email I tried bounced. What business email should I send the preview to?

– Anastaysia","Thanks — payment is confirmed. I’m building the Treats by Rumi package around menu/service highlights, event or ordering guidance, and local customer CTAs. I’ll send the finished files in this email thread when they’re ready.

– Anastaysia","Hi Treats by Rumi team — your finished $100 content package is ready. I’ve organized the posts, graphics, follow-up copy, review/message replies and CTAs so they’re easy to reuse. If you want a different service emphasized in a future set, reply here.

– Anastaysia",New,,,
V6,181,362,Vishwa Shanthi Dance Academy,"Milpitas / San Jose / Palo Alto, CA",Dance academy and instruction,70,Priority-ranked; timing is not guaranteed,info@vishwashanthi.com,https://vishwashanthi.com/,,https://vishwashanthi.com/,2026-09-15,"Current owned site publishes local locations, programming and public business contact.",dance academy and instruction,Vishwa Shanthi serves multiple Santa Clara County locations/programs; location and class-selection content could help families find the right entry path.,"Vishwa Shanthi serves multiple Santa Clara County locations/programs; location and class-selection content could help families find the right entry path. The $100 package is useful here because it turns those existing services into clear, reusable customer-facing content without requiring the business to write or design the pieces itself.",Made this dance academy and instruction preview for Vishwa Shanthi Dance Academy,"Hi Vishwa Shanthi Dance Academy team,

I came across your business and noticed vishwa Shanthi serves multiple Santa Clara County locations/programs; location and class-selection content could help families find the right entry path. I made the attached private preview specifically around that part of the business.

If you like the direction, the full package is $100 one time. It includes 10 ready-to-post business posts, custom graphics, customer follow-up messages, review/customer-message replies, stronger calls-to-action, and content organized around your real services. Everything is delivered ready to use; there’s no subscription or contract.

For Vishwa Shanthi Dance Academy, I’d start with program/service selection, first-visit guidance, and booking CTAs.

You can choose whatever is easiest:
1. Reply YES and I’ll finish the $100 package.
2. Ask me anything first.
3. If you already know you want it, you can use the PayPal invoice here: https://www.paypal.com/invoice/p/#7T6DC9A6WFH3XXCT

If it isn’t useful, that’s completely fine — reply “no thanks” and I won’t follow up again.

Thanks,
Anastaysia",181-v6-vishwa-shanthi-dance-academy.jpg,181-v6-vishwa-shanthi-dance-academy.eml,"Absolutely — I can finish the full dance academy and instruction content package for Vishwa Shanthi Dance Academy. It’s $100 one time, with no subscription or contract. PayPal invoice: https://www.paypal.com/invoice/p/#7T6DC9A6WFH3XXCT

Once payment is confirmed, I’ll build the complete set around program/service selection, first-visit guidance, and booking CTAs unless you want me to prioritize something else.

– Anastaysia","It’s $100 total, one time — not per post and not monthly. You keep the 10 posts, custom graphics, customer follow-up messages, review/message replies and CTA copy.","The attached sample was made specifically for Vishwa Shanthi Dance Academy around dance academy and instruction. That is the direction I’d use for the finished set, and I’ll keep every piece tied to the actual services rather than generic filler.","I’d make the finished set around program/service selection, first-visit guidance, and booking CTAs. You receive the words + graphics ready to copy, post or reuse, so you do not have to design or write them yourself.","No problem. I’ll leave the sample with you. If timing changes, reply here and I can pick it back up. I won’t keep chasing you.","Hi Vishwa Shanthi Dance Academy team — one quick follow-up on the private dance academy and instruction sample I attached. If you want me to finish the full $100 set, reply YES. If not, no worries and I won’t follow up again.

– Anastaysia","Hi — I made a private dance academy and instruction sample for Vishwa Shanthi Dance Academy, but the public email I tried bounced. What business email should I send the preview to?

– Anastaysia","Thanks — payment is confirmed. I’m building the Vishwa Shanthi Dance Academy package around program/service selection, first-visit guidance, and booking CTAs. I’ll send the finished files in this email thread when they’re ready.

– Anastaysia","Hi Vishwa Shanthi Dance Academy team — your finished $100 content package is ready. I’ve organized the posts, graphics, follow-up copy, review/message replies and CTAs so they’re easy to reuse. If you want a different service emphasized in a future set, reply here.

– Anastaysia",New,,,
V6,182,364,Frank Paul Perez Photography,"Los Altos, CA",Photography,68,Priority-ranked; timing is not guaranteed,frankpaulperez@gmail.com,https://www.frankpaulperez.com/,415-866-9200,https://www.frankpaulperez.com/,2026-09-15,,photography,"Frank Paul Perez Photography offers a visual, session-based service; use-case, preparation and booking-timeline content can help clients.","Frank Paul Perez Photography offers a visual, session-based service; use-case, preparation and booking-timeline content can help clients. The $100 package is useful here because it turns those existing services into clear, reusable customer-facing content without requiring the business to write or design the pieces itself.",Made this photography preview for Frank Paul Perez Photography,"Hi Frank Paul Perez Photography team,

I came across your business and noticed frank Paul Perez Photography offers a visual, session-based service; use-case, preparation and booking-timeline content can help clients. I made the attached private preview specifically around that part of the business.

If you like the direction, the full package is $100 one time. It includes 10 ready-to-post business posts, custom graphics, customer follow-up messages, review/customer-message replies, stronger calls-to-action, and content organized around your real services. Everything is delivered ready to use; there’s no subscription or contract.

For Frank Paul Perez Photography, I’d start with service highlights, FAQ-style education, and a clear next-step CTA.

You can choose whatever is easiest:
1. Reply YES and I’ll finish the $100 package.
2. Ask me anything first.
3. If you already know you want it, you can use the PayPal invoice here: https://www.paypal.com/invoice/p/#7T6DC9A6WFH3XXCT

If it isn’t useful, that’s completely fine — reply “no thanks” and I won’t follow up again.

Thanks,
Anastaysia",182-v6-frank-paul-perez-photography.jpg,182-v6-frank-paul-perez-photography.eml,"Absolutely — I can finish the full photography content package for Frank Paul Perez Photography. It’s $100 one time, with no subscription or contract. PayPal invoice: https://www.paypal.com/invoice/p/#7T6DC9A6WFH3XXCT

Once payment is confirmed, I’ll build the complete set around service highlights, FAQ-style education, and a clear next-step CTA unless you want me to prioritize something else.

– Anastaysia","It’s $100 total, one time — not per post and not monthly. You keep the 10 posts, custom graphics, customer follow-up messages, review/message replies and CTA copy.","The attached sample was made specifically for Frank Paul Perez Photography around photography. That is the direction I’d use for the finished set, and I’ll keep every piece tied to the actual services rather than generic filler.","I’d make the finished set around service highlights, FAQ-style education, and a clear next-step CTA. You receive the words + graphics ready to copy, post or reuse, so you do not have to design or write them yourself.","No problem. I’ll leave the sample with you. If timing changes, reply here and I can pick it back up. I won’t keep chasing you.","Hi Frank Paul Perez Photography team — one quick follow-up on the private photography sample I attached. If you want me to finish the full $100 set, reply YES. If not, no worries and I won’t follow up again.

– Anastaysia","Hi — I made a private photography sample for Frank Paul Perez Photography, but the public email I tried bounced. What business email should I send the preview to?

– Anastaysia","Thanks — payment is confirmed. I’m building the Frank Paul Perez Photography package around service highlights, FAQ-style education, and a clear next-step CTA. I’ll send the finished files in this email thread when they’re ready.

– Anastaysia","Hi Frank Paul Perez Photography team — your finished $100 content package is ready. I’ve organized the posts, graphics, follow-up copy, review/message replies and CTAs so they’re easy to reuse. If you want a different service emphasized in a future set, reply here.

– Anastaysia",New,,,
V6,183,366,Wisfor Notary Service LLC,"Alviso, CA",Notary and Live Scan,68,Priority-ranked; timing is not guaranteed,wisfornotary@gmail.com,,408-320-9187,https://oag.ca.gov/fingerprints/locations/wisfor-notary-service-llc,2026-09-16,"Current California DOJ listing publishes Alviso address, exact public email/phone and active Santa Clara County operation.",notary and live scan,"Wisfor offers notary, fingerprinting and mobile-service options; appointment-prep and service-selector content can make an administrative purchase easier to understand.","Wisfor offers notary, fingerprinting and mobile-service options; appointment-prep and service-selector content can make an administrative purchase easier to understand. The $100 package is useful here because it turns those existing services into clear, reusable customer-facing content without requiring the business to write or design the pieces itself.",Made this notary and live scan preview for Wisfor Notary Service LLC,"Hi Wisfor Notary Service LLC team,

I came across your business and noticed wisfor offers notary, fingerprinting and mobile-service options; appointment-prep and service-selector content can make an administrative purchase easier to understand. I made the attached private preview specifically around that part of the business.

If you like the direction, the full package is $100 one time. It includes 10 ready-to-post business posts, custom graphics, customer follow-up messages, review/customer-message replies, stronger calls-to-action, and content organized around your real services. Everything is delivered ready to use; there’s no subscription or contract.

For Wisfor Notary Service LLC, I’d start with service highlights, FAQ-style education, and a clear next-step CTA.

You can choose whatever is easiest:
1. Reply YES and I’ll finish the $100 package.
2. Ask me anything first.
3. If you already know you want it, you can use the PayPal invoice here: https://www.paypal.com/invoice/p/#7T6DC9A6WFH3XXCT

If it isn’t useful, that’s completely fine — reply “no thanks” and I won’t follow up again.

Thanks,
Anastaysia",183-v6-wisfor-notary-service-llc.jpg,183-v6-wisfor-notary-service-llc.eml,"Absolutely — I can finish the full notary and live scan content package for Wisfor Notary Service LLC. It’s $100 one time, with no subscription or contract. PayPal invoice: https://www.paypal.com/invoice/p/#7T6DC9A6WFH3XXCT

Once payment is confirmed, I’ll build the complete set around service highlights, FAQ-style education, and a clear next-step CTA unless you want me to prioritize something else.

– Anastaysia","It’s $100 total, one time — not per post and not monthly. You keep the 10 posts, custom graphics, customer follow-up messages, review/message replies and CTA copy.","The attached sample was made specifically for Wisfor Notary Service LLC around notary and live scan. That is the direction I’d use for the finished set, and I’ll keep every piece tied to the actual services rather than generic filler.","I’d make the finished set around service highlights, FAQ-style education, and a clear next-step CTA. You receive the words + graphics ready to copy, post or reuse, so you do not have to design or write them yourself.","No problem. I’ll leave the sample with you. If timing changes, reply here and I can pick it back up. I won’t keep chasing you.","Hi Wisfor Notary Service LLC team — one quick follow-up on the private notary and live scan sample I attached. If you want me to finish the full $100 set, reply YES. If not, no worries and I won’t follow up again.

– Anastaysia","Hi — I made a private notary and live scan sample for Wisfor Notary Service LLC, but the public email I tried bounced. What business email should I send the preview to?

– Anastaysia","Thanks — payment is confirmed. I’m building the Wisfor Notary Service LLC package around service highlights, FAQ-style education, and a clear next-step CTA. I’ll send the finished files in this email thread when they’re ready.

– Anastaysia","Hi Wisfor Notary Service LLC team — your finished $100 content package is ready. I’ve organized the posts, graphics, follow-up copy, review/message replies and CTAs so they’re easy to reuse. If you want a different service emphasized in a future set, reply here.

– Anastaysia",New,,,
V6,184,368,85Fun Dance Studio,"Saratoga / Sunnyvale area, CA",Dance studio,66,Priority-ranked; timing is not guaranteed,85funstudio@gmail.com,https://www.85funstudio.com/,,https://www.85funstudio.com/contact,2026-09-16,Current owned contact page publishes 85funstudio@gmail.com and Saratoga address.,dance studio,"Current owned site offers kids and adult K-pop, hip-hop, jazz, breaking, Latin and studio rental; class/program selection and enrollment content have strong visual potential.","Current owned site offers kids and adult K-pop, hip-hop, jazz, breaking, Latin and studio rental; class/program selection and enrollment content have strong visual potential. The $100 package is useful here because it turns those existing services into clear, reusable customer-facing content without requiring the business to write or design the pieces itself.",Made this dance studio preview for 85Fun Dance Studio,"Hi 85Fun Dance Studio team,

I came across your business and noticed current owned site offers kids and adult K-pop, hip-hop, jazz, breaking, Latin and studio rental; class/program selection and enrollment content have strong visual potential. I made the attached private preview specifically around that part of the business.

If you like the direction, the full package is $100 one time. It includes 10 ready-to-post business posts, custom graphics, customer follow-up messages, review/customer-message replies, stronger calls-to-action, and content organized around your real services. Everything is delivered ready to use; there’s no subscription or contract.

For 85Fun Dance Studio, I’d start with program/service selection, first-visit guidance, and booking CTAs.

You can choose whatever is easiest:
1. Reply YES and I’ll finish the $100 package.
2. Ask me anything first.
3. If you already know you want it, you can use the PayPal invoice here: https://www.paypal.com/invoice/p/#7T6DC9A6WFH3XXCT

If it isn’t useful, that’s completely fine — reply “no thanks” and I won’t follow up again.

Thanks,
Anastaysia",184-v6-85fun-dance-studio.jpg,184-v6-85fun-dance-studio.eml,"Absolutely — I can finish the full dance studio content package for 85Fun Dance Studio. It’s $100 one time, with no subscription or contract. PayPal invoice: https://www.paypal.com/invoice/p/#7T6DC9A6WFH3XXCT

Once payment is confirmed, I’ll build the complete set around program/service selection, first-visit guidance, and booking CTAs unless you want me to prioritize something else.

– Anastaysia","It’s $100 total, one time — not per post and not monthly. You keep the 10 posts, custom graphics, customer follow-up messages, review/message replies and CTA copy.","The attached sample was made specifically for 85Fun Dance Studio around dance studio. That is the direction I’d use for the finished set, and I’ll keep every piece tied to the actual services rather than generic filler.","I’d make the finished set around program/service selection, first-visit guidance, and booking CTAs. You receive the words + graphics ready to copy, post or reuse, so you do not have to design or write them yourself.","No problem. I’ll leave the sample with you. If timing changes, reply here and I can pick it back up. I won’t keep chasing you.","Hi 85Fun Dance Studio team — one quick follow-up on the private dance studio sample I attached. If you want me to finish the full $100 set, reply YES. If not, no worries and I won’t follow up again.

– Anastaysia","Hi — I made a private dance studio sample for 85Fun Dance Studio, but the public email I tried bounced. What business email should I send the preview to?

– Anastaysia","Thanks — payment is confirmed. I’m building the 85Fun Dance Studio package around program/service selection, first-visit guidance, and booking CTAs. I’ll send the finished files in this email thread when they’re ready.

– Anastaysia","Hi 85Fun Dance Studio team — your finished $100 content package is ready. I’ve organized the posts, graphics, follow-up copy, review/message replies and CTAs so they’re easy to reuse. If you want a different service emphasized in a future set, reply here.

– Anastaysia",New,,,
V6,185,370,AIM Mail Center #125 Los Gatos,"Los Gatos, CA","Shipping, mailbox and business services",66,Priority-ranked; timing is not guaranteed,aim125@yahoo.com,,408-377-2005,https://oag.ca.gov/fingerprints/locations?county=Santa+Clara,2026-09-16,"Current California DOJ directory publishes exact public email, phone and Los Gatos operation.","shipping, mailbox and business services","AIM Mail Center serves shipping, mailbox and business-center needs; task-based content can clarify common customer journeys and local convenience.","AIM Mail Center serves shipping, mailbox and business-center needs; task-based content can clarify common customer journeys and local convenience. The $100 package is useful here because it turns those existing services into clear, reusable customer-facing content without requiring the business to write or design the pieces itself.","Made this shipping, mailbox and business services preview for AIM Mail Center #125 Los Gatos","Hi AIM Mail Center #125 Los Gatos team,

I came across your business and noticed aIM Mail Center serves shipping, mailbox and business-center needs; task-based content can clarify common customer journeys and local convenience. I made the attached private preview specifically around that part of the business.

If you like the direction, the full package is $100 one time. It includes 10 ready-to-post business posts, custom graphics, customer follow-up messages, review/customer-message replies, stronger calls-to-action, and content organized around your real services. Everything is delivered ready to use; there’s no subscription or contract.

For AIM Mail Center #125 Los Gatos, I’d start with service highlights, FAQ-style education, and a clear next-step CTA.

You can choose whatever is easiest:
1. Reply YES and I’ll finish the $100 package.
2. Ask me anything first.
3. If you already know you want it, you can use the PayPal invoice here: https://www.paypal.com/invoice/p/#7T6DC9A6WFH3XXCT

If it isn’t useful, that’s completely fine — reply “no thanks” and I won’t follow up again.

Thanks,
Anastaysia",185-v6-aim-mail-center-125-los-gatos.jpg,185-v6-aim-mail-center-125-los-gatos.eml,"Absolutely — I can finish the full shipping, mailbox and business services content package for AIM Mail Center #125 Los Gatos. It’s $100 one time, with no subscription or contract. PayPal invoice: https://www.paypal.com/invoice/p/#7T6DC9A6WFH3XXCT

Once payment is confirmed, I’ll build the complete set around service highlights, FAQ-style education, and a clear next-step CTA unless you want me to prioritize something else.

– Anastaysia","It’s $100 total, one time — not per post and not monthly. You keep the 10 posts, custom graphics, customer follow-up messages, review/message replies and CTA copy.","The attached sample was made specifically for AIM Mail Center #125 Los Gatos around shipping, mailbox and business services. That is the direction I’d use for the finished set, and I’ll keep every piece tied to the actual services rather than generic filler.","I’d make the finished set around service highlights, FAQ-style education, and a clear next-step CTA. You receive the words + graphics ready to copy, post or reuse, so you do not have to design or write them yourself.","No problem. I’ll leave the sample with you. If timing changes, reply here and I can pick it back up. I won’t keep chasing you.","Hi AIM Mail Center #125 Los Gatos team — one quick follow-up on the private shipping, mailbox and business services sample I attached. If you want me to finish the full $100 set, reply YES. If not, no worries and I won’t follow up again.

– Anastaysia","Hi — I made a private shipping, mailbox and business services sample for AIM Mail Center #125 Los Gatos, but the public email I tried bounced. What business email should I send the preview to?

– Anastaysia","Thanks — payment is confirmed. I’m building the AIM Mail Center #125 Los Gatos package around service highlights, FAQ-style education, and a clear next-step CTA. I’ll send the finished files in this email thread when they’re ready.

– Anastaysia","Hi AIM Mail Center #125 Los Gatos team — your finished $100 content package is ready. I’ve organized the posts, graphics, follow-up copy, review/message replies and CTAs so they’re easy to reuse. If you want a different service emphasized in a future set, reply here.

– Anastaysia",New,,,
V6,186,372,Bay Area Janitorial,"Santa Clara County / Silicon Valley, CA",Residential and office cleaning,66,Priority-ranked; timing is not guaranteed,bayarea.janitorial@yahoo.com,https://www.thebayareajanitorial.com/,(408) 838-0412,https://www.thebayareajanitorial.com/contact,2026-09-16,Current owned contact/privacy pages publish bayarea.janitorial@yahoo.com.,residential and office cleaning,"Current owned site serves many Santa Clara County cities with home, office, post-construction, window and realtor cleaning; package/FAQ content can clarify a broad service menu.","Current owned site serves many Santa Clara County cities with home, office, post-construction, window and realtor cleaning; package/FAQ content can clarify a broad service menu. The $100 package is useful here because it turns those existing services into clear, reusable customer-facing content without requiring the business to write or design the pieces itself.",Made this residential and office cleaning preview for Bay Area Janitorial,"Hi Bay Area Janitorial team,

I came across your business and noticed current owned site serves many Santa Clara County cities with home, office, post-construction, window and realtor cleaning; package/FAQ content can clarify a broad service menu. I made the attached private preview specifically around that part of the business.

If you like the direction, the full package is $100 one time. It includes 10 ready-to-post business posts, custom graphics, customer follow-up messages, review/customer-message replies, stronger calls-to-action, and content organized around your real services. Everything is delivered ready to use; there’s no subscription or contract.

For Bay Area Janitorial, I’d start with before/after process content, service-selection guidance, and quote CTAs.

You can choose whatever is easiest:
1. Reply YES and I’ll finish the $100 package.
2. Ask me anything first.
3. If you already know you want it, you can use the PayPal invoice here: https://www.paypal.com/invoice/p/#7T6DC9A6WFH3XXCT

If it isn’t useful, that’s completely fine — reply “no thanks” and I won’t follow up again.

Thanks,
Anastaysia",186-v6-bay-area-janitorial.jpg,186-v6-bay-area-janitorial.eml,"Absolutely — I can finish the full residential and office cleaning content package for Bay Area Janitorial. It’s $100 one time, with no subscription or contract. PayPal invoice: https://www.paypal.com/invoice/p/#7T6DC9A6WFH3XXCT

Once payment is confirmed, I’ll build the complete set around before/after process content, service-selection guidance, and quote CTAs unless you want me to prioritize something else.

– Anastaysia","It’s $100 total, one time — not per post and not monthly. You keep the 10 posts, custom graphics, customer follow-up messages, review/message replies and CTA copy.","The attached sample was made specifically for Bay Area Janitorial around residential and office cleaning. That is the direction I’d use for the finished set, and I’ll keep every piece tied to the actual services rather than generic filler.","I’d make the finished set around before/after process content, service-selection guidance, and quote CTAs. You receive the words + graphics ready to copy, post or reuse, so you do not have to design or write them yourself.","No problem. I’ll leave the sample with you. If timing changes, reply here and I can pick it back up. I won’t keep chasing you.","Hi Bay Area Janitorial team — one quick follow-up on the private residential and office cleaning sample I attached. If you want me to finish the full $100 set, reply YES. If not, no worries and I won’t follow up again.

– Anastaysia","Hi — I made a private residential and office cleaning sample for Bay Area Janitorial, but the public email I tried bounced. What business email should I send the preview to?

– Anastaysia","Thanks — payment is confirmed. I’m building the Bay Area Janitorial package around before/after process content, service-selection guidance, and quote CTAs. I’ll send the finished files in this email thread when they’re ready.

– Anastaysia","Hi Bay Area Janitorial team — your finished $100 content package is ready. I’ve organized the posts, graphics, follow-up copy, review/message replies and CTAs so they’re easy to reuse. If you want a different service emphasized in a future set, reply here.

– Anastaysia",New,,,
V6,187,374,Cannery Marketplace,"Gilroy, CA",Local maker marketplace and retail,66,Priority-ranked; timing is not guaranteed,thecannerymarketplace@gmail.com,,408-337-1620,https://visitgilroy.com/listing/cannery-marketplace/290/,2026-09-16,"Current Visit Gilroy listing publishes exact email, phone and downtown address.",local maker marketplace and retail,Cannery Marketplace gives local makers shelf/space opportunities and shoppers handcrafted goods; maker-vs-shopper content can clarify both sides of the marketplace.,"Cannery Marketplace gives local makers shelf/space opportunities and shoppers handcrafted goods; maker-vs-shopper content can clarify both sides of the marketplace. The $100 package is useful here because it turns those existing services into clear, reusable customer-facing content without requiring the business to write or design the pieces itself.",Made this local maker marketplace and retail preview for Cannery Marketplace,"Hi Cannery Marketplace team,

I came across your business and noticed cannery Marketplace gives local makers shelf/space opportunities and shoppers handcrafted goods; maker-vs-shopper content can clarify both sides of the marketplace. I made the attached private preview specifically around that part of the business.

If you like the direction, the full package is $100 one time. It includes 10 ready-to-post business posts, custom graphics, customer follow-up messages, review/customer-message replies, stronger calls-to-action, and content organized around your real services. Everything is delivered ready to use; there’s no subscription or contract.

For Cannery Marketplace, I’d start with service highlights, FAQ-style education, and a clear next-step CTA.

You can choose whatever is easiest:
1. Reply YES and I’ll finish the $100 package.
2. Ask me anything first.
3. If you already know you want it, you can use the PayPal invoice here: https://www.paypal.com/invoice/p/#7T6DC9A6WFH3XXCT

If it isn’t useful, that’s completely fine — reply “no thanks” and I won’t follow up again.

Thanks,
Anastaysia",187-v6-cannery-marketplace.jpg,187-v6-cannery-marketplace.eml,"Absolutely — I can finish the full local maker marketplace and retail content package for Cannery Marketplace. It’s $100 one time, with no subscription or contract. PayPal invoice: https://www.paypal.com/invoice/p/#7T6DC9A6WFH3XXCT

Once payment is confirmed, I’ll build the complete set around service highlights, FAQ-style education, and a clear next-step CTA unless you want me to prioritize something else.

– Anastaysia","It’s $100 total, one time — not per post and not monthly. You keep the 10 posts, custom graphics, customer follow-up messages, review/message replies and CTA copy.","The attached sample was made specifically for Cannery Marketplace around local maker marketplace and retail. That is the direction I’d use for the finished set, and I’ll keep every piece tied to the actual services rather than generic filler.","I’d make the finished set around service highlights, FAQ-style education, and a clear next-step CTA. You receive the words + graphics ready to copy, post or reuse, so you do not have to design or write them yourself.","No problem. I’ll leave the sample with you. If timing changes, reply here and I can pick it back up. I won’t keep chasing you.","Hi Cannery Marketplace team — one quick follow-up on the private local maker marketplace and retail sample I attached. If you want me to finish the full $100 set, reply YES. If not, no worries and I won’t follow up again.

– Anastaysia","Hi — I made a private local maker marketplace and retail sample for Cannery Marketplace, but the public email I tried bounced. What business email should I send the preview to?

– Anastaysia","Thanks — payment is confirmed. I’m building the Cannery Marketplace package around service highlights, FAQ-style education, and a clear next-step CTA. I’ll send the finished files in this email thread when they’re ready.

– Anastaysia","Hi Cannery Marketplace team — your finished $100 content package is ready. I’ve organized the posts, graphics, follow-up copy, review/message replies and CTAs so they’re easy to reuse. If you want a different service emphasized in a future set, reply here.

– Anastaysia",New,,,
V6,188,376,DM Blossom Boutique,"Sunnyvale / Santa Clara, CA",Florist and flower delivery,66,Priority-ranked; timing is not guaranteed,dmblossomboutique@gmail.com,https://dmblossomboutique.com/,408-916-6204,https://dmblossomboutique.com/nearby/santa-clara/,2026-09-16,"Current owned Santa Clara delivery page publishes dmblossomboutique@gmail.com, 408-916-6204 and Sunnyvale location.",florist and flower delivery,"DM Blossom Boutique creates custom seasonal arrangements and delivers across Sunnyvale, Santa Clara, Mountain View, Palo Alto and Milpitas; occasion, color/style and delivery content can reduce ordering uncertainty.","DM Blossom Boutique creates custom seasonal arrangements and delivers across Sunnyvale, Santa Clara, Mountain View, Palo Alto and Milpitas; occasion, color/style and delivery content can reduce ordering uncertainty. The $100 package is useful here because it turns those existing services into clear, reusable customer-facing content without requiring the business to write or design the pieces itself.",Made this florist and flower delivery preview for DM Blossom Boutique,"Hi DM Blossom Boutique team,

I came across your business and noticed dM Blossom Boutique creates custom seasonal arrangements and delivers across Sunnyvale, Santa Clara, Mountain View, Palo Alto and Milpitas; occasion, color/style and delivery content can reduce ordering uncertainty. I made the attached private preview specifically around that part of the business.

If you like the direction, the full package is $100 one time. It includes 10 ready-to-post business posts, custom graphics, customer follow-up messages, review/customer-message replies, stronger calls-to-action, and content organized around your real services. Everything is delivered ready to use; there’s no subscription or contract.

For DM Blossom Boutique, I’d start with service highlights, FAQ-style education, and a clear next-step CTA.

You can choose whatever is easiest:
1. Reply YES and I’ll finish the $100 package.
2. Ask me anything first.
3. If you already know you want it, you can use the PayPal invoice here: https://www.paypal.com/invoice/p/#7T6DC9A6WFH3XXCT

If it isn’t useful, that’s completely fine — reply “no thanks” and I won’t follow up again.

Thanks,
Anastaysia",188-v6-dm-blossom-boutique.jpg,188-v6-dm-blossom-boutique.eml,"Absolutely — I can finish the full florist and flower delivery content package for DM Blossom Boutique. It’s $100 one time, with no subscription or contract. PayPal invoice: https://www.paypal.com/invoice/p/#7T6DC9A6WFH3XXCT

Once payment is confirmed, I’ll build the complete set around service highlights, FAQ-style education, and a clear next-step CTA unless you want me to prioritize something else.

– Anastaysia","It’s $100 total, one time — not per post and not monthly. You keep the 10 posts, custom graphics, customer follow-up messages, review/message replies and CTA copy.","The attached sample was made specifically for DM Blossom Boutique around florist and flower delivery. That is the direction I’d use for the finished set, and I’ll keep every piece tied to the actual services rather than generic filler.","I’d make the finished set around service highlights, FAQ-style education, and a clear next-step CTA. You receive the words + graphics ready to copy, post or reuse, so you do not have to design or write them yourself.","No problem. I’ll leave the sample with you. If timing changes, reply here and I can pick it back up. I won’t keep chasing you.","Hi DM Blossom Boutique team — one quick follow-up on the private florist and flower delivery sample I attached. If you want me to finish the full $100 set, reply YES. If not, no worries and I won’t follow up again.

– Anastaysia","Hi — I made a private florist and flower delivery sample for DM Blossom Boutique, but the public email I tried bounced. What business email should I send the preview to?

– Anastaysia","Thanks — payment is confirmed. I’m building the DM Blossom Boutique package around service highlights, FAQ-style education, and a clear next-step CTA. I’ll send the finished files in this email thread when they’re ready.

– Anastaysia","Hi DM Blossom Boutique team — your finished $100 content package is ready. I’ve organized the posts, graphics, follow-up copy, review/message replies and CTAs so they’re easy to reuse. If you want a different service emphasized in a future set, reply here.

– Anastaysia",New,,,
V6,189,378,GK Pastry Mountain View,"Mountain View / Los Altos, CA",Bakery and wholesale pastry,66,Priority-ranked; timing is not guaranteed,gkpastry@gmail.com,https://www.gkpastry.com/,650-788-4747,https://www.gkpastry.com/,2026-09-15,,bakery and wholesale pastry,"GK Pastry has current retail and wholesale paths; product, wholesale and occasion-based content can distinguish the business from a simple.","GK Pastry has current retail and wholesale paths; product, wholesale and occasion-based content can distinguish the business from a simple. The $100 package is useful here because it turns those existing services into clear, reusable customer-facing content without requiring the business to write or design the pieces itself.",Made this bakery and wholesale pastry preview for GK Pastry Mountain View,"Hi GK Pastry Mountain View team,

I came across your business and noticed gK Pastry has current retail and wholesale paths; product, wholesale and occasion-based content can distinguish the business from a simple. I made the attached private preview specifically around that part of the business.

If you like the direction, the full package is $100 one time. It includes 10 ready-to-post business posts, custom graphics, customer follow-up messages, review/customer-message replies, stronger calls-to-action, and content organized around your real services. Everything is delivered ready to use; there’s no subscription or contract.

For GK Pastry Mountain View, I’d start with menu/service highlights, event or ordering guidance, and local customer CTAs.

You can choose whatever is easiest:
1. Reply YES and I’ll finish the $100 package.
2. Ask me anything first.
3. If you already know you want it, you can use the PayPal invoice here: https://www.paypal.com/invoice/p/#7T6DC9A6WFH3XXCT

If it isn’t useful, that’s completely fine — reply “no thanks” and I won’t follow up again.

Thanks,
Anastaysia",189-v6-gk-pastry-mountain-view.jpg,189-v6-gk-pastry-mountain-view.eml,"Absolutely — I can finish the full bakery and wholesale pastry content package for GK Pastry Mountain View. It’s $100 one time, with no subscription or contract. PayPal invoice: https://www.paypal.com/invoice/p/#7T6DC9A6WFH3XXCT

Once payment is confirmed, I’ll build the complete set around menu/service highlights, event or ordering guidance, and local customer CTAs unless you want me to prioritize something else.

– Anastaysia","It’s $100 total, one time — not per post and not monthly. You keep the 10 posts, custom graphics, customer follow-up messages, review/message replies and CTA copy.","The attached sample was made specifically for GK Pastry Mountain View around bakery and wholesale pastry. That is the direction I’d use for the finished set, and I’ll keep every piece tied to the actual services rather than generic filler.","I’d make the finished set around menu/service highlights, event or ordering guidance, and local customer CTAs. You receive the words + graphics ready to copy, post or reuse, so you do not have to design or write them yourself.","No problem. I’ll leave the sample with you. If timing changes, reply here and I can pick it back up. I won’t keep chasing you.","Hi GK Pastry Mountain View team — one quick follow-up on the private bakery and wholesale pastry sample I attached. If you want me to finish the full $100 set, reply YES. If not, no worries and I won’t follow up again.

– Anastaysia","Hi — I made a private bakery and wholesale pastry sample for GK Pastry Mountain View, but the public email I tried bounced. What business email should I send the preview to?

– Anastaysia","Thanks — payment is confirmed. I’m building the GK Pastry Mountain View package around menu/service highlights, event or ordering guidance, and local customer CTAs. I’ll send the finished files in this email thread when they’re ready.

– Anastaysia","Hi GK Pastry Mountain View team — your finished $100 content package is ready. I’ve organized the posts, graphics, follow-up copy, review/message replies and CTAs so they’re easy to reuse. If you want a different service emphasized in a future set, reply here.

– Anastaysia",New,,,
V6,190,380,L'epi D'or Bakery,"Cupertino, CA",Bakery,66,Priority-ranked; timing is not guaranteed,Lepidor86@gmail.com,https://www.lepi-dor.com/,408-255-2221,https://www.lepi-dor.com/,2026-09-15,,bakery,"L'epi D'or has a current local bakery storefront; product, occasion and preorder-style content can make specialty baked goods easier to.","L'epi D'or has a current local bakery storefront; product, occasion and preorder-style content can make specialty baked goods easier to. The $100 package is useful here because it turns those existing services into clear, reusable customer-facing content without requiring the business to write or design the pieces itself.",Made this bakery preview for L'epi D'or Bakery,"Hi L'epi D'or Bakery team,

I came across your business and noticed l'epi D'or has a current local bakery storefront; product, occasion and preorder-style content can make specialty baked goods easier to. I made the attached private preview specifically around that part of the business.

If you like the direction, the full package is $100 one time. It includes 10 ready-to-post business posts, custom graphics, customer follow-up messages, review/customer-message replies, stronger calls-to-action, and content organized around your real services. Everything is delivered ready to use; there’s no subscription or contract.

For L'epi D'or Bakery, I’d start with menu/service highlights, event or ordering guidance, and local customer CTAs.

You can choose whatever is easiest:
1. Reply YES and I’ll finish the $100 package.
2. Ask me anything first.
3. If you already know you want it, you can use the PayPal invoice here: https://www.paypal.com/invoice/p/#7T6DC9A6WFH3XXCT

If it isn’t useful, that’s completely fine — reply “no thanks” and I won’t follow up again.

Thanks,
Anastaysia",190-v6-l-epi-d-or-bakery.jpg,190-v6-l-epi-d-or-bakery.eml,"Absolutely — I can finish the full bakery content package for L'epi D'or Bakery. It’s $100 one time, with no subscription or contract. PayPal invoice: https://www.paypal.com/invoice/p/#7T6DC9A6WFH3XXCT

Once payment is confirmed, I’ll build the complete set around menu/service highlights, event or ordering guidance, and local customer CTAs unless you want me to prioritize something else.

– Anastaysia","It’s $100 total, one time — not per post and not monthly. You keep the 10 posts, custom graphics, customer follow-up messages, review/message replies and CTA copy.","The attached sample was made specifically for L'epi D'or Bakery around bakery. That is the direction I’d use for the finished set, and I’ll keep every piece tied to the actual services rather than generic filler.","I’d make the finished set around menu/service highlights, event or ordering guidance, and local customer CTAs. You receive the words + graphics ready to copy, post or reuse, so you do not have to design or write them yourself.","No problem. I’ll leave the sample with you. If timing changes, reply here and I can pick it back up. I won’t keep chasing you.","Hi L'epi D'or Bakery team — one quick follow-up on the private bakery sample I attached. If you want me to finish the full $100 set, reply YES. If not, no worries and I won’t follow up again.

– Anastaysia","Hi — I made a private bakery sample for L'epi D'or Bakery, but the public email I tried bounced. What business email should I send the preview to?

– Anastaysia","Thanks — payment is confirmed. I’m building the L'epi D'or Bakery package around menu/service highlights, event or ordering guidance, and local customer CTAs. I’ll send the finished files in this email thread when they’re ready.

– Anastaysia","Hi L'epi D'or Bakery team — your finished $100 content package is ready. I’ve organized the posts, graphics, follow-up copy, review/message replies and CTAs so they’re easy to reuse. If you want a different service emphasized in a future set, reply here.

– Anastaysia",New,,,
V6,191,382,La Hacienda Gilroy,"Gilroy, CA","Mexican restaurant, group dining and online ordering",66,Priority-ranked; timing is not guaranteed,lhmr2004@gmail.com,,408-848-4133,https://visitgilroy.com/listing/la-hacienda/6/,2026-09-16,"Current Visit Gilroy listing publishes exact email, phone, address, current hours and online-order availability.","mexican restaurant, group dining and online ordering","La Hacienda combines everyday dining, group dining, outdoor seating and online orders; occasion and order-path content can make the restaurant easier to choose.","La Hacienda combines everyday dining, group dining, outdoor seating and online orders; occasion and order-path content can make the restaurant easier to choose. The $100 package is useful here because it turns those existing services into clear, reusable customer-facing content without requiring the business to write or design the pieces itself.","Made this mexican restaurant, group dining and online ordering preview for La Hacienda Gilroy","Hi La Hacienda Gilroy team,

I came across your business and noticed la Hacienda combines everyday dining, group dining, outdoor seating and online orders; occasion and order-path content can make the restaurant easier to choose. I made the attached private preview specifically around that part of the business.

If you like the direction, the full package is $100 one time. It includes 10 ready-to-post business posts, custom graphics, customer follow-up messages, review/customer-message replies, stronger calls-to-action, and content organized around your real services. Everything is delivered ready to use; there’s no subscription or contract.

For La Hacienda Gilroy, I’d start with menu/service highlights, event or ordering guidance, and local customer CTAs.

You can choose whatever is easiest:
1. Reply YES and I’ll finish the $100 package.
2. Ask me anything first.
3. If you already know you want it, you can use the PayPal invoice here: https://www.paypal.com/invoice/p/#7T6DC9A6WFH3XXCT

If it isn’t useful, that’s completely fine — reply “no thanks” and I won’t follow up again.

Thanks,
Anastaysia",191-v6-la-hacienda-gilroy.jpg,191-v6-la-hacienda-gilroy.eml,"Absolutely — I can finish the full mexican restaurant, group dining and online ordering content package for La Hacienda Gilroy. It’s $100 one time, with no subscription or contract. PayPal invoice: https://www.paypal.com/invoice/p/#7T6DC9A6WFH3XXCT

Once payment is confirmed, I’ll build the complete set around menu/service highlights, event or ordering guidance, and local customer CTAs unless you want me to prioritize something else.

– Anastaysia","It’s $100 total, one time — not per post and not monthly. You keep the 10 posts, custom graphics, customer follow-up messages, review/message replies and CTA copy.","The attached sample was made specifically for La Hacienda Gilroy around mexican restaurant, group dining and online ordering. That is the direction I’d use for the finished set, and I’ll keep every piece tied to the actual services rather than generic filler.","I’d make the finished set around menu/service highlights, event or ordering guidance, and local customer CTAs. You receive the words + graphics ready to copy, post or reuse, so you do not have to design or write them yourself.","No problem. I’ll leave the sample with you. If timing changes, reply here and I can pick it back up. I won’t keep chasing you.","Hi La Hacienda Gilroy team — one quick follow-up on the private mexican restaurant, group dining and online ordering sample I attached. If you want me to finish the full $100 set, reply YES. If not, no worries and I won’t follow up again.

– Anastaysia","Hi — I made a private mexican restaurant, group dining and online ordering sample for La Hacienda Gilroy, but the public email I tried bounced. What business email should I send the preview to?

– Anastaysia","Thanks — payment is confirmed. I’m building the La Hacienda Gilroy package around menu/service highlights, event or ordering guidance, and local customer CTAs. I’ll send the finished files in this email thread when they’re ready.

– Anastaysia","Hi La Hacienda Gilroy team — your finished $100 content package is ready. I’ve organized the posts, graphics, follow-up copy, review/message replies and CTAs so they’re easy to reuse. If you want a different service emphasized in a future set, reply here.

– Anastaysia",New,,,
V6,192,384,Little India Gilroy,"Gilroy, CA",Indian restaurant and group dining,66,Priority-ranked; timing is not guaranteed,rbains999@aol.com,,408-767-2828,https://visitgilroy.com/listing/little-india/28/,2026-09-16,"Current Visit Gilroy listing publishes exact email, phone, address and active dining/order options.",indian restaurant and group dining,"Little India offers dine-in, online ordering and group dining; signature-dish and group-meal content can support clearer ordering paths.","Little India offers dine-in, online ordering and group dining; signature-dish and group-meal content can support clearer ordering paths. The $100 package is useful here because it turns those existing services into clear, reusable customer-facing content without requiring the business to write or design the pieces itself.",Made this indian restaurant and group dining preview for Little India Gilroy,"Hi Little India Gilroy team,

I came across your business and noticed little India offers dine-in, online ordering and group dining; signature-dish and group-meal content can support clearer ordering paths. I made the attached private preview specifically around that part of the business.

If you like the direction, the full package is $100 one time. It includes 10 ready-to-post business posts, custom graphics, customer follow-up messages, review/customer-message replies, stronger calls-to-action, and content organized around your real services. Everything is delivered ready to use; there’s no subscription or contract.

For Little India Gilroy, I’d start with menu/service highlights, event or ordering guidance, and local customer CTAs.

You can choose whatever is easiest:
1. Reply YES and I’ll finish the $100 package.
2. Ask me anything first.
3. If you already know you want it, you can use the PayPal invoice here: https://www.paypal.com/invoice/p/#7T6DC9A6WFH3XXCT

If it isn’t useful, that’s completely fine — reply “no thanks” and I won’t follow up again.

Thanks,
Anastaysia",192-v6-little-india-gilroy.jpg,192-v6-little-india-gilroy.eml,"Absolutely — I can finish the full indian restaurant and group dining content package for Little India Gilroy. It’s $100 one time, with no subscription or contract. PayPal invoice: https://www.paypal.com/invoice/p/#7T6DC9A6WFH3XXCT

Once payment is confirmed, I’ll build the complete set around menu/service highlights, event or ordering guidance, and local customer CTAs unless you want me to prioritize something else.

– Anastaysia","It’s $100 total, one time — not per post and not monthly. You keep the 10 posts, custom graphics, customer follow-up messages, review/message replies and CTA copy.","The attached sample was made specifically for Little India Gilroy around indian restaurant and group dining. That is the direction I’d use for the finished set, and I’ll keep every piece tied to the actual services rather than generic filler.","I’d make the finished set around menu/service highlights, event or ordering guidance, and local customer CTAs. You receive the words + graphics ready to copy, post or reuse, so you do not have to design or write them yourself.","No problem. I’ll leave the sample with you. If timing changes, reply here and I can pick it back up. I won’t keep chasing you.","Hi Little India Gilroy team — one quick follow-up on the private indian restaurant and group dining sample I attached. If you want me to finish the full $100 set, reply YES. If not, no worries and I won’t follow up again.

– Anastaysia","Hi — I made a private indian restaurant and group dining sample for Little India Gilroy, but the public email I tried bounced. What business email should I send the preview to?

– Anastaysia","Thanks — payment is confirmed. I’m building the Little India Gilroy package around menu/service highlights, event or ordering guidance, and local customer CTAs. I’ll send the finished files in this email thread when they’re ready.

– Anastaysia","Hi Little India Gilroy team — your finished $100 content package is ready. I’ve organized the posts, graphics, follow-up copy, review/message replies and CTAs so they’re easy to reuse. If you want a different service emphasized in a future set, reply here.

– Anastaysia",New,,,
V6,193,386,Ninja Sushi Gilroy,"Gilroy, CA",Japanese restaurant and group dining,66,Priority-ranked; timing is not guaranteed,ninjasushi.gilroy715@gmail.com,,408-847-8855,https://visitgilroy.com/listing/ninja-sushi/16/,2026-09-16,"Current Visit Gilroy listing publishes exact email, phone, address and active hours/menu details.",japanese restaurant and group dining,"Ninja Sushi publishes a broad sushi, sashimi, teriyaki and noodle menu with group dining; menu-navigation and first-visit content can help customers choose confidently.","Ninja Sushi publishes a broad sushi, sashimi, teriyaki and noodle menu with group dining; menu-navigation and first-visit content can help customers choose confidently. The $100 package is useful here because it turns those existing services into clear, reusable customer-facing content without requiring the business to write or design the pieces itself.",Made this japanese restaurant and group dining preview for Ninja Sushi Gilroy,"Hi Ninja Sushi Gilroy team,

I came across your business and noticed ninja Sushi publishes a broad sushi, sashimi, teriyaki and noodle menu with group dining; menu-navigation and first-visit content can help customers choose confidently. I made the attached private preview specifically around that part of the business.

If you like the direction, the full package is $100 one time. It includes 10 ready-to-post business posts, custom graphics, customer follow-up messages, review/customer-message replies, stronger calls-to-action, and content organized around your real services. Everything is delivered ready to use; there’s no subscription or contract.

For Ninja Sushi Gilroy, I’d start with menu/service highlights, event or ordering guidance, and local customer CTAs.

You can choose whatever is easiest:
1. Reply YES and I’ll finish the $100 package.
2. Ask me anything first.
3. If you already know you want it, you can use the PayPal invoice here: https://www.paypal.com/invoice/p/#7T6DC9A6WFH3XXCT

If it isn’t useful, that’s completely fine — reply “no thanks” and I won’t follow up again.

Thanks,
Anastaysia",193-v6-ninja-sushi-gilroy.jpg,193-v6-ninja-sushi-gilroy.eml,"Absolutely — I can finish the full japanese restaurant and group dining content package for Ninja Sushi Gilroy. It’s $100 one time, with no subscription or contract. PayPal invoice: https://www.paypal.com/invoice/p/#7T6DC9A6WFH3XXCT

Once payment is confirmed, I’ll build the complete set around menu/service highlights, event or ordering guidance, and local customer CTAs unless you want me to prioritize something else.

– Anastaysia","It’s $100 total, one time — not per post and not monthly. You keep the 10 posts, custom graphics, customer follow-up messages, review/message replies and CTA copy.","The attached sample was made specifically for Ninja Sushi Gilroy around japanese restaurant and group dining. That is the direction I’d use for the finished set, and I’ll keep every piece tied to the actual services rather than generic filler.","I’d make the finished set around menu/service highlights, event or ordering guidance, and local customer CTAs. You receive the words + graphics ready to copy, post or reuse, so you do not have to design or write them yourself.","No problem. I’ll leave the sample with you. If timing changes, reply here and I can pick it back up. I won’t keep chasing you.","Hi Ninja Sushi Gilroy team — one quick follow-up on the private japanese restaurant and group dining sample I attached. If you want me to finish the full $100 set, reply YES. If not, no worries and I won’t follow up again.

– Anastaysia","Hi — I made a private japanese restaurant and group dining sample for Ninja Sushi Gilroy, but the public email I tried bounced. What business email should I send the preview to?

– Anastaysia","Thanks — payment is confirmed. I’m building the Ninja Sushi Gilroy package around menu/service highlights, event or ordering guidance, and local customer CTAs. I’ll send the finished files in this email thread when they’re ready.

– Anastaysia","Hi Ninja Sushi Gilroy team — your finished $100 content package is ready. I’ve organized the posts, graphics, follow-up copy, review/message replies and CTAs so they’re easy to reuse. If you want a different service emphasized in a future set, reply here.

– Anastaysia",New,,,
V6,194,388,Peaceful Yoga with Heather Ding,"Santa Clara, CA",Yoga classes and private yoga sessions,66,Priority-ranked; timing is not guaranteed,peacefulyogahd@gmail.com,https://www.peacefulyogahd.com/,408-372-7150,https://www.peacefulyogahd.com/,2026-09-13,Current owned site publishes peacefulyogahd@gmail.com and 408-372-7150; its current Hatha page places a group class in Santa Clara and lists current booking/pricing details.,yoga classes and private yoga sessions,"Peaceful Yoga publishes multiple yoga modalities, current class scheduling and personalized one-on-one sessions; class-type, first-visit and schedule-selection content could reduce uncertainty without promising physical or mental-health results.","Peaceful Yoga publishes multiple yoga modalities, current class scheduling and personalized one-on-one sessions; class-type, first-visit and schedule-selection content could reduce uncertainty without promising physical or mental-health results. The $100 package is useful here because it turns those existing services into clear, reusable customer-facing content without requiring the business to write or design the pieces itself.",Made this yoga classes and private yoga sessions preview for Peaceful Yoga with Heather Ding,"Hi Peaceful Yoga with Heather Ding team,

I came across your business and noticed peaceful Yoga publishes multiple yoga modalities, current class scheduling and personalized one-on-one sessions; class-type, first-visit and schedule-selection content could reduce uncertainty without promising physical or mental-health results. I made the attached private preview specifically around that part of the business.

If you like the direction, the full package is $100 one time. It includes 10 ready-to-post business posts, custom graphics, customer follow-up messages, review/customer-message replies, stronger calls-to-action, and content organized around your real services. Everything is delivered ready to use; there’s no subscription or contract.

For Peaceful Yoga with Heather Ding, I’d start with service highlights, FAQ-style education, and a clear next-step CTA.

You can choose whatever is easiest:
1. Reply YES and I’ll finish the $100 package.
2. Ask me anything first.
3. If you already know you want it, you can use the PayPal invoice here: https://www.paypal.com/invoice/p/#7T6DC9A6WFH3XXCT

If it isn’t useful, that’s completely fine — reply “no thanks” and I won’t follow up again.

Thanks,
Anastaysia",194-v6-peaceful-yoga-with-heather-ding.jpg,194-v6-peaceful-yoga-with-heather-ding.eml,"Absolutely — I can finish the full yoga classes and private yoga sessions content package for Peaceful Yoga with Heather Ding. It’s $100 one time, with no subscription or contract. PayPal invoice: https://www.paypal.com/invoice/p/#7T6DC9A6WFH3XXCT

Once payment is confirmed, I’ll build the complete set around service highlights, FAQ-style education, and a clear next-step CTA unless you want me to prioritize something else.

– Anastaysia","It’s $100 total, one time — not per post and not monthly. You keep the 10 posts, custom graphics, customer follow-up messages, review/message replies and CTA copy.","The attached sample was made specifically for Peaceful Yoga with Heather Ding around yoga classes and private yoga sessions. That is the direction I’d use for the finished set, and I’ll keep every piece tied to the actual services rather than generic filler.","I’d make the finished set around service highlights, FAQ-style education, and a clear next-step CTA. You receive the words + graphics ready to copy, post or reuse, so you do not have to design or write them yourself.","No problem. I’ll leave the sample with you. If timing changes, reply here and I can pick it back up. I won’t keep chasing you.","Hi Peaceful Yoga with Heather Ding team — one quick follow-up on the private yoga classes and private yoga sessions sample I attached. If you want me to finish the full $100 set, reply YES. If not, no worries and I won’t follow up again.

– Anastaysia","Hi — I made a private yoga classes and private yoga sessions sample for Peaceful Yoga with Heather Ding, but the public email I tried bounced. What business email should I send the preview to?

– Anastaysia","Thanks — payment is confirmed. I’m building the Peaceful Yoga with Heather Ding package around service highlights, FAQ-style education, and a clear next-step CTA. I’ll send the finished files in this email thread when they’re ready.

– Anastaysia","Hi Peaceful Yoga with Heather Ding team — your finished $100 content package is ready. I’ve organized the posts, graphics, follow-up copy, review/message replies and CTAs so they’re easy to reuse. If you want a different service emphasized in a future set, reply here.

– Anastaysia",New,,,
V6,195,390,Raunak Indian Kitchen,"Milpitas, CA",Restaurant and catering,66,Priority-ranked; timing is not guaranteed,raunak.milpitas@gmail.com,https://www.raunakfoods.com/,408-772-2299,https://www.raunakfoods.com/contact,2026-09-13,"Current owned contact page publishes raunak.milpitas@gmail.com, 408-772-2299 and 888 E Capitol Ave, Milpitas, with live reservation and catering inquiry routes.",restaurant and catering,"Raunak publishes separate reservation and catering paths for its Milpitas restaurant; dining-vs-catering, occasion and signature-dish content could make those purchase paths clearer and give the attached preview a strong visual subject.","Raunak publishes separate reservation and catering paths for its Milpitas restaurant; dining-vs-catering, occasion and signature-dish content could make those purchase paths clearer and give the attached preview a strong visual subject. The $100 package is useful here because it turns those existing services into clear, reusable customer-facing content without requiring the business to write or design the pieces itself.",Made this restaurant and catering preview for Raunak Indian Kitchen,"Hi Raunak Indian Kitchen team,

I came across your business and noticed raunak publishes separate reservation and catering paths for its Milpitas restaurant; dining-vs-catering, occasion and signature-dish content could make those purchase paths clearer and give the attached preview a strong visual subject. I made the attached private preview specifically around that part of the business.

If you like the direction, the full package is $100 one time. It includes 10 ready-to-post business posts, custom graphics, customer follow-up messages, review/customer-message replies, stronger calls-to-action, and content organized around your real services. Everything is delivered ready to use; there’s no subscription or contract.

For Raunak Indian Kitchen, I’d start with menu/service highlights, event or ordering guidance, and local customer CTAs.

You can choose whatever is easiest:
1. Reply YES and I’ll finish the $100 package.
2. Ask me anything first.
3. If you already know you want it, you can use the PayPal invoice here: https://www.paypal.com/invoice/p/#7T6DC9A6WFH3XXCT

If it isn’t useful, that’s completely fine — reply “no thanks” and I won’t follow up again.

Thanks,
Anastaysia",195-v6-raunak-indian-kitchen.jpg,195-v6-raunak-indian-kitchen.eml,"Absolutely — I can finish the full restaurant and catering content package for Raunak Indian Kitchen. It’s $100 one time, with no subscription or contract. PayPal invoice: https://www.paypal.com/invoice/p/#7T6DC9A6WFH3XXCT

Once payment is confirmed, I’ll build the complete set around menu/service highlights, event or ordering guidance, and local customer CTAs unless you want me to prioritize something else.

– Anastaysia","It’s $100 total, one time — not per post and not monthly. You keep the 10 posts, custom graphics, customer follow-up messages, review/message replies and CTA copy.","The attached sample was made specifically for Raunak Indian Kitchen around restaurant and catering. That is the direction I’d use for the finished set, and I’ll keep every piece tied to the actual services rather than generic filler.","I’d make the finished set around menu/service highlights, event or ordering guidance, and local customer CTAs. You receive the words + graphics ready to copy, post or reuse, so you do not have to design or write them yourself.","No problem. I’ll leave the sample with you. If timing changes, reply here and I can pick it back up. I won’t keep chasing you.","Hi Raunak Indian Kitchen team — one quick follow-up on the private restaurant and catering sample I attached. If you want me to finish the full $100 set, reply YES. If not, no worries and I won’t follow up again.

– Anastaysia","Hi — I made a private restaurant and catering sample for Raunak Indian Kitchen, but the public email I tried bounced. What business email should I send the preview to?

– Anastaysia","Thanks — payment is confirmed. I’m building the Raunak Indian Kitchen package around menu/service highlights, event or ordering guidance, and local customer CTAs. I’ll send the finished files in this email thread when they’re ready.

– Anastaysia","Hi Raunak Indian Kitchen team — your finished $100 content package is ready. I’ve organized the posts, graphics, follow-up copy, review/message replies and CTAs so they’re easy to reuse. If you want a different service emphasized in a future set, reply here.

– Anastaysia",New,,,
V6,196,392,Safari Kid Santa Clara,"Santa Clara, CA","Preschool, after-school and summer programs",66,Priority-ranked; timing is not guaranteed,safarikidsantaclara@gmail.com,https://www.safarikid.com/santa-clara/,855-695-6148,https://www.safarikid.com/santa-clara/,2026-09-16,Current official 2026 location site lists 4995 Stevens Creek Blvd and active program/tour paths; current Chamber directory publishes the location-specific public email.,"preschool, after-school and summer programs","The Santa Clara location publishes preschool, after-school and summer-camp paths; age/program selection and tour-prep content can help families understand options without promising educational outcomes.","The Santa Clara location publishes preschool, after-school and summer-camp paths; age/program selection and tour-prep content can help families understand options without promising educational outcomes. The $100 package is useful here because it turns those existing services into clear, reusable customer-facing content without requiring the business to write or design the pieces itself.","Made this preschool, after-school and summer programs preview for Safari Kid Santa Clara","Hi Safari Kid Santa Clara team,

I came across your business and noticed the Santa Clara location publishes preschool, after-school and summer-camp paths; age/program selection and tour-prep content can help families understand options without promising educational outcomes. I made the attached private preview specifically around that part of the business.

If you like the direction, the full package is $100 one time. It includes 10 ready-to-post business posts, custom graphics, customer follow-up messages, review/customer-message replies, stronger calls-to-action, and content organized around your real services. Everything is delivered ready to use; there’s no subscription or contract.

For Safari Kid Santa Clara, I’d start with service highlights, FAQ-style education, and a clear next-step CTA.

You can choose whatever is easiest:
1. Reply YES and I’ll finish the $100 package.
2. Ask me anything first.
3. If you already know you want it, you can use the PayPal invoice here: https://www.paypal.com/invoice/p/#7T6DC9A6WFH3XXCT

If it isn’t useful, that’s completely fine — reply “no thanks” and I won’t follow up again.

Thanks,
Anastaysia",196-v6-safari-kid-santa-clara.jpg,196-v6-safari-kid-santa-clara.eml,"Absolutely — I can finish the full preschool, after-school and summer programs content package for Safari Kid Santa Clara. It’s $100 one time, with no subscription or contract. PayPal invoice: https://www.paypal.com/invoice/p/#7T6DC9A6WFH3XXCT

Once payment is confirmed, I’ll build the complete set around service highlights, FAQ-style education, and a clear next-step CTA unless you want me to prioritize something else.

– Anastaysia","It’s $100 total, one time — not per post and not monthly. You keep the 10 posts, custom graphics, customer follow-up messages, review/message replies and CTA copy.","The attached sample was made specifically for Safari Kid Santa Clara around preschool, after-school and summer programs. That is the direction I’d use for the finished set, and I’ll keep every piece tied to the actual services rather than generic filler.","I’d make the finished set around service highlights, FAQ-style education, and a clear next-step CTA. You receive the words + graphics ready to copy, post or reuse, so you do not have to design or write them yourself.","No problem. I’ll leave the sample with you. If timing changes, reply here and I can pick it back up. I won’t keep chasing you.","Hi Safari Kid Santa Clara team — one quick follow-up on the private preschool, after-school and summer programs sample I attached. If you want me to finish the full $100 set, reply YES. If not, no worries and I won’t follow up again.

– Anastaysia","Hi — I made a private preschool, after-school and summer programs sample for Safari Kid Santa Clara, but the public email I tried bounced. What business email should I send the preview to?

– Anastaysia","Thanks — payment is confirmed. I’m building the Safari Kid Santa Clara package around service highlights, FAQ-style education, and a clear next-step CTA. I’ll send the finished files in this email thread when they’re ready.

– Anastaysia","Hi Safari Kid Santa Clara team — your finished $100 content package is ready. I’ve organized the posts, graphics, follow-up copy, review/message replies and CTAs so they’re easy to reuse. If you want a different service emphasized in a future set, reply here.

– Anastaysia",New,,,
V6,197,394,Tallulah's Cottage Bakery & Gift Shop,"Morgan Hill, CA",Custom bakery and gift shop,66,Priority-ranked; timing is not guaranteed,tallulahscottagebakery@gmail.com,https://www.tallulahscottagebakery.com/,408-610-8761,https://www.tallulahscottagebakery.com/,2026-09-16,"Current owned site publishes Morgan Hill base, exact public email/phone and active custom-order shop.",custom bakery and gift shop,"Tallulah's combines handmade baked goods, custom orders and handcrafted gifts; occasion, customization and ordering content can make a distinctive online/local offer easier to buy.","Tallulah's combines handmade baked goods, custom orders and handcrafted gifts; occasion, customization and ordering content can make a distinctive online/local offer easier to buy. The $100 package is useful here because it turns those existing services into clear, reusable customer-facing content without requiring the business to write or design the pieces itself.",Made this custom bakery and gift shop preview for Tallulah's Cottage Bakery & Gift Shop,"Hi Tallulah's Cottage Bakery & Gift Shop team,

I came across your business and noticed tallulah's combines handmade baked goods, custom orders and handcrafted gifts; occasion, customization and ordering content can make a distinctive online/local offer easier to buy. I made the attached private preview specifically around that part of the business.

If you like the direction, the full package is $100 one time. It includes 10 ready-to-post business posts, custom graphics, customer follow-up messages, review/customer-message replies, stronger calls-to-action, and content organized around your real services. Everything is delivered ready to use; there’s no subscription or contract.

For Tallulah's Cottage Bakery & Gift Shop, I’d start with menu/service highlights, event or ordering guidance, and local customer CTAs.

You can choose whatever is easiest:
1. Reply YES and I’ll finish the $100 package.
2. Ask me anything first.
3. If you already know you want it, you can use the PayPal invoice here: https://www.paypal.com/invoice/p/#7T6DC9A6WFH3XXCT

If it isn’t useful, that’s completely fine — reply “no thanks” and I won’t follow up again.

Thanks,
Anastaysia",197-v6-tallulah-s-cottage-bakery-gift-shop.jpg,197-v6-tallulah-s-cottage-bakery-gift-shop.eml,"Absolutely — I can finish the full custom bakery and gift shop content package for Tallulah's Cottage Bakery & Gift Shop. It’s $100 one time, with no subscription or contract. PayPal invoice: https://www.paypal.com/invoice/p/#7T6DC9A6WFH3XXCT

Once payment is confirmed, I’ll build the complete set around menu/service highlights, event or ordering guidance, and local customer CTAs unless you want me to prioritize something else.

– Anastaysia","It’s $100 total, one time — not per post and not monthly. You keep the 10 posts, custom graphics, customer follow-up messages, review/message replies and CTA copy.","The attached sample was made specifically for Tallulah's Cottage Bakery & Gift Shop around custom bakery and gift shop. That is the direction I’d use for the finished set, and I’ll keep every piece tied to the actual services rather than generic filler.","I’d make the finished set around menu/service highlights, event or ordering guidance, and local customer CTAs. You receive the words + graphics ready to copy, post or reuse, so you do not have to design or write them yourself.","No problem. I’ll leave the sample with you. If timing changes, reply here and I can pick it back up. I won’t keep chasing you.","Hi Tallulah's Cottage Bakery & Gift Shop team — one quick follow-up on the private custom bakery and gift shop sample I attached. If you want me to finish the full $100 set, reply YES. If not, no worries and I won’t follow up again.

– Anastaysia","Hi — I made a private custom bakery and gift shop sample for Tallulah's Cottage Bakery & Gift Shop, but the public email I tried bounced. What business email should I send the preview to?

– Anastaysia","Thanks — payment is confirmed. I’m building the Tallulah's Cottage Bakery & Gift Shop package around menu/service highlights, event or ordering guidance, and local customer CTAs. I’ll send the finished files in this email thread when they’re ready.

– Anastaysia","Hi Tallulah's Cottage Bakery & Gift Shop team — your finished $100 content package is ready. I’ve organized the posts, graphics, follow-up copy, review/message replies and CTAs so they’re easy to reuse. If you want a different service emphasized in a future set, reply here.

– Anastaysia",New,,,
V6,198,396,The Flower Cottage,"Sunnyvale, CA",Florist and delivery,66,Priority-ranked; timing is not guaranteed,flowercottagesunnyvale@gmail.com,https://www.flowercottagesunnyvale.com/,408-746-2020,https://www.flowercottagesunnyvale.com/,2026-09-15,"Current owned site lists 465 N Wolfe Rd, Sunnyvale, public customer-service Gmail and active floral catalog.",florist and delivery,"The Flower Cottage sells occasion-based arrangements and delivery; occasion, timing and selection content can help customers move from browsing to ordering.","The Flower Cottage sells occasion-based arrangements and delivery; occasion, timing and selection content can help customers move from browsing to ordering. The $100 package is useful here because it turns those existing services into clear, reusable customer-facing content without requiring the business to write or design the pieces itself.",Made this florist and delivery preview for The Flower Cottage,"Hi The Flower Cottage team,

I came across your business and noticed the Flower Cottage sells occasion-based arrangements and delivery; occasion, timing and selection content can help customers move from browsing to ordering. I made the attached private preview specifically around that part of the business.

If you like the direction, the full package is $100 one time. It includes 10 ready-to-post business posts, custom graphics, customer follow-up messages, review/customer-message replies, stronger calls-to-action, and content organized around your real services. Everything is delivered ready to use; there’s no subscription or contract.

For The Flower Cottage, I’d start with service highlights, FAQ-style education, and a clear next-step CTA.

You can choose whatever is easiest:
1. Reply YES and I’ll finish the $100 package.
2. Ask me anything first.
3. If you already know you want it, you can use the PayPal invoice here: https://www.paypal.com/invoice/p/#7T6DC9A6WFH3XXCT

If it isn’t useful, that’s completely fine — reply “no thanks” and I won’t follow up again.

Thanks,
Anastaysia",198-v6-the-flower-cottage.jpg,198-v6-the-flower-cottage.eml,"Absolutely — I can finish the full florist and delivery content package for The Flower Cottage. It’s $100 one time, with no subscription or contract. PayPal invoice: https://www.paypal.com/invoice/p/#7T6DC9A6WFH3XXCT

Once payment is confirmed, I’ll build the complete set around service highlights, FAQ-style education, and a clear next-step CTA unless you want me to prioritize something else.

– Anastaysia","It’s $100 total, one time — not per post and not monthly. You keep the 10 posts, custom graphics, customer follow-up messages, review/message replies and CTA copy.","The attached sample was made specifically for The Flower Cottage around florist and delivery. That is the direction I’d use for the finished set, and I’ll keep every piece tied to the actual services rather than generic filler.","I’d make the finished set around service highlights, FAQ-style education, and a clear next-step CTA. You receive the words + graphics ready to copy, post or reuse, so you do not have to design or write them yourself.","No problem. I’ll leave the sample with you. If timing changes, reply here and I can pick it back up. I won’t keep chasing you.","Hi The Flower Cottage team — one quick follow-up on the private florist and delivery sample I attached. If you want me to finish the full $100 set, reply YES. If not, no worries and I won’t follow up again.

– Anastaysia","Hi — I made a private florist and delivery sample for The Flower Cottage, but the public email I tried bounced. What business email should I send the preview to?

– Anastaysia","Thanks — payment is confirmed. I’m building the The Flower Cottage package around service highlights, FAQ-style education, and a clear next-step CTA. I’ll send the finished files in this email thread when they’re ready.

– Anastaysia","Hi The Flower Cottage team — your finished $100 content package is ready. I’ve organized the posts, graphics, follow-up copy, review/message replies and CTAs so they’re easy to reuse. If you want a different service emphasized in a future set, reply here.

– Anastaysia",New,,,
V6,199,398,Three Feathers Farm,"Morgan Hill, CA","Organic farm, farmstand and seasonal U-pick",66,Priority-ranked; timing is not guaranteed,3featherfarm@gmail.com,,949-334-7113,https://visitgilroy.com/listing/three-feathers-farm/515/,2026-09-16,"Current Visit Gilroy listing publishes exact email, Morgan Hill address and current seasonal farmstand/U-pick schedule.","organic farm, farmstand and seasonal u-pick","Three Feathers combines organic produce, seasonal U-pick, farmstand and online ordering; season, visit and ordering content can make a changing farm offer easier to plan.","Three Feathers combines organic produce, seasonal U-pick, farmstand and online ordering; season, visit and ordering content can make a changing farm offer easier to plan. The $100 package is useful here because it turns those existing services into clear, reusable customer-facing content without requiring the business to write or design the pieces itself.","Made this organic farm, farmstand and seasonal u-pick preview for Three Feathers Farm","Hi Three Feathers Farm team,

I came across your business and noticed three Feathers combines organic produce, seasonal U-pick, farmstand and online ordering; season, visit and ordering content can make a changing farm offer easier to plan. I made the attached private preview specifically around that part of the business.

If you like the direction, the full package is $100 one time. It includes 10 ready-to-post business posts, custom graphics, customer follow-up messages, review/customer-message replies, stronger calls-to-action, and content organized around your real services. Everything is delivered ready to use; there’s no subscription or contract.

For Three Feathers Farm, I’d start with service highlights, FAQ-style education, and a clear next-step CTA.

You can choose whatever is easiest:
1. Reply YES and I’ll finish the $100 package.
2. Ask me anything first.
3. If you already know you want it, you can use the PayPal invoice here: https://www.paypal.com/invoice/p/#7T6DC9A6WFH3XXCT

If it isn’t useful, that’s completely fine — reply “no thanks” and I won’t follow up again.

Thanks,
Anastaysia",199-v6-three-feathers-farm.jpg,199-v6-three-feathers-farm.eml,"Absolutely — I can finish the full organic farm, farmstand and seasonal u-pick content package for Three Feathers Farm. It’s $100 one time, with no subscription or contract. PayPal invoice: https://www.paypal.com/invoice/p/#7T6DC9A6WFH3XXCT

Once payment is confirmed, I’ll build the complete set around service highlights, FAQ-style education, and a clear next-step CTA unless you want me to prioritize something else.

– Anastaysia","It’s $100 total, one time — not per post and not monthly. You keep the 10 posts, custom graphics, customer follow-up messages, review/message replies and CTA copy.","The attached sample was made specifically for Three Feathers Farm around organic farm, farmstand and seasonal u-pick. That is the direction I’d use for the finished set, and I’ll keep every piece tied to the actual services rather than generic filler.","I’d make the finished set around service highlights, FAQ-style education, and a clear next-step CTA. You receive the words + graphics ready to copy, post or reuse, so you do not have to design or write them yourself.","No problem. I’ll leave the sample with you. If timing changes, reply here and I can pick it back up. I won’t keep chasing you.","Hi Three Feathers Farm team — one quick follow-up on the private organic farm, farmstand and seasonal u-pick sample I attached. If you want me to finish the full $100 set, reply YES. If not, no worries and I won’t follow up again.

– Anastaysia","Hi — I made a private organic farm, farmstand and seasonal u-pick sample for Three Feathers Farm, but the public email I tried bounced. What business email should I send the preview to?

– Anastaysia","Thanks — payment is confirmed. I’m building the Three Feathers Farm package around service highlights, FAQ-style education, and a clear next-step CTA. I’ll send the finished files in this email thread when they’re ready.

– Anastaysia","Hi Three Feathers Farm team — your finished $100 content package is ready. I’ve organized the posts, graphics, follow-up copy, review/message replies and CTAs so they’re easy to reuse. If you want a different service emphasized in a future set, reply here.

– Anastaysia",New,,,
V6,200,400,Postal Annex #3030 Los Altos,"Los Altos, CA","Shipping, mailbox and business services",61,Priority-ranked; timing is not guaranteed,postalannex3030@gmail.com,,408-481-0580,https://oag.ca.gov/fingerprints/locations?county=Santa+Clara,2026-09-16,"Current California DOJ directory publishes exact public Gmail, phone and Los Altos address.","shipping, mailbox and business services","The Los Altos location supports shipping, mailbox and administrative tasks; service-selection and prep content can make a broad neighborhood business center easier to use.","The Los Altos location supports shipping, mailbox and administrative tasks; service-selection and prep content can make a broad neighborhood business center easier to use. The $100 package is useful here because it turns those existing services into clear, reusable customer-facing content without requiring the business to write or design the pieces itself.","Made this shipping, mailbox and business services preview for Postal Annex #3030 Los Altos","Hi Postal Annex #3030 Los Altos team,

I came across your business and noticed the Los Altos location supports shipping, mailbox and administrative tasks; service-selection and prep content can make a broad neighborhood business center easier to use. I made the attached private preview specifically around that part of the business.

If you like the direction, the full package is $100 one time. It includes 10 ready-to-post business posts, custom graphics, customer follow-up messages, review/customer-message replies, stronger calls-to-action, and content organized around your real services. Everything is delivered ready to use; there’s no subscription or contract.

For Postal Annex #3030 Los Altos, I’d start with service highlights, FAQ-style education, and a clear next-step CTA.

You can choose whatever is easiest:
1. Reply YES and I’ll finish the $100 package.
2. Ask me anything first.
3. If you already know you want it, you can use the PayPal invoice here: https://www.paypal.com/invoice/p/#7T6DC9A6WFH3XXCT

If it isn’t useful, that’s completely fine — reply “no thanks” and I won’t follow up again.

Thanks,
Anastaysia",200-v6-postal-annex-3030-los-altos.jpg,200-v6-postal-annex-3030-los-altos.eml,"Absolutely — I can finish the full shipping, mailbox and business services content package for Postal Annex #3030 Los Altos. It’s $100 one time, with no subscription or contract. PayPal invoice: https://www.paypal.com/invoice/p/#7T6DC9A6WFH3XXCT

Once payment is confirmed, I’ll build the complete set around service highlights, FAQ-style education, and a clear next-step CTA unless you want me to prioritize something else.

– Anastaysia","It’s $100 total, one time — not per post and not monthly. You keep the 10 posts, custom graphics, customer follow-up messages, review/message replies and CTA copy.","The attached sample was made specifically for Postal Annex #3030 Los Altos around shipping, mailbox and business services. That is the direction I’d use for the finished set, and I’ll keep every piece tied to the actual services rather than generic filler.","I’d make the finished set around service highlights, FAQ-style education, and a clear next-step CTA. You receive the words + graphics ready to copy, post or reuse, so you do not have to design or write them yourself.","No problem. I’ll leave the sample with you. If timing changes, reply here and I can pick it back up. I won’t keep chasing you.","Hi Postal Annex #3030 Los Altos team — one quick follow-up on the private shipping, mailbox and business services sample I attached. If you want me to finish the full $100 set, reply YES. If not, no worries and I won’t follow up again.

– Anastaysia","Hi — I made a private shipping, mailbox and business services sample for Postal Annex #3030 Los Altos, but the public email I tried bounced. What business email should I send the preview to?

– Anastaysia","Thanks — payment is confirmed. I’m building the Postal Annex #3030 Los Altos package around service highlights, FAQ-style education, and a clear next-step CTA. I’ll send the finished files in this email thread when they’re ready.

– Anastaysia","Hi Postal Annex #3030 Los Altos team — your finished $100 content package is ready. I’ve organized the posts, graphics, follow-up copy, review/message replies and CTAs so they’re easy to reuse. If you want a different service emphasized in a future set, reply here.

– Anastaysia",New,,,
