Version Rank,Business,City,Industry,Why this prospect fits,Hit Score,Source
1,"Best Electrical Co., Inc","San Jose, CA",Electrical,"The current contractor source lists Best Electrical Co., Inc in San Jose, CA for Electrical; a concise capability and project-readiness content set can help prospective buyers understand what the business handles before an inquiry. The $100 package is useful here because it turns those existing services into clear, reusable customer-facing content without requiring the business to write or design the pieces itself.",93,https://www.cusdk8.org/fs/resource-manager/view/ce90e6dd-ad5b-4546-8e73-3f3e726a2b0a
2,"Bosco Construction Services, Inc.","San Jose, CA",Construction Services,"The current contractor source lists Bosco Construction Services, Inc. in San Jose, CA for Construction Services; a concise capability and project-readiness content set can help prospective buyers understand what the business handles before an inquiry. The $100 package is useful here because it turns those existing services into clear, reusable customer-facing content without requiring the business to write or design the pieces itself.",93,https://www.cusdk8.org/fs/resource-manager/view/ce90e6dd-ad5b-4546-8e73-3f3e726a2b0a
3,Chilton Auto Body Santa Clara,"Santa Clara, CA",Collision repair and auto body,"The Santa Clara shop handles conventional, EV/hybrid and certified collision repair with estimate/appointment paths; process and certification explainers can reduce uncertainty after an accident. The $100 package is useful here because it turns those existing services into clear, reusable customer-facing content without requiring the business to write or design the pieces itself.",93,https://chiltonautobody.com/locations/certified-collision-repair-santa-clara/
4,Commercial Tree Care,"San Jose, CA",Tree Service,"The current contractor source lists Commercial Tree Care in San Jose, CA for Tree Service; a concise capability and project-readiness content set can help prospective buyers understand what the business handles before an inquiry. The $100 package is useful here because it turns those existing services into clear, reusable customer-facing content without requiring the business to write or design the pieces itself.",93,https://www.cusdk8.org/fs/resource-manager/view/ce90e6dd-ad5b-4546-8e73-3f3e726a2b0a
5,De Mattei Construction,"San Jose, CA",Residential construction and remodeling,"De Mattei has a substantial design/build project model; project-readiness, process and consultation content can help prospective clients understand the journey without promising project outcomes. The $100 package is useful here because it turns those existing services into clear, reusable customer-facing content without requiring the business to write or design the pieces itself.",93,https://demattei.com/
6,"Duran and Venables, Inc.","Milpitas, CA",General Engineering,"The current contractor source lists Duran and Venables, Inc. in Milpitas, CA for General Engineering; a concise capability and project-readiness content set can help prospective buyers understand what the business handles before an inquiry. The $100 package is useful here because it turns those existing services into clear, reusable customer-facing content without requiring the business to write or design the pieces itself.",93,https://www.cusdk8.org/fs/resource-manager/view/ce90e6dd-ad5b-4546-8e73-3f3e726a2b0a
7,"General Lighting Service, Inc.","Santa Clara, CA",Electrical,"The current contractor source lists General Lighting Service, Inc. in Santa Clara, CA for Electrical; a concise capability and project-readiness content set can help prospective buyers understand what the business handles before an inquiry. The $100 package is useful here because it turns those existing services into clear, reusable customer-facing content without requiring the business to write or design the pieces itself.",93,https://www.cusdk8.org/fs/resource-manager/view/ce90e6dd-ad5b-4546-8e73-3f3e726a2b0a
8,JC Relocation,"Santa Clara, CA",Moving and relocation,"Current owned site promotes same-day and last-minute moving plus residential, commercial, packing and long-distance services across Santa Clara County; quote-prep and service-selection content fits a high-intent buyer journey. The $100 package is useful here because it turns those existing services into clear, reusable customer-facing content without requiring the business to write or design the pieces itself.",93,https://www.jcrelocation.com/movers
9,Michael Venosta Plumbing and Mechanical Inc.,"Gilroy, CA",Plumbing / HVAC,"The current contractor source lists Michael Venosta Plumbing and Mechanical Inc. in Gilroy, CA for Plumbing / HVAC; a concise capability and project-readiness content set can help prospective buyers understand what the business handles before an inquiry. The $100 package is useful here because it turns those existing services into clear, reusable customer-facing content without requiring the business to write or design the pieces itself.",93,https://www.cusdk8.org/fs/resource-manager/view/ce90e6dd-ad5b-4546-8e73-3f3e726a2b0a
10,Preston Pipelines Infrastructure LLC,"Milpitas, CA",General Engineering / Fire Protection,"The current contractor source lists Preston Pipelines Infrastructure LLC in Milpitas, CA for General Engineering / Fire Protection; a concise capability and project-readiness content set can help prospective buyers understand what the business handles before an inquiry. The $100 package is useful here because it turns those existing services into clear, reusable customer-facing content without requiring the business to write or design the pieces itself.",93,https://www.cusdk8.org/fs/resource-manager/view/ce90e6dd-ad5b-4546-8e73-3f3e726a2b0a
11,PurpleFox Electrical,"Campbell, CA",Electrical,"The current contractor source lists PurpleFox Electrical in Campbell, CA for Electrical; a concise capability and project-readiness content set can help prospective buyers understand what the business handles before an inquiry. The $100 package is useful here because it turns those existing services into clear, reusable customer-facing content without requiring the business to write or design the pieces itself.",93,https://www.cusdk8.org/fs/resource-manager/view/ce90e6dd-ad5b-4546-8e73-3f3e726a2b0a
12,Schaaf & Wheeler Consulting Civil Engineers,"Santa Clara, CA",Civil and water-resources engineering,"The firm handles stormwater, water, wastewater, floodplain and restoration work; a capability map can help public/private project owners understand where the firm fits before an inquiry. The $100 package is useful here because it turns those existing services into clear, reusable customer-facing content without requiring the business to write or design the pieces itself.",93,https://www.schaafandwheeler.com/contact/
13,"WOLFE MECHANICAL, INC.","Campbell, CA",HVAC,"The current contractor source lists WOLFE MECHANICAL, INC. in Campbell, CA for HVAC; a concise capability and project-readiness content set can help prospective buyers understand what the business handles before an inquiry. The $100 package is useful here because it turns those existing services into clear, reusable customer-facing content without requiring the business to write or design the pieces itself.",93,https://www.cusdk8.org/fs/resource-manager/view/ce90e6dd-ad5b-4546-8e73-3f3e726a2b0a
14,Club Auto Sport,"San Jose, CA",Event venue and automotive club,"Club Auto Sport publishes corporate and social event use cases; venue-layout, event-type and inquiry-prep content can support its booking path without centering unrelated memorabilia. The $100 package is useful here because it turns those existing services into clear, reusable customer-facing content without requiring the business to write or design the pieces itself.",87,https://clubautosport.net/
15,Custom Innovations,"Morgan Hill, CA","Home automation, audio, lighting, networking and security","Custom Innovations presents several integrated residential technology paths; a service-selection and project-planning content pack can clarify how automation, networking, lighting and security fit together. The $100 package is useful here because it turns those existing services into clear, reusable customer-facing content without requiring the business to write or design the pieces itself.",87,https://custom-innovations.com/
16,Design Loft Company,"Palo Alto, CA",Interior design and remodeling,"Design Loft combines design and remodeling services, creating a useful project-type and process-education angle for homeowners deciding where to start. The $100 package is useful here because it turns those existing services into clear, reusable customer-facing content without requiring the business to write or design the pieces itself.",87,https://designloftcompany.com/
17,Elcor Electric Inc.,"Santa Clara, CA",Electrical contracting,"Elcor presents itself as a Bay Area electrical contractor with a Santa Clara office and direct inquiry channel; a project-capability/when-to-call explainer could make complex electrical services easier for buyers to understand. The $100 package is useful here because it turns those existing services into clear, reusable customer-facing content without requiring the business to write or design the pieces itself.",87,https://elcorelectric.com/contact-us/
18,GB Landscape Services,"Gilroy, CA",Residential and commercial landscape construction,"GB combines residential/commercial landscaping, water management, hardscape and value engineering; project-type and planning content can clarify which service path fits. The $100 package is useful here because it turns those existing services into clear, reusable customer-facing content without requiring the business to write or design the pieces itself.",87,https://www.gblandscapes.net/
19,Harrell Design + Build,"Palo Alto / Mountain View, CA",Residential design and remodeling,"Harrell publishes a full design-build remodeling process; project-type, planning and consultation content can help homeowners understand. The $100 package is useful here because it turns those existing services into clear, reusable customer-facing content without requiring the business to write or design the pieces itself.",87,https://www.harrelldesignbuild.com/palo-alto-remodeling/
20,J Romero Bros Construction dba J Romero Bros Concrete Construction,"San Jose, CA",Concrete,"The current contractor source lists J Romero Bros Construction dba J Romero Bros Concrete Construction in San Jose, CA for Concrete; a concise capability and project-readiness content set can help prospective buyers understand what the business handles before an inquiry. The $100 package is useful here because it turns those existing services into clear, reusable customer-facing content without requiring the business to write or design the pieces itself.",87,https://www.cusdk8.org/fs/resource-manager/view/ce90e6dd-ad5b-4546-8e73-3f3e726a2b0a
21,K & D Landscaping Inc.,"Gilroy / Santa Clara County service area, CA","Landscape design, installation and maintenance","K&D explicitly markets landscape design, residential/commercial installation, maintenance, irrigation and weed-abatement services to Gilroy and Santa Clara County; service-selector content can simplify project inquiries. The $100 package is useful here because it turns those existing services into clear, reusable customer-facing content without requiring the business to write or design the pieces itself.",87,https://kndlandscaping.com/landscaping-services-in-gilroy/
22,LWG Construction,"Morgan Hill, CA",Commercial construction,"LWG invites prospective clients to discuss launching new projects and emphasizes project work and building spaces; project-type, process and portfolio content can make that buying conversation easier to enter. The $100 package is useful here because it turns those existing services into clear, reusable customer-facing content without requiring the business to write or design the pieces itself.",87,https://lwginc.net/contact/
23,MG Constructors & Engineers Inc.,"Morgan Hill, CA","Engineering, structural inspection and construction","MG combines civil/structural engineering with residential, commercial and industrial construction; capability and project-type explainers could make its broad technical scope easier for property owners and project partners to understand. The $100 package is useful here because it turns those existing services into clear, reusable customer-facing content without requiring the business to write or design the pieces itself.",87,https://www.mgconstructors.net/
24,Nevarez Moving Company,"Campbell / Santa Clara County, CA","Moving, packing, storage, cleaning and junk removal","Nevarez combines moving with packing, storage, move-in/out cleaning, hauling and furniture setup; a move-stage checklist and add-on explainer pack could help customers understand the full service path without implying guaranteed timing or damage-free outcomes. The $100 package is useful here because it turns those existing services into clear, reusable customer-facing content without requiring the business to write or design the pieces itself.",87,https://www.nevarezmovingco.com/services/cleaning
25,PoolSky Cupertino Pool Service,"Cupertino / Santa Clara, CA",Pool cleaning and equipment service,"PoolSky offers weekly cleaning, deep cleaning, algae treatment, equipment repair and free pool evaluations, with urgent calls often prioritized for same-day response; service-selection and evaluation-prep content is a strong fit. The $100 package is useful here because it turns those existing services into clear, reusable customer-facing content without requiring the business to write or design the pieces itself.",87,https://www.cupertinopoolservices.com/service-areas/santa-clara
26,Urbanism Designs,"Santa Clara County / Bay Area project footprint, CA","Interior design, construction and renovation","Urbanism combines in-house design with medium-to-large new construction, renovation, furnishing and one-off consultations; project-fit, consultation-vs-full-project and design-build process content could help high-value prospects understand where to start. The $100 package is useful here because it turns those existing services into clear, reusable customer-facing content without requiring the business to write or design the pieces itself.",87,https://www.urbanismdesigns.com/
27,SERVPRO of Santa Clara,"Santa Clara, CA","Restoration, cleanup and construction","The Santa Clara franchise offers water, fire, mold, storm, construction and commercial services; a service-selector and emergency-prep content set can clarify when each service applies without inventing urgency. The $100 package is useful here because it turns those existing services into clear, reusable customer-facing content without requiring the business to write or design the pieces itself.",86,https://www.servpro.com/locations/ca/servpro-of-santa-clara/contact
28,5 Star School for Music,"Sunnyvale / Silicon Valley, CA",Music lessons,"Current owned site offers private lessons and a free introductory lesson across Silicon Valley; instrument-choice, first-lesson and program content can support an easy inquiry path. The $100 package is useful here because it turns those existing services into clear, reusable customer-facing content without requiring the business to write or design the pieces itself.",83,https://5starmusic.com/getting-started/
29,AJ Auto Detailing,"San Jose, CA",Auto detailing,"AJ publishes tiered exterior/interior detailing and paint-correction packages; a package-comparison and vehicle-prep guide can make booking choices clearer. The $100 package is useful here because it turns those existing services into clear, reusable customer-facing content without requiring the business to write or design the pieces itself.",83,https://ajautodetailingser.wixsite.com/aj-auto-detailing
30,Almaden Press,"Santa Clara, CA",Commercial printing,"Almaden Press is a Santa Clara commercial printer; format, production and ordering guidance can help business buyers scope print jobs before requesting a quote. The $100 package is useful here because it turns those existing services into clear, reusable customer-facing content without requiring the business to write or design the pieces itself.",83,https://www.svcentralchamber.com/expanded-directory/
31,Barry Johnson Design,"Palo Alto, CA",Interior design,"Barry Johnson Design has a visual project portfolio and consultation path suited to project-selection, process and before/after storytelling. The $100 package is useful here because it turns those existing services into clear, reusable customer-facing content without requiring the business to write or design the pieces itself.",83,https://www.barryjohnsondesign.com/
32,Blossom Hill Crafts / Blossom Hill Ceramics,"Los Gatos, CA","Pottery studio, classes and private events","BHC combines beginner classes, memberships, workshops and private events in one large studio; a simple class-vs-membership-vs-event guide could make the first choice easier for new customers. The $100 package is useful here because it turns those existing services into clear, reusable customer-facing content without requiring the business to write or design the pieces itself.",83,https://www.blossomhillcrafts.com/contact-us.html
33,BYOC Auto Repair,"Milpitas, CA",Auto repair and maintenance,"BYOC handles routine maintenance through larger repairs; plain-English maintenance-vs-repair, appointment-prep and service-category content can help drivers understand what to expect without promising savings or mechanical outcomes. The $100 package is useful here because it turns those existing services into clear, reusable customer-facing content without requiring the business to write or design the pieces itself.",83,https://byocauto.com/
34,"CB Tint, Inc.","Campbell, CA",Specialty Services,"The current contractor source lists CB Tint, Inc. in Campbell, CA for Specialty Services; a concise capability and project-readiness content set can help prospective buyers understand what the business handles before an inquiry. The $100 package is useful here because it turns those existing services into clear, reusable customer-facing content without requiring the business to write or design the pieces itself.",83,https://www.cusdk8.org/fs/resource-manager/view/ce90e6dd-ad5b-4546-8e73-3f3e726a2b0a
35,Color Me Mine Palo Alto,"Palo Alto, CA",Pottery painting studio and parties,"Color Me Mine Palo Alto combines walk-in pottery painting with parties and events; visit-vs-party guides and event planning content can make. The $100 package is useful here because it turns those existing services into clear, reusable customer-facing content without requiring the business to write or design the pieces itself.",83,https://paloalto.colormemine.com/
36,Coyote Creek Golf Club - Weddings & Events,"Morgan Hill, CA","Wedding, private-event and golf venue","Coyote Creek actively markets weddings, corporate gatherings, school events, tournaments and private celebrations; event-type, venue-space and planning FAQ content can make those options easier to compare. The $100 package is useful here because it turns those existing services into clear, reusable customer-facing content without requiring the business to write or design the pieces itself.",83,https://www.coyotecreekweddingsandevents.com/
37,Engenius Learning - Los Gatos Center,"Los Gatos, CA",Tutoring and academic enrichment,"The Los Gatos center offers tutoring and a free three-session trial; subject, trial and first-visit explainers can make the service easier for parents to evaluate without promising grades or test-score outcomes. The $100 package is useful here because it turns those existing services into clear, reusable customer-facing content without requiring the business to write or design the pieces itself.",83,https://www.engeniuslearning.com/contact-us
38,Falafel Fresh,"Santa Clara County, CA",Mediterranean catering and food service,"Falafel Fresh has a direct Mediterranean/falafel catering proposition; event-menu and dietary-choice explainers can make the offering easier for local organizers to evaluate. The $100 package is useful here because it turns those existing services into clear, reusable customer-facing content without requiring the business to write or design the pieces itself.",83,https://www.santaclaraca.gov/our-city/departments-g-z/parks-recreation/reservations-and-permits
39,Freedom Pool Services,"San Jose / Santa Clara County, CA",Pool repair installation and maintenance,"Freedom Pool Services specializes in pool equipment installation, repair, troubleshooting and maintenance and offers energy-efficient equipment options; repair-versus-upgrade and equipment-education content can support high-value inquiries. The $100 package is useful here because it turns those existing services into clear, reusable customer-facing content without requiring the business to write or design the pieces itself.",83,https://www.freedompoolservices.com/
40,Goodeye Photography,"San Jose / Los Gatos service area, CA",Event and corporate photography,"Goodeye publishes event/corporate photography work in the South Bay; session-use-case, preparation and booking content can make the service easier to evaluate. The $100 package is useful here because it turns those existing services into clear, reusable customer-facing content without requiring the business to write or design the pieces itself.",83,https://goodeyephotography.com/
41,HanaHaus Palo Alto,"Palo Alto, CA",Coworking and venue rental,"HanaHaus combines coworking with venue rental; workspace-vs-event use cases, booking preparation and venue-feature content can make the. The $100 package is useful here because it turns those existing services into clear, reusable customer-facing content without requiring the business to write or design the pieces itself.",83,https://www.hanahaus.com/
42,Hilton Santa Clara,"Santa Clara, CA","Hotel, meetings and events","The hotel combines stays, group room blocks, meetings, weddings and on-site catering; a concise stay-vs-event planning guide can clarify several high-value booking paths. The $100 package is useful here because it turns those existing services into clear, reusable customer-facing content without requiring the business to write or design the pieces itself.",83,https://hiltonsantaclara.com/contact-hilton-santa-clara/
43,Holiday Inn Express Santa Clara,"Santa Clara, CA",Hotel and group travel,"The Santa Clara hotel has a location-specific stay and group-travel path; local-area, meeting and booking-prep content can make the property easier to evaluate. The $100 package is useful here because it turns those existing services into clear, reusable customer-facing content without requiring the business to write or design the pieces itself.",83,https://www.ihg.com/
44,Illusive Comics & Games,"Santa Clara, CA","Comic and game retail, events","Illusive combines comics, games, collectibles and in-store events; beginner guides, event previews and product-discovery content can turn a broad catalog into clearer customer paths. The $100 package is useful here because it turns those existing services into clear, reusable customer-facing content without requiring the business to write or design the pieces itself.",83,https://illusivecomics.com/
45,Kijero LLC,"Morgan Hill, CA",IT hardware and B2B procurement,"The site separates commercial and federal sales, offers volume-order support and a quick-quote workflow; a plain-English product/procurement content pack can make those buying paths easier to understand. The $100 package is useful here because it turns those existing services into clear, reusable customer-facing content without requiring the business to write or design the pieces itself.",83,https://kijero.com/contact
46,La Patisserie Cupertino,"Cupertino, CA",Bakery and custom cakes,"La Patisserie sells custom cakes and bakery products through occasion-driven purchases; cake-selection, ordering timeline and event content. The $100 package is useful here because it turns those existing services into clear, reusable customer-facing content without requiring the business to write or design the pieces itself.",83,https://lapatisserie.net/
47,"Larry S. Kent, Inc. dba Kent Construction","Gilroy, CA",General Building,"The current contractor source lists Larry S. Kent, Inc. dba Kent Construction in Gilroy, CA for General Building; a concise capability and project-readiness content set can help prospective buyers understand what the business handles before an inquiry. The $100 package is useful here because it turns those existing services into clear, reusable customer-facing content without requiring the business to write or design the pieces itself.",83,https://www.cusdk8.org/fs/resource-manager/view/ce90e6dd-ad5b-4546-8e73-3f3e726a2b0a
48,Mainstream Boutique Morgan Hill,"Morgan Hill, CA",Women's boutique and styling,"The locally owned Morgan Hill boutique offers styling, private shopping parties and closet audits in addition to retail; service and event content can highlight those local paths. The $100 package is useful here because it turns those existing services into clear, reusable customer-facing content without requiring the business to write or design the pieces itself.",83,https://mainstreamboutique.com/pages/morganhill
49,Mirapath,"Cupertino, CA",Data center and IT infrastructure,"Mirapath publishes AI-ready data-center, infrastructure and lifecycle services; solution-comparison and project-readiness content can clarify. The $100 package is useful here because it turns those existing services into clear, reusable customer-facing content without requiring the business to write or design the pieces itself.",83,https://mirapath.com/
50,Pacific Ballet Academy,"Mountain View, CA",Ballet school and performances,"Pacific Ballet Academy publishes classes, trials and 2026 performance activity; level-selection, first-class and performance-preview content. The $100 package is useful here because it turns those existing services into clear, reusable customer-facing content without requiring the business to write or design the pieces itself.",83,https://www.pacificballet.org/
51,Preligen Artisan Bakery,San Jose CA,Artisan bakery and event catering,"Preligen launched a 2026 catering page for French pastries, corporate meetings and special events, with delivery minimums and recurring-order terms that are ideal for simple buyer-facing content. The $100 package is useful here because it turns those existing services into clear, reusable customer-facing content without requiring the business to write or design the pieces itself.",83,https://preligen.com/catering
52,Pump It Up Santa Clara,"Santa Clara, CA",Kids parties and group events,"Pump It Up offers birthday and group-event packages; party-type, planning and first-visit content can make package selection easier for families. The $100 package is useful here because it turns those existing services into clear, reusable customer-facing content without requiring the business to write or design the pieces itself.",83,https://www.pumpitupparty.com/santa-clara-ca/
53,Radonich Corp DBA Cal Coast Telecom,"San Jose, CA",Low Voltage,"The current contractor source lists Radonich Corp DBA Cal Coast Telecom in San Jose, CA for Low Voltage; a concise capability and project-readiness content set can help prospective buyers understand what the business handles before an inquiry. The $100 package is useful here because it turns those existing services into clear, reusable customer-facing content without requiring the business to write or design the pieces itself.",83,https://www.cusdk8.org/fs/resource-manager/view/ce90e6dd-ad5b-4546-8e73-3f3e726a2b0a
54,RPM Productions,"San Jose / Silicon Valley, CA","DJ, photo booth and event entertainment","RPM combines DJ, lighting, photo booth and planning support for weddings and events; package-comparison and planning-timeline content can clarify booking choices. The $100 package is useful here because it turns those existing services into clear, reusable customer-facing content without requiring the business to write or design the pieces itself.",83,https://rpmpro.com/
55,Smart Auto Service,"Santa Clara, CA",Automotive repair and service,"Smart Auto Service has a current Santa Clara location and public business inbox; maintenance-vs-repair and appointment-prep content can simplify the service decision. The $100 package is useful here because it turns those existing services into clear, reusable customer-facing content without requiring the business to write or design the pieces itself.",83,https://www.svcentralchamber.com/expanded-directory/
56,Sushi Confidential,"Campbell / San Jose / Morgan Hill, CA","Restaurant, catering, private events and team building","Sushi Confidential operates multiple South Bay locations and separately sells catering, private events and team-building experiences; event-type and catering-decision content could expose higher-value occasions beyond everyday dining. The $100 package is useful here because it turns those existing services into clear, reusable customer-facing content without requiring the business to write or design the pieces itself.",83,https://sushiconfidential.com/catering-from-san-jose/
57,The Cats Restaurant,"Los Gatos, CA","Restaurant, catering, private events and live music","The Cats combines BBQ dining, catering, private-event rooms and live music; event-type, catering and reservation content can explain the venue's options while keeping alcohol ancillary rather than the campaign focus. The $100 package is useful here because it turns those existing services into clear, reusable customer-facing content without requiring the business to write or design the pieces itself.",83,https://www.thecatslosgatos.com/contact-us/
58,The UPS Store #6582 San Jose,"San Jose, CA","Shipping, printing and business services","This Tasman Drive location serves business and shipping needs; project/task-based content can highlight printing, packing and administrative service paths. The $100 package is useful here because it turns those existing services into clear, reusable customer-facing content without requiring the business to write or design the pieces itself.",83,https://oag.ca.gov/fingerprints/locations?county=Santa+Clara
59,Upbeat Parade Productions,"San Jose, CA","Parade production, consulting and event logistics","Upbeat provides full parade production, consulting, logistics, participant coordination and scripts; scope and planning-stage content can clarify a specialized B2B/event service. The $100 package is useful here because it turns those existing services into clear, reusable customer-facing content without requiring the business to write or design the pieces itself.",83,https://www.upbeatparades.com/services
60,West Coast Self-Storage Santa Clara,"Santa Clara, CA",Self storage and moving supplies,"The Santa Clara facility offers multiple unit types, online rental, size guidance and packing supplies; size-selector and first-rental content can reduce confusion before booking. The $100 package is useful here because it turns those existing services into clear, reusable customer-facing content without requiring the business to write or design the pieces itself.",83,https://www.westcoastselfstorage.com/self-storage/california/storage-santa-clara/
61,IKB Design & Construction,"Los Altos, CA",Interior design and construction,"IKB combines design and construction, allowing project-fit, process and before/after content to explain how a client moves from concept to. The $100 package is useful here because it turns those existing services into clear, reusable customer-facing content without requiring the business to write or design the pieces itself.",82,https://www.ikbinc.com/
62,Campbell Landscape,"Campbell, CA",Landscape design,"construction. The $100 package is useful here because it turns those existing services into clear, reusable customer-facing content without requiring the business to write or design the pieces itself.",80,https://www.campbell-landscape.com/
63,Daley's Drywall & Taping Inc.,"Campbell, CA","Drywall, framing, ceilings, insulation and commercial construction","Daley's is more than a drywall installer, with metal framing, plaster, ceilings, insulation, siding, carpentry, prefab and BIM; a capability map can make that trade scope easier for general contractors and property owners to scan. The $100 package is useful here because it turns those existing services into clear, reusable customer-facing content without requiring the business to write or design the pieces itself.",80,https://daleysdrywall.com/contact/
64,Great West Equipment Inc.,"Gilroy, CA","Paving equipment sales, parts and service","Great West combines paving-equipment sales, parts, rentals and repair; buyer-friendly equipment-vs-service content can clarify several high-value B2B paths. The $100 package is useful here because it turns those existing services into clear, reusable customer-facing content without requiring the business to write or design the pieces itself.",80,https://greatwestequipment.com/contact-us/
65,O'Grady Paving Inc.,"Mountain View, CA",Asphalt paving and grading,"O'Grady's current site highlights paving, grading, patching, excavation and seal coating, while 2026 bid results show active public-work bidding; maintenance-vs-replacement educational content could clarify which service buyers actually need. The $100 package is useful here because it turns those existing services into clear, reusable customer-facing content without requiring the business to write or design the pieces itself.",80,https://apps.cupertino.org/details/836
66,Ventwerx HVAC Heating & Air Conditioning,"San Jose / Morgan Hill, CA",HVAC heating and air conditioning,"Ventwerx serves San Jose and Morgan Hill from a local office; seasonal maintenance, repair-vs-replacement and homeowner FAQ content can make HVAC decisions easier without inventing emergencies. The $100 package is useful here because it turns those existing services into clear, reusable customer-facing content without requiring the business to write or design the pieces itself.",80,https://ventwerx.com/contact/
67,CordeValle Resort and Golf,"San Martin, CA","Resort, golf and events","CordeValle combines resort stays, golf and event experiences; itinerary, golf/stay and event-planning content can explain real customer choices without centering alcohol. The $100 package is useful here because it turns those existing services into clear, reusable customer-facing content without requiring the business to write or design the pieces itself.",78,https://www.cordevalle.com/
68,3 Hermanos Mexican Grill,San Jose CA,"Mexican restaurant, catering and food truck","The restaurant promotes catering, food-truck service and taquizas alongside its downtown restaurant menu, which lends itself to event-format explainers and signature-dish content. The $100 package is useful here because it turns those existing services into clear, reusable customer-facing content without requiring the business to write or design the pieces itself.",77,https://www.lostreshermanosmexicangrill.com/
69,Anna Olivia Bakes LLC,"San Jose, CA",Bakery and event catering,"The bakery specializes in British-style scones plus cakes and pastries, sells through local farmers markets and caters events; seasonal preorder and catering content could turn that variety into a clearer buying path. The $100 package is useful here because it turns those existing services into clear, reusable customer-facing content without requiring the business to write or design the pieces itself.",77,https://annaoliviabakes.com/pages/about
70,Asma's Kitchen,"Campbell, CA","Mediterranean restaurant, catering and events","Asma's Kitchen combines restaurant service with catering/event options; occasion and service-selector content can make those paths clearer. The $100 package is useful here because it turns those existing services into clear, reusable customer-facing content without requiring the business to write or design the pieces itself.",77,https://asmas.kitchen/
71,Barefoot Coffee Roasters,"Santa Clara, CA","Coffee roastery, wholesale and events","Barefoot operates a Santa Clara roastery plus wholesale, office-coffee, training and catered coffee-event paths; a service-selector can expose B2B and event revenue paths beyond retail bags. The $100 package is useful here because it turns those existing services into clear, reusable customer-facing content without requiring the business to write or design the pieces itself.",77,https://www.barefootcoffee.com/pages/contact-us
72,Bull's Glass and Screen Center,"San Jose, CA",Glazing,"The current contractor source lists Bull's Glass and Screen Center in San Jose, CA for Glazing; a concise capability and project-readiness content set can help prospective buyers understand what the business handles before an inquiry. The $100 package is useful here because it turns those existing services into clear, reusable customer-facing content without requiring the business to write or design the pieces itself.",77,https://www.cusdk8.org/fs/resource-manager/view/ce90e6dd-ad5b-4546-8e73-3f3e726a2b0a
73,Capybara Clay & Art Studio,"Cupertino, CA","Pottery, clay classes, memberships and private events","Capybara offers birthday parties, courses, memberships, private events, hand sculpting, pottery wheel sessions, day passes and pottery painting; a clear activity-selector and event-content pack could make the many entry points easier to choose. The $100 package is useful here because it turns those existing services into clear, reusable customer-facing content without requiring the business to write or design the pieces itself.",77,https://www.capybaraclay.com/
74,Century Graphics,"Sunnyvale, CA","Apparel printing, embroidery and promotional products","Century Graphics serves schools, teams, companies and events with printing, embroidery and promotional products; product-format and use-case guides can simplify a wide catalog for buyers. The $100 package is useful here because it turns those existing services into clear, reusable customer-facing content without requiring the business to write or design the pieces itself.",77,https://www.cgshirts.com/
75,Clara's Junction,"Santa Clara, CA","Restaurant, group dining and private events","Clara's Junction combines dining with flexible indoor/outdoor private events; group-size, space and event-use-case content can support its booking funnel without centering alcohol. The $100 package is useful here because it turns those existing services into clear, reusable customer-facing content without requiring the business to write or design the pieces itself.",77,https://www.clarasjunction.com/private-events/
76,Cucina Venti,"Mountain View, CA",Restaurant and private events,"Cucina Venti combines dining and private-event booking; occasion, menu and event-planning content can make those revenue paths easier to discover. The $100 package is useful here because it turns those existing services into clear, reusable customer-facing content without requiring the business to write or design the pieces itself.",77,https://cucinaventi.com/
77,Dance Identity,"Sunnyvale, CA",Dance and fitness studio,"Current owned site offers dance classes, fitness, studio rental and a trial-class path in Sunnyvale; class-selection, events and trial conversion content are naturally visual. The $100 package is useful here because it turns those existing services into clear, reusable customer-facing content without requiring the business to write or design the pieces itself.",77,https://danceidentity.com/
78,Emerald Art Studio,"Campbell, CA","Art studio, pottery, painting, classes and events","Emerald offers pottery, painting, kids classes, events, rentable workspace and corporate packages; class-vs-event-vs-team-building guides and visual workshop previews fit the $100 package particularly well. The $100 package is useful here because it turns those existing services into clear, reusable customer-facing content without requiring the business to write or design the pieces itself.",77,https://emeraldartstudio.com/contact-us
79,Ethel's Fancy,"Palo Alto, CA",Restaurant and private events,"Ethel's Fancy combines dining with private-event bookings; dining-vs-event, occasion and inquiry-prep content can expose multiple revenue paths. The $100 package is useful here because it turns those existing services into clear, reusable customer-facing content without requiring the business to write or design the pieces itself.",77,https://www.ethelsfancypa.com/
80,Family RV Rentals,"Morgan Hill / Gilroy service area, CA",RV and travel-trailer rentals,"Family RV publishes a broad fleet and 24/7 reservation path; vehicle-type, trip-fit and rental-prep content can simplify a high-consideration booking. The $100 package is useful here because it turns those existing services into clear, reusable customer-facing content without requiring the business to write or design the pieces itself.",77,https://familyrvrentals.net/
81,Gallery 1202,"Gilroy, CA","Art gallery, exhibitions and events","Gallery 1202 operates around exhibitions, artists and events; event previews, artist spotlights and visit-planning content fit the offer without inventing attendance or sales outcomes. The $100 package is useful here because it turns those existing services into clear, reusable customer-facing content without requiring the business to write or design the pieces itself.",77,https://1202contemporary.com/
82,gms Art of Beauty Spa and Salon,"Los Gatos, CA","Hair, nail and beauty salon services","gms presents multiple hair, nail and beauty professionals plus online booking; service-category and stylist/specialty content could help customers choose whom to book without medical or treatment claims. The $100 package is useful here because it turns those existing services into clear, reusable customer-facing content without requiring the business to write or design the pieces itself.",77,https://www.gmsartofbeauty.com/contact-us.html
83,Hagensen Pacific Construction,"San Jose, CA",General Building,"The current contractor source lists Hagensen Pacific Construction in San Jose, CA for General Building; a concise capability and project-readiness content set can help prospective buyers understand what the business handles before an inquiry. The $100 package is useful here because it turns those existing services into clear, reusable customer-facing content without requiring the business to write or design the pieces itself.",77,https://www.hagensenp.com/
84,Immaculate Cleaning,"Santa Clara / Silicon Valley, CA","Residential, commercial, deep and organic cleaning","Immaculate Cleaning combines recurring maintenance, deep cleaning, post-construction cleaning and commercial service across Silicon Valley; service-type and frequency-choice content could reduce booking uncertainty. The $100 package is useful here because it turns those existing services into clear, reusable customer-facing content without requiring the business to write or design the pieces itself.",77,https://www.immaculate-cleaning.org/services
85,Lawson's Bakery,"Morgan Hill, CA",Bakery cakes events and wholesale,"Lawson's Bakery offers cakes, pastries, pies, event orders and wholesale partnerships from Morgan Hill; celebration, preorder and wholesale content provides visual and high-intent promotional angles. The $100 package is useful here because it turns those existing services into clear, reusable customer-facing content without requiring the business to write or design the pieces itself.",77,https://lawsonsbakery.com/
86,Los Gatos Garden Inn,"Los Gatos, CA","Hotel, suites and meetings","The inn offers rooms, executive suites and meeting/event options; stay-type, local-visit and meeting-use-case content can clarify its distinct purchase paths. The $100 package is useful here because it turns those existing services into clear, reusable customer-facing content without requiring the business to write or design the pieces itself.",77,https://www.losgatosgardeninn.com/
87,Marino Painting Co.,"Los Gatos, CA",Residential and commercial painting,"Marino Painting offers a visually demonstrable service where preparation, finish choices and project expectations can be explained with before/after and FAQ-style content. The $100 package is useful here because it turns those existing services into clear, reusable customer-facing content without requiring the business to write or design the pieces itself.",77,https://marinopainting.com/
88,"MGM Drywall, Inc.","San Jose, CA",Drywall / Interiors,"The current contractor source lists MGM Drywall, Inc. in San Jose, CA for Drywall / Interiors; a concise capability and project-readiness content set can help prospective buyers understand what the business handles before an inquiry. The $100 package is useful here because it turns those existing services into clear, reusable customer-facing content without requiring the business to write or design the pieces itself.",77,https://mgmdrywall.com/
89,Morgan Hill Bowl,"Morgan Hill, CA","Bowling, parties and corporate events","Morgan Hill Bowl combines 32 lanes, parties, corporate events, leagues, arcade and bocce; occasion-based and event-booking content can help local groups discover more than walk-in bowling. The $100 package is useful here because it turns those existing services into clear, reusable customer-facing content without requiring the business to write or design the pieces itself.",77,https://www.morganhillbowl.com/
90,Morgan Hill Pilates,"Morgan Hill, CA",Pilates and movement studio,"Morgan Hill Pilates presents a local studio with multi-level movement classes; beginner orientation, class-format and studio-expectation content could make a first booking less confusing without health-outcome promises. The $100 package is useful here because it turns those existing services into clear, reusable customer-facing content without requiring the business to write or design the pieces itself.",77,https://www.morganhillpilates.com/
91,Nelson Barber and Salon,"San Jose, CA","Barber, salon, hair, skin and scalp services","Nelson offers men's and women's hair services plus color, waxing and skin/scalp care; service-introduction and appointment-prep content can help customers understand the broader menu beyond a basic haircut. The $100 package is useful here because it turns those existing services into clear, reusable customer-facing content without requiring the business to write or design the pieces itself.",77,https://nelsonbarberandsalon.com/
92,New Ballet,"San Jose, CA",Ballet school and performances,"New Ballet combines training programs and performances; level/program guides and event previews provide specific, useful content angles. The $100 package is useful here because it turns those existing services into clear, reusable customer-facing content without requiring the business to write or design the pieces itself.",77,https://newballet.com/
93,Oak Method,"Morgan Hill, CA",Lagree fitness studio,"Oak Method is a small Morgan Hill Lagree studio with first-timer offers and app-based class booking; beginner, class-format and booking content can explain the experience without promising health or body outcomes. The $100 package is useful here because it turns those existing services into clear, reusable customer-facing content without requiring the business to write or design the pieces itself.",77,https://www.oakmethod.fit/
94,Pacific Art League,"Palo Alto, CA","Art classes, exhibitions and community events","Pacific Art League publishes classes, exhibitions and community programming; class-selection and event-discovery content can clarify real visitor/student choices. The $100 package is useful here because it turns those existing services into clear, reusable customer-facing content without requiring the business to write or design the pieces itself.",77,https://pacificartleague.org/
95,Pruneridge Golf Club,"Santa Clara, CA","Golf, instruction and events","Pruneridge combines public golf, range practice, fittings, leagues, camps and corporate events; a service-selector and event-planning content pack can clarify several distinct customer paths. The $100 package is useful here because it turns those existing services into clear, reusable customer-facing content without requiring the business to write or design the pieces itself.",77,https://www.pruneridgegolfclub.com/
96,"S.J. General Building Maintenance, Inc.","San Jose, CA",Commercial Services,"The current contractor source lists S.J. General Building Maintenance, Inc. in San Jose, CA for Commercial Services; a concise capability and project-readiness content set can help prospective buyers understand what the business handles before an inquiry. The $100 package is useful here because it turns those existing services into clear, reusable customer-facing content without requiring the business to write or design the pieces itself.",77,https://www.cusdk8.org/fs/resource-manager/view/ce90e6dd-ad5b-4546-8e73-3f3e726a2b0a
97,Santa Clara Fine Florals,"Santa Clara, CA","Florist, corporate flowers and workshops","Santa Clara Fine Florals combines occasion arrangements with corporate events and flower-arranging workshops, while its current site explains next-day online ordering; occasion guides and corporate/workshop content could make these buying paths easier to discover. The $100 package is useful here because it turns those existing services into clear, reusable customer-facing content without requiring the business to write or design the pieces itself.",77,https://santaclarafineflorals.com/contact-us
98,Second Story,"Los Gatos, CA",Private events and hospitality venue,"Second Story is explicitly positioned around private events; event-type, planning and inquiry-prep content can reduce uncertainty before a booking conversation. The $100 package is useful here because it turns those existing services into clear, reusable customer-facing content without requiring the business to write or design the pieces itself.",77,https://secondstorylg.com/
99,Shoreline Golf Links,"Mountain View, CA",Golf and private/corporate events,"Shoreline combines golf with private and corporate events; tee-time, outing and event-use-case content can clarify several customer journeys. The $100 package is useful here because it turns those existing services into clear, reusable customer-facing content without requiring the business to write or design the pieces itself.",77,https://www.shorelinelinks.com/
100,Smashing Dishes,San Jose CA,Full-service catering and event production,"Smashing Dishes combines custom menus with staffing, design, rentals, entertainment and vendor coordination, giving prospects a lot to understand before choosing a full-service event partner. The $100 package is useful here because it turns those existing services into clear, reusable customer-facing content without requiring the business to write or design the pieces itself.",77,https://smashingdishes.com/accessibility/
101,Spina Farms Pumpkin Patch,"Morgan Hill, CA",Seasonal farm attraction and family entertainment,"Spina Farms opens its 2026 season on September 17 and publishes six attractions plus food/family activities; clear attraction, visit-planning and seasonal-event content is unusually timely without inventing urgency. The $100 package is useful here because it turns those existing services into clear, reusable customer-facing content without requiring the business to write or design the pieces itself.",77,https://spinafarmspumpkinpatch.com/about/
102,Sri Radha's Veg Cuisine,"Milpitas, CA","Vegetarian restaurant, catering, bakery and event hall","Sri Radha's combines buffet dining with catering, custom eggless cakes, fresh pizzas and an event hall; service-selector and event-package content could expose high-value offerings that are easy to miss when customers think of it only as a restaurant. The $100 package is useful here because it turns those existing services into clear, reusable customer-facing content without requiring the business to write or design the pieces itself.",77,https://www.sriradhas.com/contact
103,The Ameswell Hotel,"Mountain View, CA","Hotel, meetings and events","The Ameswell combines lodging with meetings and events; stay, meeting and local-visit content can help guests and planners understand how to use the property. The $100 package is useful here because it turns those existing services into clear, reusable customer-facing content without requiring the business to write or design the pieces itself.",77,https://www.theameswellhotel.com/
104,The GlassHouse SJ,"San Jose, CA",Event venue and conference space,"The GlassHouse supports corporate/private events, launches, weddings, shoots and large gatherings; event-type, capacity and tour-prep content can clarify venue fit. The $100 package is useful here because it turns those existing services into clear, reusable customer-facing content without requiring the business to write or design the pieces itself.",77,https://www.sanjose.org/listings/glass-house
105,Tico Coffee Roasters,"Campbell, CA","Coffee roaster, ecommerce and mobile cafe","Tico combines coffee ecommerce with local/mobile cafe service; product-discovery, brewing and event/mobile-cafe content can expose multiple real purchase paths. The $100 package is useful here because it turns those existing services into clear, reusable customer-facing content without requiring the business to write or design the pieces itself.",77,https://ticoroasters.com/pages/contact-us
106,Vardy's Jewelers,"Cupertino, CA","Jewelry retail, custom work and repair","Vardy's combines jewelry sales with custom and repair services; service-comparison, care and consultation content can clarify several distinct customer journeys. The $100 package is useful here because it turns those existing services into clear, reusable customer-facing content without requiring the business to write or design the pieces itself.",77,https://vardys.com/
107,Verify Group Inc.,"Campbell, CA",Live Scan fingerprinting and mobile services,"Verify Group offers walk-in, appointment and mobile fingerprinting for individuals and groups; process, pricing and group-service content can clarify booking choices. The $100 package is useful here because it turns those existing services into clear, reusable customer-facing content without requiring the business to write or design the pieces itself.",77,https://oag.ca.gov/fingerprints/locations/verify-group-inc
108,Wagster Pet Care,"Sunnyvale / Campbell / Palo Alto and Santa Clara County service area, CA",Dog walking and pet sitting,"Wagster offers dog walking, pet sitting, vacation care and pet taxi across multiple South Bay locations; service-area, visit-length and booking-prep content could help pet owners choose a service without promising pet-health or behavior outcomes. The $100 package is useful here because it turns those existing services into clear, reusable customer-facing content without requiring the business to write or design the pieces itself.",77,https://www.wagsterpetcare.com/request-service
109,What Coffee & Bakery,"Santa Clara, CA",Coffee shop bakery and catering,"What Coffee roasts coffee in-house, bakes fresh pastries and offers coffee/pastry catering for meetings, parties and events; product, catering and local-visit content is immediately visual. The $100 package is useful here because it turns those existing services into clear, reusable customer-facing content without requiring the business to write or design the pieces itself.",77,https://www.whatcoffeeandbakery.com/
110,Abbott's Pro-Power,"Gilroy, CA","Outdoor power equipment sales, parts and service","Abbott's combines equipment sales, parts, repair and pickup; product-selection and service-vs-replacement content can make a technical purchase easier for local buyers. The $100 package is useful here because it turns those existing services into clear, reusable customer-facing content without requiring the business to write or design the pieces itself.",76,https://abbottspropower.com/pages/contact
111,CineLux Gilroy Cafe & Lounge,"Gilroy, CA","Movie theater, cafe and lounge","CineLux Gilroy combines current films with recliners, cafe/lounge food and mobile-friendly visits; first-visit and experience content can highlight more than showtimes alone. The $100 package is useful here because it turns those existing services into clear, reusable customer-facing content without requiring the business to write or design the pieces itself.",76,https://visitgilroy.com/listing/cinelux-gilroy-caf%C3%A9-and-lounge/84/
112,Gilroy Bowl,"Gilroy, CA","Bowling, restaurant and group entertainment","Gilroy Bowl combines renovated bowling lanes, dining, bar and group-friendly entertainment; activity-plus-dining content can make the venue easier to plan. The $100 package is useful here because it turns those existing services into clear, reusable customer-facing content without requiring the business to write or design the pieces itself.",76,https://visitgilroy.com/listing/gilroy-bowl/109/
113,Hampton Inn & Suites Gilroy,"Gilroy, CA",Hotel and lodging,"The Gilroy Hampton Inn supports direct stays near outlets, wineries, golf and Gilroy Gardens; visitor-purpose content can clarify local stay positioning. The $100 package is useful here because it turns those existing services into clear, reusable customer-facing content without requiring the business to write or design the pieces itself.",76,https://visitgilroy.com/listing/hampton-inn-%26-suites/193/
114,J.B. Trophies,"Santa Clara, CA","Trophies, awards, engraving and framing","J.B. Trophies sells several recognition/customization paths; award-type, occasion and customization guides can simplify purchasing for teams and organizations. The $100 package is useful here because it turns those existing services into clear, reusable customer-facing content without requiring the business to write or design the pieces itself.",76,https://www.svcentralchamber.com/expanded-directory/
115,Manzanita a California Table & Bar,"Milpitas, CA",Restaurant and group dining,"Manzanita inside Sonesta Silicon Valley publishes breakfast/dinner plus large-party reservation contact; dining and group-reservation content can clarify when to use the restaurant. The $100 package is useful here because it turns those existing services into clear, reusable customer-facing content without requiring the business to write or design the pieces itself.",76,https://www.manzanitatableandbar.com/
116,Nothing Bundt Cakes Sunnyvale,"Sunnyvale, CA","Bakery, cakes and catering","The Sunnyvale bakery supports everyday cakes, celebrations, catering and fundraising; occasion, sizing and ordering-timeline content can make those choices easier. The $100 package is useful here because it turns those existing services into clear, reusable customer-facing content without requiring the business to write or design the pieces itself.",76,https://www.nothingbundtcakes.com/
117,Postal Annex #12011 San Jose,"San Jose, CA","Shipping, mailbox and Live Scan services","This South White Road Postal Annex combines shipping, mailbox and Live Scan services; visit-prep and service-selector content can make the multi-service counter easier to navigate. The $100 package is useful here because it turns those existing services into clear, reusable customer-facing content without requiring the business to write or design the pieces itself.",76,https://oag.ca.gov/fingerprints/locations?county=Santa+Clara
118,Postal Annex #23012 Morgan Hill,"Morgan Hill, CA","Shipping, mailbox and business services","The Morgan Hill Postal Annex bundles shipping, mailboxes and administrative services; service-selector content can help residents and small businesses plan one-stop visits. The $100 package is useful here because it turns those existing services into clear, reusable customer-facing content without requiring the business to write or design the pieces itself.",76,https://oag.ca.gov/fingerprints/locations?county=Santa+Clara
119,Rediscover Your Home,"Los Gatos, CA",Professional home organizing,"The business offers decluttering, organizing, space planning, packing, moving and downsizing across Silicon Valley; before/after process and service-selection content can make an intangible service easier to evaluate. The $100 package is useful here because it turns those existing services into clear, reusable customer-facing content without requiring the business to write or design the pieces itself.",76,https://hagitkoren.wixsite.com/hagit1
120,The UPS Store #0793 San Jose,"San Jose, CA","Shipping, printing and business services","This San Jose store combines shipping, printing and business services; service-selector content can support local task-driven customers. The $100 package is useful here because it turns those existing services into clear, reusable customer-facing content without requiring the business to write or design the pieces itself.",76,https://oag.ca.gov/fingerprints/locations?county=Santa+Clara
121,The UPS Store #1949 Campbell,"Campbell, CA","Shipping, printing and business services","The Campbell store supports shipping, printing and administrative services; task-based content can help local customers choose the right in-store service quickly. The $100 package is useful here because it turns those existing services into clear, reusable customer-facing content without requiring the business to write or design the pieces itself.",76,https://oag.ca.gov/fingerprints/locations?county=Santa+Clara
122,The UPS Store #6497 San Jose,"San Jose, CA","Shipping, printing and business services","This Stevens Creek-area store supports shipping, printing and business services; task/visit-prep content can make a broad service menu easier to navigate. The $100 package is useful here because it turns those existing services into clear, reusable customer-facing content without requiring the business to write or design the pieces itself.",76,https://oag.ca.gov/fingerprints/locations?county=Santa+Clara
123,Woodcrest Hotel,"Santa Clara, CA","Boutique hotel, meetings and catering","Woodcrest offers rooms, small meeting spaces, courtyard receptions and catering; stay-type and meeting-use-case content can make its boutique positioning easier to evaluate. The $100 package is useful here because it turns those existing services into clear, reusable customer-facing content without requiring the business to write or design the pieces itself.",76,https://www.woodcresthotel.com/
124,AccuScan Solutions LLC,"San Jose, CA",Live Scan fingerprinting,"AccuScan provides active San Jose Live Scan service; appointment/document-prep content can make fingerprinting requirements easier to understand. The $100 package is useful here because it turns those existing services into clear, reusable customer-facing content without requiring the business to write or design the pieces itself.",73,https://oag.ca.gov/fingerprints/locations?county=Santa+Clara
125,All Service Center,"Sunnyvale, CA",Live Scan and business services,"All Service Center is an active Sunnyvale Live Scan provider; document/appointment-prep content can reduce confusion before a fingerprinting visit. The $100 package is useful here because it turns those existing services into clear, reusable customer-facing content without requiring the business to write or design the pieces itself.",73,https://oag.ca.gov/fingerprints/locations?county=Santa+Clara
126,Awesome Event Hub,"Sunnyvale, CA","Event, photography and training venue","Awesome Event Hub lists photography, live performance, corporate events, classes, podcasts, seminars and small events; use-case content can clarify who the space is for. The $100 package is useful here because it turns those existing services into clear, reusable customer-facing content without requiring the business to write or design the pieces itself.",73,https://awesomeeventhub.com/
127,Bay Area Solutions,"Campbell, CA","Live Scan, notary and mailbox services","Bay Area Solutions combines Live Scan, notary, mailbox and mobile services; service-selection and appointment-prep content can simplify several administrative paths. The $100 package is useful here because it turns those existing services into clear, reusable customer-facing content without requiring the business to write or design the pieces itself.",73,https://oag.ca.gov/fingerprints/locations/bay-area-solutions
128,Best Western Plus Forest Park Inn,"Gilroy, CA","Hotel, meetings and group travel","The Gilroy hotel offers rooms, meeting/event space, wedding blocks and packages; stay-purpose and group-planning content can clarify multiple booking paths. The $100 package is useful here because it turns those existing services into clear, reusable customer-facing content without requiring the business to write or design the pieces itself.",73,https://bestwesterngilroy.com/contact-us/
129,Cura Contemporary,"Morgan Hill, CA","Contemporary art gallery, workshops and events","CURA rotates exhibitions and offers workshops, events and a multi-room gallery experience; exhibition-vs-workshop and first-visit content can clarify participation paths. The $100 package is useful here because it turns those existing services into clear, reusable customer-facing content without requiring the business to write or design the pieces itself.",73,https://visitgilroy.com/listing/cura-contemporary/384/
130,Dasalla's Martial Arts,"Sunnyvale, CA",Martial arts school,"The school offers children's martial arts plus a free trial class, creating clear content opportunities around first-class expectations, parent FAQs and program selection without promising personal outcomes. The $100 package is useful here because it turns those existing services into clear, reusable customer-facing content without requiring the business to write or design the pieces itself.",73,https://www.dasallamartialarts.com/
131,Flower Divas,"Santa Clara, CA",Wedding and event florist,"Flower Divas is event-focused and highly visual; wedding/event planning, style and inquiry-prep content can showcase services without. The $100 package is useful here because it turns those existing services into clear, reusable customer-facing content without requiring the business to write or design the pieces itself.",73,https://flowerdivas.com/
132,Gilroy Center for the Arts,"Gilroy, CA","Arts classes, exhibits and community events","The center runs classes, exhibits, dances, receptions and open-mic/community programming; program-selector and event-preview content can improve participation paths. The $100 package is useful here because it turns those existing services into clear, reusable customer-facing content without requiring the business to write or design the pieces itself.",73,https://visitgilroy.com/listing/gilroy-center-for-the-arts/78/
133,Graze Life California,"Gilroy, CA","Charcuterie, grazing tables and private workshops","Graze Life sells boards, grazing tables, private workshops and event setups; event-size, format and lead-time content can make a visually strong purchase path easier to plan. The $100 package is useful here because it turns those existing services into clear, reusable customer-facing content without requiring the business to write or design the pieces itself.",73,https://grazelifecalifornia.com/pages/copy-of-lets-connect
134,I Love Cheesesteak,"San Jose / Santa Clara County, CA",Cheesesteak food truck and catering,"The business is a family-operated Bay Area food truck known for cheesesteaks with an Asian twist; menu, story and private-event content provide a specific campaign angle. The $100 package is useful here because it turns those existing services into clear, reusable customer-facing content without requiring the business to write or design the pieces itself.",73,https://www.santaclaraca.gov/our-city/departments-g-z/parks-recreation/reservations-and-permits
135,Jimenez Millwork and Finish Carpentry,"Santa Clara, CA",Carpentry,"The current contractor source lists Jimenez Millwork and Finish Carpentry in Santa Clara, CA for Carpentry; a concise capability and project-readiness content set can help prospective buyers understand what the business handles before an inquiry. The $100 package is useful here because it turns those existing services into clear, reusable customer-facing content without requiring the business to write or design the pieces itself.",73,https://www.cusdk8.org/fs/resource-manager/view/ce90e6dd-ad5b-4546-8e73-3f3e726a2b0a
136,Joseph Rae BBQ Company,Gilroy CA,BBQ catering and events,"Joseph Rae publishes clear catered packages, guest minimums and event terms and is listed by Santa Clara as an approved caterer, making package-comparison and event-planning content especially relevant. The $100 package is useful here because it turns those existing services into clear, reusable customer-facing content without requiring the business to write or design the pieces itself.",73,https://josephraebbqco.com/our-menu/
137,Lavender Fields Band,"Santa Clara County / South Bay, CA","Live music, DJ and event entertainment","Lavender Fields offers live music, DJ and MC services with active 2026 South Bay event dates; event-format and booking content can clarify entertainment choices. The $100 package is useful here because it turns those existing services into clear, reusable customer-facing content without requiring the business to write or design the pieces itself.",73,https://www.lavenderfieldsband.com/
138,Milpitas Studio,"Milpitas, CA","Photo/video studio, workshops and events","Milpitas Studio combines studio rental with workshops/events; use-case, booking and event-preview content can make the facility easier for. The $100 package is useful here because it turns those existing services into clear, reusable customer-facing content without requiring the business to write or design the pieces itself.",73,https://www.milpitasstudio.com/
139,Oaxacan Kitchen Mobile,Palo Alto / Santa Clara service area,Oaxacan catering and mobile food truck,"Oaxacan Kitchen offers both full-service and mobile-truck catering for small corporate events through large gatherings, with custom menus and logistics support that can be explained much more simply to buyers. The $100 package is useful here because it turns those existing services into clear, reusable customer-facing content without requiring the business to write or design the pieces itself.",73,https://oaxacankitchenmobile.com/catering.html
140,Pano Ranch,"Sunnyvale, CA","Floral design, gifts and events","Pano Ranch combines floral gifts, custom event flowers, pickup and shipping; occasion, event and fulfillment-choice content can clarify several real purchase paths. The $100 package is useful here because it turns those existing services into clear, reusable customer-facing content without requiring the business to write or design the pieces itself.",73,https://panranch.com/
141,Paws Palace Santa Clara,"Santa Clara, CA",Pet grooming,"Paws Palace offers bath-and-brush, personalized styling and full grooming by appointment; service-choice, grooming-prep and pet-before/after content can make the offering easy to evaluate. The $100 package is useful here because it turns those existing services into clear, reusable customer-facing content without requiring the business to write or design the pieces itself.",73,https://www.pawspalacesc.com/
142,Quick Scan Notary and Fingerprinting Services,"San Jose, CA","Notary, apostille and Live Scan","Quick Scan offers notary, apostille and Live Scan by appointment; service-type and 15-minute appointment-prep content can make an unfamiliar process easier for customers. The $100 package is useful here because it turns those existing services into clear, reusable customer-facing content without requiring the business to write or design the pieces itself.",73,https://oag.ca.gov/fingerprints/locations/quick-scan-notary-and-fingerprinting-services
143,Sundance The Steakhouse,"Palo Alto, CA",Restaurant and private dining,"Sundance offers restaurant dining plus private dining; occasion, room/use-case and planning content can make private-event inquiry easier. The $100 package is useful here because it turns those existing services into clear, reusable customer-facing content without requiring the business to write or design the pieces itself.",73,https://www.sundancethesteakhouse.com/
144,Tryst Morgan Hill,"Morgan Hill, CA",Women's boutique and personal shopping,"Tryst is appointment-oriented and owner-led; personal-shopping, styling and appointment-prep content can explain the experience before a customer visits. The $100 package is useful here because it turns those existing services into clear, reusable customer-facing content without requiring the business to write or design the pieces itself.",73,https://trystmorganhill.com/
145,"VS Fencing Company, Inc.","San Jose, CA",Fencing,"The current contractor source lists VS Fencing Company, Inc. in San Jose, CA for Fencing; a concise capability and project-readiness content set can help prospective buyers understand what the business handles before an inquiry. The $100 package is useful here because it turns those existing services into clear, reusable customer-facing content without requiring the business to write or design the pieces itself.",73,https://www.cusdk8.org/fs/resource-manager/view/ce90e6dd-ad5b-4546-8e73-3f3e726a2b0a
146,Westside Grill,"Gilroy, CA","Restaurant, group dining and private rooms","Westside Grill combines lunch/dinner/brunch with group dining and private rooms; occasion and group-dining content can highlight real local booking choices. The $100 package is useful here because it turns those existing services into clear, reusable customer-facing content without requiring the business to write or design the pieces itself.",73,https://visitgilroy.com/listing/westside-grill/41/
147,A-1 Gutter Guys,"Santa Clara, CA",Gutter repair,"guards and commercial gutter services. The $100 package is useful here because it turns those existing services into clear, reusable customer-facing content without requiring the business to write or design the pieces itself.",70,https://www.a-1gutterguys.com/about/
148,Affordable Treasures,"Los Gatos, CA","Party, craft, toy, costume and variety retail","Affordable Treasures carries party supplies, crafts, toys, costumes, school supplies and seasonal goods; occasion-based and 'what you'll find here' content could make the broad assortment easier for local shoppers to navigate. The $100 package is useful here because it turns those existing services into clear, reusable customer-facing content without requiring the business to write or design the pieces itself.",70,https://affordabletreasures.com/
149,All Bay Refrigeration Service,"San Jose, CA","Commercial refrigeration installation, repair and maintenance","All Bay focuses on business refrigeration installation, repair and maintenance; maintenance-vs-repair, equipment-type and service-response explainers can help restaurant and retail operators understand when to call. The $100 package is useful here because it turns those existing services into clear, reusable customer-facing content without requiring the business to write or design the pieces itself.",70,https://allbayrefrigerationservice.com/
150,Annarose Monroe Photography,"Los Gatos, CA","Executive portraiture, branding and visual strategy","Annarose separates executive portraiture, branding imagery, visual strategy and commissioned work; a concise engagement-type guide could help prospects understand the options without promising business or career outcomes. The $100 package is useful here because it turns those existing services into clear, reusable customer-facing content without requiring the business to write or design the pieces itself.",70,https://annarosemonroe.com/
151,Ariel Dance Productions,"Campbell, CA",Dance studio and performance programs,"Ariel publishes a current fall schedule spanning youth, teen and adult classes plus performance opportunities and multiple enrollment methods; age/style selection and enrollment-prep content could make a busy schedule easier for families to navigate. The $100 package is useful here because it turns those existing services into clear, reusable customer-facing content without requiring the business to write or design the pieces itself.",70,https://www.arieldanceproductions.com/schedule.html
152,Ashford's Heirlooms,"Gilroy, CA","Antiques, vintage and specialty retail","Ashford's offers antiques, household pieces, sewing items and vintage vinyl; category/treasure-hunt content can make an eclectic inventory easier to discover. The $100 package is useful here because it turns those existing services into clear, reusable customer-facing content without requiring the business to write or design the pieces itself.",70,https://visitgilroy.com/listing/ashfords-heirlooms/49/
153,BÁNH BAKERY,"Santa Clara / Sunnyvale pickup, CA",Small-batch bakery and catering,"BÁNH BAKERY is a sibling-owned small-batch cookie business with heritage-inspired flavors, preorder windows, local pickup and catering; flavor-story, preorder-reminder and catering content could make the purchase path clearer and more memorable. The $100 package is useful here because it turns those existing services into clear, reusable customer-facing content without requiring the business to write or design the pieces itself.",70,https://www.banhbakeryco.com/contact
154,"Corporate West Computer Systems, Inc.","Campbell, CA","Managed IT, data-center and computer systems services","Corporate West publishes distinct sales, support, accounting and hosting/data-center contact paths; a service-routing and managed-IT explainer pack could make a broad technical offering easier for business buyers to understand without security guarantees. The $100 package is useful here because it turns those existing services into clear, reusable customer-facing content without requiring the business to write or design the pieces itself.",70,https://www.corpwest.com/contact-us/
155,D&M Traffic Services Inc.,"Santa Clara, CA","Traffic control products, rentals and services","D&M sells and rents traffic-control products while providing planning, sign-shop and field services; product-vs-rental-vs-service content can clarify its B2B buying paths. The $100 package is useful here because it turns those existing services into clear, reusable customer-facing content without requiring the business to write or design the pieces itself.",70,https://www.dmtraffic.com/contact-8
156,DTK Nail Supply,"San Jose, CA",Wholesale nail supplies and beauty retail,"DTK sells polish, nail-art, extensions, tools and professional products while actively publishing 2026 trend guides; product-selection, trend and professional-use content has a direct commerce path without inventing a customer problem. The $100 package is useful here because it turns those existing services into clear, reusable customer-facing content without requiring the business to write or design the pieces itself.",70,https://dtknailsupply.com/
157,"Elder, Rock & Company","Morgan Hill, CA",Accounting,"payroll and tax services. The $100 package is useful here because it turns those existing services into clear, reusable customer-facing content without requiring the business to write or design the pieces itself.",70,https://www.elder-company.com/
158,Ginger Cafe Gilroy,"Gilroy, CA","Asian restaurant, catering and online ordering","Ginger Cafe combines seasonal Asian cuisine, catering, group dining and online orders; catering-vs-dining and signature-dish content can expose several revenue paths. The $100 package is useful here because it turns those existing services into clear, reusable customer-facing content without requiring the business to write or design the pieces itself.",70,https://visitgilroy.com/listing/ginger-cafe/216/
159,Handheld Catering and Events,Santa Clara / San Jose CA,"Corporate, wedding and private-event catering","Handheld has current 2026 seasonal buffet menus plus corporate, wedding and sustainability-focused services across Santa Clara and San Jose, creating several concrete campaign angles without inventing a need. The $100 package is useful here because it turns those existing services into clear, reusable customer-facing content without requiring the business to write or design the pieces itself.",70,https://handheldcatering.com/contact/
160,Heritage Village Offices and Executive Suites,"Campbell, CA",Private offices,"executive suites and virtual-office services. The $100 package is useful here because it turns those existing services into clear, reusable customer-facing content without requiring the business to write or design the pieces itself.",70,https://hvo-offices.com/contact-us/
161,Lux Method,"Santa Clara / San Jose, CA",House,"recurring and move-in/out cleaning. The $100 package is useful here because it turns those existing services into clear, reusable customer-facing content without requiring the business to write or design the pieces itself.",70,https://www.luxmethod.com/house-cleaning-service-san-jose-ca/
162,MAC K9 Training,"San Jose, CA",Dog training and behavior programs,"MAC K9 offers personalized 1-on-1 training, board-and-train and behavior-modification programs; educational content can help owners distinguish obedience, intensive training and behavior work without promising guaranteed behavioral outcomes. The $100 package is useful here because it turns those existing services into clear, reusable customer-facing content without requiring the business to write or design the pieces itself.",70,https://mack9training.com/
163,Mail Station,"San Jose, CA","Packing, shipping, mailbox, passport-photo and business services","Mail Station combines multi-carrier shipping, private mailboxes, passport photos, notary and business services; a simple service-selector series could help local customers discover more than package drop-off. The $100 package is useful here because it turns those existing services into clear, reusable customer-facing content without requiring the business to write or design the pieces itself.",70,https://www.mail-station.com/
164,Manresa Bread,"Santa Clara County, CA","Bakery, cafe and wholesale","Manresa Bread operates multiple Santa Clara County locations and wholesale/retail paths; product, location and ordering content can help customers navigate the brand. The $100 package is useful here because it turns those existing services into clear, reusable customer-facing content without requiring the business to write or design the pieces itself.",70,https://manresabread.com/
165,Mike's Backyard Barbeque,"Gilroy, CA",BBQ restaurant and destination dining,"Mike's Backyard Barbeque operates at Garlic World with weekend BBQ and destination-shopping context; visit-planning and menu content can make a limited-hours offer easier to navigate. The $100 package is useful here because it turns those existing services into clear, reusable customer-facing content without requiring the business to write or design the pieces itself.",70,https://visitgilroy.com/listing/mikes-backyard-barbeque/295/
166,Montessori Services,"Gilroy, CA",Montessori educational materials and e-commerce,"Montessori Services sells educational materials to families and educators and supports order/account questions by email; product-category, classroom-use and gift/seasonal content could make a broad catalog easier to browse without educational-outcome claims. The $100 package is useful here because it turns those existing services into clear, reusable customer-facing content without requiring the business to write or design the pieces itself.",70,https://www.montessoriservices.com/company/contact-us
167,MySyde,"Morgan Hill, CA",Local-business community platform,"MySyde connects local service providers and communities; provider-onboarding, use-case and feature-explainer content can make the platform easier for local businesses to understand. The $100 package is useful here because it turns those existing services into clear, reusable customer-facing content without requiring the business to write or design the pieces itself.",70,https://mysyde.com/privacy-policy/
168,Panthera Prints,"Santa Clara, CA","DTF transfers, UV DTF stickers and custom printing","Panthera Prints serves small and bulk custom-print orders and publishes educational material about transfer types, color modes and application; buyer guides and use-case content fit naturally with its ecommerce model. The $100 package is useful here because it turns those existing services into clear, reusable customer-facing content without requiring the business to write or design the pieces itself.",70,https://pantheraprints.com/
169,Paws & Claws Pet Sitting and Dog Walking,"Sunnyvale, CA",Pet sitting and dog walking,"Current owned site offers dog walking, cat sitting and overnight care across Sunnyvale, Mountain View, Cupertino, Santa Clara and West San Jose; onboarding and service-selection content can reduce uncertainty for pet owners. The $100 package is useful here because it turns those existing services into clear, reusable customer-facing content without requiring the business to write or design the pieces itself.",70,https://pawsandclaws.pet/contact-us/
170,Playful People Productions,"San Jose, CA","Theater classes, camps and performances","Playful People offers youth/adult classes, camps and multigenerational productions; class-vs-show, registration and first-visit content can clarify how families participate. The $100 package is useful here because it turns those existing services into clear, reusable customer-facing content without requiring the business to write or design the pieces itself.",70,https://playfulpeople.org/contact-us/
171,Post N Print,"Morgan Hill, CA","Printing, shipping, mailboxes and business services","Post N Print bundles printing, packing/shipping, mailbox, live-scan and document services; service-selector content can help customers understand a broad local business center. The $100 package is useful here because it turns those existing services into clear, reusable customer-facing content without requiring the business to write or design the pieces itself.",70,https://www.postnprint.com/Contact-Us
172,Prospectors Property Management,"Morgan Hill, CA",Residential property management,"Prospectors handles leasing, tenant relations, maintenance, portals and owner services across Morgan Hill and surrounding communities; owner-facing educational content can explain what full-service management actually removes from a landlord's workload. The $100 package is useful here because it turns those existing services into clear, reusable customer-facing content without requiring the business to write or design the pieces itself.",70,https://www.ppmrental.com/contact-us
173,Ramos Furniture,"San Jose / Santa Clara, CA","Furniture retail, delivery and setup","Ramos supports showroom shopping, online browsing, special orders, delivery/setup and bilingual service; buyer guides can help customers compare room, size and fulfillment choices. The $100 package is useful here because it turns those existing services into clear, reusable customer-facing content without requiring the business to write or design the pieces itself.",70,https://www.ramosfurniture.com/showrooms
174,Salas Cleaning Services,"San Jose, CA",Residential and commercial cleaning,"Salas publishes a wide service menu including residential, commercial, Airbnb, office, post-construction and deep cleaning; a simple service-selector content series can help prospects choose the right cleaning scope. The $100 package is useful here because it turns those existing services into clear, reusable customer-facing content without requiring the business to write or design the pieces itself.",70,https://salascleaningservices.com/
175,She She Boutique,"Los Gatos, CA","Women's clothing, shoes, accessories and gifts","She She carries a large mix of shoes, apparel, handbags, accessories and gifts with frequent new arrivals; seasonal, gift and category content could help local shoppers navigate the assortment. The $100 package is useful here because it turns those existing services into clear, reusable customer-facing content without requiring the business to write or design the pieces itself.",70,https://she-she.com/pages/contact-us
176,Sign My Signs,"Santa Clara, CA","Signs, graphics and large-format printing","Sign My Signs offers many signage formats and installation services; a use-case selector can help businesses choose the right format without guessing from a long product list. The $100 package is useful here because it turns those existing services into clear, reusable customer-facing content without requiring the business to write or design the pieces itself.",70,https://www.storeboard.com/signmysigns/board
177,Sunnyvale Martial Arts Academy,"Sunnyvale, CA",Martial arts instruction,"Sunnyvale Martial Arts Academy separates Tae Kwon Do and Jiu Jitsu programs and publishes beginner schedules plus an introductory offer; program-selection and first-class-expectation content could make enrollment easier without promising personal-development outcomes. The $100 package is useful here because it turns those existing services into clear, reusable customer-facing content without requiring the business to write or design the pieces itself.",70,https://www.sunnyvalemaa.com/SocialSite/contactus
178,The 5th Element Fitness,"Morgan Hill, CA",Fitness gym and training,"The gym publishes programs, membership questions and a first-visit pathway; simple program, drop-in, membership and getting-started explainers can reduce uncertainty without promising fitness results. The $100 package is useful here because it turns those existing services into clear, reusable customer-facing content without requiring the business to write or design the pieces itself.",70,https://the5thelementfitness.com/
179,The Garlic Shoppe,"Gilroy, CA",Specialty garlic retail and e-commerce,"The Garlic Shoppe combines a physical Gilroy store with online ordering and a distinctive local-product identity; product-use, gift, seasonal and store-visit content could create many concrete promotional angles without inventing demand. The $100 package is useful here because it turns those existing services into clear, reusable customer-facing content without requiring the business to write or design the pieces itself.",70,https://garlicshoppe.com/pages/contact
180,Treats by Rumi,"Sunnyvale / Santa Clara County, CA",Pet bakery and pet-event catering,"Treats by Rumi bakes made-to-order pet treats, celebration cakes and catered birthday items with local pickup/delivery; celebration, dietary-request and ordering content is visually distinctive and easy to demonstrate. The $100 package is useful here because it turns those existing services into clear, reusable customer-facing content without requiring the business to write or design the pieces itself.",70,https://treatsbyrumi.com/
181,Vishwa Shanthi Dance Academy,"Milpitas / San Jose / Palo Alto, CA",Dance academy and instruction,"Vishwa Shanthi serves multiple Santa Clara County locations/programs; location and class-selection content could help families find the right entry path. The $100 package is useful here because it turns those existing services into clear, reusable customer-facing content without requiring the business to write or design the pieces itself.",70,https://vishwashanthi.com/
182,Frank Paul Perez Photography,"Los Altos, CA",Photography,"Frank Paul Perez Photography offers a visual, session-based service; use-case, preparation and booking-timeline content can help clients. The $100 package is useful here because it turns those existing services into clear, reusable customer-facing content without requiring the business to write or design the pieces itself.",68,https://www.frankpaulperez.com/
183,Wisfor Notary Service LLC,"Alviso, CA",Notary and Live Scan,"Wisfor offers notary, fingerprinting and mobile-service options; appointment-prep and service-selector content can make an administrative purchase easier to understand. The $100 package is useful here because it turns those existing services into clear, reusable customer-facing content without requiring the business to write or design the pieces itself.",68,https://oag.ca.gov/fingerprints/locations/wisfor-notary-service-llc
184,85Fun Dance Studio,"Saratoga / Sunnyvale area, CA",Dance studio,"Current owned site offers kids and adult K-pop, hip-hop, jazz, breaking, Latin and studio rental; class/program selection and enrollment content have strong visual potential. The $100 package is useful here because it turns those existing services into clear, reusable customer-facing content without requiring the business to write or design the pieces itself.",66,https://www.85funstudio.com/contact
185,AIM Mail Center #125 Los Gatos,"Los Gatos, CA","Shipping, mailbox and business services","AIM Mail Center serves shipping, mailbox and business-center needs; task-based content can clarify common customer journeys and local convenience. The $100 package is useful here because it turns those existing services into clear, reusable customer-facing content without requiring the business to write or design the pieces itself.",66,https://oag.ca.gov/fingerprints/locations?county=Santa+Clara
186,Bay Area Janitorial,"Santa Clara County / Silicon Valley, CA",Residential and office cleaning,"Current owned site serves many Santa Clara County cities with home, office, post-construction, window and realtor cleaning; package/FAQ content can clarify a broad service menu. The $100 package is useful here because it turns those existing services into clear, reusable customer-facing content without requiring the business to write or design the pieces itself.",66,https://www.thebayareajanitorial.com/contact
187,Cannery Marketplace,"Gilroy, CA",Local maker marketplace and retail,"Cannery Marketplace gives local makers shelf/space opportunities and shoppers handcrafted goods; maker-vs-shopper content can clarify both sides of the marketplace. The $100 package is useful here because it turns those existing services into clear, reusable customer-facing content without requiring the business to write or design the pieces itself.",66,https://visitgilroy.com/listing/cannery-marketplace/290/
188,DM Blossom Boutique,"Sunnyvale / Santa Clara, CA",Florist and flower delivery,"DM Blossom Boutique creates custom seasonal arrangements and delivers across Sunnyvale, Santa Clara, Mountain View, Palo Alto and Milpitas; occasion, color/style and delivery content can reduce ordering uncertainty. The $100 package is useful here because it turns those existing services into clear, reusable customer-facing content without requiring the business to write or design the pieces itself.",66,https://dmblossomboutique.com/nearby/santa-clara/
189,GK Pastry Mountain View,"Mountain View / Los Altos, CA",Bakery and wholesale pastry,"GK Pastry has current retail and wholesale paths; product, wholesale and occasion-based content can distinguish the business from a simple. The $100 package is useful here because it turns those existing services into clear, reusable customer-facing content without requiring the business to write or design the pieces itself.",66,https://www.gkpastry.com/
190,L'epi D'or Bakery,"Cupertino, CA",Bakery,"L'epi D'or has a current local bakery storefront; product, occasion and preorder-style content can make specialty baked goods easier to. The $100 package is useful here because it turns those existing services into clear, reusable customer-facing content without requiring the business to write or design the pieces itself.",66,https://www.lepi-dor.com/
191,La Hacienda Gilroy,"Gilroy, CA","Mexican restaurant, group dining and online ordering","La Hacienda combines everyday dining, group dining, outdoor seating and online orders; occasion and order-path content can make the restaurant easier to choose. The $100 package is useful here because it turns those existing services into clear, reusable customer-facing content without requiring the business to write or design the pieces itself.",66,https://visitgilroy.com/listing/la-hacienda/6/
192,Little India Gilroy,"Gilroy, CA",Indian restaurant and group dining,"Little India offers dine-in, online ordering and group dining; signature-dish and group-meal content can support clearer ordering paths. The $100 package is useful here because it turns those existing services into clear, reusable customer-facing content without requiring the business to write or design the pieces itself.",66,https://visitgilroy.com/listing/little-india/28/
193,Ninja Sushi Gilroy,"Gilroy, CA",Japanese restaurant and group dining,"Ninja Sushi publishes a broad sushi, sashimi, teriyaki and noodle menu with group dining; menu-navigation and first-visit content can help customers choose confidently. The $100 package is useful here because it turns those existing services into clear, reusable customer-facing content without requiring the business to write or design the pieces itself.",66,https://visitgilroy.com/listing/ninja-sushi/16/
194,Peaceful Yoga with Heather Ding,"Santa Clara, CA",Yoga classes and private yoga sessions,"Peaceful Yoga publishes multiple yoga modalities, current class scheduling and personalized one-on-one sessions; class-type, first-visit and schedule-selection content could reduce uncertainty without promising physical or mental-health results. The $100 package is useful here because it turns those existing services into clear, reusable customer-facing content without requiring the business to write or design the pieces itself.",66,https://www.peacefulyogahd.com/
195,Raunak Indian Kitchen,"Milpitas, CA",Restaurant and catering,"Raunak publishes separate reservation and catering paths for its Milpitas restaurant; dining-vs-catering, occasion and signature-dish content could make those purchase paths clearer and give the attached preview a strong visual subject. The $100 package is useful here because it turns those existing services into clear, reusable customer-facing content without requiring the business to write or design the pieces itself.",66,https://www.raunakfoods.com/contact
196,Safari Kid Santa Clara,"Santa Clara, CA","Preschool, after-school and summer programs","The Santa Clara location publishes preschool, after-school and summer-camp paths; age/program selection and tour-prep content can help families understand options without promising educational outcomes. The $100 package is useful here because it turns those existing services into clear, reusable customer-facing content without requiring the business to write or design the pieces itself.",66,https://www.safarikid.com/santa-clara/
197,Tallulah's Cottage Bakery & Gift Shop,"Morgan Hill, CA",Custom bakery and gift shop,"Tallulah's combines handmade baked goods, custom orders and handcrafted gifts; occasion, customization and ordering content can make a distinctive online/local offer easier to buy. The $100 package is useful here because it turns those existing services into clear, reusable customer-facing content without requiring the business to write or design the pieces itself.",66,https://www.tallulahscottagebakery.com/
198,The Flower Cottage,"Sunnyvale, CA",Florist and delivery,"The Flower Cottage sells occasion-based arrangements and delivery; occasion, timing and selection content can help customers move from browsing to ordering. The $100 package is useful here because it turns those existing services into clear, reusable customer-facing content without requiring the business to write or design the pieces itself.",66,https://www.flowercottagesunnyvale.com/
199,Three Feathers Farm,"Morgan Hill, CA","Organic farm, farmstand and seasonal U-pick","Three Feathers combines organic produce, seasonal U-pick, farmstand and online ordering; season, visit and ordering content can make a changing farm offer easier to plan. The $100 package is useful here because it turns those existing services into clear, reusable customer-facing content without requiring the business to write or design the pieces itself.",66,https://visitgilroy.com/listing/three-feathers-farm/515/
200,Postal Annex #3030 Los Altos,"Los Altos, CA","Shipping, mailbox and business services","The Los Altos location supports shipping, mailbox and administrative tasks; service-selection and prep content can make a broad neighborhood business center easier to use. The $100 package is useful here because it turns those existing services into clear, reusable customer-facing content without requiring the business to write or design the pieces itself.",61,https://oag.ca.gov/fingerprints/locations?county=Santa+Clara
